category,concept_en,instance_English,instance_German,instance_Spanish,norm_rating_English,norm_rating_German,norm_rating_Spanish,n_languages,in_multiple_languages
animal,ANT,ant,Ameise,Hormiga,0.3086615877209107,0.6305555555555556,0.5211267605633804,3,True
animal,BEE,bee,Biene,Abeja,0.30942204186147027,0.711111111111111,0.5211267605633804,3,True
animal,BUTTERFLY,butterfly,Schmetterling,Mariposa,0.29817247717575124,0.7466666666666667,0.5070422535211268,3,True
animal,CROW,crow,Krähe,Cuervo,0.4993096416301263,0.8205555555555556,0.3943661971830986,3,True
animal,DUCK,duck,Ente,Pato,0.7726080064800518,0.9366666666666666,0.8309859154929577,3,True
animal,EAGLE,eagle,Adler,Águila,0.6442874070257191,0.8522222222222222,0.619718309859155,3,True
animal,FROG,frog,Frosch,Rana,0.6440383543921642,0.7572222222222224,0.6126760563380281,3,True
animal,HUMMINGBIRD,hummingbird,Kolibri,Colibrí,0.40038075232993403,0.5777777777777781,0.17605633802816897,3,True
animal,IGUANA,iguana,Leguan,Iguana,0.40254161041433784,0.4604938271604931,0.4225352112676057,3,True
animal,LIZARD,lizard,Eidechse,Lagartija,0.5412056386874524,0.5355555555555557,0.47887323943661975,3,True
animal,OWL,owl,Eule,Búho,0.625006727446907,0.7255555555555556,0.4577464788732394,3,True
animal,PARROT,parrot,Papagei,Loro,0.58589066015091,0.7361111111111112,0.6901408450704225,3,True
animal,SEAGULL,seagull,Möwe,Gaviota,0.4028067610490418,0.883888888888889,0.528169014084507,3,True
animal,SNAKE,snake,Schlange,Culebra,0.5795917765283662,0.7255555555555556,0.4436619718309859,3,True
animal,SPIDER,spider,Spinne,Araña,0.3400951890262395,0.6833333333333335,0.4647887323943662,3,True
animal,VULTURE,vulture,Geier,Buitre,0.35434369818620054,0.6666666666666675,0.4014084507042254,3,True
animal,WASP,wasp,Wespe,Avispa,0.1982953071016291,0.5333333333333343,0.4014084507042254,3,True
animal,WORM,worm,Wurm,Gusano,0.24634768087673398,0.4666666666666678,0.3169014084507042,3,True
animal,BEETLE,beetle,Käfer,,0.2304961936513124,0.5555555555555552,,2,True
animal,BIRD,bird,,Pájaro,0.8294408879850962,,0.8450704225352114,2,True
animal,COCKROACH,cockroach,,Cucaracha,0.20166983413595466,,0.2605633802816901,2,True
animal,DRAGONFLY,dragonfly,Libelle,,0.15983417192204843,0.4555555555555563,,2,True
animal,FLAMINGO,flamingo,Flamingo,,0.4640633290407787,0.5461111111111112,,2,True
animal,GRASSHOPPER,grasshopper,,Saltamontes,0.2536875378979509,,0.38028169014084506,2,True
animal,HAWK,hawk,Falke,,0.5278401486855465,0.693888888888889,,2,True
animal,LADYBUG,ladybug,Marienkäfer,,0.20904749615064866,0.6411111111111112,,2,True
animal,MOSQUITO,mosquito,,Mosquito,0.13623929491713158,,0.3661971830985915,2,True
animal,OSTRICH,ostrich,,Avestruz,0.462633539233187,,0.41549295774647893,2,True
animal,PEACOCK,peacock,Pfau,,0.5145250164472218,0.5777777777777781,,2,True
animal,PELICAN,pelican,Pelikan,,0.38891536865743864,0.5777777777777781,,2,True
animal,PENGUIN,penguin,Pinguin,,0.600325857838086,0.7044444444444447,,2,True
animal,PHEASANT,pheasant,Fasan,,0.24623503851082884,0.5672222222222225,,2,True
animal,ROOSTER,rooster,,Gallo,0.6638270210771497,,0.7464788732394365,2,True
animal,SEAHORSE,seahorse,Seepferdchen,,0.22169355315309913,0.4194444444444448,,2,True
animal,STARFISH,starfish,Seestern,,0.2614136369235773,0.10277777777777812,,2,True
animal,SWAN,swan,Schwan,,0.5030094941044942,0.7150000000000002,,2,True
animal,TARANTULA,tarantula,Tarantel,,0.2114535232087948,0.24444444444444524,,2,True
animal,TICK,tick,Zecke,,0.07858565058856233,0.06666666666666657,,2,True
animal,TOAD,toad,,Sapo,0.44392123375009385,,0.49295774647887325,2,True
animal,TURTLE,turtle,,Tortuga,0.7002447926903184,,0.7464788732394365,2,True
animal,AARDVARK,aardvark,,,0.23878994570230652,,,1,False
animal,ALLIGATOR,alligator,,,0.5903227837180454,,,1,False
animal,ALPACA,alpaca,,,0.4163705230947409,,,1,False
animal,ANTEATER,anteater,,,0.4279146588975119,,,1,False
animal,ANTELOPE,antelope,,,0.5446520155597816,,,1,False
animal,BADGER,badger,,,0.5358701137365919,,,1,False
animal,BARNACLE,barnacle,,,0.007119591106304602,,,1,False
animal,BAT,bat,,,0.5085403692660724,,,1,False
animal,BEAR,bear,,,0.8620143369828525,,,1,False
animal,BEAVER,beaver,,,0.6317465329230288,,,1,False
animal,BISON,bison,,,0.46331576922623496,,,1,False
animal,BLOWFISH,blowfish,,,0.15366561002962623,,,1,False
animal,BOAR,boar,,,0.45510825786702425,,,1,False
animal,BUG,bug,,,0.3661855993965828,,,1,False
animal,BULL,bull,,,0.6921719973785968,,,1,False
animal,CALF,calf,,,0.7126745897054715,,,1,False
animal,CAMEL,camel,,,0.6317659141034059,,,1,False
animal,CARDINAL,cardinal,,,0.4434011234690313,,,1,False
animal,CAT,cat,,,0.9475461903375588,,,1,False
animal,CATERPILLAR,caterpillar,,,0.23805107844374604,,,1,False
animal,CATFISH,catfish,,,0.32108559265916936,,,1,False
animal,CHEETAH,cheetah,,,0.7192418209483684,,,1,False
animal,CHICK,chick,,,0.5833173184821944,,,1,False
animal,CHICKEN,chicken,,,0.8443220880386527,,,1,False
animal,CHIHUAHUA,chihuahua,,,0.6190153775541697,,,1,False
animal,CHINCHILLA,chinchilla,,,0.3591308497393339,,,1,False
animal,CHIPMUNK,chipmunk,,,0.6324061463540638,,,1,False
animal,CLAM,clam,,,0.13463863743187338,,,1,False
animal,COBRA,cobra,,,0.32801729435728033,,,1,False
animal,COCKATOO,cockatoo,,,0.310051686175541,,,1,False
animal,CORAL,coral,,,0.03513109709832277,,,1,False
animal,COUGAR,cougar,,,0.5837776710084386,,,1,False
animal,COW,cow,,,0.9380898747765264,,,1,False
animal,COYOTE,coyote,,,0.669496016337439,,,1,False
animal,CRAB,crab,,,0.38840579604977216,,,1,False
animal,CRAYFISH,crayfish,,,0.1614375241168778,,,1,False
animal,DALMATIAN,dalmatian,,,0.5899417623818585,,,1,False
animal,DEER,deer,,,0.8539406909857811,,,1,False
animal,DOG,dog,,,1.0,,,1,False
animal,DOLPHIN,dolphin,,,0.632812497843767,,,1,False
animal,DONKEY,donkey,,,0.7671651203563995,,,1,False
animal,DUCKLING,duckling,,,0.5288440067226495,,,1,False
animal,EARWIG,earwig,,,0.09122242982868131,,,1,False
animal,EEL,eel,,,0.1911240615783177,,,1,False
animal,ELEPHANT,elephant,,,0.8675848633428391,,,1,False
animal,FERRET,ferret,,,0.4489746504851617,,,1,False
animal,FISH,fish,,,0.5463579558538557,,,1,False
animal,FLY,fly,,,0.2916908024206316,,,1,False
animal,FLY (INSECT),,,Mosca,,,0.4084507042253521,1,False
animal,FLY (MOVE THROUGH AIR),,Fliegen,,,0.056209150326797214,,1,False
animal,FOX,fox,,,0.7803240138689289,,,1,False
animal,GAZELLE,gazelle,,,0.4920901235215194,,,1,False
animal,GIRAFFE,giraffe,,,0.7884283999048862,,,1,False
animal,GOAT,goat,,,0.797493367445502,,,1,False
animal,GOLDFISH,goldfish,,,0.561949042958618,,,1,False
animal,GOOSE,goose,,,0.5830291673052401,,,1,False
animal,GOPHER,gopher,,,0.4058302251878629,,,1,False
animal,GORILLA,gorilla,,,0.7508452385154242,,,1,False
animal,GROUNDHOG,groundhog,,,0.5368796193096806,,,1,False
animal,GUINEA PIG,guinea pig,,,0.6187578004875764,,,1,False
animal,HAMSTER,hamster,,,0.6845311776799458,,,1,False
animal,HEDGEHOG,hedgehog,,,0.4791097202144026,,,1,False
animal,HIPPOPOTAMUS,hippopotamus,,,0.6116252618906425,,,1,False
animal,HORSE,horse,,,0.9055113782895684,,,1,False
animal,HYENA,hyena,,,0.4893917630535392,,,1,False
animal,JELLYFISH,jellyfish,,,0.2311227136266028,,,1,False
animal,KANGAROO,kangaroo,,,0.7091817525758108,,,1,False
animal,KITTEN,kitten,,,0.8978195047310492,,,1,False
animal,KOALA,koala,,,0.5347599803193965,,,1,False
animal,LAMB,lamb,,,0.6415297746079943,,,1,False
animal,LEECH,leech,,,0.07568108672486346,,,1,False
animal,LEOPARD,leopard,,,0.6795416125632116,,,1,False
animal,LIGHTNING BUG,lightning bug,,,0.11423025449483147,,,1,False
animal,LION,lion,,,0.8840258204110825,,,1,False
animal,LLAMA,llama,,,0.5704345029584889,,,1,False
animal,LOBSTER,lobster,,,0.3171631060396761,,,1,False
animal,MAGGOT,maggot,,,0.07341348862074781,,,1,False
animal,MANATEE,manatee,,,0.2872556334279792,,,1,False
animal,MEERKAT,meerkat,,,0.3411813081200079,,,1,False
animal,MOLE,mole,,,0.4046410163405409,,,1,False
animal,MONGOOSE,mongoose,,,0.3315884502949614,,,1,False
animal,MONKEY,monkey,,,0.8646792492846979,,,1,False
animal,MOOSE,moose,,,0.7010452073512236,,,1,False
animal,MOTH,moth,,,0.14254886337646328,,,1,False
animal,MOUSE,mouse,,,0.7758102173057649,,,1,False
animal,MUSSEL,mussel,,,0.026927727486374616,,,1,False
animal,OCTOPUS,octopus,,,0.35931330016150403,,,1,False
animal,ORANGUTAN,orangutan,,,0.5370357060152834,,,1,False
animal,OTTER,otter,,,0.5225033829149299,,,1,False
animal,OYSTER,oyster,,,0.13753905361155622,,,1,False
animal,PANDA,panda,,,0.76137755787498,,,1,False
animal,PANTHER,panther,,,0.6424311007908954,,,1,False
animal,PIG,pig,,,0.8740728018174481,,,1,False
animal,PIGEON,pigeon,,,0.5551092220567428,,,1,False
animal,PIGLET,piglet,,,0.6434468861868371,,,1,False
animal,PLATYPUS,platypus,,,0.3094408738926232,,,1,False
animal,POLAR BEAR,polar bear,,,0.6924677710443509,,,1,False
animal,PONY,pony,,,0.8030327268795125,,,1,False
animal,POODLE,poodle,,,0.6635730739903909,,,1,False
animal,PORCUPINE,porcupine,,,0.45514282190048994,,,1,False
animal,POSSUM,possum,,,0.5923063035674327,,,1,False
animal,PRAYING MANTIS,praying mantis,,,0.12818091239623933,,,1,False
animal,PUFFIN,puffin,,,0.216641313057455,,,1,False
animal,PUG,pug,,,0.6399890720633861,,,1,False
animal,PUPPY,puppy,,,0.9337334150208325,,,1,False
animal,RABBIT,rabbit,,,0.8272419714063616,,,1,False
animal,RACCOON,raccoon,,,0.7842032300328143,,,1,False
animal,RAM,ram,,,0.4523630154683233,,,1,False
animal,RAT,rat,,,0.6879325748361194,,,1,False
animal,RATTLESNAKE,rattlesnake,,,0.41244460072054434,,,1,False
animal,REINDEER,reindeer,,,0.4849138294236945,,,1,False
animal,RHINOCEROS,rhinoceros,,,0.5964727846367837,,,1,False
animal,SARDINE,sardine,,,0.1321797961141574,,,1,False
animal,SCALLOP,scallop,,,0.02686403091041627,,,1,False
animal,SCORPION,scorpion,,,0.24121574832531417,,,1,False
animal,SEA URCHIN,sea urchin,,,0.05967451187228163,,,1,False
animal,SEAL,seal,,,0.5084101451552243,,,1,False
animal,SHARK,shark,,,0.5665130036248299,,,1,False
animal,SHEEP,sheep,,,0.8018547317624569,,,1,False
animal,SHRIMP,shrimp,,,0.1968064955671818,,,1,False
animal,SKUNK,skunk,,,0.62712735159983,,,1,False
animal,SLOTH,sloth,,,0.4770974874739016,,,1,False
animal,SLUG,slug,,,0.1210330488071788,,,1,False
animal,SNAIL,snail,,,0.33872246680229195,,,1,False
animal,SQUID,squid,,,0.24984304685936384,,,1,False
animal,SQUIRREL,squirrel,,,0.767107265266571,,,1,False
animal,STINGRAY,stingray,,,0.2788476854014825,,,1,False
animal,SWORDFISH,swordfish,,,0.2528056941907947,,,1,False
animal,TADPOLE,tadpole,,,0.1519155753679934,,,1,False
animal,TIGER,tiger,,,0.8588262416938626,,,1,False
animal,TOUCAN,toucan,,,0.3009291650670293,,,1,False
animal,TURKEY,turkey,,,0.6237421054273039,,,1,False
animal,WALRUS,walrus,,,0.3926855609255532,,,1,False
animal,WARTHOG,warthog,,,0.31894690194081726,,,1,False
animal,WEASEL,weasel,,,0.45105979816710734,,,1,False
animal,WHALE,whale,,,0.5452981622211895,,,1,False
animal,WOLF,wolf,,,0.8514081531006488,,,1,False
animal,YAK,yak,,,0.3057883038615631,,,1,False
animal,ZEBRA,zebra,,,0.7566914653338128,,,1,False
arts and crafts supply,BEAD,bead,,,0.5894766292457908,,,1,False
arts and crafts supply,BUTTON,button,,,0.3525513794826949,,,1,False
arts and crafts supply,CANVAS,canvas,,,0.7130884759012539,,,1,False
arts and crafts supply,CARDBOARD,cardboard,,,0.5000531543894944,,,1,False
arts and crafts supply,CHALK,chalk,,,0.4915349012884868,,,1,False
arts and crafts supply,CHARCOAL,charcoal,,,0.34002568410350786,,,1,False
arts and crafts supply,CHISEL,chisel,,,0.19383296545095954,,,1,False
arts and crafts supply,CLAY,clay,,,0.6185750360371409,,,1,False
arts and crafts supply,CRAYON,crayon,,,0.8014804502718421,,,1,False
arts and crafts supply,EASEL,easel,,,0.6256909165300454,,,1,False
arts and crafts supply,ERASER,eraser,,,0.4327762518025481,,,1,False
arts and crafts supply,FOUNTAIN PEN,fountain pen,,,0.3092521843255815,,,1,False
arts and crafts supply,GLUE,glue,,,0.7828796560592088,,,1,False
arts and crafts supply,INK,ink,,,0.5373016196156181,,,1,False
arts and crafts supply,KNITTING NEEDLE,knitting needle,,,0.4650224077175769,,,1,False
arts and crafts supply,LOOM,loom,,,0.21152845820361468,,,1,False
arts and crafts supply,MARBLE,marble,,,0.14281253757461618,,,1,False
arts and crafts supply,MARKER,marker,,,0.7128761539813927,,,1,False
arts and crafts supply,MOLD,mold,,,0.30960444569262363,,,1,False
arts and crafts supply,NEEDLE,needle,,,0.42705332318354544,,,1,False
arts and crafts supply,PAINT,paint,,,0.8861854376530975,,,1,False
arts and crafts supply,PAINTBRUSH,paintbrush,,,0.8109359451666915,,,1,False
arts and crafts supply,PALETTE,palette,,,0.4832476953658147,,,1,False
arts and crafts supply,PAPER,paper,,,0.8103254649114309,,,1,False
arts and crafts supply,PATCH,patch,,,0.24724549782944025,,,1,False
arts and crafts supply,PEN,pen,,,0.5653982920989009,,,1,False
arts and crafts supply,PENCIL,pencil,,,0.7364438870859666,,,1,False
arts and crafts supply,PENCIL SHARPENER,pencil sharpener,,,0.38452976986936926,,,1,False
arts and crafts supply,PIN,pin,,,0.36377151562682664,,,1,False
arts and crafts supply,PINCUSHION,pincushion,,,0.26109057876727,,,1,False
arts and crafts supply,POM-POM,pom-pom,,,0.279983479767968,,,1,False
arts and crafts supply,RIBBON,ribbon,,,0.6051652440358941,,,1,False
arts and crafts supply,SCISSORS,scissors,,,0.7918076818583725,,,1,False
arts and crafts supply,SEQUIN,sequin,,,0.4357960485627532,,,1,False
arts and crafts supply,SEWING KIT,sewing kit,,,0.4645201711496663,,,1,False
arts and crafts supply,SEWING MACHINE,sewing machine,,,0.47273502288948505,,,1,False
arts and crafts supply,STAMP,stamp,,,0.3822909247577745,,,1,False
arts and crafts supply,TAPE,tape,,,0.5484752914330001,,,1,False
arts and crafts supply,THIMBLE,thimble,,,0.2075625310074144,,,1,False
arts and crafts supply,THREAD,thread,,,0.5190995887205913,,,1,False
arts and crafts supply,WIRE,wire,,,0.3241264330286733,,,1,False
arts and crafts supply,WIRE CUTTERS,wire cutters,,,0.2504296596091262,,,1,False
arts and crafts supply,WRAPPING PAPER,wrapping paper,,,0.3292741413684762,,,1,False
arts and crafts supply,YARN,yarn,,,0.6528847175487518,,,1,False
bird,BIRD,bird,,,0.8288463866094854,,,1,False
bird,CARDINAL,cardinal,,,0.49078492790181955,,,1,False
bird,CHICK,chick,,,0.4541875196900255,,,1,False
bird,COCKATOO,cockatoo,,,0.26140556758967026,,,1,False
bird,CROW,crow,,,0.7161572997229542,,,1,False
bird,DUCK,duck,,,0.7107667603961687,,,1,False
bird,DUCKLING,duckling,,,0.3952366366064174,,,1,False
bird,EAGLE,eagle,,,0.8078806952400358,,,1,False
bird,FLAMINGO,flamingo,,,0.3650898866175915,,,1,False
bird,GOOSE,goose,,,0.5150012241817673,,,1,False
bird,HAWK,hawk,,,0.6211702678637809,,,1,False
bird,HUMMINGBIRD,hummingbird,,,0.6454711773700396,,,1,False
bird,OSTRICH,ostrich,,,0.3253836544251404,,,1,False
bird,OWL,owl,,,0.5746729210449435,,,1,False
bird,PARROT,parrot,,,0.6852318400154872,,,1,False
bird,PEACOCK,peacock,,,0.4209429062950541,,,1,False
bird,PELICAN,pelican,,,0.28409396702132134,,,1,False
bird,PENGUIN,penguin,,,0.258600667123535,,,1,False
bird,PHEASANT,pheasant,,,0.2499309747736627,,,1,False
bird,PIGEON,pigeon,,,0.7679120938495201,,,1,False
bird,PUFFIN,puffin,,,0.08320417690557698,,,1,False
bird,ROOSTER,rooster,,,0.573225295130361,,,1,False
bird,SEAGULL,seagull,,,0.5805811621510294,,,1,False
bird,SWAN,swan,,,0.43628885891358854,,,1,False
bird,TOUCAN,toucan,,,0.1963383997996743,,,1,False
bird,TURKEY,turkey,,,0.503896374158906,,,1,False
bird,VULTURE,vulture,,,0.32095082584678014,,,1,False
body part,ANKLE,ankle,,Tobillo,0.4409009837829298,,0.7112676056338029,2,True
body part,ARM,arm,,Brazo,0.8754762768588701,,1.0,2,True
body part,BEARD,beard,,Barba,0.039836644404383025,,0.3873239436619718,2,True
body part,BONE,bone,,Hueso,0.27095819787697206,,0.6408450704225352,2,True
body part,CHEST,chest,,Arcón,0.5582793185302064,,0.3661971830985915,2,True
body part,CHIN,chin,,Barbilla,0.43771292231035785,,0.6549295774647887,2,True
body part,EAR,ear,,Oído,0.683814408164277,,0.7323943661971831,2,True
body part,ELBOW,elbow,,Codo,0.5125716547845004,,0.6971830985915494,2,True
body part,EYE,eye,,Ojo,0.7021680518230683,,0.9366197183098591,2,True
body part,FACE,face,,Cara,0.620593522275922,,0.9471830985915494,2,True
body part,FINGER,finger,,Dedo,0.7453614077201299,,0.8873239436619719,2,True
body part,FOOT,foot,,Pie,0.7290732832965053,,0.9295774647887323,2,True
body part,HAIR,hair,,Cabello,0.2658535839059877,,0.7183098591549296,2,True
body part,HAND,hand,,Mano,0.8772087153820712,,0.9859154929577465,2,True
body part,HIP,hip,,Cadera,0.4522078416873411,,0.7816901408450704,2,True
body part,KNEE,knee,,Rodilla,0.6039747550312332,,0.8098591549295774,2,True
body part,LEG,leg,,Pierna,0.8667893752982501,,0.9436619718309859,2,True
body part,MOUTH,mouth,,Boca,0.6379411591614753,,0.9718309859154929,2,True
body part,NAVEL,navel,,Ombligo,0.203814731494139,,0.5915492957746479,2,True
body part,NECK,neck,,Cuello,0.6371592287807457,,0.8028169014084507,2,True
body part,NOSE,nose,,Nariz,0.7273782348798075,,0.9084507042253522,2,True
body part,SHOULDER,shoulder,,Hombro,0.5954562751418352,,0.7746478873239436,2,True
body part,SKELETON,skeleton,,Esqueleto,0.08361768008926863,,0.47183098591549294,2,True
body part,SKIN,skin,,Piel,0.31667796877747034,,0.5633802816901408,2,True
body part,STOMACH,stomach,,Estómago,0.4243872840688875,,0.619718309859155,2,True
body part,TONGUE,tongue,,Lengua,0.37245990200986795,,0.7253521126760565,2,True
body part,TOOTH,tooth,,Diente,0.2712475963871401,,0.7464788732394365,2,True
body part,TORSO,torso,,Tronco,0.25292145745737116,,0.6901408450704225,2,True
body part,WRIST,wrist,,muñeca/s,0.4666597919357368,,0.7605633802816901,2,True
body part,CALF,calf,,,0.4049118168683737,,,1,False
body part,MUSTACHE,mustache,,,0.031214040975861754,,,1,False
body part,SKULL,skull,,,0.2960072467015067,,,1,False
body part,THUMB,thumb,,,0.5031916304983991,,,1,False
body part,TOE,toe,,,0.5674915413567556,,,1,False
breakfast food,BACON,bacon,,,0.759907818363053,,,1,False
breakfast food,BAGEL,bagel,,,0.6758202825238913,,,1,False
breakfast food,BREAD,bread,,,0.44879545810624455,,,1,False
breakfast food,BREAKFAST,breakfast,,,0.5568920820429826,,,1,False
breakfast food,CEREAL,cereal,,,0.8460975425981937,,,1,False
breakfast food,CREAM CHEESE,cream cheese,,,0.3282566293986808,,,1,False
breakfast food,CREPE,crepe,,,0.3067364285043988,,,1,False
breakfast food,CROISSANT,croissant,,,0.4969389708849145,,,1,False
breakfast food,DONUT,donut,,,0.5622843824516537,,,1,False
breakfast food,EGG,egg,,,0.8991799527627219,,,1,False
breakfast food,FRENCH FRIES,french fries,,,0.08025315444698312,,,1,False
breakfast food,GRANOLA,granola,,,0.4583860775977984,,,1,False
breakfast food,GRITS,grits,,,0.373830454993207,,,1,False
breakfast food,HAM,ham,,,0.34628112714934456,,,1,False
breakfast food,HAMBURGER,hamburger,,,0.06283136413487417,,,1,False
breakfast food,HASH,hash,,,0.3321655566217162,,,1,False
breakfast food,HONEY,honey,,,0.20925843550917114,,,1,False
breakfast food,JAM,jam,,,0.40859612931283584,,,1,False
breakfast food,MAPLE SYRUP,maple syrup,,,0.3892176042946669,,,1,False
breakfast food,MARMALADE,marmalade,,,0.18807054678172744,,,1,False
breakfast food,MUFFIN,muffin,,,0.587115684414053,,,1,False
breakfast food,OATMEAL,oatmeal,,,0.7722028485658167,,,1,False
breakfast food,OMELET,omelet,,,0.7528290729586704,,,1,False
breakfast food,PANCAKE,pancake,,,0.8391579104692188,,,1,False
breakfast food,PASTRY,pastry,,,0.4144957038616335,,,1,False
breakfast food,PEANUT BUTTER,peanut butter,,,0.1925580106936254,,,1,False
breakfast food,ROLL,roll,,,0.2266023383210126,,,1,False
breakfast food,SANDWICH,sandwich,,,0.2885833531668434,,,1,False
breakfast food,SAUSAGE,sausage,,,0.6192327507929085,,,1,False
breakfast food,SCONE,scone,,,0.3233445026479436,,,1,False
breakfast food,SCRAMBLED EGG,scrambled egg,,,0.8564727037650408,,,1,False
breakfast food,SYRUP,syrup,,,0.40297107975223867,,,1,False
breakfast food,TOAST,toast,,,0.7750083420341646,,,1,False
breakfast food,WAFFLE,waffle,,,0.7377676044346175,,,1,False
breakfast food,YOGURT,yogurt,,,0.45315706880069195,,,1,False
candy,CANDY,candy,,,0.8865950202334797,,,1,False
candy,CANDY BAR,candy bar,,,0.8458477592821274,,,1,False
candy,CANDY CANE,candy cane,,,0.4743537092095157,,,1,False
candy,CARAMEL,caramel,,,0.4393308424561636,,,1,False
candy,CHOCOLATE,chocolate,,,0.8150080527183527,,,1,False
candy,COTTON CANDY,cotton candy,,,0.37694041237727666,,,1,False
candy,FUDGE,fudge,,,0.3273844762817132,,,1,False
candy,GUM,gum,,,0.3321328654740923,,,1,False
candy,GUMBALL,gumball,,,0.40271339814949814,,,1,False
candy,GUMDROP,gumdrop,,,0.34471726638788536,,,1,False
candy,JELLY BEAN,jelly bean,,,0.6131599809414303,,,1,False
candy,LICORICE,licorice,,,0.3713301759738791,,,1,False
candy,LOLLIPOP,lollipop,,,0.7426713383726813,,,1,False
candy,MARSHMALLOW,marshmallow,,,0.12591710626219732,,,1,False
candy,PEPPERMINT,peppermint,,,0.28903913755481175,,,1,False
candy,TAFFY,taffy,,,0.3919846548291971,,,1,False
clothing,BLOUSE,blouse,Bluse,Blusa,0.8378740000909838,0.8944444444444445,0.7816901408450704,3,True
clothing,CLOAK,cloak,Umhang,Capa,0.30954441234431496,0.11111111111111226,0.22535211267605632,3,True
clothing,COAT,coat,Mantel,Abrigo,0.8779622796931171,0.9155555555555556,0.823943661971831,3,True
clothing,DRESS,dress,Kleid,Vestido,0.9173115489493486,0.9155555555555556,0.9507042253521126,3,True
clothing,GLOVE,glove,Handschuh,Guante,0.4736736257677454,0.5988888888888891,0.3450704225352112,3,True
clothing,JACKET,jacket,Jacke,Chaqueta,0.8497388635238105,0.9366666666666666,0.852112676056338,3,True
clothing,RAINCOAT,raincoat,Regenjacke,Impermeable,0.4992328424073489,0.7255555555555556,0.41549295774647893,3,True
clothing,SHAWL,shawl,Schal,Chal,0.45023603611991886,0.7255555555555556,0.3186619718309859,3,True
clothing,SHIRT,shirt,Hemd,Camisa,0.9721729563466607,0.9155555555555556,0.9084507042253522,3,True
clothing,SKIRT,skirt,Rock,Falda,0.8392926250666479,0.883888888888889,0.9014084507042254,3,True
clothing,SOCK,sock,Socke,Calcetines,0.7061708907702977,0.9261111111111111,0.6338028169014084,3,True
clothing,SWEATER,sweater,Pullover,Sudadera,0.9104396005249583,0.9894444444444445,0.8943661971830986,3,True
clothing,BELT,belt,,Cinturón,0.5872793442611824,,0.323943661971831,2,True
clothing,BOOT,boot,,Bota,0.5236973233852181,,0.3732394366197183,2,True
clothing,BRACELET,bracelet,,Pulsera,0.2527646782044154,,0.0,2,True
clothing,HAT,hat,,Gorro,0.5935448897667184,,0.4014084507042254,2,True
clothing,HEADBAND,headband,Stirnband,,0.4444558202616432,0.1928104575163393,,2,True
clothing,SHOE,shoe,,Zapato,0.603539253147284,,0.4295774647887324,2,True
clothing,TIE (NOUN),,Krawatte,Corbata,,0.4722222222222224,0.4014084507042254,2,True
clothing,VEST,vest,,Chaleco,0.6962839727317653,,0.5070422535211268,2,True
clothing,APRON,apron,,,0.47805377253296044,,,1,False
clothing,ARMOR,armor,,,0.08785987204809202,,,1,False
clothing,BANDANNA,bandanna,,,0.3737671647749901,,,1,False
clothing,BATHROBE,bathrobe,,,0.5848942912869806,,,1,False
clothing,BEANIE,beanie,,,0.44656521384686715,,,1,False
clothing,BIKINI,bikini,,,0.49097548236435035,,,1,False
clothing,BLAZER,blazer,,,0.7023234788215467,,,1,False
clothing,BOA,boa,,,0.14931133104674008,,,1,False
clothing,BOLO TIE,bolo tie,,,0.23910102200349834,,,1,False
clothing,BONNET,bonnet,,,0.2791424381843484,,,1,False
clothing,BOW,bow,,,0.30697609334467124,,,1,False
clothing,BOWLER HAT,bowler hat,,,0.2290340003706457,,,1,False
clothing,BOWTIE,bowtie,,,0.4917230421788939,,,1,False
clothing,BOXER SHORTS,boxer shorts,,,0.6886289907332634,,,1,False
clothing,BRA,bra,,,0.7126124797832397,,,1,False
clothing,BULLETPROOF VEST,bulletproof vest,,,0.08661891287412778,,,1,False
clothing,CAPE,cape,,,0.3188399037154798,,,1,False
clothing,CARDIGAN,cardigan,,,0.688580460008724,,,1,False
clothing,CHAPS,chaps,,,0.22889422127764894,,,1,False
clothing,CLOTHES,clothes,,,0.85339080054542,,,1,False
clothing,CORSET,corset,,,0.31035416130224286,,,1,False
clothing,COSTUME,costume,,,0.44709157469935984,,,1,False
clothing,COVERALL,coverall,,,0.531652663221572,,,1,False
clothing,CROWN,crown,,,0.06887829241251625,,,1,False
clothing,CUMMERBUND,cummerbund,,,0.22817705922664858,,,1,False
clothing,DIAPER,diaper,,,0.14430669136414978,,,1,False
clothing,EYE PATCH,eye patch,,,0.08189787253839434,,,1,False
clothing,FISHNET STOCKINGS,fishnet stockings,,,0.28284237066515355,,,1,False
clothing,FLIP-FLOP,flip-flop,,,0.4316236759515306,,,1,False
clothing,FUR COAT,fur coat,,,0.45210237200808007,,,1,False
clothing,GARTER,garter,,,0.22476112618519206,,,1,False
clothing,HEADDRESS,headdress,,,0.205945035645634,,,1,False
clothing,HEADSCARF,headscarf,,,0.4197825829379244,,,1,False
clothing,HOODIE,hoodie,,,0.8347162946840625,,,1,False
clothing,JEANS,jeans,,,0.9623791335261006,,,1,False
clothing,JERSEY,jersey,,,0.6902823322918334,,,1,False
clothing,JUMPSUIT,jumpsuit,,,0.5385340098895939,,,1,False
clothing,KILT,kilt,,,0.3384425164190678,,,1,False
clothing,KIMONO,kimono,,,0.3022845110602938,,,1,False
clothing,LAB COAT,lab coat,,,0.3931448213010702,,,1,False
clothing,LEGGINGS,leggings,,,0.7600477935546651,,,1,False
clothing,LEOTARD,leotard,,,0.4049669057989322,,,1,False
clothing,LIFE JACKET,life jacket,,,0.17735385753265864,,,1,False
clothing,LINGERIE,lingerie,,,0.5957169186020784,,,1,False
clothing,LOINCLOTH,loincloth,,,0.23959876908651434,,,1,False
clothing,MITTEN,mitten,,,0.42258760303387494,,,1,False
clothing,MOCCASIN,moccasin,,,0.22206410650621594,,,1,False
clothing,MUFF,muff,,,0.21203931938569132,,,1,False
clothing,NIGHTSHIRT,nightshirt,,,0.6120801723204228,,,1,False
clothing,OUTFIT,outfit,,,0.7078518679859991,,,1,False
clothing,OVERALLS,overalls,,,0.5608495499043843,,,1,False
clothing,PAJAMAS,pajamas,,,0.773205461566201,,,1,False
clothing,PANTIES,panties,,,0.6484517582326775,,,1,False
clothing,PANTS,pants,,,0.9656545530098231,,,1,False
clothing,PANTSUIT,pantsuit,,,0.6911338898066358,,,1,False
clothing,PANTYHOSE,pantyhose,,,0.47000919830645455,,,1,False
clothing,POLO SHIRT,polo shirt,,,0.8078040353987878,,,1,False
clothing,ROBE,robe,,,0.5691694286026745,,,1,False
clothing,SANDAL,sandal,,,0.4595731409557483,,,1,False
clothing,SCARF,scarf,,,0.6523725136579406,,,1,False
clothing,SHORTS,shorts,,,0.8660215631049504,,,1,False
clothing,SKI BOOTS,ski boots,,,0.2459732580731649,,,1,False
clothing,SLIPPER,slipper,,,0.39893979423381054,,,1,False
clothing,SNOWSHOE,snowshoe,,,0.11341974754195477,,,1,False
clothing,SNOWSUIT,snowsuit,,,0.3829946202635997,,,1,False
clothing,SOMBRERO,sombrero,,,0.22160569580694972,,,1,False
clothing,SPACESUIT,spacesuit,,,0.08581858413149873,,,1,False
clothing,STILETTO,stiletto,,,0.21486350975172647,,,1,False
clothing,STOCKINGS,stockings,,,0.5035012623680373,,,1,False
clothing,STRAIGHTJACKET,straightjacket,,,0.09355509531024658,,,1,False
clothing,SUIT,suit,,,0.7694839472326884,,,1,False
clothing,SUSPENDERS,suspenders,,,0.36042313683092664,,,1,False
clothing,SWEATSUIT,sweatsuit,,,0.7469811937400817,,,1,False
clothing,SWIMSUIT,swimsuit,,,0.5777325198452983,,,1,False
clothing,T-SHIRT,t-shirt,,,0.930136102638605,,,1,False
clothing,TIARA,tiara,,,0.1015245063876431,,,1,False
clothing,TIE,tie,,,0.5404193507999571,,,1,False
clothing,TOGA,toga,,,0.229713835050221,,,1,False
clothing,TOP HAT,top hat,,,0.31468046280684775,,,1,False
clothing,TUBE TOP,tube top,,,0.576820267734447,,,1,False
clothing,TURBAN,turban,,,0.256178460057775,,,1,False
clothing,TURTLENECK,turtleneck,,,0.6414255815097601,,,1,False
clothing,TUXEDO,tuxedo,,,0.530208528927623,,,1,False
clothing,UNDERSHIRT,undershirt,,,0.7192024240544692,,,1,False
clothing,UNDERWEAR,underwear,,,0.8372917032938775,,,1,False
clothing,UNIFORM,uniform,,,0.6650353647116334,,,1,False
clothing,VEIL,veil,,,0.20320013305043222,,,1,False
clothing,VISOR,visor,,,0.24810542379107586,,,1,False
clothing,WETSUIT,wetsuit,,,0.20153278150328832,,,1,False
clothing accessory,HANDKERCHIEF,handkerchief,,Pañuelo,0.4790506393323543,,0.19718309859154928,2,True
clothing accessory,BANDANNA,bandanna,,,0.5659918498215347,,,1,False
clothing accessory,BELT,belt,,,0.8596581391970132,,,1,False
clothing accessory,BELT BUCKLE,belt buckle,,,0.6345237679747868,,,1,False
clothing accessory,BOA,boa,,,0.2830371462708416,,,1,False
clothing accessory,BOLO TIE,bolo tie,,,0.4024448439052919,,,1,False
clothing accessory,BONNET,bonnet,,,0.26278016166837587,,,1,False
clothing accessory,BOW,bow,,,0.529200707548016,,,1,False
clothing accessory,BOWTIE,bowtie,,,0.6368528279130378,,,1,False
clothing accessory,BRACELET (JEWELRY),bracelet (jewelry),,,0.7702379875040247,,,1,False
clothing accessory,BRACELET (WATCH),bracelet (watch),,,0.6869676394726659,,,1,False
clothing accessory,BROOCH,brooch,,,0.3859640939713704,,,1,False
clothing accessory,BUCKLE,buckle,,,0.5598991758211589,,,1,False
clothing accessory,BUTTON,button,,,0.4288998326056672,,,1,False
clothing accessory,CORSAGE,corsage,,,0.24346616765591395,,,1,False
clothing accessory,CUFFLINK,cufflink,,,0.42247589869377083,,,1,False
clothing accessory,CUMMERBUND,cummerbund,,,0.27442477164229956,,,1,False
clothing accessory,EARRING,earring,,,0.7280023672170824,,,1,False
clothing accessory,EYE PATCH,eye patch,,,0.07400138442551848,,,1,False
clothing accessory,GLASSES,glasses,,,0.5289639302359397,,,1,False
clothing accessory,GLOVE,glove,,,0.629816784031395,,,1,False
clothing accessory,HAT,hat,,,0.8082832445841893,,,1,False
clothing accessory,HEADBAND,headband,,,0.6569681317592284,,,1,False
clothing accessory,HEADDRESS,headdress,,,0.3386355856488776,,,1,False
clothing accessory,INSOLE,insole,,,0.10393741207162291,,,1,False
clothing accessory,LANYARD,lanyard,,,0.22310295853071047,,,1,False
clothing accessory,MITTEN,mitten,,,0.3526168132379976,,,1,False
clothing accessory,MUFF,muff,,,0.19510792020829365,,,1,False
clothing accessory,PATCH,patch,,,0.225597347900337,,,1,False
clothing accessory,PURSE,purse,,,0.770356330166024,,,1,False
clothing accessory,SCARF,scarf,,,0.843590020724635,,,1,False
clothing accessory,SHAWL,shawl,,,0.5895020200945019,,,1,False
clothing accessory,SOMBRERO,sombrero,,,0.22292035453074385,,,1,False
clothing accessory,SUSPENDERS,suspenders,,,0.4776024679041802,,,1,False
clothing accessory,TIE,tie,,,0.8233934176089355,,,1,False
clothing accessory,TOP HAT,top hat,,,0.46026228942819364,,,1,False
clothing accessory,VISOR,visor,,,0.3035131722089286,,,1,False
clothing accessory,WATCH,watch,,,0.7620438735160152,,,1,False
condiment,APPLESAUCE,applesauce,,,0.14110447941549653,,,1,False
condiment,BUTTER,butter,,,0.5253845058606017,,,1,False
condiment,CREAM CHEESE,cream cheese,,,0.3524400355802761,,,1,False
condiment,GINGER,ginger,,,0.1314812223501932,,,1,False
condiment,GRAVY,gravy,,,0.4415939905499827,,,1,False
condiment,JAM,jam,,,0.5782582567760814,,,1,False
condiment,KETCHUP,ketchup,,,0.9699889944372174,,,1,False
condiment,MAPLE SYRUP,maple syrup,,,0.46802954916794076,,,1,False
condiment,MARMALADE,marmalade,,,0.2797649160952822,,,1,False
condiment,MUSTARD,mustard,,,0.8762377007320657,,,1,False
condiment,PEANUT BUTTER,peanut butter,,,0.4410793256686285,,,1,False
condiment,PESTO,pesto,,,0.29192748774463023,,,1,False
condiment,SAUCE,sauce,,,0.6350219524067516,,,1,False
condiment,SOY SAUCE,soy sauce,,,0.6152805100885674,,,1,False
condiment,SYRUP,syrup,,,0.5156547925576402,,,1,False
construction equipment,CRANE,crane,Kranich,,0.746257307467562,0.5883333333333336,,2,True
construction equipment,BLOWTORCH,blowtorch,,,0.40145934768282804,,,1,False
construction equipment,BULLDOZER,bulldozer,,,0.8476174906027641,,,1,False
construction equipment,CEMENT MIXER,cement mixer,,,0.6076668006745615,,,1,False
construction equipment,CHAIN,chain,,,0.2834927099482603,,,1,False
construction equipment,CHAINSAW,chainsaw,,,0.41814654398747475,,,1,False
construction equipment,CHISEL,chisel,,,0.26124619824500345,,,1,False
construction equipment,DRILL,drill,,,0.7657867764107605,,,1,False
construction equipment,HAMMER,hammer,,,0.7536181638740221,,,1,False
construction equipment,HELMET,helmet,,,0.5658749348942347,,,1,False
construction equipment,JACKHAMMER,jackhammer,,,0.7278356564924275,,,1,False
construction equipment,PLIERS,pliers,,,0.43514645825658377,,,1,False
construction equipment,PULLEY,pulley,,,0.29363114818021996,,,1,False
construction equipment,PUMP,pump,,,0.1667837094572507,,,1,False
construction equipment,ROPE,rope,,,0.2659073721256858,,,1,False
construction equipment,SAW,saw,,,0.5871730845468706,,,1,False
construction equipment,SAWHORSE,sawhorse,,,0.38198928120266173,,,1,False
construction equipment,SCAFFOLD,scaffold,,,0.5212729033235494,,,1,False
construction equipment,SCAFFOLDING,scaffolding,,,0.5362493859921348,,,1,False
construction equipment,SCREWDRIVER,screwdriver,,,0.5276085641983177,,,1,False
construction equipment,SHOVEL,shovel,,,0.5451242853458067,,,1,False
construction equipment,SLEDGEHAMMER,sledgehammer,,,0.6508771423252119,,,1,False
construction equipment,STAPLE GUN,staple gun,,,0.3758207193102395,,,1,False
construction equipment,STEAMROLLER,steamroller,,,0.416967633567298,,,1,False
construction equipment,TARP,tarp,,,0.201332699317631,,,1,False
construction equipment,TROWEL,trowel,,,0.28056524483791123,,,1,False
construction equipment,WHEELBARROW,wheelbarrow,,,0.4875498826011541,,,1,False
construction equipment,WRENCH,wrench,,,0.5038931929045511,,,1,False
container,BAG,bag,,Bolsa,0.7515853874998867,,0.014084507042253495,2,True
container,AQUARIUM,aquarium,,,0.392388955266365,,,1,False
container,ASHTRAY,ashtray,,,0.27442939114442155,,,1,False
container,BACKPACK,backpack,,,0.5915860228310148,,,1,False
container,BALLOT BOX,ballot box,,,0.3252187926991306,,,1,False
container,BANK,bank,,,0.1755539945278751,,,1,False
container,BARREL,barrel,,,0.6879847035281679,,,1,False
container,BASKET,basket,,,0.7640057127657655,,,1,False
container,BATHTUB,bathtub,,,0.28167447239348486,,,1,False
container,BEAKER,beaker,,,0.4823370133962902,,,1,False
container,BEDPAN,bedpan,,,0.2154058957470078,,,1,False
container,BIN,bin,,,0.8409062716575917,,,1,False
container,BIRDBATH,birdbath,,,0.15673318306171924,,,1,False
container,BIRDCAGE,birdcage,,,0.25314763358744713,,,1,False
container,BOTTLE,bottle,,,0.8356434276827137,,,1,False
container,BOWL,bowl,,,0.8074398195998371,,,1,False
container,BOX,box,,,0.9489583121543336,,,1,False
container,BREADBOX,breadbox,,,0.48052950766112545,,,1,False
container,BRIEFCASE,briefcase,,,0.5640220814650058,,,1,False
container,BUCKET,bucket,,,0.8123985152175845,,,1,False
container,CABINET,cabinet,,,0.4588700097606735,,,1,False
container,CAGE,cage,,,0.4767718458880208,,,1,False
container,CAN,can,,,0.785143519647343,,,1,False
container,CANISTER,canister,,,0.7750482118909403,,,1,False
container,CHEST,chest,,,0.6804628399049145,,,1,False
container,CLOSET,closet,,,0.36751331913544716,,,1,False
container,COFFEE POT,coffee pot,,,0.5963543959807454,,,1,False
container,COFFIN,coffin,,,0.22972314884309106,,,1,False
container,CONTAINER,container,,,0.8903385477338954,,,1,False
container,COOKER,cooker,,,0.35019077905299234,,,1,False
container,COOP,coop,,,0.16211659092880545,,,1,False
container,CRATE,crate,,,0.7592327481351517,,,1,False
container,CUP,cup,,,0.7954118484161438,,,1,False
container,DOGHOUSE,doghouse,,,0.1450429110860515,,,1,False
container,DRAWER,drawer,,,0.5707557611769281,,,1,False
container,DRESSER,dresser,,,0.45008672924886606,,,1,False
container,DUFFEL BAG,duffel bag,,,0.46836992362456276,,,1,False
container,DUMPSTER,dumpster,,,0.49260903899613073,,,1,False
container,DUSTPAN,dustpan,,,0.22786211504552137,,,1,False
container,FILING CABINET,filing cabinet,,,0.4928098560458209,,,1,False
container,FISHBOWL,fishbowl,,,0.35572945258316024,,,1,False
container,FLASK,flask,,,0.5590034254878231,,,1,False
container,FOOTBATH,footbath,,,0.12330064691129446,,,1,False
container,GLASS,glass,,,0.7025573086761469,,,1,False
container,GOBLET,goblet,,,0.24294979393434385,,,1,False
container,HATBOX,hatbox,,,0.3822454197142093,,,1,False
container,HONEYPOT,honeypot,,,0.3231805022684648,,,1,False
container,HOT TUB,hot tub,,,0.13024973787552027,,,1,False
container,HOT-WATER BOTTLE,hot-water bottle,,,0.5156601396574896,,,1,False
container,INKWELL,inkwell,,,0.22842201581196972,,,1,False
container,JAR,jar,,,0.9319055163107561,,,1,False
container,JUG,jug,,,0.7843547898719984,,,1,False
container,KEG,keg,,,0.4759593937284647,,,1,False
container,KETTLE,kettle,,,0.5132747859795751,,,1,False
container,LOCKER,locker,,,0.4971326889692442,,,1,False
container,LUGGAGE,luggage,,,0.5410484681850238,,,1,False
container,LUNCHBOX,lunchbox,,,0.7792767619948532,,,1,False
container,MAILBOX,mailbox,,,0.44191091985475073,,,1,False
container,MATCHBOX,matchbox,,,0.3101774083151876,,,1,False
container,MEASURING CUP,measuring cup,,,0.6246483426890727,,,1,False
container,MOLD,mold,,,0.28878435125097857,,,1,False
container,MUG,mug,,,0.5777325198452983,,,1,False
container,NIGHTSTAND,nightstand,,,0.22912189177003012,,,1,False
container,OILCAN,oilcan,,,0.4614855365768349,,,1,False
container,PAN,pan,,,0.4984510805097868,,,1,False
container,PAPER BAG,paper bag,,,0.6214523574027573,,,1,False
container,PETRI DISH,petri dish,,,0.20689943034969566,,,1,False
container,PIGGY BANK,piggy bank,,,0.4426540465742644,,,1,False
container,PILLBOX,pillbox,,,0.5935695719125749,,,1,False
container,PITCHER,pitcher,,,0.6951133021658193,,,1,False
container,POCKET,pocket,,,0.46513454502023965,,,1,False
container,POT,pot,,,0.7500914405136456,,,1,False
container,PURSE,purse,,,0.5601751327148737,,,1,False
container,SALTSHAKER,saltshaker,,,0.4062291230052784,,,1,False
container,SANDBAG,sandbag,,,0.24460495409383126,,,1,False
container,SARCOPHAGUS,sarcophagus,,,0.13492208719488788,,,1,False
container,SHAKER,shaker,,,0.34993586402044685,,,1,False
container,SHOPPING BASKET,shopping basket,,,0.604803393274599,,,1,False
container,SHOPPING CART,shopping cart,,,0.3922483290273501,,,1,False
container,SUITCASE,suitcase,,,0.6218122936097598,,,1,False
container,SWIMMING POOL,swimming pool,,,0.11795745597630909,,,1,False
container,SYRINGE,syringe,,,0.15563491617368594,,,1,False
container,TANK,tank,,,0.6129815859856871,,,1,False
container,TEACUP,teacup,,,0.46261499157122216,,,1,False
container,TEAPOT,teapot,,,0.49384679165202927,,,1,False
container,TENT,tent,,,0.0867671219005406,,,1,False
container,TERRARIUM,terrarium,,,0.25990960586656114,,,1,False
container,TEST TUBE,test tube,,,0.38046688644624116,,,1,False
container,THERMOS,thermos,,,0.6938480481512038,,,1,False
container,TOOLBOX,toolbox,,,0.5840709826599529,,,1,False
container,TRASHCAN,trashcan,,,0.7435402647075037,,,1,False
container,TRUNK,trunk,,,0.5312651158578563,,,1,False
container,TUPPERWARE,tupperware,,,0.8998270198984922,,,1,False
container,URN,urn,,,0.44681130976514327,,,1,False
container,VASE,vase,,,0.6422317515070171,,,1,False
container,VIAL,vial,,,0.5276889754786056,,,1,False
container,WALLET,wallet,,,0.3500604573228707,,,1,False
container,WATER BOTTLE,water bottle,,,0.790215723362192,,,1,False
container,WATER HEATER,water heater,,,0.21753194590454947,,,1,False
container,WATERING CAN,watering can,,,0.5515075447117594,,,1,False
container,WHEELBARROW,wheelbarrow,,,0.3183656201857981,,,1,False
container,WINE BOTTLE,wine bottle,,,0.5448045627012417,,,1,False
container,WINE COOLER,wine cooler,,,0.33898014840503243,,,1,False
container,WINEGLASS,wineglass,,,0.4456731666554146,,,1,False
container,WOK,wok,,,0.15809654885376057,,,1,False
dessert,BAKLAVA,baklava,,,0.26611954504770824,,,1,False
dessert,BANANA SPLIT,banana split,,,0.6182085420737956,,,1,False
dessert,BIRTHDAY CAKE,birthday cake,,,0.6092521941072655,,,1,False
dessert,BROWNIE,brownie,,,0.8066949107066219,,,1,False
dessert,CAKE,cake,,,0.9014131933198055,,,1,False
dessert,CAKE MIX,cake mix,,,0.24436953419425683,,,1,False
dessert,CARAMEL,caramel,,,0.30556189237651304,,,1,False
dessert,CHEESE,cheese,,,0.040842534034357704,,,1,False
dessert,CHEESECAKE,cheesecake,,,0.7612430873257346,,,1,False
dessert,CHOCOLATE,chocolate,,,0.6337540480904718,,,1,False
dessert,COOKIE,cookie,,,0.7865047912174407,,,1,False
dessert,CREME BRULEE,creme brulee,,,0.42226555484866213,,,1,False
dessert,CREPE,crepe,,,0.23539214410338044,,,1,False
dessert,CUPCAKE,cupcake,,,0.7821045902188092,,,1,False
dessert,DESSERT,dessert,,,0.7268508864835015,,,1,False
dessert,DONUT,donut,,,0.4304571173778841,,,1,False
dessert,ECLAIR,eclair,,,0.41422317640523715,,,1,False
dessert,FLAN,flan,,,0.2084674129147121,,,1,False
dessert,FRUITCAKE,fruitcake,,,0.3011009528021896,,,1,False
dessert,FUDGE,fudge,,,0.441898180539559,,,1,False
dessert,ICE CREAM,ice cream,,,0.8559774582061468,,,1,False
dessert,ICE-CREAM CONE,ice-cream cone,,,0.6456392334523788,,,1,False
dessert,MILKSHAKE,milkshake,,,0.5317517554151463,,,1,False
dessert,MOUSSE,mousse,,,0.4124877063337686,,,1,False
dessert,MUFFIN,muffin,,,0.2828621232618793,,,1,False
dessert,PARFAIT,parfait,,,0.31898102448410776,,,1,False
dessert,PASTRY,pastry,,,0.5132289295972876,,,1,False
dessert,PIE,pie,,,0.7764633841509723,,,1,False
dessert,POPSICLE,popsicle,,,0.412209442398636,,,1,False
dessert,PUDDING,pudding,,,0.5525655791524494,,,1,False
dessert,SHORTBREAD,shortbread,,,0.2951950089416791,,,1,False
dessert,SORBET,sorbet,,,0.344806266593822,,,1,False
dessert,SOUFFLE,souffle,,,0.31793615084789745,,,1,False
dessert,SUNDAE,sundae,,,0.7155626657914897,,,1,False
dessert,TIRAMISU,tiramisu,,,0.3907741505558583,,,1,False
dessert,WEDDING CAKE,wedding cake,,,0.3493045912881655,,,1,False
dessert,WHIPPED CREAM,whipped cream,,,0.34202395063203905,,,1,False
drink,BEER,beer,,,0.6574894186797148,,,1,False
drink,CHAMPAGNE,champagne,,,0.2498859763704627,,,1,False
drink,COCKTAIL,cocktail,,,0.41667115163127133,,,1,False
drink,COFFEE,coffee,,,0.8337288256666532,,,1,False
drink,DRINK,drink,,,0.5515932388261592,,,1,False
drink,EGGNOG,eggnog,,,0.04446826576232885,,,1,False
drink,ESPRESSO,espresso,,,0.2849329303790808,,,1,False
drink,HOT CHOCOLATE,hot chocolate,,,0.3580276939048991,,,1,False
drink,JUICE,juice,,,0.7428135446817974,,,1,False
drink,LATTE,latte,,,0.358633084301845,,,1,False
drink,LEMONADE,lemonade,,,0.6184778284111805,,,1,False
drink,MARGARITA,margarita,,,0.33150738192556,,,1,False
drink,MILK,milk,,,0.6823302736377157,,,1,False
drink,MILKSHAKE,milkshake,,,0.34746501370972616,,,1,False
drink,PUNCH,punch,,,0.2715241327413005,,,1,False
drink,SMOOTHIE,smoothie,,,0.3301498398233177,,,1,False
drink,SODA,soda,,,0.8528070496467641,,,1,False
drink,TEA,tea,,,0.7263483544823158,,,1,False
drink,WINE,wine,,,0.5391214492535223,,,1,False
electronic device,RADIO,radio,,Radio,0.7591618329301086,,0.1619718309859155,2,True
electronic device,AIR CONDITIONER,air conditioner,,,0.49059880493841745,,,1,False
electronic device,AMPLIFIER,amplifier,,,0.47371124805906567,,,1,False
electronic device,BLENDER,blender,,,0.4910846764945645,,,1,False
electronic device,BLOWER,blower,,,0.23654394982165394,,,1,False
electronic device,CAMCORDER,camcorder,,,0.5931973651530609,,,1,False
electronic device,CAMERA,camera,,,0.6049552812484759,,,1,False
electronic device,CASH MACHINE,cash machine,,,0.35665231227669575,,,1,False
electronic device,CD PLAYER,cd player,,,0.710041656351248,,,1,False
electronic device,CELLPHONE,cellphone,,,0.9497141781890391,,,1,False
electronic device,CENTRIFUGE,centrifuge,,,0.1025143309569,,,1,False
electronic device,CHAINSAW,chainsaw,,,0.08990191514524846,,,1,False
electronic device,COFFEEMAKER,coffeemaker,,,0.5646424260641957,,,1,False
electronic device,COMPUTER,computer,,,0.9648463197857854,,,1,False
electronic device,COMPUTER SCREEN,computer screen,,,0.8028070333378019,,,1,False
electronic device,COOKER,cooker,,,0.4263689553209237,,,1,False
electronic device,COPIER,copier,,,0.6881387201183117,,,1,False
electronic device,CURLING IRON,curling iron,,,0.39245468274764367,,,1,False
electronic device,DEFIBRILLATOR,defibrillator,,,0.34900576053025884,,,1,False
electronic device,DISHWASHER,dishwasher,,,0.48611634356981653,,,1,False
electronic device,DRILL,drill,,,0.3840744288846072,,,1,False
electronic device,DRYER,dryer,,,0.4898956737433427,,,1,False
electronic device,ELECTRIC CHAIR,electric chair,,,0.20515844660382512,,,1,False
electronic device,FAN,fan,,,0.5718519348096991,,,1,False
electronic device,FOOD PROCESSOR,food processor,,,0.4747783530492376,,,1,False
electronic device,FREEZER,freezer,,,0.43983066462110065,,,1,False
electronic device,GENERATOR,generator,,,0.3676425585649278,,,1,False
electronic device,HAIRDRYER,hairdryer,,,0.5574023299463293,,,1,False
electronic device,HOTPLATE,hotplate,,,0.26389172936647187,,,1,False
electronic device,ICEMAKER,icemaker,,,0.21646935162387684,,,1,False
electronic device,INCUBATOR,incubator,,,0.1755113933826019,,,1,False
electronic device,IRON,iron,,,0.31072742847987517,,,1,False
electronic device,JACKHAMMER,jackhammer,,,0.06973841583131873,,,1,False
electronic device,JOYSTICK,joystick,,,0.3895236956464357,,,1,False
electronic device,JUICER,juicer,,,0.4064956236219317,,,1,False
electronic device,JUKEBOX,jukebox,,,0.3137006946189456,,,1,False
electronic device,LAMP,lamp,,,0.5341050476336617,,,1,False
electronic device,LAPTOP,laptop,,,0.9457410362117422,,,1,False
electronic device,METAL DETECTOR,metal detector,,,0.3436184172543601,,,1,False
electronic device,MICROPHONE,microphone,,,0.585839123830362,,,1,False
electronic device,MICROWAVE,microwave,,,0.7485221090271519,,,1,False
electronic device,MIXER,mixer,,,0.5022563065461698,,,1,False
electronic device,MODEM,modem,,,0.6863319173508612,,,1,False
electronic device,MOUSE,mouse,,,0.6553565923160174,,,1,False
electronic device,MUSIC BOX,music box,,,0.3576191176699233,,,1,False
electronic device,PINBALL,pinball,,,0.16284534555624008,,,1,False
electronic device,POLYGRAPH,polygraph,,,0.1892191964495434,,,1,False
electronic device,PRINTER,printer,,,0.8158317528843776,,,1,False
electronic device,PROJECTOR,projector,,,0.5802598828361956,,,1,False
electronic device,RECORD PLAYER,record player,,,0.48422667848305334,,,1,False
electronic device,REFRIGERATOR,refrigerator,,,0.5955451308669181,,,1,False
electronic device,REMOTE CONTROL,remote control,,,0.6845311776799458,,,1,False
electronic device,ROUTER,router,,,0.6170005148424631,,,1,False
electronic device,SCANNER,scanner,,,0.5894614755562418,,,1,False
electronic device,SCREEN,screen,,,0.5678873055061123,,,1,False
electronic device,SEWING MACHINE,sewing machine,,,0.33324895413718497,,,1,False
electronic device,SHREDDER,shredder,,,0.3722090899677224,,,1,False
electronic device,SLICER,slicer,,,0.07573639399569562,,,1,False
electronic device,SLOT MACHINE,slot machine,,,0.30934676408988315,,,1,False
electronic device,SMOKE ALARM,smoke alarm,,,0.3090091123345682,,,1,False
electronic device,STEREO,stereo,,,0.7490497427851442,,,1,False
electronic device,TABLET,tablet,,,0.8497718913780109,,,1,False
electronic device,TAPE RECORDER,tape recorder,,,0.5289487522031143,,,1,False
electronic device,TELEVISION,television,,,0.8936744329278269,,,1,False
electronic device,TOASTER,toaster,,,0.5517712189099124,,,1,False
electronic device,TOASTER OVEN,toaster oven,,,0.49536918640844974,,,1,False
electronic device,TREADMILL,treadmill,,,0.3768593440078753,,,1,False
electronic device,TURNTABLE,turntable,,,0.3201945310735412,,,1,False
electronic device,VACUUM,vacuum,,,0.5425297598185501,,,1,False
electronic device,VENDING MACHINE,vending machine,,,0.38180683078049144,,,1,False
electronic device,WAFFLE IRON,waffle iron,,,0.3137006946189456,,,1,False
electronic device,WASHING MACHINE,washing machine,,,0.573225295130361,,,1,False
electronic device,WATER HEATER,water heater,,,0.2735290213089638,,,1,False
electronic device,WEBCAM,webcam,,,0.729166370246592,,,1,False
farm animal,BISON,bison,,,0.060208064367367704,,,1,False
farm animal,BULL,bull,,,0.37914486778870343,,,1,False
farm animal,CALF,calf,,,0.6392651094652106,,,1,False
farm animal,CHICKEN,chicken,,,0.8689915619185934,,,1,False
farm animal,COW,cow,,,0.9155773015810091,,,1,False
farm animal,DONKEY,donkey,,,0.2582099947909907,,,1,False
farm animal,DUCK,duck,,,0.32298266819725313,,,1,False
farm animal,GOAT,goat,,,0.6168981533274145,,,1,False
farm animal,GOOSE,goose,,,0.23029478734112444,,,1,False
farm animal,HORSE,horse,,,0.6577819185628764,,,1,False
farm animal,LAMB,lamb,,,0.46896399893612023,,,1,False
farm animal,PIG,pig,,,0.7720398499705948,,,1,False
farm animal,PIGLET,piglet,,,0.4625001389245134,,,1,False
farm animal,RABBIT,rabbit,,,0.2918417868969774,,,1,False
farm animal,RAM,ram,,,0.1554249533862678,,,1,False
farm animal,ROOSTER,rooster,,,0.6712213627210053,,,1,False
farm animal,SHEEP,sheep,,,0.6214163637820571,,,1,False
farm animal,TURKEY,turkey,,,0.35371673953725896,,,1,False
fastener,BUTTON,button,,Botón,0.6819040823154212,,0.049295774647887335,2,True
fastener,BARRETTE,barrette,,,0.2944503133409842,,,1,False
fastener,BELT BUCKLE,belt buckle,,,0.6231170623601439,,,1,False
fastener,BOLT,bolt,,,0.516814257688975,,,1,False
fastener,BOW,bow,,,0.43838049630112313,,,1,False
fastener,BUCKLE,buckle,,,0.6510571104287131,,,1,False
fastener,CHAIN,chain,,,0.3724727641658754,,,1,False
fastener,CLASP,clasp,,,0.6295909149722029,,,1,False
fastener,CLOTHESPIN,clothespin,,,0.46687611723186473,,,1,False
fastener,COMBINATION LOCK,combination lock,,,0.3538220024132275,,,1,False
fastener,CUFFLINK,cufflink,,,0.23731751787666566,,,1,False
fastener,GASKET,gasket,,,0.12345182011823562,,,1,False
fastener,HAIRPIN,hairpin,,,0.3766046939534024,,,1,False
fastener,HOOK,hook,,,0.47275041978539445,,,1,False
fastener,KNOT,knot,,,0.4142201448569696,,,1,False
fastener,LATCH,latch,,,0.5410619899387754,,,1,False
fastener,LOCK,lock,,,0.4752996399697242,,,1,False
fastener,NAIL,nail,,,0.4149962212134585,,,1,False
fastener,PADLOCK,padlock,,,0.3363182664027476,,,1,False
fastener,PAPERCLIP,paperclip,,,0.636512975817677,,,1,False
fastener,PEG,peg,,,0.15353528829950475,,,1,False
fastener,PIN,pin,,,0.5948770674524059,,,1,False
fastener,RUBBER BAND,rubber band,,,0.40675040992576483,,,1,False
fastener,SAFETY PIN,safety pin,,,0.6849770537116538,,,1,False
fastener,SCREW,screw,,,0.5834666759706485,,,1,False
fastener,STAPLE,staple,,,0.6536666479294811,,,1,False
fastener,STRAP,strap,,,0.6224961724030647,,,1,False
fastener,TACK,tack,,,0.407065354106892,,,1,False
fastener,TAPE,tape,,,0.6140982062642291,,,1,False
fastener,THUMBTACK,thumbtack,,,0.44308662050978853,,,1,False
fastener,VELCRO,velcro,,,0.6123639681759442,,,1,False
fastener,ZIPPER,zipper,,,0.7187406318368645,,,1,False
food,CHICKEN,chicken,Huhn,Pollo,0.9302832605659533,0.8311111111111112,0.7816901408450704,3,True
food,APPLE,apple,Apfel,,0.8568123456965422,0.9894444444444445,,2,True
food,AVOCADO,avocado,Avocado,,0.6359484978686484,0.49567901234567896,,2,True
food,BANANA,banana,Banane,,0.8022916701323212,0.9472222222222223,,2,True
food,BEAN,bean,Bohne,,0.6201231953853323,0.7572222222222224,,2,True
food,BLUEBERRY,blueberry,Blaubeere,,0.5948098793604321,0.7677777777777779,,2,True
food,CARROT,carrot,Mohrrübe,,0.7206924959311857,0.9683333333333333,,2,True
food,CAULIFLOWER,cauliflower,Blumenkohl,,0.5483493137605491,0.9261111111111111,,2,True
food,CELERY,celery,Sellerie,,0.5567346141155938,0.693888888888889,,2,True
food,CHERRY,cherry,Kirsche,,0.5370054638133447,0.9366666666666666,,2,True
food,CRANBERRY,cranberry,Preiselbeere,,0.4365604074742529,0.6305555555555556,,2,True
food,CUCUMBER,cucumber,Gurke,,0.6257757771915199,0.9788888888888888,,2,True
food,FIG,fig,Feige,,0.2191128964753066,0.48277777777777786,,2,True
food,GINGER,ginger,Ingwer,,0.16635214714885466,0.3790849673202608,,2,True
food,GOOSE,goose,Gans,,0.10247038525720785,0.9577777777777778,,2,True
food,GRAPE,grape,Weintraube,,0.6196526763677447,0.9577777777777778,,2,True
food,LEMON,lemon,Zitrone,,0.46635088116804113,0.8522222222222222,,2,True
food,MANGO,mango,Mango,,0.5428062961727105,0.693888888888889,,2,True
food,MELON,melon,Melone,,0.6172634446488489,0.7677777777777779,,2,True
food,OLIVE,olive,Olive,,0.39575599487550656,0.49567901234567896,,2,True
food,ONION,onion,Zwiebel,,0.5384350227189934,0.8416666666666668,,2,True
food,PAPAYA,papaya,Papaya,,0.2748028778909818,0.33500000000000024,,2,True
food,PEA,pea,Erbse,,0.526469836712952,0.8416666666666668,,2,True
food,PEACH,peach,Pfirsich,,0.6059751005016498,0.9472222222222223,,2,True
food,PEAR,pear,Birne,,0.5831191513569908,0.9683333333333333,,2,True
food,PINEAPPLE,pineapple,Ananas,,0.6368852500736993,0.9155555555555556,,2,True
food,POMEGRANATE,pomegranate,Granatapfel,,0.3268215973196986,0.4222222222222221,,2,True
food,POTATO,potato,Kartoffel,,0.8184225384638719,0.922222222222222,,2,True
food,PUMPKIN,pumpkin,Kürbis,,0.3501463511904509,0.633333333333333,,2,True
food,RADISH,radish,Radieschen,,0.3464472515525764,0.8311111111111112,,2,True
food,RASPBERRY,raspberry,Himbeere,,0.5001538556429141,0.8733333333333334,,2,True
food,STRAWBERRY,strawberry,Erdbeere,,0.7446718230499724,0.9577777777777778,,2,True
food,TOMATO,tomato,Tomate,,0.6275344323923772,0.9683333333333333,,2,True
food,TURKEY,turkey,Pute,,0.7535145694427932,0.6622222222222225,,2,True
food,ALMOND,almond,,,0.5534563636729396,,,1,False
food,APPETIZER,appetizer,,,0.48664369196612256,,,1,False
food,APPLESAUCE,applesauce,,,0.6303824988144228,,,1,False
food,ARTICHOKE,artichoke,,,0.3245499786515684,,,1,False
food,ARUGULA,arugula,,,0.21845365596374708,,,1,False
food,ASPARAGUS,asparagus,,,0.5118845038438593,,,1,False
food,BACON,bacon,,,0.875743053106413,,,1,False
food,BAGEL,bagel,,,0.7126849107677926,,,1,False
food,BAKLAVA,baklava,,,0.16666846065250854,,,1,False
food,BANANA SPLIT,banana split,,,0.415253902816199,,,1,False
food,BASIL,basil,,,0.139268316894443,,,1,False
food,BATTER,batter,,,0.23216973868416416,,,1,False
food,BEET,beet,,,0.30976278017141595,,,1,False
food,BELL PEPPER,bell pepper,,,0.5477069660680522,,,1,False
food,BERRY,berry,,,0.5705481878719992,,,1,False
food,BIRTHDAY CAKE,birthday cake,,,0.5500779187850648,,,1,False
food,BISCUIT,biscuit,,,0.746356573048043,,,1,False
food,BLACKBERRY,blackberry,,,0.44211414226376067,,,1,False
food,BOK CHOY,bok choy,,,0.20859325741837598,,,1,False
food,BOLOGNA,bologna,,,0.60407590769176,,,1,False
food,BREAD,bread,,,0.8994376343654623,,,1,False
food,BREADSTICK,breadstick,,,0.6348501646715915,,,1,False
food,BREAKFAST,breakfast,,,0.6166499614926215,,,1,False
food,BROCCOLI,broccoli,,,0.6940673945131458,,,1,False
food,BROWNIE,brownie,,,0.6477138568136706,,,1,False
food,BRUSSELS SPROUTS,brussels sprouts,,,0.4848565668453078,,,1,False
food,BUFFET,buffet,,,0.33309084953272966,,,1,False
food,BUN,bun,,,0.5715292054915103,,,1,False
food,BURRITO,burrito,,,0.8235897625153084,,,1,False
food,BUTTER,butter,,,0.49138919217336285,,,1,False
food,CABBAGE,cabbage,,,0.5570099326490401,,,1,False
food,CAKE,cake,,,0.752953485691091,,,1,False
food,CAKE MIX,cake mix,,,0.26595997818670924,,,1,False
food,CALAMARI,calamari,,,0.30531687521970857,,,1,False
food,CALZONE,calzone,,,0.5175553868814582,,,1,False
food,CANDY,candy,,,0.4249562154928591,,,1,False
food,CANDY BAR,candy bar,,,0.5078052524950648,,,1,False
food,CANDY CANE,candy cane,,,0.24910839599002715,,,1,False
food,CANTALOUPE,cantaloupe,,,0.4882060908422368,,,1,False
food,CARAMEL,caramel,,,0.2975408000838678,,,1,False
food,CASHEW,cashew,,,0.45447543979145694,,,1,False
food,CASSEROLE,casserole,,,0.6904414067810986,,,1,False
food,CATFISH,catfish,,,0.40151749122395924,,,1,False
food,CAVIAR,caviar,,,0.2654403329497704,,,1,False
food,CEREAL,cereal,,,0.8146688820617541,,,1,False
food,CHEESE,cheese,,,0.8580024326448017,,,1,False
food,CHEESEBURGER,cheeseburger,,,0.9437588700368159,,,1,False
food,CHEESECAKE,cheesecake,,,0.6259515599902885,,,1,False
food,CHICKPEA,chickpea,,,0.373080013834349,,,1,False
food,CHILI,chili,,,0.6889403962157263,,,1,False
food,CHIPS,chips,,,0.7272193950014021,,,1,False
food,CHIVE,chive,,,0.19648222208957597,,,1,False
food,CHOCOLATE,chocolate,,,0.6597135762071233,,,1,False
food,CILANTRO,cilantro,,,0.2178772180438593,,,1,False
food,CINNAMON,cinnamon,,,0.20412677630420858,,,1,False
food,CLAM,clam,,,0.3165618489666152,,,1,False
food,CLOVE,clove,,,0.06686264965330223,,,1,False
food,COCONUT,coconut,,,0.4503386845937677,,,1,False
food,COFFEE BEAN,coffee bean,,,0.12683079047997284,,,1,False
food,COLESLAW,coleslaw,,,0.5805137040403932,,,1,False
food,COOKIE,cookie,,,0.7868307739678955,,,1,False
food,CORDON BLEU,cordon bleu,,,0.279395772217868,,,1,False
food,CORN,corn,,,0.7894075899952997,,,1,False
food,CORNBREAD,cornbread,,,0.6320332407292961,,,1,False
food,CORNMEAL,cornmeal,,,0.31337872328570404,,,1,False
food,COTTON CANDY,cotton candy,,,0.33887885287843783,,,1,False
food,CRAB,crab,,,0.4903940469530385,,,1,False
food,CRACKER,cracker,,,0.6608244702278263,,,1,False
food,CRAYFISH,crayfish,,,0.224356649377323,,,1,False
food,CREAM CHEESE,cream cheese,,,0.5016246294542863,,,1,False
food,CREME BRULEE,creme brulee,,,0.2332654947313661,,,1,False
food,CREPE,crepe,,,0.42050887033275935,,,1,False
food,CROISSANT,croissant,,,0.5633971295319228,,,1,False
food,CROUTON,crouton,,,0.3178299898879669,,,1,False
food,CRUMB,crumb,,,0.14763584607741484,,,1,False
food,CUPCAKE,cupcake,,,0.6763484883972646,,,1,False
food,CURRY,curry,,,0.41268935734130613,,,1,False
food,DESSERT,dessert,,,0.5633349305243646,,,1,False
food,DIP,dip,,,0.2942294433957781,,,1,False
food,DONUT,donut,,,0.717080127994641,,,1,False
food,DOUGH,dough,,,0.2567610895450957,,,1,False
food,DUMPLING,dumpling,,,0.5019895302986269,,,1,False
food,EASTER EGG,easter egg,,,0.1311500249640029,,,1,False
food,ECLAIR,eclair,,,0.3198258159346606,,,1,False
food,EEL,eel,,,0.08559523657541614,,,1,False
food,EGG,egg,,,0.8659390260092067,,,1,False
food,EGG ROLL,egg roll,,,0.6051029473846821,,,1,False
food,EGGPLANT,eggplant,,,0.408884619906109,,,1,False
food,ENCHILADA,enchilada,,,0.5938895501665273,,,1,False
food,FAST FOOD,fast food,,,0.7737364019481778,,,1,False
food,FISH,fish,,,0.7856052151255933,,,1,False
food,FLAN,flan,,,0.2517099814118034,,,1,False
food,FLOUR,flour,,,0.23263754774540343,,,1,False
food,FONDUE,fondue,,,0.2516260850760275,,,1,False
food,FRENCH FRIES,french fries,,,0.8689581460903568,,,1,False
food,FRUIT,fruit,,,0.8039580111633758,,,1,False
food,FRUITCAKE,fruitcake,,,0.29099229207419675,,,1,False
food,FUDGE,fudge,,,0.39378566424353767,,,1,False
food,GARLIC,garlic,,,0.3504184991287838,,,1,False
food,GINGERBREAD MAN,gingerbread man,,,0.23654394982165394,,,1,False
food,GOAT,goat,,,0.14570667579720029,,,1,False
food,GRAIN,grain,,,0.3521511506103534,,,1,False
food,GRANOLA,granola,,,0.5525880919159551,,,1,False
food,GRAPEFRUIT,grapefruit,,,0.5182154545102997,,,1,False
food,GRAVY,gravy,,,0.44063698833558457,,,1,False
food,GREEN BEANS,green beans,,,0.7199337345975734,,,1,False
food,GRITS,grits,,,0.45890516632042744,,,1,False
food,GUACAMOLE,guacamole,,,0.5474445650220382,,,1,False
food,GUM,gum,,,0.10783176061965206,,,1,False
food,GUMBALL,gumball,,,0.1266353500055824,,,1,False
food,GUMDROP,gumdrop,,,0.15521066146921222,,,1,False
food,GYRO,gyro,,,0.4428258343094247,,,1,False
food,HAM,ham,,,0.77099385353873,,,1,False
food,HAMBURGER,hamburger,,,0.9263865884972735,,,1,False
food,HASH,hash,,,0.3067464631569128,,,1,False
food,HONEY,honey,,,0.3522261409054533,,,1,False
food,HOTDOG,hotdog,,,0.8680725188491006,,,1,False
food,HUMMUS,hummus,,,0.421279834815099,,,1,False
food,ICE CREAM,ice cream,,,0.6379751034260652,,,1,False
food,ICE-CREAM CONE,ice-cream cone,,,0.5443701569341697,,,1,False
food,JALAPENO,jalapeno,,,0.36061651746272,,,1,False
food,JAM,jam,,,0.3318432365987948,,,1,False
food,JELLY BEAN,jelly bean,,,0.2980535877610853,,,1,False
food,KALE,kale,,,0.3885536350161939,,,1,False
food,KEBAB,kebab,,,0.4560120239117279,,,1,False
food,KETCHUP,ketchup,,,0.31806798794697394,,,1,False
food,KIWI,kiwi,,,0.42611416901709054,,,1,False
food,LAMB,lamb,,,0.4768877466344616,,,1,False
food,LAMB CHOP,lamb chop,,,0.6137346554758663,,,1,False
food,LASAGNA,lasagna,,,0.8275947616823817,,,1,False
food,LEEK,leek,,,0.2607062939344996,,,1,False
food,LETTUCE,lettuce,,,0.6383546344688611,,,1,False
food,LICORICE,licorice,,,0.24142668768383663,,,1,False
food,LIME,lime,,,0.3433573376524627,,,1,False
food,LIME (FRUIT),,Limette,,,0.5144444444444447,,1,False
food,LOBSTER,lobster,,,0.5789109610219296,,,1,False
food,LOLLIPOP,lollipop,,,0.31901595946890493,,,1,False
food,MACADAMIA,macadamia,,,0.21470229356949905,,,1,False
food,MACARONI,macaroni,,,0.8242143520819425,,,1,False
food,MAPLE SYRUP,maple syrup,,,0.28614199275589886,,,1,False
food,MARMALADE,marmalade,,,0.19210163484298873,,,1,False
food,MARSHMALLOW,marshmallow,,,0.43125089518862475,,,1,False
food,MASHED POTATO,mashed potato,,,0.8264683811070419,,,1,False
food,MEAT,meat,,,0.8586380472648947,,,1,False
food,MEATBALL,meatball,,,0.8041429571080376,,,1,False
food,MEATLOAF,meatloaf,,,0.7510604209070202,,,1,False
food,MINT,mint,,,0.17999059951418858,,,1,False
food,MOUSSE,mousse,,,0.2432084860531735,,,1,False
food,MUFFIN,muffin,,,0.7219958420088148,,,1,False
food,MULBERRY,mulberry,,,0.1770834224576299,,,1,False
food,MUSHROOM,mushroom,,,0.5507670129212021,,,1,False
food,MUSSEL,mussel,,,0.300810264791907,,,1,False
food,MUSTARD,mustard,,,0.315525198840648,,,1,False
food,NACHO,nacho,,,0.6188082106513159,,,1,False
food,NOODLE,noodle,,,0.6945947429094517,,,1,False
food,NUT,nut,,,0.5595017986975189,,,1,False
food,OATMEAL,oatmeal,,,0.7590870547395094,,,1,False
food,OCTOPUS,octopus,,,0.10000169935801721,,,1,False
food,OKRA,okra,,,0.2546665210151895,,,1,False
food,OMELET,omelet,,,0.8269229998060386,,,1,False
food,ORANGE,orange,,,0.7073331363935543,,,1,False
food,ORANGE (FRUIT),,Orange,,,0.9155555555555556,,1,False
food,OYSTER,oyster,,,0.4109076731166437,,,1,False
food,PANCAKE,pancake,,,0.8265467768928366,,,1,False
food,PARFAIT,parfait,,,0.36726752528939627,,,1,False
food,PARSLEY,parsley,,,0.20213923215904026,,,1,False
food,PASTA,pasta,,,0.9271522400934684,,,1,False
food,PASTRY,pastry,,,0.6137919759537257,,,1,False
food,PATTY,patty,,,0.4769503818845976,,,1,False
food,PEANUT,peanut,,,0.5389410721316041,,,1,False
food,PEANUT BUTTER,peanut butter,,,0.7182205714738383,,,1,False
food,PECAN,pecan,,,0.38149761285720285,,,1,False
food,PEPPER,,Paprika,,,0.8627777777777779,,1,False
food,PEPPER (SEASONING),pepper (seasoning),,,0.21555066069236753,,,1,False
food,PEPPER (VEGETABLE),pepper (vegetable),,,0.5346043455833556,,,1,False
food,PEPPERMINT,peppermint,,,0.12249079044553887,,,1,False
food,PEPPERONI,pepperoni,,,0.6577149192014982,,,1,False
food,PESTO,pesto,,,0.2779925405656284,,,1,False
food,PICKLE,pickle,,,0.5055342813579342,,,1,False
food,PIE,pie,,,0.6572923467951406,,,1,False
food,PIECRUST,piecrust,,,0.2557433273879459,,,1,False
food,PIG,pig,,,0.1520411345099711,,,1,False
food,PISTACHIO,pistachio,,,0.34330750033149293,,,1,False
food,PITA,pita,,,0.46864249935574787,,,1,False
food,PIZZA,pizza,,,0.934098806231756,,,1,False
food,PLUM,plum,,,0.4519325144721912,,,1,False
food,POPCORN,popcorn,,,0.606562717286105,,,1,False
food,POPPY,poppy,,,0.028993175371906422,,,1,False
food,POPSICLE,popsicle,,,0.3980491613867159,,,1,False
food,POTPIE,potpie,,,0.6472212786412969,,,1,False
food,PRETZEL,pretzel,,,0.6521549158600707,,,1,False
food,PRUNE,prune,,,0.26989419493619005,,,1,False
food,PUDDING,pudding,,,0.5040051730578408,,,1,False
food,QUESADILLA,quesadilla,,,0.6218122936097598,,,1,False
food,QUICHE,quiche,,,0.3675343015369392,,,1,False
food,RABBIT,rabbit,,,0.05220199802183155,,,1,False
food,RAISIN,raisin,,,0.41757303724086287,,,1,False
food,RAVIOLI,ravioli,,,0.7110304345943217,,,1,False
food,READY MEAL,ready meal,,,0.46513454502023965,,,1,False
food,RHUBARB,rhubarb,,,0.20053237057500195,,,1,False
food,RICE,rice,,,0.871990200725246,,,1,False
food,ROLL,roll,,,0.6238729283948491,,,1,False
food,SAFFRON,saffron,,,0.05713844906335991,,,1,False
food,SALAD,salad,,,0.8519798871424725,,,1,False
food,SALAMI,salami,,,0.6214690986216878,,,1,False
food,SANDWICH,sandwich,,,0.9302697983107515,,,1,False
food,SARDINE,sardine,,,0.2532727333667102,,,1,False
food,SAUCE,sauce,,,0.27119843436862257,,,1,False
food,SAUERKRAUT,sauerkraut,,,0.2627205523236867,,,1,False
food,SAUSAGE,sausage,,,0.7832771648882425,,,1,False
food,SCALLION,scallion,,,0.2554882775688663,,,1,False
food,SCALLOP,scallop,,,0.38560314670760654,,,1,False
food,SCONE,scone,,,0.4051497524405066,,,1,False
food,SCRAMBLED EGG,scrambled egg,,,0.8286316381533974,,,1,False
food,SEAFOOD,seafood,,,0.6979295127144792,,,1,False
food,SEAWEED,seaweed,,,0.11385232147747877,,,1,False
food,SHORTBREAD,shortbread,,,0.42693546880709826,,,1,False
food,SHRIMP,shrimp,,,0.5860383581117146,,,1,False
food,SNACK,snack,,,0.630418041104456,,,1,False
food,SORBET,sorbet,,,0.2637172987430783,,,1,False
food,SOUFFLE,souffle,,,0.3345521714384009,,,1,False
food,SOUP,soup,,,0.7975155715885043,,,1,False
food,SOY SAUCE,soy sauce,,,0.1574825887029655,,,1,False
food,SPAGHETTI,spaghetti,,,0.9056219928312325,,,1,False
food,SPAM,spam,,,0.28505597833821894,,,1,False
food,SPARERIBS,spareribs,,,0.5323600577155481,,,1,False
food,SPINACH,spinach,,,0.6293873146934941,,,1,False
food,SPRING ROLL,spring roll,,,0.5238332094139293,,,1,False
food,SPROUTS,sprouts,,,0.2933705047199767,,,1,False
food,SQUASH,squash,,,0.4506903145806087,,,1,False
food,SQUID,squid,,,0.17343368933361286,,,1,False
food,STAR FRUIT,star fruit,,,0.21277218080194915,,,1,False
food,STEAK,steak,,,0.9022821196546278,,,1,False
food,STEW,stew,,,0.6710428786123606,,,1,False
food,STIR FRY,stir fry,,,0.6027156781826826,,,1,False
food,STRING CHEESE,string cheese,,,0.5910774650097496,,,1,False
food,STUFFING,stuffing,,,0.5406226831835621,,,1,False
food,SUGAR CUBE,sugar cube,,,0.11169898219256268,,,1,False
food,SUNDAE,sundae,,,0.4538466782420152,,,1,False
food,SUSHI,sushi,,,0.6165032345564728,,,1,False
food,SWEET POTATO,sweet potato,,,0.6391792155976305,,,1,False
food,SWORDFISH,swordfish,,,0.2646801057682611,,,1,False
food,SYRUP,syrup,,,0.20266658055534614,,,1,False
food,TACO,taco,,,0.8219501706523994,,,1,False
food,TAFFY,taffy,,,0.18816449965693138,,,1,False
food,TAMALE,tamale,,,0.5600832341088305,,,1,False
food,TIRAMISU,tiramisu,,,0.23436141769241875,,,1,False
food,TOAST,toast,,,0.7849721850894028,,,1,False
food,TOMATO SAUCE,tomato sauce,,,0.40561661087370693,,,1,False
food,TORTELLINI,tortellini,,,0.4789012586930846,,,1,False
food,TORTILLA,tortilla,,,0.5989182335725948,,,1,False
food,TOSTADA,tostada,,,0.42427275891211397,,,1,False
food,VEGETABLE,vegetable,,,0.7681031400655023,,,1,False
food,WAFER,wafer,,,0.26811770765141474,,,1,False
food,WAFFLE,waffle,,,0.7160609827793082,,,1,False
food,WALNUT,walnut,,,0.44303197959161705,,,1,False
food,WATERMELON,watermelon,,,0.6232029562277239,,,1,False
food,WEDDING CAKE,wedding cake,,,0.2967122282418315,,,1,False
food,WHEAT,wheat,,,0.32317567677028614,,,1,False
food,WHIPPED CREAM,whipped cream,,,0.30342008722685343,,,1,False
food,WRAP,wrap,,,0.578161320376666,,,1,False
food,YOGURT,yogurt,,,0.656440987682332,,,1,False
food,YOLK,yolk,,,0.2696147150578116,,,1,False
food,ZUCCHINI,zucchini,,,0.5050129944374478,,,1,False
footwear,BOOT,boot,,,0.8708521552347908,,,1,False
footwear,FLIP-FLOP,flip-flop,,,0.7404112738170842,,,1,False
footwear,FLIPPER,flipper,,,0.07694086344937223,,,1,False
footwear,ICESKATE,iceskate,,,0.20640437962806454,,,1,False
footwear,MOCCASIN,moccasin,,,0.3879937342497456,,,1,False
footwear,ROLLERBLADE,rollerblade,,,0.2562886063114954,,,1,False
footwear,ROLLERSKATE,rollerskate,,,0.2500026909787628,,,1,False
footwear,SANDAL,sandal,,,0.814918068666602,,,1,False
footwear,SHOE,shoe,,,0.9835206571137977,,,1,False
footwear,SKI BOOTS,ski boots,,,0.3117632448978046,,,1,False
footwear,SLIPPER,slipper,,,0.7089078572991903,,,1,False
footwear,SNOWSHOE,snowshoe,,,0.24932175993887742,,,1,False
footwear,SOCK,sock,,,0.6345773253275132,,,1,False
footwear,STILETTO,stiletto,,,0.49297187272179427,,,1,False
footwear,STOCKINGS,stockings,,,0.3126187211851454,,,1,False
fruit,APPLE,apple,,,0.9723467186534894,,,1,False
fruit,AVOCADO,avocado,,,0.15196410609253305,,,1,False
fruit,BANANA,banana,,,0.8591071599262936,,,1,False
fruit,BERRY,berry,,,0.475299639969724,,,1,False
fruit,BLACKBERRY,blackberry,,,0.4613863787386989,,,1,False
fruit,BLUEBERRY,blueberry,,,0.6803223781685186,,,1,False
fruit,CANTALOUPE,cantaloupe,,,0.4795803255050123,,,1,False
fruit,CHERRY,cherry,,,0.6337621756822429,,,1,False
fruit,COCONUT,coconut,,,0.21191482380350468,,,1,False
fruit,CRANBERRY,cranberry,,,0.29471426655945276,,,1,False
fruit,FIG,fig,,,0.12735651343898122,,,1,False
fruit,FRUIT,fruit,,,0.6048426182893736,,,1,False
fruit,GRAPE,grape,,,0.7592897256630131,,,1,False
fruit,GRAPEFRUIT,grapefruit,,,0.4961659260766932,,,1,False
fruit,KIWI,kiwi,,,0.43961784312025176,,,1,False
fruit,LEMON,lemon,,,0.5328696303232143,,,1,False
fruit,LIME,lime,,,0.42542474725377705,,,1,False
fruit,MANGO,mango,,,0.5937852609578316,,,1,False
fruit,MELON,melon,,,0.5045090837476444,,,1,False
fruit,MULBERRY,mulberry,,,0.1100729913039526,,,1,False
fruit,ORANGE,orange,,,0.9205731891221056,,,1,False
fruit,PAPAYA,papaya,,,0.3146967249848749,,,1,False
fruit,PEACH,peach,,,0.6805321190079585,,,1,False
fruit,PEAR,pear,,,0.5552979769567868,,,1,False
fruit,PINEAPPLE,pineapple,,,0.685021090850588,,,1,False
fruit,PLUM,plum,,,0.4532652428307034,,,1,False
fruit,POMEGRANATE,pomegranate,,,0.3273844762817132,,,1,False
fruit,PRUNE,prune,,,0.16527533522152252,,,1,False
fruit,RAISIN,raisin,,,0.20598501680527168,,,1,False
fruit,RASPBERRY,raspberry,,,0.5060437208484097,,,1,False
fruit,STAR FRUIT,star fruit,,,0.18638638903861773,,,1,False
fruit,STRAWBERRY,strawberry,,,0.7945878787676331,,,1,False
fruit,TOMATO,tomato,,,0.18823641080188228,,,1,False
fruit,WATERMELON,watermelon,,,0.6612521120366297,,,1,False
furniture,BED,bed,Bett,Cama,0.8503333648994214,0.9577777777777778,0.9859154929577465,3,True
furniture,BENCH,bench,Bank,Banco,0.5005428189633846,0.5111111111111115,0.6338028169014084,3,True
furniture,CHAIR,chair,Stuhl,Silla,0.8725748266627238,0.9683333333333333,0.9647887323943662,3,True
furniture,ROCKING CHAIR,rocking chair,Schaukelstuhl,Mecedora,0.5754459658531648,0.6305555555555556,0.676056338028169,3,True
furniture,SHELF,shelf,Regal,Estante,0.46433211459207513,0.8000000000000005,0.7394366197183099,3,True
furniture,STOOL,stool,Hocker,Banqueta,0.5187305632154321,0.7466666666666667,0.6338028169014084,3,True
furniture,TABLE,table,Tisch,Escritor,0.9036423436927189,0.9050000000000001,0.8028169014084507,3,True
furniture,HAMMOCK,hammock,,Hamaca,0.19731606817484829,,0.3732394366197183,2,True
furniture,AIR MATTRESS,air mattress,,,0.2565220355280955,,,1,False
furniture,BASSINET,bassinet,,,0.28440558198277494,,,1,False
furniture,BEANBAG,beanbag,,,0.2494357914527338,,,1,False
furniture,BOOKSHELF,bookshelf,,,0.6639147192614402,,,1,False
furniture,BUNKBED,bunkbed,,,0.5261592465988448,,,1,False
furniture,CABINET,cabinet,,,0.5604714799051478,,,1,False
furniture,CHEST,chest,,,0.4575995795332092,,,1,False
furniture,CLOSET,closet,,,0.16911350291721056,,,1,False
furniture,COAT RACK,coat rack,,,0.33060092749322484,,,1,False
furniture,COFFEE TABLE,coffee table,,,0.7959798866981628,,,1,False
furniture,COT,cot,,,0.2784249717610319,,,1,False
furniture,COUCH,couch,,,0.9155063948235319,,,1,False
furniture,COUNTER,counter,,,0.2739699431625419,,,1,False
furniture,CRIB,crib,,,0.44651927061537083,,,1,False
furniture,DESK,desk,,,0.7740485679528877,,,1,False
furniture,DRESSER,dresser,,,0.7494379885814616,,,1,False
furniture,FILING CABINET,filing cabinet,,,0.3346911812838639,,,1,False
furniture,FOOTREST,footrest,,,0.3928169757920415,,,1,False
furniture,HIGHCHAIR,highchair,,,0.39476081075457803,,,1,False
furniture,LECTERN,lectern,,,0.054363750961277386,,,1,False
furniture,LOVESEAT,loveseat,,,0.7612598864226906,,,1,False
furniture,MATTRESS,mattress,,,0.5213762481557924,,,1,False
furniture,NIGHTSTAND,nightstand,,,0.6838719921845633,,,1,False
furniture,OTTOMAN,ottoman,,,0.5322781621178874,,,1,False
furniture,RACK (DISPLAY),rack (display),,,0.25007999545958487,,,1,False
furniture,RACK (FRAME),rack (frame),,,0.15061489680177984,,,1,False
furniture,RECLINER,recliner,,,0.7512790250994822,,,1,False
furniture,SOFA BED,sofa bed,,,0.6721433732222764,,,1,False
furniture,STEP STOOL,step stool,,,0.2693913063776031,,,1,False
furniture,THRONE,throne,,,0.07185136548235685,,,1,False
furniture,WORKBENCH,workbench,,,0.19199553065362493,,,1,False
game,COMPUTER,computer,,Ordenador,0.48205706301306606,,0.3661971830985915,2,True
game,BACKGAMMON,backgammon,,,0.3642988640231325,,,1,False
game,BOARD GAME,board game,,,0.7976276331227194,,,1,False
game,CHECKERS,checkers,,,0.7946544260340782,,,1,False
game,CHESSBOARD,chessboard,,,0.5572364659261745,,,1,False
game,DICE,dice,,,0.4177734562652165,,,1,False
game,DOMINO,domino,,,0.4229475392408774,,,1,False
game,GAME,game,,,0.6645007277602565,,,1,False
game,HOPSCOTCH,hopscotch,,,0.3219674363663255,,,1,False
game,JIGSAW PUZZLE,jigsaw puzzle,,,0.3371931564530045,,,1,False
game,JUMP ROPE,jump rope,,,0.1625274876778948,,,1,False
game,PINBALL,pinball,,,0.4209228980764884,,,1,False
game,PLAYING CARD,playing card,,,0.6261336963841935,,,1,False
game,SCRABBLE,scrabble,,,0.6949812532802383,,,1,False
game,SHUFFLEBOARD,shuffleboard,,,0.2962408820669587,,,1,False
game,SLOT MACHINE,slot machine,,,0.3277942831679991,,,1,False
game,TICKTACKTOE,ticktacktoe,,,0.5621228726151781,,,1,False
game,VIDEOGAME,videogame,,,0.7987514280654944,,,1,False
game,YO-YO,yo-yo,,,0.10863684583801259,,,1,False
garden tool,AXE,axe,,,0.311616759232164,,,1,False
garden tool,CHAINSAW,chainsaw,,,0.24423921246413507,,,1,False
garden tool,CLIPPER,clipper,,,0.6589272540318255,,,1,False
garden tool,HATCHET,hatchet,,,0.25609848990520034,,,1,False
garden tool,HOE,hoe,,,0.7034606922882164,,,1,False
garden tool,HOSE,hose,,,0.6964424373841493,,,1,False
garden tool,LAWNMOWER,lawnmower,,,0.7489057683023432,,,1,False
garden tool,PICKAX,pickax,,,0.20389897082932218,,,1,False
garden tool,PITCHFORK,pitchfork,,,0.3974280621644001,,,1,False
garden tool,RAKE,rake,,,0.7620074462372342,,,1,False
garden tool,SAW,saw,,,0.23456246597587557,,,1,False
garden tool,SCISSORS,scissors,,,0.28664246638908386,,,1,False
garden tool,SHEARS,shears,,,0.5345604848850168,,,1,False
garden tool,SHOVEL,shovel,,,0.7737955592279184,,,1,False
garden tool,SICKLE,sickle,,,0.21188648493471804,,,1,False
garden tool,TROWEL,trowel,,,0.519602966735247,,,1,False
garden tool,WATERING CAN,watering can,,,0.7453415219598307,,,1,False
hardware,AXE,axe,,,0.5571861865890544,,,1,False
hardware,BLOWTORCH,blowtorch,,,0.3494744488240544,,,1,False
hardware,BOLT,bolt,,,0.7888658860037611,,,1,False
hardware,BRACKET,bracket,,,0.5746047983223799,,,1,False
hardware,BUTTON,button,,,0.2828621232618793,,,1,False
hardware,CABLE,cable,,,0.5006556490609118,,,1,False
hardware,CAN OPENER,can opener,,,0.26222518136224227,,,1,False
hardware,CHAIN,chain,,,0.5460457220357331,,,1,False
hardware,CHAINSAW,chainsaw,,,0.5695830676550278,,,1,False
hardware,CHARGER,charger,,,0.29040103101220605,,,1,False
hardware,CHICKEN WIRE,chicken wire,,,0.23708071648839715,,,1,False
hardware,CHISEL,chisel,,,0.5255795818933815,,,1,False
hardware,CLASP,clasp,,,0.43529546841286904,,,1,False
hardware,CLEAVER,cleaver,,,0.2289915700399085,,,1,False
hardware,CLIPPER,clipper,,,0.46713379883460504,,,1,False
hardware,COIL,coil,,,0.31949679189602426,,,1,False
hardware,COMBINATION LOCK,combination lock,,,0.44616342459253866,,,1,False
hardware,CORD,cord,,,0.45236005361082054,,,1,False
hardware,CORKSCREW,corkscrew,,,0.2568009860885225,,,1,False
hardware,CRANK,crank,,,0.34185018832521025,,,1,False
hardware,CROWBAR,crowbar,,,0.6210256914495126,,,1,False
hardware,DOORHANDLE,doorhandle,,,0.6186628517984878,,,1,False
hardware,DOORKNOB,doorknob,,,0.5823632853222855,,,1,False
hardware,DOORKNOCKER,doorknocker,,,0.41570882218893823,,,1,False
hardware,DRILL,drill,,,0.8092490734063127,,,1,False
hardware,DUCT,duct,,,0.3424573342678944,,,1,False
hardware,FAUCET,faucet,,,0.5119102720041333,,,1,False
hardware,FILE,file,,,0.5162806718385192,,,1,False
hardware,GEAR,gear,,,0.4936661113752843,,,1,False
hardware,HAMMER,hammer,,,0.8093169075376325,,,1,False
hardware,HANDLE,handle,,,0.5565269078896428,,,1,False
hardware,HINGE,hinge,,,0.6730870261994364,,,1,False
hardware,HOOK (DOOR CATCH),hook (door catch),,,0.4726093461670401,,,1,False
hardware,HOOK (HANGING),hook (hanging),,,0.5603286451590597,,,1,False
hardware,HOSE,hose,,,0.38954794154971417,,,1,False
hardware,JACKHAMMER,jackhammer,,,0.4411843070623375,,,1,False
hardware,KEY,key,,,0.457147140823978,,,1,False
hardware,KNOB,knob,,,0.5004074851097089,,,1,False
hardware,LADDER,ladder,,,0.618129225445083,,,1,False
hardware,LATCH,latch,,,0.5443535984084601,,,1,False
hardware,LIGHT SWITCH,light switch,,,0.46012192627873344,,,1,False
hardware,LIGHTBULB,lightbulb,,,0.3566392913286388,,,1,False
hardware,LOCK,lock,,,0.6336002043890917,,,1,False
hardware,MALLET,mallet,,,0.4932181618079813,,,1,False
hardware,NAIL,nail,,,0.7911622790044368,,,1,False
hardware,PADLOCK,padlock,,,0.5035871562356175,,,1,False
hardware,PEG,peg,,,0.3986644011824063,,,1,False
hardware,PICKAX,pickax,,,0.37784536421306025,,,1,False
hardware,PIPE,pipe,,,0.5589907218569877,,,1,False
hardware,PLIERS,pliers,,,0.7356767283249743,,,1,False
hardware,PLUG,plug,,,0.45286673091957974,,,1,False
hardware,PLUNGER,plunger,,,0.41283420971729495,,,1,False
hardware,RAKE,rake,,,0.4784273614926422,,,1,False
hardware,RATCHET,ratchet,,,0.5079058150640977,,,1,False
hardware,SAW,saw,,,0.7621832290360029,,,1,False
hardware,SAWHORSE,sawhorse,,,0.28929392385864505,,,1,False
hardware,SCRAPER,scraper,,,0.4127973382034068,,,1,False
hardware,SCREW,screw,,,0.816763788053673,,,1,False
hardware,SCREWDRIVER,screwdriver,,,0.8263015932856571,,,1,False
hardware,SHEARS,shears,,,0.5344247943195232,,,1,False
hardware,SHOVEL,shovel,,,0.595440382247918,,,1,False
hardware,SLEDGEHAMMER,sledgehammer,,,0.5237107331906831,,,1,False
hardware,SOLDERING IRON,soldering iron,,,0.3192859116241568,,,1,False
hardware,SPARK PLUG,spark plug,,,0.37751751870403155,,,1,False
hardware,STAPLE GUN,staple gun,,,0.4811386891949283,,,1,False
hardware,STRAINER,strainer,,,0.16016822507596318,,,1,False
hardware,SWITCH,switch,,,0.5328792555835814,,,1,False
hardware,TACK,tack,,,0.3583341260811309,,,1,False
hardware,TANK,tank,,,0.1984592298561435,,,1,False
hardware,THERMOMETER,thermometer,,,0.20468222331456018,,,1,False
hardware,TOOL,tool,,,0.8378608259553028,,,1,False
hardware,TROWEL,trowel,,,0.29758445786345855,,,1,False
hardware,TWEEZERS,tweezers,,,0.2669586340819999,,,1,False
hardware,VALVE,valve,,,0.48282996950588064,,,1,False
hardware,VISE,vise,,,0.40781637484650296,,,1,False
hardware,WEDGE,wedge,,,0.3345232110539294,,,1,False
hardware,WIRE,wire,,,0.5332381383187587,,,1,False
hardware,WIRE CUTTERS,wire cutters,,,0.5811215054081268,,,1,False
hardware,WRENCH,wrench,,,0.7190360277584735,,,1,False
headwear,BANDANNA,bandanna,,,0.5895934469285168,,,1,False
headwear,BEANIE,beanie,,,0.7138559803226773,,,1,False
headwear,BONNET,bonnet,,,0.33368335990425685,,,1,False
headwear,BOWLER HAT,bowler hat,,,0.34239965291707425,,,1,False
headwear,CROWN,crown,,,0.4010096552318008,,,1,False
headwear,FOOTBALL HELMET,football helmet,,,0.482148046887614,,,1,False
headwear,HAIRNET,hairnet,,,0.2555772029847139,,,1,False
headwear,HAT,hat,,,0.9748662721025068,,,1,False
headwear,HEADBAND,headband,,,0.7451894269650422,,,1,False
headwear,HEADDRESS,headdress,,,0.2240086803587887,,,1,False
headwear,HEADSCARF,headscarf,,,0.5132588057251415,,,1,False
headwear,HELMET,helmet,,,0.6959358622624102,,,1,False
headwear,HOOD,hood,,,0.6658649737741147,,,1,False
headwear,SOMBRERO,sombrero,,,0.4096379880358748,,,1,False
headwear,TIARA,tiara,,,0.31680235179583954,,,1,False
headwear,TOP HAT,top hat,,,0.5136070877087541,,,1,False
headwear,TURBAN,turban,,,0.3380353158616507,,,1,False
headwear,VEIL,veil,,,0.22534256159650382,,,1,False
headwear,WIG,wig,,,0.4674239808196731,,,1,False
home appliance,TELEVISION,television,,Televisión,0.574865441782623,,0.47183098591549294,2,True
home appliance,AIR CONDITIONER,air conditioner,,,0.5919375884285522,,,1,False
home appliance,BLENDER,blender,,,0.6466118982722322,,,1,False
home appliance,BLOWER,blower,,,0.11697246615562262,,,1,False
home appliance,COFFEEMAKER,coffeemaker,,,0.7436733003256626,,,1,False
home appliance,COOKER,cooker,,,0.5373949825151616,,,1,False
home appliance,COOLER,cooler,,,0.19573039811922746,,,1,False
home appliance,CURLING IRON,curling iron,,,0.2349465065080529,,,1,False
home appliance,DISHWASHER,dishwasher,,,0.7437624040202109,,,1,False
home appliance,DRYER,dryer,,,0.6254302730698023,,,1,False
home appliance,FAN,fan,,,0.46754133782333634,,,1,False
home appliance,FLATIRON,flatiron,,,0.14474720729359425,,,1,False
home appliance,FOOD PROCESSOR,food processor,,,0.4826767284680678,,,1,False
home appliance,FREEZER,freezer,,,0.7017466782290086,,,1,False
home appliance,HAIRDRYER,hairdryer,,,0.3450213504248358,,,1,False
home appliance,HEATER,heater,,,0.4304571173778841,,,1,False
home appliance,HOTPLATE,hotplate,,,0.2997731346610095,,,1,False
home appliance,ICEMAKER,icemaker,,,0.40536772815496247,,,1,False
home appliance,IRON,iron,,,0.4780177789122603,,,1,False
home appliance,JUICER,juicer,,,0.4156679305599279,,,1,False
home appliance,LAWNMOWER,lawnmower,,,0.2180358565943531,,,1,False
home appliance,MEAT GRINDER,meat grinder,,,0.2328208106632686,,,1,False
home appliance,MICROWAVE,microwave,,,0.8637586432167877,,,1,False
home appliance,MIXER,mixer,,,0.572871080025032,,,1,False
home appliance,OVEN,oven,,,0.8462865091068701,,,1,False
home appliance,REFRIGERATOR,refrigerator,,,0.902141493415613,,,1,False
home appliance,SEWING MACHINE,sewing machine,,,0.25166755108106614,,,1,False
home appliance,SODA FOUNTAIN,soda fountain,,,0.0496037085275323,,,1,False
home appliance,STOVE,stove,,,0.8713503396667557,,,1,False
home appliance,THERMOSTAT,thermostat,,,0.296859117187847,,,1,False
home appliance,TOASTER,toaster,,,0.7625287331577206,,,1,False
home appliance,TOASTER OVEN,toaster oven,,,0.6907040836300387,,,1,False
home appliance,VACUUM,vacuum,,,0.5982868631200763,,,1,False
home appliance,WAFFLE IRON,waffle iron,,,0.4577013796725634,,,1,False
home appliance,WASHING MACHINE,washing machine,,,0.788055752664,,,1,False
home appliance,WATER COOLER,water cooler,,,0.27144208349336274,,,1,False
home appliance,WATER HEATER,water heater,,,0.4099517248962811,,,1,False
home appliance,WINE COOLER,wine cooler,,,0.1408745322181917,,,1,False
home decor,CURTAIN,curtain,,Cortina,0.9043948220925346,,0.41549295774647893,2,True
home decor,LAMP,lamp,,Lámpara,0.9167366592961028,,0.4366197183098591,2,True
home decor,MIRROR,mirror,,Espejo,0.8207217297146838,,0.5704225352112675,2,True
home decor,RUG,rug,,Alfombra,0.867707752530417,,0.3661971830985915,2,True
home decor,ABACUS,abacus,,,0.05357200520973489,,,1,False
home decor,ALBUM,album,,,0.33124970032281953,,,1,False
home decor,AQUARIUM,aquarium,,,0.41940677143710864,,,1,False
home decor,BIRDBATH,birdbath,,,0.32307779771188083,,,1,False
home decor,BIRDCAGE,birdcage,,,0.2895911745464504,,,1,False
home decor,BIRDHOUSE,birdhouse,,,0.3390781684656827,,,1,False
home decor,BONSAI,bonsai,,,0.33500688436663245,,,1,False
home decor,CANDELABRA,candelabra,,,0.5179446784046943,,,1,False
home decor,CANDLE,candle,,,0.7478654365556522,,,1,False
home decor,CANDLESTICK,candlestick,,,0.7033419346799971,,,1,False
home decor,CENTERPIECE,centerpiece,,,0.7036827136057915,,,1,False
home decor,CHANDELIER,chandelier,,,0.7759357641801177,,,1,False
home decor,CHRISTMAS TREE,christmas tree,,,0.480509644960739,,,1,False
home decor,COASTER,coaster,,,0.4988940789184053,,,1,False
home decor,CORNUCOPIA,cornucopia,,,0.14079754586280505,,,1,False
home decor,CRYSTAL BALL,crystal ball,,,0.19354088086805113,,,1,False
home decor,CUCKOO CLOCK,cuckoo clock,,,0.40262287180366646,,,1,False
home decor,DOILY,doily,,,0.31604648576113425,,,1,False
home decor,DOORKNOCKER,doorknocker,,,0.4004801575924144,,,1,False
home decor,FIGURINE,figurine,,,0.5824989535849251,,,1,False
home decor,FRAME,frame,,,0.7573574349351234,,,1,False
home decor,GLOBE,globe,,,0.3879377441731008,,,1,False
home decor,GOURD,gourd,,,0.13180413980172861,,,1,False
home decor,HOURGLASS,hourglass,,,0.30330717056947276,,,1,False
home decor,LAMPSHADE,lampshade,,,0.7488258800222524,,,1,False
home decor,PILLOW,pillow,,,0.818609507440744,,,1,False
home decor,PINECONE,pinecone,,,0.21802440407867568,,,1,False
home decor,PINWHEEL,pinwheel,,,0.14680623701493348,,,1,False
home decor,PLACE MAT,place mat,,,0.5849062764778055,,,1,False
home decor,POSTER,poster,,,0.6214492275226964,,,1,False
home decor,POTPOURRI,potpourri,,,0.376908426217921,,,1,False
home decor,SCARECROW,scarecrow,,,0.07317260823606142,,,1,False
home decor,STAINED GLASS,stained glass,,,0.43417010194334854,,,1,False
home decor,STATUE,statue,,,0.5018116794669316,,,1,False
home decor,TAPESTRY,tapestry,,,0.5660365789726521,,,1,False
home decor,TERRARIUM,terrarium,,,0.2712409328605337,,,1,False
home decor,VASE,vase,,,0.8069625786513291,,,1,False
home decor,WALLPAPER,wallpaper,,,0.7900824703834293,,,1,False
home decor,WEATHER VANE,weather vane,,,0.1357724364839312,,,1,False
home decor,WIND CHIMES,wind chimes,,,0.4740389188848521,,,1,False
home decor,WREATH,wreath,,,0.5907193102314389,,,1,False
insect,ANT,ant,,,0.7738607999632937,,,1,False
insect,BEE,bee,,,0.7105570195567288,,,1,False
insect,BEETLE,beetle,,,0.46080362054712887,,,1,False
insect,BUG,bug,,,0.6652050574744136,,,1,False
insect,BUTTERFLY,butterfly,,,0.4946516847482298,,,1,False
insect,CATERPILLAR,caterpillar,,,0.34786317233826236,,,1,False
insect,COCKROACH,cockroach,,,0.48948487698535087,,,1,False
insect,DRAGONFLY,dragonfly,,,0.3287858009527958,,,1,False
insect,EARWIG,earwig,,,0.13889038387709043,,,1,False
insect,FLY,fly,,,0.7927756401205306,,,1,False
insect,GRASSHOPPER,grasshopper,,,0.4650600754601701,,,1,False
insect,LADYBUG,ladybug,,,0.4979639066980617,,,1,False
insect,LIGHTNING BUG,lightning bug,,,0.261796353903175,,,1,False
insect,MOSQUITO,mosquito,,,0.7686939534673192,,,1,False
insect,MOTH,moth,,,0.3737442597436353,,,1,False
insect,PRAYING MANTIS,praying mantis,,,0.16529911883963574,,,1,False
insect,WASP,wasp,,,0.43914466855599,,,1,False
jewelry,NECKLACE,necklace,,Collares,0.8801046840451587,,0.0704225352112676,2,True
jewelry,RING,ring,,Anillo,0.8575046672073128,,0.15492957746478878,2,True
jewelry,ANKLET,anklet,,,0.42975823459191487,,,1,False
jewelry,BARRETTE,barrette,,,0.19731252947618397,,,1,False
jewelry,BRACELET,bracelet,,,0.7581359372789879,,,1,False
jewelry,BROOCH,brooch,,,0.35336139127190014,,,1,False
jewelry,CROWN,crown,,,0.2528371886089074,,,1,False
jewelry,CUFFLINK,cufflink,,,0.26370993880116295,,,1,False
jewelry,EARRING,earring,,,0.8397250455164468,,,1,False
jewelry,HAIRPIN,hairpin,,,0.19942715469232372,,,1,False
jewelry,JEWELRY,jewelry,,,0.7149547855768323,,,1,False
jewelry,LOCKET,locket,,,0.46542451086976017,,,1,False
jewelry,POCKET WATCH,pocket watch,,,0.2074598773607941,,,1,False
jewelry,TIARA,tiara,,,0.2142811074300855,,,1,False
jewelry,WATCH,watch,,,0.571458065158832,,,1,False
kitchen appliance,OVEN,oven,,Horno,0.8063168344785768,,0.35915492957746475,2,True
kitchen appliance,BLENDER,blender,,,0.5654822772138682,,,1,False
kitchen appliance,BURNER,burner,,,0.2685603136984749,,,1,False
kitchen appliance,COFFEEMAKER,coffeemaker,,,0.6665475110677167,,,1,False
kitchen appliance,COOKER,cooker,,,0.38029509871108097,,,1,False
kitchen appliance,DISHWASHER,dishwasher,,,0.709726712170121,,,1,False
kitchen appliance,FOOD PROCESSOR,food processor,,,0.4069261927245334,,,1,False
kitchen appliance,FREEZER,freezer,,,0.5107259353974294,,,1,False
kitchen appliance,HOTPLATE,hotplate,,,0.1320221780809705,,,1,False
kitchen appliance,ICEMAKER,icemaker,,,0.2339536936374498,,,1,False
kitchen appliance,JUICER,juicer,,,0.29497116220523484,,,1,False
kitchen appliance,MICROWAVE,microwave,,,0.8284683500204646,,,1,False
kitchen appliance,MIXER,mixer,,,0.431511538648868,,,1,False
kitchen appliance,REFRIGERATOR,refrigerator,,,0.8700409819292534,,,1,False
kitchen appliance,SLICER,slicer,,,0.13690623553598916,,,1,False
kitchen appliance,STOVE,stove,,,0.7765022890204056,,,1,False
kitchen appliance,TOASTER,toaster,,,0.703427828547577,,,1,False
kitchen appliance,TOASTER OVEN,toaster oven,,,0.5735682859572268,,,1,False
kitchen appliance,WAFFLE IRON,waffle iron,,,0.25777448796932223,,,1,False
kitchen appliance,WATER FILTER,water filter,,,0.12355832851403492,,,1,False
kitchen tool,BOTTLE OPENER,bottle opener,,,0.5198726335288125,,,1,False
kitchen tool,CAN OPENER,can opener,,,0.7524646375490804,,,1,False
kitchen tool,CLEAVER,cleaver,,,0.3221613570531319,,,1,False
kitchen tool,CORKSCREW,corkscrew,,,0.2753327925281467,,,1,False
kitchen tool,EGGBEATER,eggbeater,,,0.4035630230324294,,,1,False
kitchen tool,FUNNEL,funnel,,,0.30798391472427833,,,1,False
kitchen tool,GRATER,grater,,,0.5614696550543218,,,1,False
kitchen tool,GRINDER,grinder,,,0.36051112684618686,,,1,False
kitchen tool,ICEPICK,icepick,,,0.10972941583363201,,,1,False
kitchen tool,JUICER,juicer,,,0.27447385385234535,,,1,False
kitchen tool,KETTLE,kettle,,,0.5397141169398254,,,1,False
kitchen tool,KNIFE,knife,,,0.9162362818292211,,,1,False
kitchen tool,LADLE,ladle,,,0.6349555026454587,,,1,False
kitchen tool,MEASURING CUP,measuring cup,,,0.7922420876254445,,,1,False
kitchen tool,NUTCRACKER,nutcracker,,,0.12417280002826209,,,1,False
kitchen tool,PEELER,peeler,,,0.6408082372241504,,,1,False
kitchen tool,PEPPER MILL,pepper mill,,,0.2910297582899218,,,1,False
kitchen tool,ROLLING PIN,rolling pin,,,0.623639499178249,,,1,False
kitchen tool,SCOOP,scoop,,,0.41320639511630625,,,1,False
kitchen tool,SIFTER,sifter,,,0.2611467421878053,,,1,False
kitchen tool,SKEWER,skewer,,,0.16865260899360981,,,1,False
kitchen tool,SPATULA,spatula,,,0.7833778404911738,,,1,False
kitchen tool,SPOON,spoon,,,0.7993130924662355,,,1,False
kitchen tool,STRAINER,strainer,,,0.6115901053308886,,,1,False
kitchen tool,TIMER,timer,,,0.3557904095214429,,,1,False
kitchen tool,TONGS,tongs,,,0.5971733434006569,,,1,False
kitchen tool,WHISK,whisk,,,0.6769725173328932,,,1,False
lighting,CANDELABRA,candelabra,,,0.2101393470348186,,,1,False
lighting,CANDLE,candle,,,0.597628303977195,,,1,False
lighting,CHANDELIER,chandelier,,,0.5693537861721146,,,1,False
lighting,FLASHBULB,flashbulb,,,0.2971498348935029,,,1,False
lighting,FLASHLIGHT,flashlight,,,0.7737474931592521,,,1,False
lighting,HEADLAMP,headlamp,,,0.4332455035633279,,,1,False
lighting,HEADLIGHT,headlight,,,0.5320562014569025,,,1,False
lighting,LAMP,lamp,,,0.9222162931333823,,,1,False
lighting,LANTERN,lantern,,,0.555028810776455,,,1,False
lighting,LIGHTBULB,lightbulb,,,0.8103656936848544,,,1,False
lighting,LIGHTER,lighter,,,0.3843995325554482,,,1,False
lighting,MATCH,match,,,0.27389873839115664,,,1,False
lighting,PENLIGHT,penlight,,,0.1838503409680026,,,1,False
lighting,STREETLIGHT,streetlight,,,0.6437016724906705,,,1,False
lighting,TAILLIGHT,taillight,,,0.2621280419521596,,,1,False
lighting,TORCH,torch,,,0.3434140490866694,,,1,False
mammal,BEAR,bear,Bär,Oso,0.7894464187299592,0.9577777777777778,0.9436619718309859,3,True
mammal,BULL,bull,Stier,Toro,0.5702751550248403,0.693888888888889,0.9084507042253522,3,True
mammal,CAMEL,camel,Kamel,Camello,0.4639802668391626,0.81,0.5070422535211268,3,True
mammal,CAT,cat,Katze,Gato,0.8614126189409137,0.9788888888888888,0.9507042253521126,3,True
mammal,CHEETAH,cheetah,Gepard,Guepardo,0.5711952181738498,0.6200000000000001,0.352112676056338,3,True
mammal,COW,cow,Kuh,Vaca,0.8516432988310856,0.9894444444444445,0.9507042253521126,3,True
mammal,DEER,deer,Hirsch,Ciervo,0.7863522224199488,0.8733333333333334,0.6338028169014084,3,True
mammal,DOG,dog,Hund,Perro,0.956013061811583,0.9577777777777778,0.9859154929577465,3,True
mammal,DOLPHIN,dolphin,Delphin,Delfín,0.4820670612410385,0.8522222222222222,0.7253521126760565,3,True
mammal,ELEPHANT,elephant,Elefant,Elefante,0.7297011720131653,0.9683333333333333,0.8802816901408451,3,True
mammal,FOX,fox,Fuchs,Zorro,0.6531627372396777,0.8416666666666668,0.9154929577464788,3,True
mammal,GIRAFFE,giraffe,Giraffe,Jirafa,0.6531287657324999,0.8733333333333334,0.7183098591549296,3,True
mammal,GOAT,goat,Ziege,Cabra,0.6868654698459472,0.8205555555555556,0.7042253521126761,3,True
mammal,HAMSTER,hamster,Hamster,Hamster,0.5361583177951824,0.81,0.4577464788732394,3,True
mammal,HIPPOPOTAMUS,hippopotamus,Nilpferd,Hipopótamo,0.40310140148236007,0.6411111111111112,0.5492957746478874,3,True
mammal,HORSE,horse,Pferd,Caballo,0.8668768597930078,0.9894444444444445,0.9084507042253522,3,True
mammal,KANGAROO,kangaroo,Känguru,Canguro,0.43488010792618825,0.6833333333333335,0.4577464788732394,3,True
mammal,LEOPARD,leopard,Leopard,Leopardo,0.5719983637199479,0.7466666666666667,0.8732394366197184,3,True
mammal,LION,lion,Löwe,León,0.7897332556804653,0.9577777777777778,0.9647887323943662,3,True
mammal,MONKEY,monkey,Affe,mono/s,0.8597604581412509,0.9577777777777778,0.8169014084507042,3,True
mammal,MOUSE,mouse,Maus,Ratón,0.5248764506983069,0.7994444444444445,0.7746478873239436,3,True
mammal,PIG,pig,Schwein,Cerdo,0.7732509535034751,0.9577777777777778,0.9084507042253522,3,True
mammal,RAT,rat,Ratte,Rata,0.4440990845817891,0.6727777777777779,0.7535211267605633,3,True
mammal,RHINOCEROS,rhinoceros,Nashorn,Rinoceronte,0.3055153185360275,0.7466666666666667,0.6830985915492959,3,True
mammal,SEAL,seal,Seehund,Foca,0.3566206279697572,0.5988888888888891,0.619718309859155,3,True
mammal,SHEEP,sheep,Schaf,Oveja,0.6785856460654959,0.9472222222222223,0.9366197183098591,3,True
mammal,SQUIRREL,squirrel,Eichhörnchen,Ardilla,0.6239919073077193,0.8311111111111112,0.5211267605633804,3,True
mammal,TIGER,tiger,Tiger,Tigre,0.714765819068156,0.8627777777777779,0.9154929577464788,3,True
mammal,WHALE,whale,Wal,Ballena,0.4979756210108817,0.651666666666667,0.6478873239436619,3,True
mammal,WOLF,wolf,Wolf,Lobo,0.6966972236879826,0.8733333333333334,0.9577464788732394,3,True
mammal,ZEBRA,zebra,Zebra,Cebra,0.6069393060820552,0.7677777777777779,0.528169014084507,3,True
mammal,ANTELOPE,antelope,Antilope,,0.37352746095848743,0.5883333333333336,,2,True
mammal,BADGER,badger,Dachs,,0.29200448176569005,0.6094444444444446,,2,True
mammal,BAT,bat,Fledermaus,,0.2310767177218541,0.6305555555555556,,2,True
mammal,BEAVER,beaver,Biber,,0.5131798228584012,0.5672222222222225,,2,True
mammal,BISON,bison,Bison,,0.39632467151603723,0.5777777777777781,,2,True
mammal,COYOTE,coyote,Kojote,,0.5542301805608695,0.43703703703703645,,2,True
mammal,DONKEY,donkey,,Burro,0.6323473495147175,,0.7464788732394365,2,True
mammal,GAZELLE,gazelle,Gazelle,,0.3130412352617038,0.5566666666666668,,2,True
mammal,GORILLA,gorilla,,Gorila,0.7734333281571973,,0.584507042253521,2,True
mammal,GUINEA PIG,guinea pig,Meerschweinchen,,0.5212784660703458,0.6727777777777779,,2,True
mammal,HEDGEHOG,hedgehog,Igel,,0.2885685322642022,0.7994444444444445,,2,True
mammal,HYENA,hyena,,Hiena,0.26334437809996114,,0.3098591549295775,2,True
mammal,LAMB,lamb,,Cordero,0.5996336789637329,,0.7816901408450704,2,True
mammal,MOLE,mole,Maulwurf,,0.16988202965246776,0.5777777777777781,,2,True
mammal,POLAR BEAR,polar bear,Eisbär,,0.5957169186020784,0.81,,2,True
mammal,RABBIT,rabbit,,Conejo,0.7452508979979853,,0.8450704225352114,2,True
mammal,REINDEER,reindeer,Rentier,,0.37767179894357444,0.6411111111111112,,2,True
mammal,AARDVARK,aardvark,,,0.0797245146695518,,,1,False
mammal,ALPACA,alpaca,,,0.25777448796932223,,,1,False
mammal,ANTEATER,anteater,,,0.1573146184730309,,,1,False
mammal,BOAR,boar,,,0.3407677513667885,,,1,False
mammal,CALF,calf,,,0.6370195983556156,,,1,False
mammal,CHIHUAHUA,chihuahua,,,0.563592612127105,,,1,False
mammal,CHINCHILLA,chinchilla,,,0.08928667534955814,,,1,False
mammal,CHIPMUNK,chipmunk,,,0.43849678338338555,,,1,False
mammal,COUGAR,cougar,,,0.4528843023888097,,,1,False
mammal,DALMATIAN,dalmatian,,,0.5203562061304303,,,1,False
mammal,FERRET,ferret,,,0.368883365162726,,,1,False
mammal,GOPHER,gopher,,,0.3065981603273187,,,1,False
mammal,GROUNDHOG,groundhog,,,0.3715762718921553,,,1,False
mammal,KITTEN,kitten,,,0.8186392552989973,,,1,False
mammal,KOALA,koala,,,0.38150630573054833,,,1,False
mammal,LLAMA,llama,,,0.36901109862155246,,,1,False
mammal,MANATEE,manatee,,,0.1723440477677517,,,1,False
mammal,MEERKAT,meerkat,,,0.12476791627278119,,,1,False
mammal,MONGOOSE,mongoose,,,0.18144418804246798,,,1,False
mammal,MOOSE,moose,,,0.5356255688430106,,,1,False
mammal,ORANGUTAN,orangutan,,,0.4578973449408204,,,1,False
mammal,OTTER,otter,,,0.29311282311723624,,,1,False
mammal,PANDA,panda,,,0.5868398872642608,,,1,False
mammal,PANTHER,panther,,,0.5068343583764967,,,1,False
mammal,PIGLET,piglet,,,0.4870285956806677,,,1,False
mammal,PLATYPUS,platypus,,,0.14281253757461618,,,1,False
mammal,PONY,pony,,,0.6646896942689328,,,1,False
mammal,POODLE,poodle,,,0.647862107072251,,,1,False
mammal,PORCUPINE,porcupine,,,0.24995429711678463,,,1,False
mammal,POSSUM,possum,,,0.3689571081905021,,,1,False
mammal,PUG,pug,,,0.5455716597143152,,,1,False
mammal,PUPPY,puppy,,,0.8697183561827331,,,1,False
mammal,RACCOON,raccoon,,,0.5911277319627964,,,1,False
mammal,RAM,ram,,,0.3507273979417283,,,1,False
mammal,SKUNK,skunk,,,0.386642552038666,,,1,False
mammal,SLOTH,sloth,,,0.26305093456382217,,,1,False
mammal,WALRUS,walrus,,,0.21365300547838761,,,1,False
mammal,WARTHOG,warthog,,,0.13257718460994997,,,1,False
mammal,WEASEL,weasel,,,0.25033767706232535,,,1,False
mammal,YAK,yak,,,0.16375347728718678,,,1,False
medical equipment,BANDAGE,bandage,,,0.7574550712554867,,,1,False
medical equipment,BEDPAN,bedpan,,,0.33989225947505003,,,1,False
medical equipment,BRACE,brace,,,0.45459228365181503,,,1,False
medical equipment,CANE,cane,,,0.36817517780977255,,,1,False
medical equipment,CRUTCH,crutch,,,0.5990763232007684,,,1,False
medical equipment,DEFIBRILLATOR,defibrillator,,,0.643714411805862,,,1,False
medical equipment,EYE PATCH,eye patch,,,0.21102935370527662,,,1,False
medical equipment,EYEDROPPER,eyedropper,,,0.2672192775422432,,,1,False
medical equipment,FIRST-AID KIT,first-aid kit,,,0.8179083079247768,,,1,False
medical equipment,GAUZE,gauze,,,0.5993527299082555,,,1,False
medical equipment,GURNEY,gurney,,,0.526538744556228,,,1,False
medical equipment,HEARING AID,hearing aid,,,0.3845783395744107,,,1,False
medical equipment,ICE PACK,ice pack,,,0.38553739540339155,,,1,False
medical equipment,INHALER,inhaler,,,0.44462960552860764,,,1,False
medical equipment,PENLIGHT,penlight,,,0.2182563175211421,,,1,False
medical equipment,PILLBOX,pillbox,,,0.2372079005133886,,,1,False
medical equipment,PLASTER CAST,plaster cast,,,0.31415682067437123,,,1,False
medical equipment,SCALPEL,scalpel,,,0.7164797013561505,,,1,False
medical equipment,SLING,sling,,,0.46101989264224325,,,1,False
medical equipment,STETHOSCOPE,stethoscope,,,0.9353412710139619,,,1,False
medical equipment,STRETCHER,stretcher,,,0.6315744658582179,,,1,False
medical equipment,SWAB,swab,,,0.39047705882564,,,1,False
medical equipment,SYRINGE,syringe,,,0.7175625233965653,,,1,False
medical equipment,TWEEZERS,tweezers,,,0.26261457641128017,,,1,False
medical equipment,VIAL,vial,,,0.34423584258484796,,,1,False
medical equipment,WALKER,walker,,,0.419954145721882,,,1,False
medical equipment,WHEELCHAIR,wheelchair,,,0.6824291906733215,,,1,False
musical instrument,ACCORDION,accordion,Akkordeon,,0.4121009223062627,0.7255555555555556,,2,True
musical instrument,DRUM,drum,Trommel,,0.81767475655788,0.7361111111111112,,2,True
musical instrument,FLUTE,flute,Flöte,,0.7898305150385275,0.9472222222222223,,2,True
musical instrument,GUITAR,guitar,Gitarre,,0.9741963451364202,0.9366666666666666,,2,True
musical instrument,HARMONICA,harmonica,Mundharmonika,,0.5500521843674714,0.4933333333333337,,2,True
musical instrument,HARP,harp,Harfe,,0.4098433789873173,0.651666666666667,,2,True
musical instrument,PIANO (INSTRUMENT),,Klavier,Piano,,0.9788888888888888,0.15492957746478878,2,True
musical instrument,SAXOPHONE,saxophone,Saxophon,,0.71967894829374,0.7572222222222224,,2,True
musical instrument,TAMBOURINE,tambourine,Tamburin,,0.4583172705156566,0.3455555555555559,,2,True
musical instrument,TRUMPET,trumpet,Trompete,,0.8452437782517647,0.9366666666666666,,2,True
musical instrument,VIOLIN,violin,Geige,,0.8710033284417317,0.9788888888888888,,2,True
musical instrument,BAGPIPE,bagpipe,,,0.29696986679000176,,,1,False
musical instrument,BANJO,banjo,,,0.5454996119285569,,,1,False
musical instrument,BASSOON,bassoon,,,0.18109674493083042,,,1,False
musical instrument,BELL,bell,,,0.25701694781272405,,,1,False
musical instrument,BONGO,bongo,,,0.2999623596738016,,,1,False
musical instrument,CELLO,cello,,,0.5239574849275289,,,1,False
musical instrument,CHIME,chime,,,0.11926067327752503,,,1,False
musical instrument,CLARINET,clarinet,,,0.6553951787840397,,,1,False
musical instrument,CYMBAL,cymbal,,,0.3568065616826151,,,1,False
musical instrument,FRENCH HORN,french horn,,,0.4082791277487642,,,1,False
musical instrument,GONG,gong,,,0.12749077384281274,,,1,False
musical instrument,HORN,horn,,,0.5147077979260587,,,1,False
musical instrument,KAZOO,kazoo,,,0.11332867934500235,,,1,False
musical instrument,KEYBOARD,keyboard,,,0.726762007540304,,,1,False
musical instrument,MANDOLIN,mandolin,,,0.2358083990001151,,,1,False
musical instrument,ORGAN,organ,,,0.45635411845329715,,,1,False
musical instrument,PIANO,piano,,,0.9284508456546902,,,1,False
musical instrument,RECORDER,recorder,,,0.31558265887620157,,,1,False
musical instrument,TRIANGLE,triangle,,,0.19501343695395545,,,1,False
musical instrument,TROMBONE,trombone,,,0.6053632089497455,,,1,False
musical instrument,TUBA,tuba,,,0.5564634211179533,,,1,False
musical instrument,UKULELE,ukulele,,,0.3740509879896028,,,1,False
musical instrument,XYLOPHONE,xylophone,,,0.3746261034507916,,,1,False
office supply,BINDER,binder,,,0.3838012242937499,,,1,False
office supply,CLIPBOARD,clipboard,,,0.3523280554269865,,,1,False
office supply,ENVELOPE,envelope,,,0.563614843481067,,,1,False
office supply,ERASER,eraser,,,0.35019077905299234,,,1,False
office supply,FILE,file,,,0.6762254404381264,,,1,False
office supply,FOLDER,folder,,,0.5915471960809572,,,1,False
office supply,FOUNTAIN PEN,fountain pen,,,0.36139844784344966,,,1,False
office supply,GLUE,glue,,,0.2067158628841243,,,1,False
office supply,HIGHLIGHTER,highlighter,,,0.4922214153885897,,,1,False
office supply,INK,ink,,,0.4145610256177192,,,1,False
office supply,NOTEBOOK,notebook,,,0.5448914438546562,,,1,False
office supply,NOTEPAD,notepad,,,0.6553665876059267,,,1,False
office supply,PAPER,paper,,,0.8624042407292615,,,1,False
office supply,PAPERCLIP,paperclip,,,0.6990359862424792,,,1,False
office supply,PEN,pen,,,0.8927722702412432,,,1,False
office supply,PENCIL,pencil,,,0.6237919427482735,,,1,False
office supply,PENCIL SHARPENER,pencil sharpener,,,0.31604648576113425,,,1,False
office supply,PUNCH,punch,,,0.1322376512039861,,,1,False
office supply,RUBBER BAND,rubber band,,,0.3425017969758183,,,1,False
office supply,SCISSORS,scissors,,,0.498496907931368,,,1,False
office supply,STAPLE,staple,,,0.5868243770173107,,,1,False
office supply,STAPLER,stapler,,,0.7455028890559053,,,1,False
office supply,TACK,tack,,,0.10617304420999464,,,1,False
office supply,TAPE,tape,,,0.5003214121530705,,,1,False
office supply,THUMBTACK,thumbtack,,,0.24221127920029176,,,1,False
outerwear,APRON,apron,,,0.1797269253160356,,,1,False
outerwear,BLAZER,blazer,,,0.625006727446907,,,1,False
outerwear,CAPE,cape,,,0.2480185426376615,,,1,False
outerwear,CLOAK,cloak,,,0.2999623596738016,,,1,False
outerwear,COAT,coat,,,0.9294041192890321,,,1,False
outerwear,COVERALL,coverall,,,0.34885996420892706,,,1,False
outerwear,FUR COAT,fur coat,,,0.546747597639388,,,1,False
outerwear,GLOVE,glove,,,0.5336770051041926,,,1,False
outerwear,JACKET,jacket,,,0.9262048063916679,,,1,False
outerwear,JUMPSUIT,jumpsuit,,,0.3128526856144924,,,1,False
outerwear,LAB COAT,lab coat,,,0.20532514384982667,,,1,False
outerwear,OVERALLS,overalls,,,0.37147666163951965,,,1,False
outerwear,RAINCOAT,raincoat,,,0.7783125564144476,,,1,False
outerwear,SCARF,scarf,,,0.5936119752142917,,,1,False
outerwear,SHAWL,shawl,,,0.4764375711742005,,,1,False
outerwear,SNOWSUIT,snowsuit,,,0.47761285067938236,,,1,False
part of car,AIRBAG,airbag,,,0.3774939481118792,,,1,False
part of car,BRAKE,brake,,,0.6611038840139305,,,1,False
part of car,BUMPER,bumper,,,0.7333925177805353,,,1,False
part of car,CAR DOOR,car door,,,0.7436888105726129,,,1,False
part of car,CAR SEAT,car seat,,,0.5680887118163,,,1,False
part of car,DASHBOARD,dashboard,,,0.6343200768030968,,,1,False
part of car,ENGINE,engine,,,0.9187829543766887,,,1,False
part of car,EXHAUST PIPE,exhaust pipe,,,0.3768307127186818,,,1,False
part of car,GASKET,gasket,,,0.11385232147747877,,,1,False
part of car,GEARSHIFT,gearshift,,,0.3787389039337466,,,1,False
part of car,GRILLE,grille,,,0.21960526518850013,,,1,False
part of car,HANDBRAKE,handbrake,,,0.2839682686785211,,,1,False
part of car,HEADLIGHT,headlight,,,0.7198827773368066,,,1,False
part of car,HEADREST,headrest,,,0.2685603136984749,,,1,False
part of car,HUBCAP,hubcap,,,0.33653683007543334,,,1,False
part of car,LICENSE PLATE,license plate,,,0.3821847637978441,,,1,False
part of car,ODOMETER,odometer,,,0.34768738953949374,,,1,False
part of car,PEDAL,pedal,,,0.49313509960636526,,,1,False
part of car,REARVIEW MIRROR,rearview mirror,,,0.5716236887458485,,,1,False
part of car,RIM,rim,,,0.26521449492720606,,,1,False
part of car,ROOF RACK,roof rack,,,0.08805619575817739,,,1,False
part of car,SEATBELT,seatbelt,,,0.5769568700298757,,,1,False
part of car,SPARK PLUG,spark plug,,,0.22740401441842722,,,1,False
part of car,SPEEDOMETER,speedometer,,,0.46107198228658236,,,1,False
part of car,STEERING WHEEL,steering wheel,,,0.8658723319473208,,,1,False
part of car,SUNROOF,sunroof,,,0.31711359075130646,,,1,False
part of car,TAILLIGHT,taillight,,,0.4703259914749464,,,1,False
part of car,WHEEL,wheel,,,0.8151728549704353,,,1,False
part of car,WINDSHIELD,windshield,,,0.7040577169098314,,,1,False
part of car,WINDSHIELD WIPER,windshield wiper,,,0.5744945260892,,,1,False
personal hygiene item,CLIPPER,clipper,,,0.47416686592003804,,,1,False
personal hygiene item,COMB,comb,,,0.6607213975867302,,,1,False
personal hygiene item,CURLING IRON,curling iron,,,0.1925580106936254,,,1,False
personal hygiene item,DEODORANT,deodorant,,,0.8726902840010058,,,1,False
personal hygiene item,DIAPER,diaper,,,0.2626749694081658,,,1,False
personal hygiene item,EYELINER,eyeliner,,,0.22276372453692117,,,1,False
personal hygiene item,FLATIRON,flatiron,,,0.15813423224560294,,,1,False
personal hygiene item,FLOSS,floss,,,0.6726532828488632,,,1,False
personal hygiene item,HAIRBRUSH,hairbrush,,,0.6975698667786114,,,1,False
personal hygiene item,HAIRDRYER,hairdryer,,,0.42745456652856095,,,1,False
personal hygiene item,HAIRSPRAY,hairspray,,,0.2933705047199767,,,1,False
personal hygiene item,LIP BALM,lip balm,,,0.4325185701998076,,,1,False
personal hygiene item,LIP GLOSS,lip gloss,,,0.22206714211278103,,,1,False
personal hygiene item,LIPSTICK,lipstick,,,0.265089224994488,,,1,False
personal hygiene item,MAKEUP,makeup,,,0.4407643814875013,,,1,False
personal hygiene item,MASCARA,mascara,,,0.23249042518556431,,,1,False
personal hygiene item,NAIL CLIPPERS,nail clippers,,,0.6175405400721854,,,1,False
personal hygiene item,NAIL FILE,nail file,,,0.43076027220463764,,,1,False
personal hygiene item,NAIL POLISH,nail polish,,,0.24984304685936384,,,1,False
personal hygiene item,PERFUME,perfume,,,0.3606254030352282,,,1,False
personal hygiene item,RAZOR,razor,,,0.6509733321736347,,,1,False
personal hygiene item,SHAVING CREAM,shaving cream,,,0.6045109728983266,,,1,False
personal hygiene item,SHOWER CAP,shower cap,,,0.27165266372281166,,,1,False
personal hygiene item,SOAP,soap,,,0.9193804532382268,,,1,False
personal hygiene item,SWAB,swab,,,0.3908772231969545,,,1,False
personal hygiene item,TOILET PAPER,toilet paper,,,0.7575249848686334,,,1,False
personal hygiene item,TOOTHBRUSH,toothbrush,,,0.9134412966385282,,,1,False
personal hygiene item,TOOTHPASTE,toothpaste,,,0.8730357682239394,,,1,False
personal hygiene item,TOOTHPICK,toothpick,,,0.30754299287070025,,,1,False
personal hygiene item,TWEEZERS,tweezers,,,0.44832304183455374,,,1,False
personal hygiene item,WASHCLOTH,washcloth,,,0.6376331259811878,,,1,False
plant,ASPARAGUS,asparagus,Spargel,,0.25818363758714596,0.8733333333333334,,2,True
plant,BROCCOLI,broccoli,Brokkoli,,0.32916030612228575,0.8522222222222222,,2,True
plant,LETTUCE,lettuce,Salat,,0.46414349372373354,0.7361111111111112,,2,True
plant,SPINACH,spinach,Spinat,,0.3772188997326293,0.8311111111111112,,2,True
plant,ALOE,aloe,,,0.5587825555426171,,,1,False
plant,APPLE TREE,apple tree,,,0.4969079249086808,,,1,False
plant,ARTICHOKE,artichoke,,,0.23147841528999347,,,1,False
plant,ARUGULA,arugula,,,0.2345919749159234,,,1,False
plant,BAMBOO,bamboo,,,0.45542486007271865,,,1,False
plant,BASIL,basil,,,0.4325227096633054,,,1,False
plant,BOK CHOY,bok choy,,,0.14397580609587945,,,1,False
plant,BONSAI,bonsai,,,0.42999329049295143,,,1,False
plant,BUSH,bush,,,0.73092351716958,,,1,False
plant,CABBAGE,cabbage,,,0.36833463027956836,,,1,False
plant,CACTUS,cactus,,,0.6054351961911458,,,1,False
plant,CHIVE,chive,,,0.262191030788385,,,1,False
plant,CILANTRO,cilantro,,,0.29903949998026613,,,1,False
plant,CLOVER,clover,,,0.4747783530492376,,,1,False
plant,CORN,corn,,,0.5413144553147397,,,1,False
plant,DAISY,daisy,,,0.7487358449302001,,,1,False
plant,DANDELION,dandelion,,,0.6043302757417429,,,1,False
plant,FERN,fern,,,0.6889996798262915,,,1,False
plant,FLOWER,flower,,,0.9022025988647087,,,1,False
plant,GRAPEVINE,grapevine,,,0.39264091061126677,,,1,False
plant,GRASS,grass,,,0.6346030387007703,,,1,False
plant,HEDGE,hedge,,,0.4865261504561024,,,1,False
plant,IVY,ivy,,,0.6538604597332517,,,1,False
plant,KALE,kale,,,0.3208056422759452,,,1,False
plant,LAVENDER,lavender,,,0.49241522719236036,,,1,False
plant,LEEK,leek,,,0.2120936737971758,,,1,False
plant,MARIJUANA,marijuana,,,0.40675040992576483,,,1,False
plant,MINT,mint,,,0.3403616943474359,,,1,False
plant,MOSS,moss,,,0.30610981991163827,,,1,False
plant,ORCHID,orchid,,,0.6541010536965532,,,1,False
plant,PALM TREE,palm tree,,,0.5562057395152128,,,1,False
plant,PARSLEY,parsley,,,0.37729769891828424,,,1,False
plant,PINE TREE,pine tree,,,0.5155951189233214,,,1,False
plant,PLANT,plant,,,0.8711982143832101,,,1,False
plant,POINSETTIA,poinsettia,,,0.5561451085498621,,,1,False
plant,POPPY,poppy,,,0.42148979760251726,,,1,False
plant,ROSE,rose,,,0.8563149177766224,,,1,False
plant,SEAWEED,seaweed,,,0.2201848874773385,,,1,False
plant,SUNFLOWER,sunflower,,,0.7781029465056639,,,1,False
plant,TREE,tree,,,0.7839275612436866,,,1,False
plant,TULIP,tulip,,,0.6974239559301397,,,1,False
plant,TUMBLEWEED,tumbleweed,,,0.15388685389704204,,,1,False
plant,WEED,weed,,,0.5091503664168872,,,1,False
protective clothing,APRON,apron,,,0.3880760725977527,,,1,False
protective clothing,ARMOR,armor,,,0.5268452180445159,,,1,False
protective clothing,BULLETPROOF VEST,bulletproof vest,,,0.6821944950457765,,,1,False
protective clothing,COVERALL,coverall,,,0.3117662805043697,,,1,False
protective clothing,FACE MASK,face mask,,,0.7605636571821791,,,1,False
protective clothing,FOOTBALL HELMET,football helmet,,,0.5715467837713871,,,1,False
protective clothing,GLOVE,glove,,,0.6424277409715041,,,1,False
protective clothing,HELMET,helmet,,,0.7266729858196875,,,1,False
protective clothing,KNEEPAD,kneepad,,,0.5039009156737435,,,1,False
protective clothing,LAB COAT,lab coat,,,0.3903881334097922,,,1,False
protective clothing,LIFE JACKET,life jacket,,,0.5599127380107769,,,1,False
protective clothing,OVERALLS,overalls,,,0.24083314946824114,,,1,False
protective clothing,RAINCOAT,raincoat,,,0.5441246671634755,,,1,False
protective clothing,SPACESUIT,spacesuit,,,0.29299701797341654,,,1,False
protective clothing,VISOR,visor,,,0.28002259769802257,,,1,False
protective clothing,WETSUIT,wetsuit,,,0.3016665953447905,,,1,False
safety equipment,ARMOR,armor,,,0.21474080422661193,,,1,False
safety equipment,BULLETPROOF VEST,bulletproof vest,,,0.5113525160188468,,,1,False
safety equipment,COVERALL,coverall,,,0.216641313057455,,,1,False
safety equipment,EARPLUG,earplug,,,0.5430582515176123,,,1,False
safety equipment,EXTINGUISHER,extinguisher,,,0.53644596002702,,,1,False
safety equipment,FACE MASK,face mask,,,0.745411257214358,,,1,False
safety equipment,FIRE ALARM,fire alarm,,,0.5751195691563602,,,1,False
safety equipment,FOOTBALL HELMET,football helmet,,,0.535247635825658,,,1,False
safety equipment,GAS MASK,gas mask,,,0.4841007008106026,,,1,False
safety equipment,HARNESS,harness,,,0.44871400702491854,,,1,False
safety equipment,HELMET,helmet,,,0.8507517177192956,,,1,False
safety equipment,KNEEPAD,kneepad,,,0.4734285922729783,,,1,False
safety equipment,LAB COAT,lab coat,,,0.32021678112502533,,,1,False
safety equipment,LIFE JACKET,life jacket,,,0.7249700105366769,,,1,False
safety equipment,LIFESAVER,lifesaver,,,0.4283202455502806,,,1,False
safety equipment,MOUTHPIECE,mouthpiece,,,0.37126916900254164,,,1,False
safety equipment,PARACHUTE,parachute,,,0.3223019288069709,,,1,False
safety equipment,SEATBELT,seatbelt,,,0.7769489841325707,,,1,False
safety equipment,SHIELD,shield,,,0.43849678338338555,,,1,False
safety equipment,SMOKE ALARM,smoke alarm,,,0.5718104579695401,,,1,False
safety equipment,SPACESUIT,spacesuit,,,0.11147500088445432,,,1,False
school supply,BOOK,book,,Libro,0.6627780563323236,,0.4577464788732394,2,True
school supply,BACKPACK,backpack,,,0.7389798995985394,,,1,False
school supply,BINDER,binder,,,0.6140355542666998,,,1,False
school supply,CALCULATOR,calculator,,,0.47266895946401377,,,1,False
school supply,CHALK,chalk,,,0.2627842977342293,,,1,False
school supply,CHALKBOARD,chalkboard,,,0.19012809692082372,,,1,False
school supply,CRAYON,crayon,,,0.5601317648333703,,,1,False
school supply,ERASER,eraser,,,0.6075557842058956,,,1,False
school supply,FOLDER,folder,,,0.5753529983729603,,,1,False
school supply,FOUNTAIN PEN,fountain pen,,,0.27040380597316327,,,1,False
school supply,GLUE,glue,,,0.41692552962372015,,,1,False
school supply,HIGHLIGHTER,highlighter,,,0.4578973449408204,,,1,False
school supply,INK,ink,,,0.13095379051268527,,,1,False
school supply,INKWELL,inkwell,,,0.0,,,1,False
school supply,LUNCHBOX,lunchbox,,,0.4192818731327204,,,1,False
school supply,MARKER,marker,,,0.48705006043621707,,,1,False
school supply,NOTEBOOK,notebook,,,0.9083215143837513,,,1,False
school supply,NOTEPAD,notepad,,,0.6102673397701545,,,1,False
school supply,PAPER,paper,,,0.7937708054484438,,,1,False
school supply,PAPERCLIP,paperclip,,,0.2480185426376615,,,1,False
school supply,PEN,pen,,,0.8141450238583807,,,1,False
school supply,PENCIL,pencil,,,0.8787467560417124,,,1,False
school supply,PENCIL SHARPENER,pencil sharpener,,,0.45055628239163753,,,1,False
school supply,RULER,ruler,,,0.494326612567477,,,1,False
school supply,STAPLER,stapler,,,0.2381140911484202,,,1,False
school supply,WHITEBOARD,whiteboard,,,0.2659483881120651,,,1,False
scientific equipment,BEAKER,beaker,,,0.8211989554787957,,,1,False
scientific equipment,BLOWTORCH,blowtorch,,,0.15056581459173404,,,1,False
scientific equipment,CALCULATOR,calculator,,,0.5775761337691524,,,1,False
scientific equipment,CENTRIFUGE,centrifuge,,,0.5383257408826505,,,1,False
scientific equipment,FILTER,filter,,,0.26356050717148866,,,1,False
scientific equipment,FUNNEL,funnel,,,0.4626485028732535,,,1,False
scientific equipment,GAUGE,gauge,,,0.4421979205188389,,,1,False
scientific equipment,GYROSCOPE,gyroscope,,,0.30296418900662037,,,1,False
scientific equipment,INCUBATOR,incubator,,,0.4888530999023702,,,1,False
scientific equipment,LAB COAT,lab coat,,,0.6197156652039703,,,1,False
scientific equipment,MAGNET,magnet,,,0.45723838480800033,,,1,False
scientific equipment,MAGNIFIER,magnifier,,,0.6517616197119314,,,1,False
scientific equipment,MAGNIFYING GLASS,magnifying glass,,,0.666613716902728,,,1,False
scientific equipment,MEASURING CUP,measuring cup,,,0.5550640754825091,,,1,False
scientific equipment,MICROSCOPE,microscope,,,0.932887810998793,,,1,False
scientific equipment,PENDULUM,pendulum,,,0.20779900424778927,,,1,False
scientific equipment,PETRI DISH,petri dish,,,0.6648119667157234,,,1,False
scientific equipment,POLYGRAPH,polygraph,,,0.27778076775418087,,,1,False
scientific equipment,PRISM,prism,,,0.18852743943556552,,,1,False
scientific equipment,RADAR,radar,,,0.3104314809318954,,,1,False
scientific equipment,RULER,ruler,,,0.4305961836396805,,,1,False
scientific equipment,SCALE,scale,,,0.6320472538185566,,,1,False
scientific equipment,SCALPEL,scalpel,,,0.4160269476244201,,,1,False
scientific equipment,SEISMOGRAPH,seismograph,,,0.40287890096751844,,,1,False
scientific equipment,STETHOSCOPE,stethoscope,,,0.548801095758304,,,1,False
scientific equipment,SWAB,swab,,,0.41439696167220164,,,1,False
scientific equipment,SYRINGE,syringe,,,0.48964648713849485,,,1,False
scientific equipment,TANK,tank,,,0.20610895840014842,,,1,False
scientific equipment,TAPE MEASURE,tape measure,,,0.3790353219865721,,,1,False
scientific equipment,TELESCOPE,telescope,,,0.7027085366758412,,,1,False
scientific equipment,TEST TUBE,test tube,,,0.8933347751973029,,,1,False
scientific equipment,THERMOMETER,thermometer,,,0.7444312842254133,,,1,False
scientific equipment,TIMER,timer,,,0.38827778146784614,,,1,False
scientific equipment,TONGS,tongs,,,0.3281223455060683,,,1,False
scientific equipment,TWEEZERS,tweezers,,,0.35701963771136397,,,1,False
sea animal,BARNACLE,barnacle,,,0.05896710519340347,,,1,False
sea animal,BLOWFISH,blowfish,,,0.3157665353779103,,,1,False
sea animal,CATFISH,catfish,,,0.3833872779439661,,,1,False
sea animal,CLAM,clam,,,0.3722325276742249,,,1,False
sea animal,CORAL,coral,,,0.14597662795245214,,,1,False
sea animal,CRAB,crab,,,0.6391792155976305,,,1,False
sea animal,DOLPHIN,dolphin,,,0.9151841535112388,,,1,False
sea animal,EEL,eel,,,0.41989217166552667,,,1,False
sea animal,FISH,fish,,,0.8897394744229815,,,1,False
sea animal,JELLYFISH,jellyfish,,,0.6037968658696172,,,1,False
sea animal,LOBSTER,lobster,,,0.602158958670589,,,1,False
sea animal,MANATEE,manatee,,,0.41187639797721426,,,1,False
sea animal,MUSSEL,mussel,,,0.20635142747453436,,,1,False
sea animal,OCTOPUS,octopus,,,0.7281378535810032,,,1,False
sea animal,OYSTER,oyster,,,0.3700102249130129,,,1,False
sea animal,SARDINE,sardine,,,0.2740959208349927,,,1,False
sea animal,SCALLOP,scallop,,,0.20164743534001328,,,1,False
sea animal,SEA URCHIN,sea urchin,,,0.31604648576113425,,,1,False
sea animal,SEAHORSE,seahorse,,,0.5527107476619519,,,1,False
sea animal,SEAL,seal,,,0.5642373213920007,,,1,False
sea animal,SHARK,shark,,,0.8847917311771459,,,1,False
sea animal,SHRIMP,shrimp,,,0.5276000500627578,,,1,False
sea animal,SNAIL,snail,,,0.16504506655524384,,,1,False
sea animal,SQUID,squid,,,0.5165447967617973,,,1,False
sea animal,STARFISH,starfish,,,0.6267334903710181,,,1,False
sea animal,STINGRAY,stingray,,,0.5354194235608184,,,1,False
sea animal,SWORDFISH,swordfish,,,0.4808252813268797,,,1,False
sea animal,TURTLE,turtle,,,0.634813437638557,,,1,False
sea animal,WALRUS,walrus,,,0.39489705619970517,,,1,False
sea animal,WHALE,whale,,,0.836065705198026,,,1,False
seafood,CRAB,crab,Krebs,Cangrejo,0.7946716570227114,0.5144444444444447,0.3450704225352112,3,True
seafood,FISH,fish,Fisch,Pez,0.9305568838611644,0.9111111111111105,0.7394366197183099,3,True
seafood,SARDINE,sardine,,Sardina,0.5103710321518141,,0.4577464788732394,2,True
seafood,SHARK,shark,,Tiburón,0.2572091864687366,,0.6478873239436619,2,True
seafood,SNAIL,snail,Schnecke,,0.19119826830464573,0.6200000000000001,,2,True
seafood,BLOWFISH,blowfish,,,0.16398402466160675,,,1,False
seafood,CALAMARI,calamari,,,0.5699535974191668,,,1,False
seafood,CATFISH,catfish,,,0.5514196533123751,,,1,False
seafood,CAVIAR,caviar,,,0.37030686896676157,,,1,False
seafood,CLAM,clam,,,0.6540916328485927,,,1,False
seafood,CRAYFISH,crayfish,,,0.3999736799594418,,,1,False
seafood,EEL,eel,,,0.2442392124641352,,,1,False
seafood,JELLYFISH,jellyfish,,,0.1543421115949766,,,1,False
seafood,LOBSTER,lobster,,,0.821356927480758,,,1,False
seafood,MUSSEL,mussel,,,0.5381147138883331,,,1,False
seafood,OCTOPUS,octopus,,,0.4568715267508633,,,1,False
seafood,OYSTER,oyster,,,0.6635485328853681,,,1,False
seafood,SCALLOP,scallop,,,0.6444282852830837,,,1,False
seafood,SEA URCHIN,sea urchin,,,0.15489584716197413,,,1,False
seafood,SEAFOOD,seafood,,,0.6878205946828297,,,1,False
seafood,SEAWEED,seaweed,,,0.23779717239562445,,,1,False
seafood,SHRIMP,shrimp,,,0.851697403769943,,,1,False
seafood,SQUID,squid,,,0.4176589311084429,,,1,False
seafood,SWORDFISH,swordfish,,,0.4641402384867193,,,1,False
sports equipment,BALANCE BEAM,balance beam,,,0.26708698124045305,,,1,False
sports equipment,BALL,ball,,,0.9409304935788435,,,1,False
sports equipment,BARBELL,barbell,,,0.5225685926628603,,,1,False
sports equipment,BASEBALL,baseball,,,0.8990654919459238,,,1,False
sports equipment,BASEBALL BAT,baseball bat,,,0.8977382288133392,,,1,False
sports equipment,BASEBALL GLOVE,baseball glove,,,0.8463155808774356,,,1,False
sports equipment,BASKETBALL,basketball,,,0.9056219928312326,,,1,False
sports equipment,BASKETBALL HOOP,basketball hoop,,,0.7242141445019714,,,1,False
sports equipment,BAT,bat,,,0.8742974980906567,,,1,False
sports equipment,BATON (DRUMS),baton (drums),,,0.012056884847064759,,,1,False
sports equipment,BATON (RUNNING),baton (running),,,0.22586990999280981,,,1,False
sports equipment,BEACHBALL,beachball,,,0.39698104461699374,,,1,False
sports equipment,BOBSLED,bobsled,,,0.18754925986124107,,,1,False
sports equipment,BOWLING BALL,bowling ball,,,0.563737970979933,,,1,False
sports equipment,BOXING GLOVES,boxing gloves,,,0.6076329243256671,,,1,False
sports equipment,CLEAT,cleat,,,0.5272495184816838,,,1,False
sports equipment,DART,dart,,,0.2490492690486232,,,1,False
sports equipment,DARTBOARD,dartboard,,,0.2999213436874223,,,1,False
sports equipment,DUMBBELL,dumbbell,,,0.5413274278439394,,,1,False
sports equipment,EXERCISER,exerciser,,,0.2872556334279792,,,1,False
sports equipment,FACE MASK,face mask,,,0.33846768049845866,,,1,False
sports equipment,FLIPPER,flipper,,,0.17217998382223426,,,1,False
sports equipment,FOOTBALL,football,,,0.901069617849485,,,1,False
sports equipment,FOOTBALL HELMET,football helmet,,,0.7856176437257805,,,1,False
sports equipment,FRISBEE,frisbee,,,0.5378886135372787,,,1,False
sports equipment,GOGGLES,goggles,,,0.38417750152570335,,,1,False
sports equipment,GOLF CLUB,golf club,,,0.7635701355674113,,,1,False
sports equipment,HELMET,helmet,,,0.7939674340090108,,,1,False
sports equipment,HOCKEY STICK,hockey stick,,,0.7128013979999385,,,1,False
sports equipment,HOME PLATE,home plate,,,0.33721073473288143,,,1,False
sports equipment,ICESKATE,iceskate,,,0.492071903425681,,,1,False
sports equipment,JAVELIN,javelin,,,0.2918587726505662,,,1,False
sports equipment,JUMP ROPE,jump rope,,,0.5925891970791602,,,1,False
sports equipment,KNEEPAD,kneepad,,,0.5690492854675334,,,1,False
sports equipment,MOUTHPIECE,mouthpiece,,,0.3641097064461966,,,1,False
sports equipment,OAR,oar,,,0.2771029531034941,,,1,False
sports equipment,PADDLE,paddle,,,0.3342371079150301,,,1,False
sports equipment,PING-PONG TABLE,ping-pong table,,,0.3814600216586855,,,1,False
sports equipment,PUCK,puck,,,0.4567406408574077,,,1,False
sports equipment,PUNCHING BAG,punching bag,,,0.5556115560547762,,,1,False
sports equipment,RACKET,racket,,,0.6786073961158232,,,1,False
sports equipment,ROLLERBLADE,rollerblade,,,0.4245498359043079,,,1,False
sports equipment,ROLLERSKATE,rollerskate,,,0.45828673047385027,,,1,False
sports equipment,SADDLE,saddle,,,0.18488654996625675,,,1,False
sports equipment,SCUBA,scuba,,,0.20803079112422213,,,1,False
sports equipment,SKATEBOARD,skateboard,,,0.5608775760829052,,,1,False
sports equipment,SKI,ski,,,0.5318504851078816,,,1,False
sports equipment,SKI BOOTS,ski boots,,,0.4119833286275704,,,1,False
sports equipment,SKI POLE,ski pole,,,0.4745206714464973,,,1,False
sports equipment,SLED,sled,,,0.23865237655544413,,,1,False
sports equipment,SNORKEL,snorkel,,,0.24826502069245668,,,1,False
sports equipment,SNOWBOARD,snowboard,,,0.5452445737040178,,,1,False
sports equipment,SNOWSHOE,snowshoe,,,0.20579430207826452,,,1,False
sports equipment,SOCCER BALL,soccer ball,,,0.8615732480501331,,,1,False
sports equipment,SPRINGBOARD,springboard,,,0.2182085450891733,,,1,False
sports equipment,STOPWATCH,stopwatch,,,0.35758476012289125,,,1,False
sports equipment,SURFBOARD,surfboard,,,0.4357960485627532,,,1,False
sports equipment,TARGET,target,,,0.22381384377350447,,,1,False
sports equipment,TEE,tee,,,0.3337702410576714,,,1,False
sports equipment,TENNIS BALL,tennis ball,,,0.756424344844525,,,1,False
sports equipment,TRAMPOLINE,trampoline,,,0.2429794357396264,,,1,False
sports equipment,TREADMILL,treadmill,,,0.47610734827509316,,,1,False
sports equipment,VOLLEYBALL,volleyball,,,0.8327113288858706,,,1,False
sports equipment,WETSUIT,wetsuit,,,0.22334906875772068,,,1,False
tool,AXE,axe,Axt,,0.7993612909755753,0.9577777777777778,,2,True
tool,BRUSH,brush,Bürste,,0.4720788314967189,0.21764705882352903,,2,True
tool,CHISEL,chisel,Meißel,,0.7870884555706359,0.788888888888889,,2,True
tool,DRILL,drill,Bohrmaschine,,0.9520046813245094,0.9366666666666666,,2,True
tool,HAMMER,hammer,Hammer,,0.9304815868615388,0.9894444444444445,,2,True
tool,KNIFE,knife,Messer,,0.7585497611848592,0.7019607843137262,,2,True
tool,PLIERS,pliers,Zange,,0.8469564812739953,0.9472222222222223,,2,True
tool,RAKE,rake,Rechen,,0.7234747103375859,0.3555555555555555,,2,True
tool,SAW,saw,Säge,,0.8661896552733458,0.9472222222222223,,2,True
tool,SCREWDRIVER,screwdriver,Schraubenzieher,,0.9340069855698108,0.8944444444444445,,2,True
tool,SHOVEL,shovel,Schaufel,,0.8014706845607994,0.6411111111111112,,2,True
tool,SICKLE,sickle,Sichel,,0.48205706301306606,0.39012345679012356,,2,True
tool,AIR PUMP,air pump,,,0.49437687952052406,,,1,False
tool,ANVIL,anvil,,,0.40558061725300665,,,1,False
tool,BACKSCRATCHER,backscratcher,,,0.17076200257883375,,,1,False
tool,BLOWER,blower,,,0.5626267833049816,,,1,False
tool,BLOWTORCH,blowtorch,,,0.5571333932850784,,,1,False
tool,BOTTLE OPENER,bottle opener,,,0.5494897432164202,,,1,False
tool,BROOM,broom,,,0.4555704632261395,,,1,False
tool,CAN OPENER,can opener,,,0.5656689108026844,,,1,False
tool,CHAIN,chain,,,0.3982469170353307,,,1,False
tool,CHAINSAW,chainsaw,,,0.7865478968306648,,,1,False
tool,CHOPSTICKS,chopsticks,,,0.11322243311522447,,,1,False
tool,CLEAVER,cleaver,,,0.3821056615383982,,,1,False
tool,CLIPPER,clipper,,,0.5720852448733624,,,1,False
tool,CORKSCREW,corkscrew,,,0.4479794663642333,,,1,False
tool,CRANK,crank,,,0.452617735213561,,,1,False
tool,CROWBAR,crowbar,,,0.7518977380230516,,,1,False
tool,CURLING IRON,curling iron,,,0.25119661573812674,,,1,False
tool,DUSTER,duster,,,0.29591836775830904,,,1,False
tool,DUSTPAN,dustpan,,,0.37230696902612764,,,1,False
tool,EGGBEATER,eggbeater,,,0.26365122653724743,,,1,False
tool,FILE,file,,,0.5508862434402495,,,1,False
tool,FILE (TOOL),,Feile,,,0.7783333333333335,,1,False
tool,FLYSWATTER,flyswatter,,,0.2535075697944496,,,1,False
tool,FORK,fork,,,0.3533951604171587,,,1,False
tool,FOUNTAIN PEN,fountain pen,,,0.14590019206130217,,,1,False
tool,FUNNEL,funnel,,,0.3935435198688268,,,1,False
tool,GAVEL,gavel,,,0.18430983399821863,,,1,False
tool,GRATER,grater,,,0.32410905679799035,,,1,False
tool,GRINDER,grinder,,,0.5661324845555501,,,1,False
tool,HOE,hoe,,,0.6691572358012186,,,1,False
tool,HOSE,hose,,,0.4450886383372105,,,1,False
tool,ICEPICK,icepick,,,0.39241501961238934,,,1,False
tool,JACK,jack,,,0.6493834070661514,,,1,False
tool,JACKHAMMER,jackhammer,,,0.7661179986057438,,,1,False
tool,LADDER,ladder,,,0.6268154068870946,,,1,False
tool,LADLE,ladle,,,0.250538096086679,,,1,False
tool,LETTER OPENER,letter opener,,,0.3310788776872951,,,1,False
tool,LIGHTER,lighter,,,0.34603464909454934,,,1,False
tool,MAGNIFIER,magnifier,,,0.3500604573228707,,,1,False
tool,MAGNIFYING GLASS,magnifying glass,,,0.3359329611980226,,,1,False
tool,MALLET,mallet,,,0.718476848093968,,,1,False
tool,MARKER,marker,,,0.28740756155730196,,,1,False
tool,MATCH,match,,,0.21300543781165954,,,1,False
tool,METAL DETECTOR,metal detector,,,0.32327289730172304,,,1,False
tool,MOP,mop,,,0.3807622069347752,,,1,False
tool,NAIL CLIPPERS,nail clippers,,,0.3765157685375546,,,1,False
tool,NAIL FILE,nail file,,,0.33525437558423254,,,1,False
tool,NEEDLE,needle,,,0.43281475595008395,,,1,False
tool,NUTCRACKER,nutcracker,,,0.32242125954780515,,,1,False
tool,PAINTBRUSH,paintbrush,,,0.48989567374334286,,,1,False
tool,PEELER,peeler,,,0.44308074514224327,,,1,False
tool,PEN,pen,,,0.28691591835620145,,,1,False
tool,PENCIL,pencil,,,0.30748000403447484,,,1,False
tool,PENCIL SHARPENER,pencil sharpener,,,0.3433935490392345,,,1,False
tool,PENLIGHT,penlight,,,0.2701414509704982,,,1,False
tool,PICKAX,pickax,,,0.6433455856082045,,,1,False
tool,PIN,pin,,,0.247508970029995,,,1,False
tool,PITCHFORK,pitchfork,,,0.5462815423092865,,,1,False
tool,PLUNGER,plunger,,,0.5517466471208372,,,1,False
tool,POCKETKNIFE,pocketknife,,,0.7640393441799903,,,1,False
tool,POKER,poker,,,0.351233352893965,,,1,False
tool,POLISHER,polisher,,,0.38098224965172206,,,1,False
tool,PUNCH,punch,,,0.4170085918253362,,,1,False
tool,QUILL,quill,,,0.062487788664553685,,,1,False
tool,RATCHET,ratchet,,,0.7105539149591055,,,1,False
tool,RAZOR,razor,,,0.45617895286941174,,,1,False
tool,ROLLING PIN,rolling pin,,,0.3562075606171606,,,1,False
tool,ROPE,rope,,,0.379240401918469,,,1,False
tool,RULER,ruler,,,0.581097971117669,,,1,False
tool,SANDPAPER,sandpaper,,,0.49740503847943623,,,1,False
tool,SAWHORSE,sawhorse,,,0.5067308717890507,,,1,False
tool,SCALPEL,scalpel,,,0.4354733192445645,,,1,False
tool,SCISSORS,scissors,,,0.7121542594538652,,,1,False
tool,SCOOP,scoop,,,0.28107629813139734,,,1,False
tool,SCRAPER,scraper,,,0.6165032345564728,,,1,False
tool,SHEARS,shears,,,0.6544986865103195,,,1,False
tool,SLEDGEHAMMER,sledgehammer,,,0.7489515783650527,,,1,False
tool,SOLDERING IRON,soldering iron,,,0.5747206398602657,,,1,False
tool,SPATULA,spatula,,,0.3623951942628411,,,1,False
tool,SPOON,spoon,,,0.29843925342329425,,,1,False
tool,SQUEEGEE,squeegee,,,0.34779285921875497,,,1,False
tool,STAMP,stamp,,,0.18520346871905233,,,1,False
tool,STAPLE GUN,staple gun,,,0.6686970874701719,,,1,False
tool,SWEEPER,sweeper,,,0.37984808116367463,,,1,False
tool,TAPE MEASURE,tape measure,,,0.7867998521755666,,,1,False
tool,TONGS,tongs,,,0.5136142286254731,,,1,False
tool,TOOL,tool,,,0.814918068666602,,,1,False
tool,TRIDENT,trident,,,0.13037021747118477,,,1,False
tool,TROWEL,trowel,,,0.5652090726230108,,,1,False
tool,TWEEZERS,tweezers,,,0.47276271029002365,,,1,False
tool,VACUUM,vacuum,,,0.4133852340081776,,,1,False
tool,VISE,vise,,,0.5641721094203792,,,1,False
tool,WATERING CAN,watering can,,,0.27513112866513256,,,1,False
tool,WEDGE,wedge,,,0.3529261032786215,,,1,False
tool,WIRE CUTTERS,wire cutters,,,0.7443133095157249,,,1,False
tool,WRENCH,wrench,,,0.894147400015225,,,1,False
toy,RATTLE,rattle,Rassel,,0.5790878658385628,0.176666666666667,,2,True
toy,BALL,ball,,,0.9069657546707085,,,1,False
toy,BALLOON,balloon,,,0.30293842920991665,,,1,False
toy,BEACHBALL,beachball,,,0.4412797446929821,,,1,False
toy,BOOMERANG,boomerang,,,0.26571079158186134,,,1,False
toy,CRAYON,crayon,,,0.39181094006335504,,,1,False
toy,DOLL,doll,,,0.8506794724591086,,,1,False
toy,DOLLHOUSE,dollhouse,,,0.7205567282050108,,,1,False
toy,DREIDEL,dreidel,,,0.15061489680177984,,,1,False
toy,FRISBEE,frisbee,,,0.6207709051456795,,,1,False
toy,GYROSCOPE,gyroscope,,,0.128969642171584,,,1,False
toy,HOBBYHORSE,hobbyhorse,,,0.30902772972458553,,,1,False
toy,HULA HOOP,hula hoop,,,0.5552415115823777,,,1,False
toy,KALEIDOSCOPE,kaleidoscope,,,0.2719684551979852,,,1,False
toy,KITE,kite,,,0.5298862604632137,,,1,False
toy,LEGO,lego,,,0.8139213222472104,,,1,False
toy,MARBLE,marble,,,0.46685097756330457,,,1,False
toy,MUSIC BOX,music box,,,0.24956463225410408,,,1,False
toy,NOISEMAKER,noisemaker,,,0.22833280085467847,,,1,False
toy,PINWHEEL,pinwheel,,,0.2660500456342446,,,1,False
toy,POGO STICK,pogo stick,,,0.382510568123148,,,1,False
toy,PUPPET,puppet,,,0.5047582081336146,,,1,False
toy,ROBOT,robot,,,0.502974704006782,,,1,False
toy,ROCKING HORSE,rocking horse,,,0.5149447225678773,,,1,False
toy,SCOOTER,scooter,,,0.5378225640757529,,,1,False
toy,SKATEBOARD,skateboard,,,0.49826709326749774,,,1,False
toy,SLINGSHOT,slingshot,,,0.3858187351185424,,,1,False
toy,SQUIRT GUN,squirt gun,,,0.6172888256599586,,,1,False
toy,STILT,stilt,,,0.048057618911089686,,,1,False
toy,TEDDY BEAR,teddy bear,,,0.777040781816372,,,1,False
toy,TOY,toy,,,0.8385907961271512,,,1,False
toy,TRAIN SET,train set,,,0.7633512080767102,,,1,False
toy,WHOOPEE CUSHION,whoopee cushion,,,0.2724013179507342,,,1,False
toy,YO-YO,yo-yo,,,0.6724537529949812,,,1,False
vegetable,ARTICHOKE,artichoke,,,0.33591981746012645,,,1,False
vegetable,ARUGULA,arugula,,,0.19575317170133474,,,1,False
vegetable,ASPARAGUS,asparagus,,,0.5412242509837927,,,1,False
vegetable,BEET,beet,,,0.3948773681671362,,,1,False
vegetable,BELL PEPPER,bell pepper,,,0.6347699970618499,,,1,False
vegetable,BOK CHOY,bok choy,,,0.18548780703931766,,,1,False
vegetable,BROCCOLI,broccoli,,,0.8840534434223176,,,1,False
vegetable,BRUSSELS SPROUTS,brussels sprouts,,,0.5752741781180045,,,1,False
vegetable,CABBAGE,cabbage,,,0.6319491926569715,,,1,False
vegetable,CARROT,carrot,,,0.9168325901998948,,,1,False
vegetable,CAULIFLOWER,cauliflower,,,0.6780978235081567,,,1,False
vegetable,CELERY,celery,,,0.6007846567893069,,,1,False
vegetable,CHICKPEA,chickpea,,,0.15375861235521296,,,1,False
vegetable,CHIVE,chive,,,0.17311136931069127,,,1,False
vegetable,CILANTRO,cilantro,,,0.16291991715736207,,,1,False
vegetable,CORN,corn,,,0.7653473194138387,,,1,False
vegetable,CUCUMBER,cucumber,,,0.6729355055566264,,,1,False
vegetable,EGGPLANT,eggplant,,,0.4379192677613635,,,1,False
vegetable,GARLIC,garlic,,,0.3139613380791888,,,1,False
vegetable,GOURD,gourd,,,0.1938481434837849,,,1,False
vegetable,GREEN BEANS,green beans,,,0.819109689404513,,,1,False
vegetable,JALAPENO,jalapeno,,,0.26390022224326626,,,1,False
vegetable,KALE,kale,,,0.5001250607463539,,,1,False
vegetable,LEEK,leek,,,0.22033275183159692,,,1,False
vegetable,LETTUCE,lettuce,,,0.8081900303357091,,,1,False
vegetable,OKRA,okra,,,0.27962017579076415,,,1,False
vegetable,ONION,onion,,,0.713037518640487,,,1,False
vegetable,PARSLEY,parsley,,,0.19931671971972062,,,1,False
vegetable,PEA,pea,,,0.6330118471276455,,,1,False
vegetable,PEPPER,pepper,,,0.5118922246409451,,,1,False
vegetable,POTATO,potato,,,0.7198284602566487,,,1,False
vegetable,PUMPKIN,pumpkin,,,0.3811540373868824,,,1,False
vegetable,RADISH,radish,,,0.40675040992576483,,,1,False
vegetable,RHUBARB,rhubarb,,,0.12591710626219732,,,1,False
vegetable,SCALLION,scallion,,,0.2235847336088172,,,1,False
vegetable,SPINACH,spinach,,,0.7009068907285325,,,1,False
vegetable,SPROUTS,sprouts,,,0.3101310124460497,,,1,False
vegetable,SQUASH,squash,,,0.5305684651346254,,,1,False
vegetable,SWEET POTATO,sweet potato,,,0.5113257217602609,,,1,False
vegetable,TOMATO,tomato,,,0.7118683326017858,,,1,False
vegetable,VEGETABLE,vegetable,,,0.7349874075253569,,,1,False
vegetable,ZUCCHINI,zucchini,,,0.603275578949131,,,1,False
vehicle,AIRPLANE,airplane,Hobel,,0.678690394684496,0.651666666666667,,2,True
vehicle,BOAT,boat,Boot,,0.5952187341701135,0.7677777777777779,,2,True
vehicle,BUS,bus,Bus,,0.9293119405043117,1.0,,2,True
vehicle,CANOE,canoe,Kanu,,0.28815763551511286,0.11333333333333363,,2,True
vehicle,CAR,car,Auto,,0.9937780539575307,1.0,,2,True
vehicle,CARRIAGE,carriage,Kutsche,,0.3357529930945213,0.4194444444444448,,2,True
vehicle,FERRY,ferry,Fähre,,0.4322608885970672,0.5672222222222225,,2,True
vehicle,HELICOPTER,helicopter,Hubschrauber,,0.5425395199251676,0.7255555555555556,,2,True
vehicle,MOTORCYCLE,motorcycle,Motorrad,,0.8617817628183279,0.7466666666666667,,2,True
vehicle,RAFT,raft,Floß,,0.19946526558482985,0.12388888888888915,,2,True
vehicle,SHIP,ship,Schiff,,0.5343369538561336,0.9577777777777778,,2,True
vehicle,SLED,sled,Schlitten,,0.13655106956787455,0.19777777777777816,,2,True
vehicle,SUBMARINE,submarine,U-Boot,,0.3225625722672141,0.0,,2,True
vehicle,TRAIN,train,Zug,,0.6978032959952116,0.9788888888888888,,2,True
vehicle,AIRBOAT,airboat,,,0.2869917328173422,,,1,False
vehicle,AIRCRAFT CARRIER,aircraft carrier,,,0.3430393017116086,,,1,False
vehicle,AMBULANCE,ambulance,,,0.76191955483785,,,1,False
vehicle,BIKE,bike,,,0.5954469664468266,,,1,False
vehicle,BUGGY,buggy,,,0.3780796292990138,,,1,False
vehicle,BULLDOZER,bulldozer,,,0.4448994133244183,,,1,False
vehicle,CAMPER,camper,,,0.5568565118766435,,,1,False
vehicle,CART,cart,,,0.2438570330083853,,,1,False
vehicle,CHARIOT,chariot,,,0.1857978629515582,,,1,False
vehicle,CRUISE SHIP,cruise ship,,,0.4425681527066842,,,1,False
vehicle,DIRT BIKE,dirt bike,,,0.6261800776286879,,,1,False
vehicle,FIRETRUCK,firetruck,,,0.7421770785032022,,,1,False
vehicle,FORKLIFT,forklift,,,0.37246822783558453,,,1,False
vehicle,GARBAGE TRUCK,garbage truck,,,0.6662058209083125,,,1,False
vehicle,GO-KART,go-kart,,,0.5358701137365917,,,1,False
vehicle,GOLF CART,golf cart,,,0.5587044015620057,,,1,False
vehicle,GONDOLA,gondola,,,0.12864701642506332,,,1,False
vehicle,HEARSE,hearse,,,0.4943398017546219,,,1,False
vehicle,HOT-AIR BALLOON,hot-air balloon,,,0.17437559468494954,,,1,False
vehicle,HOVERCRAFT,hovercraft,,,0.23333314539195932,,,1,False
vehicle,HUMVEE,humvee,,,0.608314685847166,,,1,False
vehicle,JEEP,jeep,,,0.8786347758884226,,,1,False
vehicle,JET,jet,,,0.5649153776878394,,,1,False
vehicle,JETSKI,jetski,,,0.3406209210289934,,,1,False
vehicle,KAYAK,kayak,,,0.19132859003476735,,,1,False
vehicle,LIMOUSINE,limousine,,,0.7070181922124272,,,1,False
vehicle,MINIVAN,minivan,,,0.9255326103307856,,,1,False
vehicle,POLICE CAR,police car,,,0.848256585473921,,,1,False
vehicle,QUAD,quad,,,0.36445588348944846,,,1,False
vehicle,RICKSHAW,rickshaw,,,0.1626852455617262,,,1,False
vehicle,ROADSWEEPER,roadsweeper,,,0.3734738686417895,,,1,False
vehicle,ROCKET,rocket,,,0.1838578210870993,,,1,False
vehicle,SAILBOAT,sailboat,,,0.4448834267328052,,,1,False
vehicle,SCHOOL BUS,school bus,,,0.8023506574871652,,,1,False
vehicle,SCOOTER,scooter,,,0.6233470095574486,,,1,False
vehicle,SEAPLANE,seaplane,,,0.30967682816530356,,,1,False
vehicle,SKATEBOARD,skateboard,,,0.2772750044515472,,,1,False
vehicle,SNOWMOBILE,snowmobile,,,0.5043977546417576,,,1,False
vehicle,SNOWPLOW,snowplow,,,0.3835590656791264,,,1,False
vehicle,SPACE SHUTTLE,space shuttle,,,0.24857161534598238,,,1,False
vehicle,SPEEDBOAT,speedboat,,,0.4935032161817087,,,1,False
vehicle,STATION WAGON,station wagon,,,0.8250555660732373,,,1,False
vehicle,STEAMROLLER,steamroller,,,0.26384019304592377,,,1,False
vehicle,STROLLER,stroller,,,0.18780694146398152,,,1,False
vehicle,SUBWAY,subway,,,0.47801777891226016,,,1,False
vehicle,TAXI,taxi,,,0.870029313728656,,,1,False
vehicle,TRACTOR,tractor,,,0.6524068712049724,,,1,False
vehicle,TRICYCLE,tricycle,,,0.3728698264877999,,,1,False
vehicle,TROLLEY,trolley,,,0.46518140227151933,,,1,False
vehicle,TRUCK,truck,,,0.964691523691532,,,1,False
vehicle,TUGBOAT,tugboat,,,0.2775333116118666,,,1,False
vehicle,UNICYCLE,unicycle,,,0.19211961262922642,,,1,False
vehicle,VAN,van,,,0.9081708434133784,,,1,False
vehicle,WAGON,wagon,,,0.41015596019201933,,,1,False
vehicle,WHEELCHAIR,wheelchair,,,0.15245547967849724,,,1,False
vehicle,YACHT,yacht,,,0.4058714959319215,,,1,False
watercraft,AIRBOAT,airboat,,,0.35692065918215776,,,1,False
watercraft,AIRCRAFT CARRIER,aircraft carrier,,,0.20771198633700386,,,1,False
watercraft,BOAT,boat,,,0.9103897632039887,,,1,False
watercraft,CANOE,canoe,,,0.5716666356796385,,,1,False
watercraft,CRUISE SHIP,cruise ship,,,0.6528927850844257,,,1,False
watercraft,FERRY,ferry,,,0.45997597653625977,,,1,False
watercraft,GONDOLA,gondola,,,0.15048450370159794,,,1,False
watercraft,HOVERCRAFT,hovercraft,,,0.18900284838952047,,,1,False
watercraft,JETSKI,jetski,,,0.5950223390026195,,,1,False
watercraft,KAYAK,kayak,,,0.5313379839220101,,,1,False
watercraft,RAFT,raft,,,0.534860913668367,,,1,False
watercraft,SAILBOAT,sailboat,,,0.7840381757853507,,,1,False
watercraft,SEAPLANE,seaplane,,,0.20490618362113946,,,1,False
watercraft,SHIP,ship,,,0.7953900473464521,,,1,False
watercraft,SPEEDBOAT,speedboat,,,0.7217242328582366,,,1,False
watercraft,SUBMARINE,submarine,,,0.3892471024715059,,,1,False
watercraft,TORPEDO,torpedo,,,0.06998144824695098,,,1,False
watercraft,TUGBOAT,tugboat,,,0.39910068138175986,,,1,False
watercraft,YACHT,yacht,,,0.6433175821376417,,,1,False
weapon,ARROW,arrow,,,0.5954621322982452,,,1,False
weapon,AXE,axe,,,0.6163163446028369,,,1,False
weapon,BASEBALL BAT,baseball bat,,,0.5131530901958121,,,1,False
weapon,BAT,bat,,,0.4977091203942285,,,1,False
weapon,BATON,baton,,,0.4649864521451016,,,1,False
weapon,BAZOOKA,bazooka,,,0.5149766830767444,,,1,False
weapon,BLOWGUN,blowgun,,,0.2507180641901802,,,1,False
weapon,BLOWTORCH,blowtorch,,,0.15930811131181408,,,1,False
weapon,BOMB,bomb,,,0.6662947712402196,,,1,False
weapon,BOOMERANG,boomerang,,,0.12030324711849782,,,1,False
weapon,BOW,bow,,,0.6082278046937516,,,1,False
weapon,BRASS KNUCKLES,brass knuckles,,,0.5359507670207326,,,1,False
weapon,BULLET,bullet,,,0.7097114840998247,,,1,False
weapon,CANNON,cannon,,,0.5585808916796028,,,1,False
weapon,CANNONBALL,cannonball,,,0.3203657202451643,,,1,False
weapon,CATAPULT,catapult,,,0.20840387696334997,,,1,False
weapon,CHAINSAW,chainsaw,,,0.3717286169844214,,,1,False
weapon,CLEAVER,cleaver,,,0.40230969697187147,,,1,False
weapon,CROSSBOW,crossbow,,,0.6058244295312766,,,1,False
weapon,CROWBAR,crowbar,,,0.41065165397585657,,,1,False
weapon,DAGGER,dagger,,,0.7038312401953131,,,1,False
weapon,DART,dart,,,0.26141798598016364,,,1,False
weapon,DYNAMITE,dynamite,,,0.30501973419602235,,,1,False
weapon,FLAMETHROWER,flamethrower,,,0.417008591825336,,,1,False
weapon,GRENADE,grenade,,,0.6611157624744025,,,1,False
weapon,GUN,gun,,,0.9904793387515163,,,1,False
weapon,HAMMER,hammer,,,0.4109496656741273,,,1,False
weapon,ICEPICK,icepick,,,0.2820325141993978,,,1,False
weapon,KNIFE,knife,,,0.892065699817497,,,1,False
weapon,LANDMINE,landmine,,,0.3152821268496346,,,1,False
weapon,MACHETE,machete,,,0.6183133347974775,,,1,False
weapon,MACHINE GUN,machine gun,,,0.869844333855184,,,1,False
weapon,MISSILE,missile,,,0.5353335296932383,,,1,False
weapon,PICKAX,pickax,,,0.32758244119556446,,,1,False
weapon,PITCHFORK,pitchfork,,,0.2785928990976492,,,1,False
weapon,POCKETKNIFE,pocketknife,,,0.6881993510836623,,,1,False
weapon,RAZOR BLADE,razor blade,,,0.4586592821886557,,,1,False
weapon,REVOLVER,revolver,,,0.8610430755571388,,,1,False
weapon,RIFLE,rifle,,,0.9189318077901727,,,1,False
weapon,SCALPEL,scalpel,,,0.19159226423292036,,,1,False
weapon,SCISSORS,scissors,,,0.218365336660763,,,1,False
weapon,SLINGSHOT,slingshot,,,0.382646681930164,,,1,False
weapon,SPEAR,spear,,,0.5782169767116198,,,1,False
weapon,SWORD,sword,,,0.8354598397274153,,,1,False
weapon,TANK,tank,,,0.4042585438772859,,,1,False
weapon,TORPEDO,torpedo,,,0.3436184172543601,,,1,False
weapon,TRIDENT,trident,,,0.13922479090087153,,,1,False
weapon,WHIP,whip,,,0.2368589025297659,,,1,False
women's clothing,BIKINI,bikini,,,0.6579115477620651,,,1,False
women's clothing,BLOUSE,blouse,,,0.8075185380110665,,,1,False
women's clothing,BOA,boa,,,0.07452092025299036,,,1,False
women's clothing,BRA,bra,,,0.8605248170527505,,,1,False
women's clothing,CORSET,corset,,,0.33519509197366754,,,1,False
women's clothing,DRESS,dress,,,0.9554927192514596,,,1,False
women's clothing,FISHNET STOCKINGS,fishnet stockings,,,0.35367366309316506,,,1,False
women's clothing,GARTER,garter,,,0.24012016721883117,,,1,False
women's clothing,HEADSCARF,headscarf,,,0.3056944074597363,,,1,False
women's clothing,KIMONO,kimono,,,0.25763118677467395,,,1,False
women's clothing,LEGGINGS,leggings,,,0.7140519455909344,,,1,False
women's clothing,LINGERIE,lingerie,,,0.6267643191673908,,,1,False
women's clothing,PANTSUIT,pantsuit,,,0.4973643500386447,,,1,False
women's clothing,PANTYHOSE,pantyhose,,,0.5479083919069709,,,1,False
women's clothing,SKIRT,skirt,,,0.866939436937493,,,1,False
women's clothing,STILETTO,stiletto,,,0.36467386732717233,,,1,False
women's clothing,STOCKINGS,stockings,,,0.4928708911139911,,,1,False
women's clothing,TIARA,tiara,,,0.12407369171951585,,,1,False
women's clothing,TUBE TOP,tube top,,,0.4772079224465046,,,1,False
women's clothing,VEIL,veil,,,0.14525292642986196,,,1,False
