,model,category,language,frame_type,instance,prompt,total_logprob,avg_logprob
0,meta-llama/Llama-3.1-8B-Instruct,animal,en,generic,ant,One example of a animal is ___.,-10.1875,-10.1875
1,meta-llama/Llama-3.1-8B-Instruct,animal,en,generic,bee,One example of a animal is ___.,-14.5625,-14.5625
2,meta-llama/Llama-3.1-8B-Instruct,animal,en,generic,butterfly,One example of a animal is ___.,-13.0625,-13.0625
3,meta-llama/Llama-3.1-8B-Instruct,animal,en,generic,crow,One example of a animal is ___.,-15.0,-15.0
4,meta-llama/Llama-3.1-8B-Instruct,animal,en,generic,duck,One example of a animal is ___.,-14.875,-14.875
5,meta-llama/Llama-3.1-8B-Instruct,animal,en,generic,eagle,One example of a animal is ___.,-15.5,-15.5
6,meta-llama/Llama-3.1-8B-Instruct,animal,en,generic,frog,One example of a animal is ___.,-13.9375,-13.9375
7,meta-llama/Llama-3.1-8B-Instruct,animal,en,generic,hummingbird,One example of a animal is ___.,-15.43359375,-7.716796875
8,meta-llama/Llama-3.1-8B-Instruct,animal,en,generic,iguana,One example of a animal is ___.,-13.309722900390625,-4.436574300130208
9,meta-llama/Llama-3.1-8B-Instruct,animal,en,generic,lizard,One example of a animal is ___.,-14.0,-14.0
10,meta-llama/Llama-3.1-8B-Instruct,animal,en,generic,owl,One example of a animal is ___.,-12.8125,-12.8125
11,meta-llama/Llama-3.1-8B-Instruct,animal,en,generic,parrot,One example of a animal is ___.,-13.328125,-6.6640625
12,meta-llama/Llama-3.1-8B-Instruct,animal,en,generic,seagull,One example of a animal is ___.,-14.171875,-4.723958333333333
13,meta-llama/Llama-3.1-8B-Instruct,animal,en,generic,snake,One example of a animal is ___.,-13.375,-13.375
14,meta-llama/Llama-3.1-8B-Instruct,animal,en,generic,spider,One example of a animal is ___.,-13.6875,-13.6875
15,meta-llama/Llama-3.1-8B-Instruct,animal,en,generic,vulture,One example of a animal is ___.,-16.03125,-8.015625
16,meta-llama/Llama-3.1-8B-Instruct,animal,en,generic,wasp,One example of a animal is ___.,-15.09375,-7.546875
17,meta-llama/Llama-3.1-8B-Instruct,animal,en,generic,worm,One example of a animal is ___.,-14.6875,-14.6875
18,meta-llama/Llama-3.1-8B-Instruct,animal,en,generic,beetle,One example of a animal is ___.,-14.25,-14.25
19,meta-llama/Llama-3.1-8B-Instruct,animal,en,generic,bird,One example of a animal is ___.,-12.625,-12.625
20,meta-llama/Llama-3.1-8B-Instruct,animal,en,generic,cockroach,One example of a animal is ___.,-14.6181640625,-7.30908203125
21,meta-llama/Llama-3.1-8B-Instruct,animal,en,generic,dragonfly,One example of a animal is ___.,-15.9921875,-7.99609375
22,meta-llama/Llama-3.1-8B-Instruct,animal,en,generic,flamingo,One example of a animal is ___.,-15.7421875,-7.87109375
23,meta-llama/Llama-3.1-8B-Instruct,animal,en,generic,grasshopper,One example of a animal is ___.,-11.8154296875,-3.9384765625
24,meta-llama/Llama-3.1-8B-Instruct,animal,en,generic,hawk,One example of a animal is ___.,-15.25,-15.25
25,meta-llama/Llama-3.1-8B-Instruct,animal,en,generic,ladybug,One example of a animal is ___.,-16.109375,-8.0546875
26,meta-llama/Llama-3.1-8B-Instruct,animal,en,generic,mosquito,One example of a animal is ___.,-15.625,-15.625
27,meta-llama/Llama-3.1-8B-Instruct,animal,en,generic,ostrich,One example of a animal is ___.,-15.843994140625,-7.9219970703125
28,meta-llama/Llama-3.1-8B-Instruct,animal,en,generic,peacock,One example of a animal is ___.,-14.7109375,-7.35546875
29,meta-llama/Llama-3.1-8B-Instruct,animal,en,generic,pelican,One example of a animal is ___.,-14.470703125,-7.2353515625
30,meta-llama/Llama-3.1-8B-Instruct,animal,en,generic,penguin,One example of a animal is ___.,-12.328125,-6.1640625
31,meta-llama/Llama-3.1-8B-Instruct,animal,en,generic,pheasant,One example of a animal is ___.,-15.130859375,-5.043619791666667
32,meta-llama/Llama-3.1-8B-Instruct,animal,en,generic,rooster,One example of a animal is ___.,-15.046875,-7.5234375
33,meta-llama/Llama-3.1-8B-Instruct,animal,en,generic,seahorse,One example of a animal is ___.,-13.421875,-4.473958333333333
34,meta-llama/Llama-3.1-8B-Instruct,animal,en,generic,starfish,One example of a animal is ___.,-14.625,-7.3125
35,meta-llama/Llama-3.1-8B-Instruct,animal,en,generic,swan,One example of a animal is ___.,-14.17578125,-7.087890625
36,meta-llama/Llama-3.1-8B-Instruct,animal,en,generic,tarantula,One example of a animal is ___.,-15.578125,-5.192708333333333
37,meta-llama/Llama-3.1-8B-Instruct,animal,en,generic,tick,One example of a animal is ___.,-14.0625,-14.0625
38,meta-llama/Llama-3.1-8B-Instruct,animal,en,generic,toad,One example of a animal is ___.,-14.46875,-7.234375
39,meta-llama/Llama-3.1-8B-Instruct,animal,en,generic,turtle,One example of a animal is ___.,-14.4375,-14.4375
40,meta-llama/Llama-3.1-8B-Instruct,animal,en,generic,aardvark,One example of a animal is ___.,-12.48095703125,-3.1202392578125
41,meta-llama/Llama-3.1-8B-Instruct,animal,en,generic,alligator,One example of a animal is ___.,-13.328125,-6.6640625
42,meta-llama/Llama-3.1-8B-Instruct,animal,en,generic,alpaca,One example of a animal is ___.,-14.6920166015625,-4.8973388671875
43,meta-llama/Llama-3.1-8B-Instruct,animal,en,generic,anteater,One example of a animal is ___.,-13.43359375,-6.716796875
44,meta-llama/Llama-3.1-8B-Instruct,animal,en,generic,antelope,One example of a animal is ___.,-11.515625,-5.7578125
45,meta-llama/Llama-3.1-8B-Instruct,animal,en,generic,badger,One example of a animal is ___.,-13.48046875,-6.740234375
46,meta-llama/Llama-3.1-8B-Instruct,animal,en,generic,barnacle,One example of a animal is ___.,-13.34375,-6.671875
47,meta-llama/Llama-3.1-8B-Instruct,animal,en,generic,bat,One example of a animal is ___.,-14.0625,-14.0625
48,meta-llama/Llama-3.1-8B-Instruct,animal,en,generic,bear,One example of a animal is ___.,-14.1875,-14.1875
49,meta-llama/Llama-3.1-8B-Instruct,animal,en,generic,beaver,One example of a animal is ___.,-15.03125,-7.515625
50,meta-llama/Llama-3.1-8B-Instruct,animal,en,generic,bison,One example of a animal is ___.,-15.5625,-7.78125
51,meta-llama/Llama-3.1-8B-Instruct,animal,en,generic,blowfish,One example of a animal is ___.,-17.6171875,-8.80859375
52,meta-llama/Llama-3.1-8B-Instruct,animal,en,generic,boar,One example of a animal is ___.,-15.421875,-7.7109375
53,meta-llama/Llama-3.1-8B-Instruct,animal,en,generic,bug,One example of a animal is ___.,-14.875,-14.875
54,meta-llama/Llama-3.1-8B-Instruct,animal,en,generic,bull,One example of a animal is ___.,-14.25,-14.25
55,meta-llama/Llama-3.1-8B-Instruct,animal,en,generic,calf,One example of a animal is ___.,-15.0625,-15.0625
56,meta-llama/Llama-3.1-8B-Instruct,animal,en,generic,camel,One example of a animal is ___.,-14.0625,-14.0625
57,meta-llama/Llama-3.1-8B-Instruct,animal,en,generic,cardinal,One example of a animal is ___.,-15.375,-15.375
58,meta-llama/Llama-3.1-8B-Instruct,animal,en,generic,cat,One example of a animal is ___.,-11.375,-11.375
59,meta-llama/Llama-3.1-8B-Instruct,animal,en,generic,caterpillar,One example of a animal is ___.,-13.859375,-6.9296875
60,meta-llama/Llama-3.1-8B-Instruct,animal,en,generic,catfish,One example of a animal is ___.,-19.3125,-9.65625
61,meta-llama/Llama-3.1-8B-Instruct,animal,en,generic,cheetah,One example of a animal is ___.,-12.964584350585938,-4.3215281168619795
62,meta-llama/Llama-3.1-8B-Instruct,animal,en,generic,chick,One example of a animal is ___.,-14.5,-14.5
63,meta-llama/Llama-3.1-8B-Instruct,animal,en,generic,chicken,One example of a animal is ___.,-13.8125,-13.8125
64,meta-llama/Llama-3.1-8B-Instruct,animal,en,generic,chihuahua,One example of a animal is ___.,-14.389312744140625,-3.5973281860351562
65,meta-llama/Llama-3.1-8B-Instruct,animal,en,generic,chinchilla,One example of a animal is ___.,-15.15625,-5.052083333333333
66,meta-llama/Llama-3.1-8B-Instruct,animal,en,generic,chipmunk,One example of a animal is ___.,-14.94921875,-4.983072916666667
67,meta-llama/Llama-3.1-8B-Instruct,animal,en,generic,clam,One example of a animal is ___.,-14.1875,-14.1875
68,meta-llama/Llama-3.1-8B-Instruct,animal,en,generic,cobra,One example of a animal is ___.,-14.875,-7.4375
69,meta-llama/Llama-3.1-8B-Instruct,animal,en,generic,cockatoo,One example of a animal is ___.,-17.690948486328125,-5.896982828776042
70,meta-llama/Llama-3.1-8B-Instruct,animal,en,generic,coral,One example of a animal is ___.,-13.0625,-13.0625
71,meta-llama/Llama-3.1-8B-Instruct,animal,en,generic,cougar,One example of a animal is ___.,-15.1875,-15.1875
72,meta-llama/Llama-3.1-8B-Instruct,animal,en,generic,cow,One example of a animal is ___.,-12.75,-12.75
73,meta-llama/Llama-3.1-8B-Instruct,animal,en,generic,coyote,One example of a animal is ___.,-13.23828125,-6.619140625
74,meta-llama/Llama-3.1-8B-Instruct,animal,en,generic,crab,One example of a animal is ___.,-14.8125,-14.8125
75,meta-llama/Llama-3.1-8B-Instruct,animal,en,generic,crayfish,One example of a animal is ___.,-14.490234375,-7.2451171875
76,meta-llama/Llama-3.1-8B-Instruct,animal,en,generic,dalmatian,One example of a animal is ___.,-17.83203125,-4.4580078125
77,meta-llama/Llama-3.1-8B-Instruct,animal,en,generic,deer,One example of a animal is ___.,-12.1875,-12.1875
78,meta-llama/Llama-3.1-8B-Instruct,animal,en,generic,dog,One example of a animal is ___.,-11.625,-11.625
79,meta-llama/Llama-3.1-8B-Instruct,animal,en,generic,dolphin,One example of a animal is ___.,-15.5625,-15.5625
80,meta-llama/Llama-3.1-8B-Instruct,animal,en,generic,donkey,One example of a animal is ___.,-14.296875,-7.1484375
81,meta-llama/Llama-3.1-8B-Instruct,animal,en,generic,duckling,One example of a animal is ___.,-18.28125,-9.140625
82,meta-llama/Llama-3.1-8B-Instruct,animal,en,generic,earwig,One example of a animal is ___.,-17.609375,-8.8046875
83,meta-llama/Llama-3.1-8B-Instruct,animal,en,generic,eel,One example of a animal is ___.,-15.65625,-7.828125
84,meta-llama/Llama-3.1-8B-Instruct,animal,en,generic,elephant,One example of a animal is ___.,-12.4375,-12.4375
85,meta-llama/Llama-3.1-8B-Instruct,animal,en,generic,ferret,One example of a animal is ___.,-15.1484375,-7.57421875
86,meta-llama/Llama-3.1-8B-Instruct,animal,en,generic,fish,One example of a animal is ___.,-11.625,-11.625
87,meta-llama/Llama-3.1-8B-Instruct,animal,en,generic,fly,One example of a animal is ___.,-13.6875,-13.6875
88,meta-llama/Llama-3.1-8B-Instruct,animal,en,generic,fox,One example of a animal is ___.,-13.0625,-13.0625
89,meta-llama/Llama-3.1-8B-Instruct,animal,en,generic,gazelle,One example of a animal is ___.,-13.27734375,-6.638671875
90,meta-llama/Llama-3.1-8B-Instruct,animal,en,generic,giraffe,One example of a animal is ___.,-15.173828125,-7.5869140625
91,meta-llama/Llama-3.1-8B-Instruct,animal,en,generic,goat,One example of a animal is ___.,-15.1875,-15.1875
92,meta-llama/Llama-3.1-8B-Instruct,animal,en,generic,goldfish,One example of a animal is ___.,-14.404296875,-7.2021484375
93,meta-llama/Llama-3.1-8B-Instruct,animal,en,generic,goose,One example of a animal is ___.,-15.125,-15.125
94,meta-llama/Llama-3.1-8B-Instruct,animal,en,generic,gopher,One example of a animal is ___.,-14.96875,-7.484375
95,meta-llama/Llama-3.1-8B-Instruct,animal,en,generic,gorilla,One example of a animal is ___.,-14.0400390625,-7.02001953125
96,meta-llama/Llama-3.1-8B-Instruct,animal,en,generic,groundhog,One example of a animal is ___.,-15.2421875,-7.62109375
97,meta-llama/Llama-3.1-8B-Instruct,animal,en,generic,guinea pig,One example of a animal is ___.,-14.1015625,-4.700520833333333
98,meta-llama/Llama-3.1-8B-Instruct,animal,en,generic,hamster,One example of a animal is ___.,-14.169921875,-7.0849609375
99,meta-llama/Llama-3.1-8B-Instruct,animal,en,generic,hedgehog,One example of a animal is ___.,-13.44140625,-6.720703125
100,meta-llama/Llama-3.1-8B-Instruct,animal,en,generic,hippopotamus,One example of a animal is ___.,-15.84521484375,-5.28173828125
101,meta-llama/Llama-3.1-8B-Instruct,animal,en,generic,horse,One example of a animal is ___.,-12.3125,-12.3125
102,meta-llama/Llama-3.1-8B-Instruct,animal,en,generic,hyena,One example of a animal is ___.,-14.19140625,-7.095703125
103,meta-llama/Llama-3.1-8B-Instruct,animal,en,generic,jellyfish,One example of a animal is ___.,-13.75,-6.875
104,meta-llama/Llama-3.1-8B-Instruct,animal,en,generic,kangaroo,One example of a animal is ___.,-13.90673828125,-6.953369140625
105,meta-llama/Llama-3.1-8B-Instruct,animal,en,generic,kitten,One example of a animal is ___.,-14.1875,-14.1875
106,meta-llama/Llama-3.1-8B-Instruct,animal,en,generic,koala,One example of a animal is ___.,-14.73828125,-7.369140625
107,meta-llama/Llama-3.1-8B-Instruct,animal,en,generic,lamb,One example of a animal is ___.,-15.5625,-15.5625
108,meta-llama/Llama-3.1-8B-Instruct,animal,en,generic,leech,One example of a animal is ___.,-17.28125,-8.640625
109,meta-llama/Llama-3.1-8B-Instruct,animal,en,generic,leopard,One example of a animal is ___.,-12.75,-12.75
110,meta-llama/Llama-3.1-8B-Instruct,animal,en,generic,lightning bug,One example of a animal is ___.,-18.53125,-9.265625
111,meta-llama/Llama-3.1-8B-Instruct,animal,en,generic,lion,One example of a animal is ___.,-11.4375,-11.4375
112,meta-llama/Llama-3.1-8B-Instruct,animal,en,generic,llama,One example of a animal is ___.,-17.375,-17.375
113,meta-llama/Llama-3.1-8B-Instruct,animal,en,generic,lobster,One example of a animal is ___.,-16.0,-16.0
114,meta-llama/Llama-3.1-8B-Instruct,animal,en,generic,maggot,One example of a animal is ___.,-15.6171875,-7.80859375
115,meta-llama/Llama-3.1-8B-Instruct,animal,en,generic,manatee,One example of a animal is ___.,-14.671875,-7.3359375
116,meta-llama/Llama-3.1-8B-Instruct,animal,en,generic,meerkat,One example of a animal is ___.,-13.4755859375,-4.491861979166667
117,meta-llama/Llama-3.1-8B-Instruct,animal,en,generic,mole,One example of a animal is ___.,-15.75,-15.75
118,meta-llama/Llama-3.1-8B-Instruct,animal,en,generic,mongoose,One example of a animal is ___.,-14.875,-14.875
119,meta-llama/Llama-3.1-8B-Instruct,animal,en,generic,monkey,One example of a animal is ___.,-13.5,-13.5
120,meta-llama/Llama-3.1-8B-Instruct,animal,en,generic,moose,One example of a animal is ___.,-13.0009765625,-6.50048828125
121,meta-llama/Llama-3.1-8B-Instruct,animal,en,generic,moth,One example of a animal is ___.,-13.5,-13.5
122,meta-llama/Llama-3.1-8B-Instruct,animal,en,generic,mouse,One example of a animal is ___.,-13.0,-13.0
123,meta-llama/Llama-3.1-8B-Instruct,animal,en,generic,mussel,One example of a animal is ___.,-15.39013671875,-7.695068359375
124,meta-llama/Llama-3.1-8B-Instruct,animal,en,generic,octopus,One example of a animal is ___.,-13.720703125,-6.8603515625
125,meta-llama/Llama-3.1-8B-Instruct,animal,en,generic,orangutan,One example of a animal is ___.,-14.0546875,-7.02734375
126,meta-llama/Llama-3.1-8B-Instruct,animal,en,generic,otter,One example of a animal is ___.,-13.73828125,-6.869140625
127,meta-llama/Llama-3.1-8B-Instruct,animal,en,generic,oyster,One example of a animal is ___.,-15.03125,-7.515625
128,meta-llama/Llama-3.1-8B-Instruct,animal,en,generic,panda,One example of a animal is ___.,-14.5,-14.5
129,meta-llama/Llama-3.1-8B-Instruct,animal,en,generic,panther,One example of a animal is ___.,-13.90625,-6.953125
130,meta-llama/Llama-3.1-8B-Instruct,animal,en,generic,pig,One example of a animal is ___.,-13.625,-13.625
131,meta-llama/Llama-3.1-8B-Instruct,animal,en,generic,pigeon,One example of a animal is ___.,-15.125,-15.125
132,meta-llama/Llama-3.1-8B-Instruct,animal,en,generic,piglet,One example of a animal is ___.,-18.78125,-9.390625
133,meta-llama/Llama-3.1-8B-Instruct,animal,en,generic,platypus,One example of a animal is ___.,-12.6866455078125,-4.2288818359375
134,meta-llama/Llama-3.1-8B-Instruct,animal,en,generic,polar bear,One example of a animal is ___.,-13.796875,-6.8984375
135,meta-llama/Llama-3.1-8B-Instruct,animal,en,generic,pony,One example of a animal is ___.,-14.0625,-14.0625
136,meta-llama/Llama-3.1-8B-Instruct,animal,en,generic,poodle,One example of a animal is ___.,-15.46875,-7.734375
137,meta-llama/Llama-3.1-8B-Instruct,animal,en,generic,porcupine,One example of a animal is ___.,-12.763916015625,-4.254638671875
138,meta-llama/Llama-3.1-8B-Instruct,animal,en,generic,possum,One example of a animal is ___.,-14.92578125,-7.462890625
139,meta-llama/Llama-3.1-8B-Instruct,animal,en,generic,praying mantis,One example of a animal is ___.,-15.819244384765625,-5.273081461588542
140,meta-llama/Llama-3.1-8B-Instruct,animal,en,generic,puffin,One example of a animal is ___.,-15.45703125,-7.728515625
141,meta-llama/Llama-3.1-8B-Instruct,animal,en,generic,pug,One example of a animal is ___.,-14.328125,-7.1640625
142,meta-llama/Llama-3.1-8B-Instruct,animal,en,generic,puppy,One example of a animal is ___.,-13.25,-13.25
143,meta-llama/Llama-3.1-8B-Instruct,animal,en,generic,rabbit,One example of a animal is ___.,-13.1875,-13.1875
144,meta-llama/Llama-3.1-8B-Instruct,animal,en,generic,raccoon,One example of a animal is ___.,-13.6904296875,-6.84521484375
145,meta-llama/Llama-3.1-8B-Instruct,animal,en,generic,ram,One example of a animal is ___.,-15.5625,-15.5625
146,meta-llama/Llama-3.1-8B-Instruct,animal,en,generic,rat,One example of a animal is ___.,-13.75,-13.75
147,meta-llama/Llama-3.1-8B-Instruct,animal,en,generic,rattlesnake,One example of a animal is ___.,-15.1685791015625,-3.792144775390625
148,meta-llama/Llama-3.1-8B-Instruct,animal,en,generic,reindeer,One example of a animal is ___.,-16.521728515625,-8.2608642578125
149,meta-llama/Llama-3.1-8B-Instruct,animal,en,generic,rhinoceros,One example of a animal is ___.,-13.0689697265625,-3.267242431640625
150,meta-llama/Llama-3.1-8B-Instruct,animal,en,generic,sardine,One example of a animal is ___.,-16.48828125,-5.49609375
151,meta-llama/Llama-3.1-8B-Instruct,animal,en,generic,scallop,One example of a animal is ___.,-15.28125,-7.640625
152,meta-llama/Llama-3.1-8B-Instruct,animal,en,generic,scorpion,One example of a animal is ___.,-13.40625,-6.703125
153,meta-llama/Llama-3.1-8B-Instruct,animal,en,generic,sea urchin,One example of a animal is ___.,-16.24468994140625,-4.0611724853515625
154,meta-llama/Llama-3.1-8B-Instruct,animal,en,generic,seal,One example of a animal is ___.,-13.375,-13.375
155,meta-llama/Llama-3.1-8B-Instruct,animal,en,generic,shark,One example of a animal is ___.,-13.1875,-13.1875
156,meta-llama/Llama-3.1-8B-Instruct,animal,en,generic,sheep,One example of a animal is ___.,-12.5625,-12.5625
157,meta-llama/Llama-3.1-8B-Instruct,animal,en,generic,shrimp,One example of a animal is ___.,-15.0625,-15.0625
158,meta-llama/Llama-3.1-8B-Instruct,animal,en,generic,skunk,One example of a animal is ___.,-13.68359375,-6.841796875
159,meta-llama/Llama-3.1-8B-Instruct,animal,en,generic,sloth,One example of a animal is ___.,-13.732421875,-6.8662109375
160,meta-llama/Llama-3.1-8B-Instruct,animal,en,generic,slug,One example of a animal is ___.,-13.1875,-13.1875
161,meta-llama/Llama-3.1-8B-Instruct,animal,en,generic,snail,One example of a animal is ___.,-12.498046875,-6.2490234375
162,meta-llama/Llama-3.1-8B-Instruct,animal,en,generic,squid,One example of a animal is ___.,-16.0,-16.0
163,meta-llama/Llama-3.1-8B-Instruct,animal,en,generic,squirrel,One example of a animal is ___.,-14.6875,-14.6875
164,meta-llama/Llama-3.1-8B-Instruct,animal,en,generic,stingray,One example of a animal is ___.,-15.2734375,-7.63671875
165,meta-llama/Llama-3.1-8B-Instruct,animal,en,generic,swordfish,One example of a animal is ___.,-15.73828125,-7.869140625
166,meta-llama/Llama-3.1-8B-Instruct,animal,en,generic,tadpole,One example of a animal is ___.,-15.83203125,-7.916015625
167,meta-llama/Llama-3.1-8B-Instruct,animal,en,generic,tiger,One example of a animal is ___.,-11.625,-11.625
168,meta-llama/Llama-3.1-8B-Instruct,animal,en,generic,toucan,One example of a animal is ___.,-15.576171875,-7.7880859375
169,meta-llama/Llama-3.1-8B-Instruct,animal,en,generic,turkey,One example of a animal is ___.,-14.5625,-14.5625
170,meta-llama/Llama-3.1-8B-Instruct,animal,en,generic,walrus,One example of a animal is ___.,-15.45703125,-7.728515625
171,meta-llama/Llama-3.1-8B-Instruct,animal,en,generic,warthog,One example of a animal is ___.,-15.25830078125,-5.086100260416667
172,meta-llama/Llama-3.1-8B-Instruct,animal,en,generic,weasel,One example of a animal is ___.,-18.625,-9.3125
173,meta-llama/Llama-3.1-8B-Instruct,animal,en,generic,whale,One example of a animal is ___.,-14.0,-14.0
174,meta-llama/Llama-3.1-8B-Instruct,animal,en,generic,wolf,One example of a animal is ___.,-13.25,-13.25
175,meta-llama/Llama-3.1-8B-Instruct,animal,en,generic,yak,One example of a animal is ___.,-16.625,-16.625
176,meta-llama/Llama-3.1-8B-Instruct,animal,en,generic,zebra,One example of a animal is ___.,-12.1953125,-6.09765625
177,meta-llama/Llama-3.1-8B-Instruct,animal,en,indefinite_prod,ant,Name an example of a animal: ___,-9.3125,-9.3125
178,meta-llama/Llama-3.1-8B-Instruct,animal,en,indefinite_prod,bee,Name an example of a animal: ___,-11.25,-11.25
179,meta-llama/Llama-3.1-8B-Instruct,animal,en,indefinite_prod,butterfly,Name an example of a animal: ___,-9.625,-9.625
180,meta-llama/Llama-3.1-8B-Instruct,animal,en,indefinite_prod,crow,Name an example of a animal: ___,-10.0,-10.0
181,meta-llama/Llama-3.1-8B-Instruct,animal,en,indefinite_prod,duck,Name an example of a animal: ___,-9.4375,-9.4375
182,meta-llama/Llama-3.1-8B-Instruct,animal,en,indefinite_prod,eagle,Name an example of a animal: ___,-9.375,-9.375
183,meta-llama/Llama-3.1-8B-Instruct,animal,en,indefinite_prod,frog,Name an example of a animal: ___,-9.3125,-9.3125
184,meta-llama/Llama-3.1-8B-Instruct,animal,en,indefinite_prod,hummingbird,Name an example of a animal: ___,-11.92236328125,-5.961181640625
185,meta-llama/Llama-3.1-8B-Instruct,animal,en,indefinite_prod,iguana,Name an example of a animal: ___,-12.654144287109375,-4.218048095703125
186,meta-llama/Llama-3.1-8B-Instruct,animal,en,indefinite_prod,lizard,Name an example of a animal: ___,-9.5,-9.5
187,meta-llama/Llama-3.1-8B-Instruct,animal,en,indefinite_prod,owl,Name an example of a animal: ___,-8.4375,-8.4375
188,meta-llama/Llama-3.1-8B-Instruct,animal,en,indefinite_prod,parrot,Name an example of a animal: ___,-9.402099609375,-4.7010498046875
189,meta-llama/Llama-3.1-8B-Instruct,animal,en,indefinite_prod,seagull,Name an example of a animal: ___,-13.66845703125,-4.55615234375
190,meta-llama/Llama-3.1-8B-Instruct,animal,en,indefinite_prod,snake,Name an example of a animal: ___,-8.625,-8.625
191,meta-llama/Llama-3.1-8B-Instruct,animal,en,indefinite_prod,spider,Name an example of a animal: ___,-10.25,-10.25
192,meta-llama/Llama-3.1-8B-Instruct,animal,en,indefinite_prod,vulture,Name an example of a animal: ___,-11.46484375,-5.732421875
193,meta-llama/Llama-3.1-8B-Instruct,animal,en,indefinite_prod,wasp,Name an example of a animal: ___,-10.03125,-5.015625
194,meta-llama/Llama-3.1-8B-Instruct,animal,en,indefinite_prod,worm,Name an example of a animal: ___,-11.25,-11.25
195,meta-llama/Llama-3.1-8B-Instruct,animal,en,indefinite_prod,beetle,Name an example of a animal: ___,-11.125,-11.125
196,meta-llama/Llama-3.1-8B-Instruct,animal,en,indefinite_prod,bird,Name an example of a animal: ___,-8.125,-8.125
197,meta-llama/Llama-3.1-8B-Instruct,animal,en,indefinite_prod,cockroach,Name an example of a animal: ___,-14.12890625,-7.064453125
198,meta-llama/Llama-3.1-8B-Instruct,animal,en,indefinite_prod,dragonfly,Name an example of a animal: ___,-14.96875,-7.484375
199,meta-llama/Llama-3.1-8B-Instruct,animal,en,indefinite_prod,flamingo,Name an example of a animal: ___,-11.40673828125,-5.703369140625
200,meta-llama/Llama-3.1-8B-Instruct,animal,en,indefinite_prod,grasshopper,Name an example of a animal: ___,-12.78302001953125,-4.261006673177083
201,meta-llama/Llama-3.1-8B-Instruct,animal,en,indefinite_prod,hawk,Name an example of a animal: ___,-11.5,-11.5
202,meta-llama/Llama-3.1-8B-Instruct,animal,en,indefinite_prod,ladybug,Name an example of a animal: ___,-11.064453125,-5.5322265625
203,meta-llama/Llama-3.1-8B-Instruct,animal,en,indefinite_prod,mosquito,Name an example of a animal: ___,-12.75,-12.75
204,meta-llama/Llama-3.1-8B-Instruct,animal,en,indefinite_prod,ostrich,Name an example of a animal: ___,-10.015869140625,-5.0079345703125
205,meta-llama/Llama-3.1-8B-Instruct,animal,en,indefinite_prod,peacock,Name an example of a animal: ___,-11.57177734375,-5.785888671875
206,meta-llama/Llama-3.1-8B-Instruct,animal,en,indefinite_prod,pelican,Name an example of a animal: ___,-11.285400390625,-5.6427001953125
207,meta-llama/Llama-3.1-8B-Instruct,animal,en,indefinite_prod,penguin,Name an example of a animal: ___,-8.1484375,-4.07421875
208,meta-llama/Llama-3.1-8B-Instruct,animal,en,indefinite_prod,pheasant,Name an example of a animal: ___,-11.7763671875,-3.9254557291666665
209,meta-llama/Llama-3.1-8B-Instruct,animal,en,indefinite_prod,rooster,Name an example of a animal: ___,-13.203125,-6.6015625
210,meta-llama/Llama-3.1-8B-Instruct,animal,en,indefinite_prod,seahorse,Name an example of a animal: ___,-10.87109375,-3.6236979166666665
211,meta-llama/Llama-3.1-8B-Instruct,animal,en,indefinite_prod,starfish,Name an example of a animal: ___,-11.93310546875,-5.966552734375
212,meta-llama/Llama-3.1-8B-Instruct,animal,en,indefinite_prod,swan,Name an example of a animal: ___,-13.5869140625,-6.79345703125
213,meta-llama/Llama-3.1-8B-Instruct,animal,en,indefinite_prod,tarantula,Name an example of a animal: ___,-11.22607421875,-3.7420247395833335
214,meta-llama/Llama-3.1-8B-Instruct,animal,en,indefinite_prod,tick,Name an example of a animal: ___,-13.125,-13.125
215,meta-llama/Llama-3.1-8B-Instruct,animal,en,indefinite_prod,toad,Name an example of a animal: ___,-10.03125,-5.015625
216,meta-llama/Llama-3.1-8B-Instruct,animal,en,indefinite_prod,turtle,Name an example of a animal: ___,-9.3125,-9.3125
217,meta-llama/Llama-3.1-8B-Instruct,animal,en,indefinite_prod,aardvark,Name an example of a animal: ___,-7.20361328125,-1.8009033203125
218,meta-llama/Llama-3.1-8B-Instruct,animal,en,indefinite_prod,alligator,Name an example of a animal: ___,-10.482421875,-5.2412109375
219,meta-llama/Llama-3.1-8B-Instruct,animal,en,indefinite_prod,alpaca,Name an example of a animal: ___,-12.388916015625,-4.129638671875
220,meta-llama/Llama-3.1-8B-Instruct,animal,en,indefinite_prod,anteater,Name an example of a animal: ___,-10.7109375,-5.35546875
221,meta-llama/Llama-3.1-8B-Instruct,animal,en,indefinite_prod,antelope,Name an example of a animal: ___,-10.0,-5.0
222,meta-llama/Llama-3.1-8B-Instruct,animal,en,indefinite_prod,badger,Name an example of a animal: ___,-11.15185546875,-5.575927734375
223,meta-llama/Llama-3.1-8B-Instruct,animal,en,indefinite_prod,barnacle,Name an example of a animal: ___,-14.5390625,-7.26953125
224,meta-llama/Llama-3.1-8B-Instruct,animal,en,indefinite_prod,bat,Name an example of a animal: ___,-8.4375,-8.4375
225,meta-llama/Llama-3.1-8B-Instruct,animal,en,indefinite_prod,bear,Name an example of a animal: ___,-7.1875,-7.1875
226,meta-llama/Llama-3.1-8B-Instruct,animal,en,indefinite_prod,beaver,Name an example of a animal: ___,-9.640625,-4.8203125
227,meta-llama/Llama-3.1-8B-Instruct,animal,en,indefinite_prod,bison,Name an example of a animal: ___,-10.65625,-5.328125
228,meta-llama/Llama-3.1-8B-Instruct,animal,en,indefinite_prod,blowfish,Name an example of a animal: ___,-16.63671875,-8.318359375
229,meta-llama/Llama-3.1-8B-Instruct,animal,en,indefinite_prod,boar,Name an example of a animal: ___,-12.8203125,-6.41015625
230,meta-llama/Llama-3.1-8B-Instruct,animal,en,indefinite_prod,bug,Name an example of a animal: ___,-12.4375,-12.4375
231,meta-llama/Llama-3.1-8B-Instruct,animal,en,indefinite_prod,bull,Name an example of a animal: ___,-11.6875,-11.6875
232,meta-llama/Llama-3.1-8B-Instruct,animal,en,indefinite_prod,calf,Name an example of a animal: ___,-12.1875,-12.1875
233,meta-llama/Llama-3.1-8B-Instruct,animal,en,indefinite_prod,camel,Name an example of a animal: ___,-10.5625,-10.5625
234,meta-llama/Llama-3.1-8B-Instruct,animal,en,indefinite_prod,cardinal,Name an example of a animal: ___,-13.25,-13.25
235,meta-llama/Llama-3.1-8B-Instruct,animal,en,indefinite_prod,cat,Name an example of a animal: ___,-6.25,-6.25
236,meta-llama/Llama-3.1-8B-Instruct,animal,en,indefinite_prod,caterpillar,Name an example of a animal: ___,-11.231201171875,-5.6156005859375
237,meta-llama/Llama-3.1-8B-Instruct,animal,en,indefinite_prod,catfish,Name an example of a animal: ___,-17.0625,-8.53125
238,meta-llama/Llama-3.1-8B-Instruct,animal,en,indefinite_prod,cheetah,Name an example of a animal: ___,-10.041694641113281,-3.3472315470377603
239,meta-llama/Llama-3.1-8B-Instruct,animal,en,indefinite_prod,chick,Name an example of a animal: ___,-12.625,-12.625
240,meta-llama/Llama-3.1-8B-Instruct,animal,en,indefinite_prod,chicken,Name an example of a animal: ___,-10.0,-10.0
241,meta-llama/Llama-3.1-8B-Instruct,animal,en,indefinite_prod,chihuahua,Name an example of a animal: ___,-14.068710327148438,-3.5171775817871094
242,meta-llama/Llama-3.1-8B-Instruct,animal,en,indefinite_prod,chinchilla,Name an example of a animal: ___,-13.7041015625,-4.568033854166667
243,meta-llama/Llama-3.1-8B-Instruct,animal,en,indefinite_prod,chipmunk,Name an example of a animal: ___,-13.3731689453125,-4.457722981770833
244,meta-llama/Llama-3.1-8B-Instruct,animal,en,indefinite_prod,clam,Name an example of a animal: ___,-13.9375,-13.9375
245,meta-llama/Llama-3.1-8B-Instruct,animal,en,indefinite_prod,cobra,Name an example of a animal: ___,-11.0,-5.5
246,meta-llama/Llama-3.1-8B-Instruct,animal,en,indefinite_prod,cockatoo,Name an example of a animal: ___,-16.43901824951172,-5.479672749837239
247,meta-llama/Llama-3.1-8B-Instruct,animal,en,indefinite_prod,coral,Name an example of a animal: ___,-13.25,-13.25
248,meta-llama/Llama-3.1-8B-Instruct,animal,en,indefinite_prod,cougar,Name an example of a animal: ___,-9.0625,-9.0625
249,meta-llama/Llama-3.1-8B-Instruct,animal,en,indefinite_prod,cow,Name an example of a animal: ___,-8.6875,-8.6875
250,meta-llama/Llama-3.1-8B-Instruct,animal,en,indefinite_prod,coyote,Name an example of a animal: ___,-10.643310546875,-5.3216552734375
251,meta-llama/Llama-3.1-8B-Instruct,animal,en,indefinite_prod,crab,Name an example of a animal: ___,-10.9375,-10.9375
252,meta-llama/Llama-3.1-8B-Instruct,animal,en,indefinite_prod,crayfish,Name an example of a animal: ___,-11.400390625,-5.7001953125
253,meta-llama/Llama-3.1-8B-Instruct,animal,en,indefinite_prod,dalmatian,Name an example of a animal: ___,-17.0810546875,-4.270263671875
254,meta-llama/Llama-3.1-8B-Instruct,animal,en,indefinite_prod,deer,Name an example of a animal: ___,-8.8125,-8.8125
255,meta-llama/Llama-3.1-8B-Instruct,animal,en,indefinite_prod,dog,Name an example of a animal: ___,-7.4375,-7.4375
256,meta-llama/Llama-3.1-8B-Instruct,animal,en,indefinite_prod,dolphin,Name an example of a animal: ___,-8.3125,-8.3125
257,meta-llama/Llama-3.1-8B-Instruct,animal,en,indefinite_prod,donkey,Name an example of a animal: ___,-10.953125,-5.4765625
258,meta-llama/Llama-3.1-8B-Instruct,animal,en,indefinite_prod,duckling,Name an example of a animal: ___,-15.1875,-7.59375
259,meta-llama/Llama-3.1-8B-Instruct,animal,en,indefinite_prod,earwig,Name an example of a animal: ___,-15.84375,-7.921875
260,meta-llama/Llama-3.1-8B-Instruct,animal,en,indefinite_prod,eel,Name an example of a animal: ___,-9.58203125,-4.791015625
261,meta-llama/Llama-3.1-8B-Instruct,animal,en,indefinite_prod,elephant,Name an example of a animal: ___,-5.1875,-5.1875
262,meta-llama/Llama-3.1-8B-Instruct,animal,en,indefinite_prod,ferret,Name an example of a animal: ___,-11.919921875,-5.9599609375
263,meta-llama/Llama-3.1-8B-Instruct,animal,en,indefinite_prod,fish,Name an example of a animal: ___,-9.0625,-9.0625
264,meta-llama/Llama-3.1-8B-Instruct,animal,en,indefinite_prod,fly,Name an example of a animal: ___,-11.9375,-11.9375
265,meta-llama/Llama-3.1-8B-Instruct,animal,en,indefinite_prod,fox,Name an example of a animal: ___,-9.1875,-9.1875
266,meta-llama/Llama-3.1-8B-Instruct,animal,en,indefinite_prod,gazelle,Name an example of a animal: ___,-10.46484375,-5.232421875
267,meta-llama/Llama-3.1-8B-Instruct,animal,en,indefinite_prod,giraffe,Name an example of a animal: ___,-9.03173828125,-4.515869140625
268,meta-llama/Llama-3.1-8B-Instruct,animal,en,indefinite_prod,goat,Name an example of a animal: ___,-11.1875,-11.1875
269,meta-llama/Llama-3.1-8B-Instruct,animal,en,indefinite_prod,goldfish,Name an example of a animal: ___,-9.9814453125,-4.99072265625
270,meta-llama/Llama-3.1-8B-Instruct,animal,en,indefinite_prod,goose,Name an example of a animal: ___,-12.1875,-12.1875
271,meta-llama/Llama-3.1-8B-Instruct,animal,en,indefinite_prod,gopher,Name an example of a animal: ___,-12.375,-6.1875
272,meta-llama/Llama-3.1-8B-Instruct,animal,en,indefinite_prod,gorilla,Name an example of a animal: ___,-8.8333740234375,-4.41668701171875
273,meta-llama/Llama-3.1-8B-Instruct,animal,en,indefinite_prod,groundhog,Name an example of a animal: ___,-14.4541015625,-7.22705078125
274,meta-llama/Llama-3.1-8B-Instruct,animal,en,indefinite_prod,guinea pig,Name an example of a animal: ___,-12.048828125,-4.016276041666667
275,meta-llama/Llama-3.1-8B-Instruct,animal,en,indefinite_prod,hamster,Name an example of a animal: ___,-11.2216796875,-5.61083984375
276,meta-llama/Llama-3.1-8B-Instruct,animal,en,indefinite_prod,hedgehog,Name an example of a animal: ___,-10.34912109375,-5.174560546875
277,meta-llama/Llama-3.1-8B-Instruct,animal,en,indefinite_prod,hippopotamus,Name an example of a animal: ___,-12.81884765625,-4.27294921875
278,meta-llama/Llama-3.1-8B-Instruct,animal,en,indefinite_prod,horse,Name an example of a animal: ___,-7.53125,-7.53125
279,meta-llama/Llama-3.1-8B-Instruct,animal,en,indefinite_prod,hyena,Name an example of a animal: ___,-12.765625,-6.3828125
280,meta-llama/Llama-3.1-8B-Instruct,animal,en,indefinite_prod,jellyfish,Name an example of a animal: ___,-12.5703125,-6.28515625
281,meta-llama/Llama-3.1-8B-Instruct,animal,en,indefinite_prod,kangaroo,Name an example of a animal: ___,-7.9327392578125,-3.96636962890625
282,meta-llama/Llama-3.1-8B-Instruct,animal,en,indefinite_prod,kitten,Name an example of a animal: ___,-9.1875,-9.1875
283,meta-llama/Llama-3.1-8B-Instruct,animal,en,indefinite_prod,koala,Name an example of a animal: ___,-9.678466796875,-4.8392333984375
284,meta-llama/Llama-3.1-8B-Instruct,animal,en,indefinite_prod,lamb,Name an example of a animal: ___,-11.625,-11.625
285,meta-llama/Llama-3.1-8B-Instruct,animal,en,indefinite_prod,leech,Name an example of a animal: ___,-20.375,-10.1875
286,meta-llama/Llama-3.1-8B-Instruct,animal,en,indefinite_prod,leopard,Name an example of a animal: ___,-8.75,-8.75
287,meta-llama/Llama-3.1-8B-Instruct,animal,en,indefinite_prod,lightning bug,Name an example of a animal: ___,-13.90625,-6.953125
288,meta-llama/Llama-3.1-8B-Instruct,animal,en,indefinite_prod,lion,Name an example of a animal: ___,-5.5,-5.5
289,meta-llama/Llama-3.1-8B-Instruct,animal,en,indefinite_prod,llama,Name an example of a animal: ___,-9.9375,-9.9375
290,meta-llama/Llama-3.1-8B-Instruct,animal,en,indefinite_prod,lobster,Name an example of a animal: ___,-10.875,-10.875
291,meta-llama/Llama-3.1-8B-Instruct,animal,en,indefinite_prod,maggot,Name an example of a animal: ___,-14.6953125,-7.34765625
292,meta-llama/Llama-3.1-8B-Instruct,animal,en,indefinite_prod,manatee,Name an example of a animal: ___,-10.5556640625,-5.27783203125
293,meta-llama/Llama-3.1-8B-Instruct,animal,en,indefinite_prod,meerkat,Name an example of a animal: ___,-14.0308837890625,-4.676961263020833
294,meta-llama/Llama-3.1-8B-Instruct,animal,en,indefinite_prod,mole,Name an example of a animal: ___,-12.3125,-12.3125
295,meta-llama/Llama-3.1-8B-Instruct,animal,en,indefinite_prod,mongoose,Name an example of a animal: ___,-11.25,-11.25
296,meta-llama/Llama-3.1-8B-Instruct,animal,en,indefinite_prod,monkey,Name an example of a animal: ___,-7.0,-7.0
297,meta-llama/Llama-3.1-8B-Instruct,animal,en,indefinite_prod,moose,Name an example of a animal: ___,-10.6990966796875,-5.34954833984375
298,meta-llama/Llama-3.1-8B-Instruct,animal,en,indefinite_prod,moth,Name an example of a animal: ___,-10.75,-10.75
299,meta-llama/Llama-3.1-8B-Instruct,animal,en,indefinite_prod,mouse,Name an example of a animal: ___,-9.25,-9.25
300,meta-llama/Llama-3.1-8B-Instruct,animal,en,indefinite_prod,mussel,Name an example of a animal: ___,-12.909912109375,-6.4549560546875
301,meta-llama/Llama-3.1-8B-Instruct,animal,en,indefinite_prod,octopus,Name an example of a animal: ___,-9.4931640625,-4.74658203125
302,meta-llama/Llama-3.1-8B-Instruct,animal,en,indefinite_prod,orangutan,Name an example of a animal: ___,-11.267578125,-5.6337890625
303,meta-llama/Llama-3.1-8B-Instruct,animal,en,indefinite_prod,otter,Name an example of a animal: ___,-9.41943359375,-4.709716796875
304,meta-llama/Llama-3.1-8B-Instruct,animal,en,indefinite_prod,oyster,Name an example of a animal: ___,-12.453125,-6.2265625
305,meta-llama/Llama-3.1-8B-Instruct,animal,en,indefinite_prod,panda,Name an example of a animal: ___,-9.5,-9.5
306,meta-llama/Llama-3.1-8B-Instruct,animal,en,indefinite_prod,panther,Name an example of a animal: ___,-10.50244140625,-5.251220703125
307,meta-llama/Llama-3.1-8B-Instruct,animal,en,indefinite_prod,pig,Name an example of a animal: ___,-12.1875,-12.1875
308,meta-llama/Llama-3.1-8B-Instruct,animal,en,indefinite_prod,pigeon,Name an example of a animal: ___,-9.9375,-9.9375
309,meta-llama/Llama-3.1-8B-Instruct,animal,en,indefinite_prod,piglet,Name an example of a animal: ___,-19.0625,-9.53125
310,meta-llama/Llama-3.1-8B-Instruct,animal,en,indefinite_prod,platypus,Name an example of a animal: ___,-11.284950256347656,-3.7616500854492188
311,meta-llama/Llama-3.1-8B-Instruct,animal,en,indefinite_prod,polar bear,Name an example of a animal: ___,-9.5361328125,-4.76806640625
312,meta-llama/Llama-3.1-8B-Instruct,animal,en,indefinite_prod,pony,Name an example of a animal: ___,-10.4375,-10.4375
313,meta-llama/Llama-3.1-8B-Instruct,animal,en,indefinite_prod,poodle,Name an example of a animal: ___,-13.90625,-6.953125
314,meta-llama/Llama-3.1-8B-Instruct,animal,en,indefinite_prod,porcupine,Name an example of a animal: ___,-11.983810424804688,-3.994603474934896
315,meta-llama/Llama-3.1-8B-Instruct,animal,en,indefinite_prod,possum,Name an example of a animal: ___,-12.2037353515625,-6.10186767578125
316,meta-llama/Llama-3.1-8B-Instruct,animal,en,indefinite_prod,praying mantis,Name an example of a animal: ___,-14.608474731445312,-4.8694915771484375
317,meta-llama/Llama-3.1-8B-Instruct,animal,en,indefinite_prod,puffin,Name an example of a animal: ___,-13.50341796875,-6.751708984375
318,meta-llama/Llama-3.1-8B-Instruct,animal,en,indefinite_prod,pug,Name an example of a animal: ___,-11.84375,-5.921875
319,meta-llama/Llama-3.1-8B-Instruct,animal,en,indefinite_prod,puppy,Name an example of a animal: ___,-10.25,-10.25
320,meta-llama/Llama-3.1-8B-Instruct,animal,en,indefinite_prod,rabbit,Name an example of a animal: ___,-7.875,-7.875
321,meta-llama/Llama-3.1-8B-Instruct,animal,en,indefinite_prod,raccoon,Name an example of a animal: ___,-9.28466796875,-4.642333984375
322,meta-llama/Llama-3.1-8B-Instruct,animal,en,indefinite_prod,ram,Name an example of a animal: ___,-11.875,-11.875
323,meta-llama/Llama-3.1-8B-Instruct,animal,en,indefinite_prod,rat,Name an example of a animal: ___,-9.875,-9.875
324,meta-llama/Llama-3.1-8B-Instruct,animal,en,indefinite_prod,rattlesnake,Name an example of a animal: ___,-13.12799072265625,-3.2819976806640625
325,meta-llama/Llama-3.1-8B-Instruct,animal,en,indefinite_prod,reindeer,Name an example of a animal: ___,-13.56927490234375,-6.784637451171875
326,meta-llama/Llama-3.1-8B-Instruct,animal,en,indefinite_prod,rhinoceros,Name an example of a animal: ___,-9.0911865234375,-2.272796630859375
327,meta-llama/Llama-3.1-8B-Instruct,animal,en,indefinite_prod,sardine,Name an example of a animal: ___,-15.57421875,-5.19140625
328,meta-llama/Llama-3.1-8B-Instruct,animal,en,indefinite_prod,scallop,Name an example of a animal: ___,-15.0625,-7.53125
329,meta-llama/Llama-3.1-8B-Instruct,animal,en,indefinite_prod,scorpion,Name an example of a animal: ___,-12.9736328125,-6.48681640625
330,meta-llama/Llama-3.1-8B-Instruct,animal,en,indefinite_prod,sea urchin,Name an example of a animal: ___,-14.3778076171875,-3.594451904296875
331,meta-llama/Llama-3.1-8B-Instruct,animal,en,indefinite_prod,seal,Name an example of a animal: ___,-9.375,-9.375
332,meta-llama/Llama-3.1-8B-Instruct,animal,en,indefinite_prod,shark,Name an example of a animal: ___,-7.6875,-7.6875
333,meta-llama/Llama-3.1-8B-Instruct,animal,en,indefinite_prod,sheep,Name an example of a animal: ___,-8.8125,-8.8125
334,meta-llama/Llama-3.1-8B-Instruct,animal,en,indefinite_prod,shrimp,Name an example of a animal: ___,-12.375,-12.375
335,meta-llama/Llama-3.1-8B-Instruct,animal,en,indefinite_prod,skunk,Name an example of a animal: ___,-12.03369140625,-6.016845703125
336,meta-llama/Llama-3.1-8B-Instruct,animal,en,indefinite_prod,sloth,Name an example of a animal: ___,-10.5234375,-5.26171875
337,meta-llama/Llama-3.1-8B-Instruct,animal,en,indefinite_prod,slug,Name an example of a animal: ___,-11.4375,-11.4375
338,meta-llama/Llama-3.1-8B-Instruct,animal,en,indefinite_prod,snail,Name an example of a animal: ___,-9.6953125,-4.84765625
339,meta-llama/Llama-3.1-8B-Instruct,animal,en,indefinite_prod,squid,Name an example of a animal: ___,-10.8125,-10.8125
340,meta-llama/Llama-3.1-8B-Instruct,animal,en,indefinite_prod,squirrel,Name an example of a animal: ___,-8.75,-8.75
341,meta-llama/Llama-3.1-8B-Instruct,animal,en,indefinite_prod,stingray,Name an example of a animal: ___,-12.154296875,-6.0771484375
342,meta-llama/Llama-3.1-8B-Instruct,animal,en,indefinite_prod,swordfish,Name an example of a animal: ___,-13.3046875,-6.65234375
343,meta-llama/Llama-3.1-8B-Instruct,animal,en,indefinite_prod,tadpole,Name an example of a animal: ___,-13.4951171875,-6.74755859375
344,meta-llama/Llama-3.1-8B-Instruct,animal,en,indefinite_prod,tiger,Name an example of a animal: ___,-5.4375,-5.4375
345,meta-llama/Llama-3.1-8B-Instruct,animal,en,indefinite_prod,toucan,Name an example of a animal: ___,-11.34814453125,-5.674072265625
346,meta-llama/Llama-3.1-8B-Instruct,animal,en,indefinite_prod,turkey,Name an example of a animal: ___,-11.375,-11.375
347,meta-llama/Llama-3.1-8B-Instruct,animal,en,indefinite_prod,walrus,Name an example of a animal: ___,-11.921630859375,-5.9608154296875
348,meta-llama/Llama-3.1-8B-Instruct,animal,en,indefinite_prod,warthog,Name an example of a animal: ___,-12.07562255859375,-4.02520751953125
349,meta-llama/Llama-3.1-8B-Instruct,animal,en,indefinite_prod,weasel,Name an example of a animal: ___,-11.291015625,-5.6455078125
350,meta-llama/Llama-3.1-8B-Instruct,animal,en,indefinite_prod,whale,Name an example of a animal: ___,-7.1875,-7.1875
351,meta-llama/Llama-3.1-8B-Instruct,animal,en,indefinite_prod,wolf,Name an example of a animal: ___,-8.1875,-8.1875
352,meta-llama/Llama-3.1-8B-Instruct,animal,en,indefinite_prod,yak,Name an example of a animal: ___,-13.0625,-13.0625
353,meta-llama/Llama-3.1-8B-Instruct,animal,en,indefinite_prod,zebra,Name an example of a animal: ___,-8.353515625,-4.1767578125
354,meta-llama/Llama-3.1-8B-Instruct,arts and crafts supply,en,generic,bead,One example of a arts and crafts supply is ___.,-10.5,-10.5
355,meta-llama/Llama-3.1-8B-Instruct,arts and crafts supply,en,generic,button,One example of a arts and crafts supply is ___.,-12.0625,-12.0625
356,meta-llama/Llama-3.1-8B-Instruct,arts and crafts supply,en,generic,canvas,One example of a arts and crafts supply is ___.,-11.5625,-11.5625
357,meta-llama/Llama-3.1-8B-Instruct,arts and crafts supply,en,generic,cardboard,One example of a arts and crafts supply is ___.,-12.375,-12.375
358,meta-llama/Llama-3.1-8B-Instruct,arts and crafts supply,en,generic,chalk,One example of a arts and crafts supply is ___.,-13.25,-13.25
359,meta-llama/Llama-3.1-8B-Instruct,arts and crafts supply,en,generic,charcoal,One example of a arts and crafts supply is ___.,-11.125,-11.125
360,meta-llama/Llama-3.1-8B-Instruct,arts and crafts supply,en,generic,chisel,One example of a arts and crafts supply is ___.,-15.40625,-7.703125
361,meta-llama/Llama-3.1-8B-Instruct,arts and crafts supply,en,generic,clay,One example of a arts and crafts supply is ___.,-9.0,-9.0
362,meta-llama/Llama-3.1-8B-Instruct,arts and crafts supply,en,generic,crayon,One example of a arts and crafts supply is ___.,-13.84375,-6.921875
363,meta-llama/Llama-3.1-8B-Instruct,arts and crafts supply,en,generic,easel,One example of a arts and crafts supply is ___.,-12.958984375,-6.4794921875
364,meta-llama/Llama-3.1-8B-Instruct,arts and crafts supply,en,generic,eraser,One example of a arts and crafts supply is ___.,-12.49609375,-6.248046875
365,meta-llama/Llama-3.1-8B-Instruct,arts and crafts supply,en,generic,fountain pen,One example of a arts and crafts supply is ___.,-14.87890625,-7.439453125
366,meta-llama/Llama-3.1-8B-Instruct,arts and crafts supply,en,generic,glue,One example of a arts and crafts supply is ___.,-8.5625,-8.5625
367,meta-llama/Llama-3.1-8B-Instruct,arts and crafts supply,en,generic,ink,One example of a arts and crafts supply is ___.,-10.6875,-10.6875
368,meta-llama/Llama-3.1-8B-Instruct,arts and crafts supply,en,generic,knitting needle,One example of a arts and crafts supply is ___.,-15.390625,-7.6953125
369,meta-llama/Llama-3.1-8B-Instruct,arts and crafts supply,en,generic,loom,One example of a arts and crafts supply is ___.,-13.25,-6.625
370,meta-llama/Llama-3.1-8B-Instruct,arts and crafts supply,en,generic,marble,One example of a arts and crafts supply is ___.,-11.0,-11.0
371,meta-llama/Llama-3.1-8B-Instruct,arts and crafts supply,en,generic,marker,One example of a arts and crafts supply is ___.,-11.3125,-11.3125
372,meta-llama/Llama-3.1-8B-Instruct,arts and crafts supply,en,generic,mold,One example of a arts and crafts supply is ___.,-11.5625,-11.5625
373,meta-llama/Llama-3.1-8B-Instruct,arts and crafts supply,en,generic,needle,One example of a arts and crafts supply is ___.,-10.625,-10.625
374,meta-llama/Llama-3.1-8B-Instruct,arts and crafts supply,en,generic,paint,One example of a arts and crafts supply is ___.,-7.09375,-7.09375
375,meta-llama/Llama-3.1-8B-Instruct,arts and crafts supply,en,generic,paintbrush,One example of a arts and crafts supply is ___.,-10.984375,-5.4921875
376,meta-llama/Llama-3.1-8B-Instruct,arts and crafts supply,en,generic,palette,One example of a arts and crafts supply is ___.,-13.375,-13.375
377,meta-llama/Llama-3.1-8B-Instruct,arts and crafts supply,en,generic,paper,One example of a arts and crafts supply is ___.,-9.125,-9.125
378,meta-llama/Llama-3.1-8B-Instruct,arts and crafts supply,en,generic,patch,One example of a arts and crafts supply is ___.,-14.1875,-14.1875
379,meta-llama/Llama-3.1-8B-Instruct,arts and crafts supply,en,generic,pen,One example of a arts and crafts supply is ___.,-12.8125,-12.8125
380,meta-llama/Llama-3.1-8B-Instruct,arts and crafts supply,en,generic,pencil,One example of a arts and crafts supply is ___.,-11.75,-11.75
381,meta-llama/Llama-3.1-8B-Instruct,arts and crafts supply,en,generic,pencil sharpener,One example of a arts and crafts supply is ___.,-15.04290771484375,-5.014302571614583
382,meta-llama/Llama-3.1-8B-Instruct,arts and crafts supply,en,generic,pin,One example of a arts and crafts supply is ___.,-12.4375,-12.4375
383,meta-llama/Llama-3.1-8B-Instruct,arts and crafts supply,en,generic,pincushion,One example of a arts and crafts supply is ___.,-19.390625,-4.84765625
384,meta-llama/Llama-3.1-8B-Instruct,arts and crafts supply,en,generic,pom-pom,One example of a arts and crafts supply is ___.,-16.546875,-5.515625
385,meta-llama/Llama-3.1-8B-Instruct,arts and crafts supply,en,generic,ribbon,One example of a arts and crafts supply is ___.,-11.875,-11.875
386,meta-llama/Llama-3.1-8B-Instruct,arts and crafts supply,en,generic,scissors,One example of a arts and crafts supply is ___.,-12.125,-12.125
387,meta-llama/Llama-3.1-8B-Instruct,arts and crafts supply,en,generic,sequin,One example of a arts and crafts supply is ___.,-15.984375,-7.9921875
388,meta-llama/Llama-3.1-8B-Instruct,arts and crafts supply,en,generic,sewing kit,One example of a arts and crafts supply is ___.,-15.03125,-7.515625
389,meta-llama/Llama-3.1-8B-Instruct,arts and crafts supply,en,generic,sewing machine,One example of a arts and crafts supply is ___.,-13.40625,-6.703125
390,meta-llama/Llama-3.1-8B-Instruct,arts and crafts supply,en,generic,stamp,One example of a arts and crafts supply is ___.,-11.0625,-11.0625
391,meta-llama/Llama-3.1-8B-Instruct,arts and crafts supply,en,generic,tape,One example of a arts and crafts supply is ___.,-11.25,-11.25
392,meta-llama/Llama-3.1-8B-Instruct,arts and crafts supply,en,generic,thimble,One example of a arts and crafts supply is ___.,-17.845291137695312,-5.9484303792317705
393,meta-llama/Llama-3.1-8B-Instruct,arts and crafts supply,en,generic,thread,One example of a arts and crafts supply is ___.,-11.25,-11.25
394,meta-llama/Llama-3.1-8B-Instruct,arts and crafts supply,en,generic,wire,One example of a arts and crafts supply is ___.,-12.5625,-12.5625
395,meta-llama/Llama-3.1-8B-Instruct,arts and crafts supply,en,generic,wire cutters,One example of a arts and crafts supply is ___.,-17.318603515625,-5.772867838541667
396,meta-llama/Llama-3.1-8B-Instruct,arts and crafts supply,en,generic,wrapping paper,One example of a arts and crafts supply is ___.,-14.7762451171875,-7.38812255859375
397,meta-llama/Llama-3.1-8B-Instruct,arts and crafts supply,en,generic,yarn,One example of a arts and crafts supply is ___.,-10.875,-10.875
398,meta-llama/Llama-3.1-8B-Instruct,arts and crafts supply,en,indefinite_prod,bead,Name an example of a arts and crafts supply: ___,-7.625,-7.625
399,meta-llama/Llama-3.1-8B-Instruct,arts and crafts supply,en,indefinite_prod,button,Name an example of a arts and crafts supply: ___,-9.9375,-9.9375
400,meta-llama/Llama-3.1-8B-Instruct,arts and crafts supply,en,indefinite_prod,canvas,Name an example of a arts and crafts supply: ___,-9.0625,-9.0625
401,meta-llama/Llama-3.1-8B-Instruct,arts and crafts supply,en,indefinite_prod,cardboard,Name an example of a arts and crafts supply: ___,-9.625,-9.625
402,meta-llama/Llama-3.1-8B-Instruct,arts and crafts supply,en,indefinite_prod,chalk,Name an example of a arts and crafts supply: ___,-9.4375,-9.4375
403,meta-llama/Llama-3.1-8B-Instruct,arts and crafts supply,en,indefinite_prod,charcoal,Name an example of a arts and crafts supply: ___,-10.0625,-10.0625
404,meta-llama/Llama-3.1-8B-Instruct,arts and crafts supply,en,indefinite_prod,chisel,Name an example of a arts and crafts supply: ___,-12.296875,-6.1484375
405,meta-llama/Llama-3.1-8B-Instruct,arts and crafts supply,en,indefinite_prod,clay,Name an example of a arts and crafts supply: ___,-8.125,-8.125
406,meta-llama/Llama-3.1-8B-Instruct,arts and crafts supply,en,indefinite_prod,crayon,Name an example of a arts and crafts supply: ___,-7.12109375,-3.560546875
407,meta-llama/Llama-3.1-8B-Instruct,arts and crafts supply,en,indefinite_prod,easel,Name an example of a arts and crafts supply: ___,-11.2794189453125,-5.63970947265625
408,meta-llama/Llama-3.1-8B-Instruct,arts and crafts supply,en,indefinite_prod,eraser,Name an example of a arts and crafts supply: ___,-8.2109375,-4.10546875
409,meta-llama/Llama-3.1-8B-Instruct,arts and crafts supply,en,indefinite_prod,fountain pen,Name an example of a arts and crafts supply: ___,-12.375,-6.1875
410,meta-llama/Llama-3.1-8B-Instruct,arts and crafts supply,en,indefinite_prod,glue,Name an example of a arts and crafts supply: ___,-4.9375,-4.9375
411,meta-llama/Llama-3.1-8B-Instruct,arts and crafts supply,en,indefinite_prod,ink,Name an example of a arts and crafts supply: ___,-7.90625,-7.90625
412,meta-llama/Llama-3.1-8B-Instruct,arts and crafts supply,en,indefinite_prod,knitting needle,Name an example of a arts and crafts supply: ___,-12.875,-6.4375
413,meta-llama/Llama-3.1-8B-Instruct,arts and crafts supply,en,indefinite_prod,loom,Name an example of a arts and crafts supply: ___,-13.083984375,-6.5419921875
414,meta-llama/Llama-3.1-8B-Instruct,arts and crafts supply,en,indefinite_prod,marble,Name an example of a arts and crafts supply: ___,-9.5625,-9.5625
415,meta-llama/Llama-3.1-8B-Instruct,arts and crafts supply,en,indefinite_prod,marker,Name an example of a arts and crafts supply: ___,-7.0,-7.0
416,meta-llama/Llama-3.1-8B-Instruct,arts and crafts supply,en,indefinite_prod,mold,Name an example of a arts and crafts supply: ___,-10.75,-10.75
417,meta-llama/Llama-3.1-8B-Instruct,arts and crafts supply,en,indefinite_prod,needle,Name an example of a arts and crafts supply: ___,-8.5625,-8.5625
418,meta-llama/Llama-3.1-8B-Instruct,arts and crafts supply,en,indefinite_prod,paint,Name an example of a arts and crafts supply: ___,-4.875,-4.875
419,meta-llama/Llama-3.1-8B-Instruct,arts and crafts supply,en,indefinite_prod,paintbrush,Name an example of a arts and crafts supply: ___,-8.65625,-4.328125
420,meta-llama/Llama-3.1-8B-Instruct,arts and crafts supply,en,indefinite_prod,palette,Name an example of a arts and crafts supply: ___,-11.6875,-11.6875
421,meta-llama/Llama-3.1-8B-Instruct,arts and crafts supply,en,indefinite_prod,paper,Name an example of a arts and crafts supply: ___,-5.1875,-5.1875
422,meta-llama/Llama-3.1-8B-Instruct,arts and crafts supply,en,indefinite_prod,patch,Name an example of a arts and crafts supply: ___,-13.3125,-13.3125
423,meta-llama/Llama-3.1-8B-Instruct,arts and crafts supply,en,indefinite_prod,pen,Name an example of a arts and crafts supply: ___,-8.5625,-8.5625
424,meta-llama/Llama-3.1-8B-Instruct,arts and crafts supply,en,indefinite_prod,pencil,Name an example of a arts and crafts supply: ___,-4.8125,-4.8125
425,meta-llama/Llama-3.1-8B-Instruct,arts and crafts supply,en,indefinite_prod,pencil sharpener,Name an example of a arts and crafts supply: ___,-7.9253082275390625,-2.6417694091796875
426,meta-llama/Llama-3.1-8B-Instruct,arts and crafts supply,en,indefinite_prod,pin,Name an example of a arts and crafts supply: ___,-10.125,-10.125
427,meta-llama/Llama-3.1-8B-Instruct,arts and crafts supply,en,indefinite_prod,pincushion,Name an example of a arts and crafts supply: ___,-13.716796875,-3.42919921875
428,meta-llama/Llama-3.1-8B-Instruct,arts and crafts supply,en,indefinite_prod,pom-pom,Name an example of a arts and crafts supply: ___,-13.6513671875,-4.550455729166667
429,meta-llama/Llama-3.1-8B-Instruct,arts and crafts supply,en,indefinite_prod,ribbon,Name an example of a arts and crafts supply: ___,-7.96875,-7.96875
430,meta-llama/Llama-3.1-8B-Instruct,arts and crafts supply,en,indefinite_prod,scissors,Name an example of a arts and crafts supply: ___,-7.40625,-7.40625
431,meta-llama/Llama-3.1-8B-Instruct,arts and crafts supply,en,indefinite_prod,sequin,Name an example of a arts and crafts supply: ___,-11.625,-5.8125
432,meta-llama/Llama-3.1-8B-Instruct,arts and crafts supply,en,indefinite_prod,sewing kit,Name an example of a arts and crafts supply: ___,-14.1875,-7.09375
433,meta-llama/Llama-3.1-8B-Instruct,arts and crafts supply,en,indefinite_prod,sewing machine,Name an example of a arts and crafts supply: ___,-11.7421875,-5.87109375
434,meta-llama/Llama-3.1-8B-Instruct,arts and crafts supply,en,indefinite_prod,stamp,Name an example of a arts and crafts supply: ___,-8.5,-8.5
435,meta-llama/Llama-3.1-8B-Instruct,arts and crafts supply,en,indefinite_prod,tape,Name an example of a arts and crafts supply: ___,-7.21875,-7.21875
436,meta-llama/Llama-3.1-8B-Instruct,arts and crafts supply,en,indefinite_prod,thimble,Name an example of a arts and crafts supply: ___,-14.503936767578125,-4.834645589192708
437,meta-llama/Llama-3.1-8B-Instruct,arts and crafts supply,en,indefinite_prod,thread,Name an example of a arts and crafts supply: ___,-9.25,-9.25
438,meta-llama/Llama-3.1-8B-Instruct,arts and crafts supply,en,indefinite_prod,wire,Name an example of a arts and crafts supply: ___,-10.6875,-10.6875
439,meta-llama/Llama-3.1-8B-Instruct,arts and crafts supply,en,indefinite_prod,wire cutters,Name an example of a arts and crafts supply: ___,-17.1348876953125,-5.711629231770833
440,meta-llama/Llama-3.1-8B-Instruct,arts and crafts supply,en,indefinite_prod,wrapping paper,Name an example of a arts and crafts supply: ___,-11.53515625,-5.767578125
441,meta-llama/Llama-3.1-8B-Instruct,arts and crafts supply,en,indefinite_prod,yarn,Name an example of a arts and crafts supply: ___,-6.625,-6.625
442,meta-llama/Llama-3.1-8B-Instruct,bird,en,generic,bird,One example of a bird is ___.,-8.375,-8.375
443,meta-llama/Llama-3.1-8B-Instruct,bird,en,generic,cardinal,One example of a bird is ___.,-14.4375,-14.4375
444,meta-llama/Llama-3.1-8B-Instruct,bird,en,generic,chick,One example of a bird is ___.,-12.5,-12.5
445,meta-llama/Llama-3.1-8B-Instruct,bird,en,generic,cockatoo,One example of a bird is ___.,-14.446792602539062,-4.8155975341796875
446,meta-llama/Llama-3.1-8B-Instruct,bird,en,generic,crow,One example of a bird is ___.,-13.75,-13.75
447,meta-llama/Llama-3.1-8B-Instruct,bird,en,generic,duck,One example of a bird is ___.,-13.6875,-13.6875
448,meta-llama/Llama-3.1-8B-Instruct,bird,en,generic,duckling,One example of a bird is ___.,-17.65625,-8.828125
449,meta-llama/Llama-3.1-8B-Instruct,bird,en,generic,eagle,One example of a bird is ___.,-13.5,-13.5
450,meta-llama/Llama-3.1-8B-Instruct,bird,en,generic,flamingo,One example of a bird is ___.,-15.314453125,-7.6572265625
451,meta-llama/Llama-3.1-8B-Instruct,bird,en,generic,goose,One example of a bird is ___.,-14.0,-14.0
452,meta-llama/Llama-3.1-8B-Instruct,bird,en,generic,hawk,One example of a bird is ___.,-13.4375,-13.4375
453,meta-llama/Llama-3.1-8B-Instruct,bird,en,generic,hummingbird,One example of a bird is ___.,-13.740234375,-6.8701171875
454,meta-llama/Llama-3.1-8B-Instruct,bird,en,generic,ostrich,One example of a bird is ___.,-14.088134765625,-7.0440673828125
455,meta-llama/Llama-3.1-8B-Instruct,bird,en,generic,owl,One example of a bird is ___.,-11.3125,-11.3125
456,meta-llama/Llama-3.1-8B-Instruct,bird,en,generic,parrot,One example of a bird is ___.,-11.509765625,-5.7548828125
457,meta-llama/Llama-3.1-8B-Instruct,bird,en,generic,peacock,One example of a bird is ___.,-13.5673828125,-6.78369140625
458,meta-llama/Llama-3.1-8B-Instruct,bird,en,generic,pelican,One example of a bird is ___.,-12.3603515625,-6.18017578125
459,meta-llama/Llama-3.1-8B-Instruct,bird,en,generic,penguin,One example of a bird is ___.,-10.43359375,-5.216796875
460,meta-llama/Llama-3.1-8B-Instruct,bird,en,generic,pheasant,One example of a bird is ___.,-12.33837890625,-4.11279296875
461,meta-llama/Llama-3.1-8B-Instruct,bird,en,generic,pigeon,One example of a bird is ___.,-12.5,-12.5
462,meta-llama/Llama-3.1-8B-Instruct,bird,en,generic,puffin,One example of a bird is ___.,-13.1171875,-6.55859375
463,meta-llama/Llama-3.1-8B-Instruct,bird,en,generic,rooster,One example of a bird is ___.,-13.4140625,-6.70703125
464,meta-llama/Llama-3.1-8B-Instruct,bird,en,generic,seagull,One example of a bird is ___.,-12.12060546875,-4.040201822916667
465,meta-llama/Llama-3.1-8B-Instruct,bird,en,generic,swan,One example of a bird is ___.,-14.21484375,-7.107421875
466,meta-llama/Llama-3.1-8B-Instruct,bird,en,generic,toucan,One example of a bird is ___.,-14.453125,-7.2265625
467,meta-llama/Llama-3.1-8B-Instruct,bird,en,generic,turkey,One example of a bird is ___.,-12.875,-12.875
468,meta-llama/Llama-3.1-8B-Instruct,bird,en,generic,vulture,One example of a bird is ___.,-14.78125,-7.390625
469,meta-llama/Llama-3.1-8B-Instruct,bird,en,indefinite_prod,bird,Name an example of a bird: ___,-7.21875,-7.21875
470,meta-llama/Llama-3.1-8B-Instruct,bird,en,indefinite_prod,cardinal,Name an example of a bird: ___,-10.5,-10.5
471,meta-llama/Llama-3.1-8B-Instruct,bird,en,indefinite_prod,chick,Name an example of a bird: ___,-9.8125,-9.8125
472,meta-llama/Llama-3.1-8B-Instruct,bird,en,indefinite_prod,cockatoo,Name an example of a bird: ___,-12.838859558105469,-4.279619852701823
473,meta-llama/Llama-3.1-8B-Instruct,bird,en,indefinite_prod,crow,Name an example of a bird: ___,-7.96875,-7.96875
474,meta-llama/Llama-3.1-8B-Instruct,bird,en,indefinite_prod,duck,Name an example of a bird: ___,-9.0,-9.0
475,meta-llama/Llama-3.1-8B-Instruct,bird,en,indefinite_prod,duckling,Name an example of a bird: ___,-14.5625,-7.28125
476,meta-llama/Llama-3.1-8B-Instruct,bird,en,indefinite_prod,eagle,Name an example of a bird: ___,-6.96875,-6.96875
477,meta-llama/Llama-3.1-8B-Instruct,bird,en,indefinite_prod,flamingo,Name an example of a bird: ___,-9.9686279296875,-4.98431396484375
478,meta-llama/Llama-3.1-8B-Instruct,bird,en,indefinite_prod,goose,Name an example of a bird: ___,-11.0625,-11.0625
479,meta-llama/Llama-3.1-8B-Instruct,bird,en,indefinite_prod,hawk,Name an example of a bird: ___,-8.5625,-8.5625
480,meta-llama/Llama-3.1-8B-Instruct,bird,en,indefinite_prod,hummingbird,Name an example of a bird: ___,-7.939453125,-3.9697265625
481,meta-llama/Llama-3.1-8B-Instruct,bird,en,indefinite_prod,ostrich,Name an example of a bird: ___,-7.3250732421875,-3.66253662109375
482,meta-llama/Llama-3.1-8B-Instruct,bird,en,indefinite_prod,owl,Name an example of a bird: ___,-6.40625,-6.40625
483,meta-llama/Llama-3.1-8B-Instruct,bird,en,indefinite_prod,parrot,Name an example of a bird: ___,-5.5947265625,-2.79736328125
484,meta-llama/Llama-3.1-8B-Instruct,bird,en,indefinite_prod,peacock,Name an example of a bird: ___,-7.376953125,-3.6884765625
485,meta-llama/Llama-3.1-8B-Instruct,bird,en,indefinite_prod,pelican,Name an example of a bird: ___,-7.500244140625,-3.7501220703125
486,meta-llama/Llama-3.1-8B-Instruct,bird,en,indefinite_prod,penguin,Name an example of a bird: ___,-7.125,-3.5625
487,meta-llama/Llama-3.1-8B-Instruct,bird,en,indefinite_prod,pheasant,Name an example of a bird: ___,-7.26055908203125,-2.4201863606770835
488,meta-llama/Llama-3.1-8B-Instruct,bird,en,indefinite_prod,pigeon,Name an example of a bird: ___,-8.0625,-8.0625
489,meta-llama/Llama-3.1-8B-Instruct,bird,en,indefinite_prod,puffin,Name an example of a bird: ___,-11.7333984375,-5.86669921875
490,meta-llama/Llama-3.1-8B-Instruct,bird,en,indefinite_prod,rooster,Name an example of a bird: ___,-9.212890625,-4.6064453125
491,meta-llama/Llama-3.1-8B-Instruct,bird,en,indefinite_prod,seagull,Name an example of a bird: ___,-8.57568359375,-2.8585611979166665
492,meta-llama/Llama-3.1-8B-Instruct,bird,en,indefinite_prod,swan,Name an example of a bird: ___,-11.06103515625,-5.530517578125
493,meta-llama/Llama-3.1-8B-Instruct,bird,en,indefinite_prod,toucan,Name an example of a bird: ___,-9.535400390625,-4.7677001953125
494,meta-llama/Llama-3.1-8B-Instruct,bird,en,indefinite_prod,turkey,Name an example of a bird: ___,-9.0625,-9.0625
495,meta-llama/Llama-3.1-8B-Instruct,bird,en,indefinite_prod,vulture,Name an example of a bird: ___,-9.3095703125,-4.65478515625
496,meta-llama/Llama-3.1-8B-Instruct,body part,en,generic,ankle,One example of a body part is ___.,-14.0,-14.0
497,meta-llama/Llama-3.1-8B-Instruct,body part,en,generic,arm,One example of a body part is ___.,-12.8125,-12.8125
498,meta-llama/Llama-3.1-8B-Instruct,body part,en,generic,beard,One example of a body part is ___.,-16.0,-16.0
499,meta-llama/Llama-3.1-8B-Instruct,body part,en,generic,bone,One example of a body part is ___.,-10.375,-10.375
500,meta-llama/Llama-3.1-8B-Instruct,body part,en,generic,chest,One example of a body part is ___.,-13.875,-13.875
501,meta-llama/Llama-3.1-8B-Instruct,body part,en,generic,chin,One example of a body part is ___.,-16.5,-16.5
502,meta-llama/Llama-3.1-8B-Instruct,body part,en,generic,ear,One example of a body part is ___.,-11.6875,-11.6875
503,meta-llama/Llama-3.1-8B-Instruct,body part,en,generic,elbow,One example of a body part is ___.,-13.375,-13.375
504,meta-llama/Llama-3.1-8B-Instruct,body part,en,generic,eye,One example of a body part is ___.,-11.125,-11.125
505,meta-llama/Llama-3.1-8B-Instruct,body part,en,generic,face,One example of a body part is ___.,-13.125,-13.125
506,meta-llama/Llama-3.1-8B-Instruct,body part,en,generic,finger,One example of a body part is ___.,-13.9375,-13.9375
507,meta-llama/Llama-3.1-8B-Instruct,body part,en,generic,foot,One example of a body part is ___.,-14.0625,-14.0625
508,meta-llama/Llama-3.1-8B-Instruct,body part,en,generic,hair,One example of a body part is ___.,-10.3125,-10.3125
509,meta-llama/Llama-3.1-8B-Instruct,body part,en,generic,hand,One example of a body part is ___.,-10.8125,-10.8125
510,meta-llama/Llama-3.1-8B-Instruct,body part,en,generic,hip,One example of a body part is ___.,-14.125,-14.125
511,meta-llama/Llama-3.1-8B-Instruct,body part,en,generic,knee,One example of a body part is ___.,-12.6875,-12.6875
512,meta-llama/Llama-3.1-8B-Instruct,body part,en,generic,leg,One example of a body part is ___.,-11.0625,-11.0625
513,meta-llama/Llama-3.1-8B-Instruct,body part,en,generic,mouth,One example of a body part is ___.,-12.25,-12.25
514,meta-llama/Llama-3.1-8B-Instruct,body part,en,generic,navel,One example of a body part is ___.,-17.65625,-8.828125
515,meta-llama/Llama-3.1-8B-Instruct,body part,en,generic,neck,One example of a body part is ___.,-12.4375,-12.4375
516,meta-llama/Llama-3.1-8B-Instruct,body part,en,generic,nose,One example of a body part is ___.,-11.625,-11.625
517,meta-llama/Llama-3.1-8B-Instruct,body part,en,generic,shoulder,One example of a body part is ___.,-15.0,-15.0
518,meta-llama/Llama-3.1-8B-Instruct,body part,en,generic,skeleton,One example of a body part is ___.,-12.9375,-12.9375
519,meta-llama/Llama-3.1-8B-Instruct,body part,en,generic,skin,One example of a body part is ___.,-10.4375,-10.4375
520,meta-llama/Llama-3.1-8B-Instruct,body part,en,generic,stomach,One example of a body part is ___.,-13.125,-13.125
521,meta-llama/Llama-3.1-8B-Instruct,body part,en,generic,tongue,One example of a body part is ___.,-11.5625,-11.5625
522,meta-llama/Llama-3.1-8B-Instruct,body part,en,generic,tooth,One example of a body part is ___.,-10.5625,-10.5625
523,meta-llama/Llama-3.1-8B-Instruct,body part,en,generic,torso,One example of a body part is ___.,-11.625,-11.625
524,meta-llama/Llama-3.1-8B-Instruct,body part,en,generic,wrist,One example of a body part is ___.,-15.375,-15.375
525,meta-llama/Llama-3.1-8B-Instruct,body part,en,generic,calf,One example of a body part is ___.,-15.5,-15.5
526,meta-llama/Llama-3.1-8B-Instruct,body part,en,generic,mustache,One example of a body part is ___.,-16.96875,-8.484375
527,meta-llama/Llama-3.1-8B-Instruct,body part,en,generic,skull,One example of a body part is ___.,-12.125,-12.125
528,meta-llama/Llama-3.1-8B-Instruct,body part,en,generic,thumb,One example of a body part is ___.,-14.0625,-14.0625
529,meta-llama/Llama-3.1-8B-Instruct,body part,en,generic,toe,One example of a body part is ___.,-12.0,-12.0
530,meta-llama/Llama-3.1-8B-Instruct,body part,en,indefinite_prod,ankle,Name an example of a body part: ___,-8.5,-8.5
531,meta-llama/Llama-3.1-8B-Instruct,body part,en,indefinite_prod,arm,Name an example of a body part: ___,-5.34375,-5.34375
532,meta-llama/Llama-3.1-8B-Instruct,body part,en,indefinite_prod,beard,Name an example of a body part: ___,-12.0625,-12.0625
533,meta-llama/Llama-3.1-8B-Instruct,body part,en,indefinite_prod,bone,Name an example of a body part: ___,-8.0625,-8.0625
534,meta-llama/Llama-3.1-8B-Instruct,body part,en,indefinite_prod,chest,Name an example of a body part: ___,-10.25,-10.25
535,meta-llama/Llama-3.1-8B-Instruct,body part,en,indefinite_prod,chin,Name an example of a body part: ___,-10.125,-10.125
536,meta-llama/Llama-3.1-8B-Instruct,body part,en,indefinite_prod,ear,Name an example of a body part: ___,-5.28125,-5.28125
537,meta-llama/Llama-3.1-8B-Instruct,body part,en,indefinite_prod,elbow,Name an example of a body part: ___,-7.71875,-7.71875
538,meta-llama/Llama-3.1-8B-Instruct,body part,en,indefinite_prod,eye,Name an example of a body part: ___,-5.59375,-5.59375
539,meta-llama/Llama-3.1-8B-Instruct,body part,en,indefinite_prod,face,Name an example of a body part: ___,-6.46875,-6.46875
540,meta-llama/Llama-3.1-8B-Instruct,body part,en,indefinite_prod,finger,Name an example of a body part: ___,-7.65625,-7.65625
541,meta-llama/Llama-3.1-8B-Instruct,body part,en,indefinite_prod,foot,Name an example of a body part: ___,-8.375,-8.375
542,meta-llama/Llama-3.1-8B-Instruct,body part,en,indefinite_prod,hair,Name an example of a body part: ___,-7.6875,-7.6875
543,meta-llama/Llama-3.1-8B-Instruct,body part,en,indefinite_prod,hand,Name an example of a body part: ___,-4.65625,-4.65625
544,meta-llama/Llama-3.1-8B-Instruct,body part,en,indefinite_prod,hip,Name an example of a body part: ___,-9.5,-9.5
545,meta-llama/Llama-3.1-8B-Instruct,body part,en,indefinite_prod,knee,Name an example of a body part: ___,-5.59375,-5.59375
546,meta-llama/Llama-3.1-8B-Instruct,body part,en,indefinite_prod,leg,Name an example of a body part: ___,-6.53125,-6.53125
547,meta-llama/Llama-3.1-8B-Instruct,body part,en,indefinite_prod,mouth,Name an example of a body part: ___,-8.375,-8.375
548,meta-llama/Llama-3.1-8B-Instruct,body part,en,indefinite_prod,navel,Name an example of a body part: ___,-8.8515625,-4.42578125
549,meta-llama/Llama-3.1-8B-Instruct,body part,en,indefinite_prod,neck,Name an example of a body part: ___,-8.4375,-8.4375
550,meta-llama/Llama-3.1-8B-Instruct,body part,en,indefinite_prod,nose,Name an example of a body part: ___,-5.03125,-5.03125
551,meta-llama/Llama-3.1-8B-Instruct,body part,en,indefinite_prod,shoulder,Name an example of a body part: ___,-7.5625,-7.5625
552,meta-llama/Llama-3.1-8B-Instruct,body part,en,indefinite_prod,skeleton,Name an example of a body part: ___,-8.4375,-8.4375
553,meta-llama/Llama-3.1-8B-Instruct,body part,en,indefinite_prod,skin,Name an example of a body part: ___,-7.09375,-7.09375
554,meta-llama/Llama-3.1-8B-Instruct,body part,en,indefinite_prod,stomach,Name an example of a body part: ___,-9.375,-9.375
555,meta-llama/Llama-3.1-8B-Instruct,body part,en,indefinite_prod,tongue,Name an example of a body part: ___,-6.53125,-6.53125
556,meta-llama/Llama-3.1-8B-Instruct,body part,en,indefinite_prod,tooth,Name an example of a body part: ___,-5.28125,-5.28125
557,meta-llama/Llama-3.1-8B-Instruct,body part,en,indefinite_prod,torso,Name an example of a body part: ___,-9.375,-9.375
558,meta-llama/Llama-3.1-8B-Instruct,body part,en,indefinite_prod,wrist,Name an example of a body part: ___,-7.15625,-7.15625
559,meta-llama/Llama-3.1-8B-Instruct,body part,en,indefinite_prod,calf,Name an example of a body part: ___,-11.6875,-11.6875
560,meta-llama/Llama-3.1-8B-Instruct,body part,en,indefinite_prod,mustache,Name an example of a body part: ___,-10.37109375,-5.185546875
561,meta-llama/Llama-3.1-8B-Instruct,body part,en,indefinite_prod,skull,Name an example of a body part: ___,-7.03125,-7.03125
562,meta-llama/Llama-3.1-8B-Instruct,body part,en,indefinite_prod,thumb,Name an example of a body part: ___,-9.0,-9.0
563,meta-llama/Llama-3.1-8B-Instruct,body part,en,indefinite_prod,toe,Name an example of a body part: ___,-5.90625,-5.90625
564,meta-llama/Llama-3.1-8B-Instruct,breakfast food,en,generic,bacon,One example of a breakfast food is ___.,-10.0,-10.0
565,meta-llama/Llama-3.1-8B-Instruct,breakfast food,en,generic,bagel,One example of a breakfast food is ___.,-12.51171875,-6.255859375
566,meta-llama/Llama-3.1-8B-Instruct,breakfast food,en,generic,bread,One example of a breakfast food is ___.,-10.3125,-10.3125
567,meta-llama/Llama-3.1-8B-Instruct,breakfast food,en,generic,breakfast,One example of a breakfast food is ___.,-6.1875,-6.1875
568,meta-llama/Llama-3.1-8B-Instruct,breakfast food,en,generic,cereal,One example of a breakfast food is ___.,-8.5625,-8.5625
569,meta-llama/Llama-3.1-8B-Instruct,breakfast food,en,generic,cream cheese,One example of a breakfast food is ___.,-11.984375,-5.9921875
570,meta-llama/Llama-3.1-8B-Instruct,breakfast food,en,generic,crepe,One example of a breakfast food is ___.,-14.8515625,-7.42578125
571,meta-llama/Llama-3.1-8B-Instruct,breakfast food,en,generic,croissant,One example of a breakfast food is ___.,-13.84375,-6.921875
572,meta-llama/Llama-3.1-8B-Instruct,breakfast food,en,generic,donut,One example of a breakfast food is ___.,-13.5625,-6.78125
573,meta-llama/Llama-3.1-8B-Instruct,breakfast food,en,generic,egg,One example of a breakfast food is ___.,-8.75,-8.75
574,meta-llama/Llama-3.1-8B-Instruct,breakfast food,en,generic,french fries,One example of a breakfast food is ___.,-14.3125,-7.15625
575,meta-llama/Llama-3.1-8B-Instruct,breakfast food,en,generic,granola,One example of a breakfast food is ___.,-11.00787353515625,-5.503936767578125
576,meta-llama/Llama-3.1-8B-Instruct,breakfast food,en,generic,grits,One example of a breakfast food is ___.,-12.7586669921875,-6.37933349609375
577,meta-llama/Llama-3.1-8B-Instruct,breakfast food,en,generic,ham,One example of a breakfast food is ___.,-13.125,-13.125
578,meta-llama/Llama-3.1-8B-Instruct,breakfast food,en,generic,hamburger,One example of a breakfast food is ___.,-12.4375,-12.4375
579,meta-llama/Llama-3.1-8B-Instruct,breakfast food,en,generic,hash,One example of a breakfast food is ___.,-11.4375,-11.4375
580,meta-llama/Llama-3.1-8B-Instruct,breakfast food,en,generic,honey,One example of a breakfast food is ___.,-13.125,-13.125
581,meta-llama/Llama-3.1-8B-Instruct,breakfast food,en,generic,jam,One example of a breakfast food is ___.,-11.625,-11.625
582,meta-llama/Llama-3.1-8B-Instruct,breakfast food,en,generic,maple syrup,One example of a breakfast food is ___.,-12.01953125,-6.009765625
583,meta-llama/Llama-3.1-8B-Instruct,breakfast food,en,generic,marmalade,One example of a breakfast food is ___.,-16.3226318359375,-4.080657958984375
584,meta-llama/Llama-3.1-8B-Instruct,breakfast food,en,generic,muffin,One example of a breakfast food is ___.,-11.390625,-5.6953125
585,meta-llama/Llama-3.1-8B-Instruct,breakfast food,en,generic,oatmeal,One example of a breakfast food is ___.,-8.4736328125,-4.23681640625
586,meta-llama/Llama-3.1-8B-Instruct,breakfast food,en,generic,omelet,One example of a breakfast food is ___.,-11.359375,-3.7864583333333335
587,meta-llama/Llama-3.1-8B-Instruct,breakfast food,en,generic,pancake,One example of a breakfast food is ___.,-11.560791015625,-5.7803955078125
588,meta-llama/Llama-3.1-8B-Instruct,breakfast food,en,generic,pastry,One example of a breakfast food is ___.,-12.0,-12.0
589,meta-llama/Llama-3.1-8B-Instruct,breakfast food,en,generic,peanut butter,One example of a breakfast food is ___.,-12.0850830078125,-6.04254150390625
590,meta-llama/Llama-3.1-8B-Instruct,breakfast food,en,generic,roll,One example of a breakfast food is ___.,-15.0,-15.0
591,meta-llama/Llama-3.1-8B-Instruct,breakfast food,en,generic,sandwich,One example of a breakfast food is ___.,-12.5,-12.5
592,meta-llama/Llama-3.1-8B-Instruct,breakfast food,en,generic,sausage,One example of a breakfast food is ___.,-12.0,-12.0
593,meta-llama/Llama-3.1-8B-Instruct,breakfast food,en,generic,scone,One example of a breakfast food is ___.,-14.703125,-7.3515625
594,meta-llama/Llama-3.1-8B-Instruct,breakfast food,en,generic,scrambled egg,One example of a breakfast food is ___.,-14.96875,-7.484375
595,meta-llama/Llama-3.1-8B-Instruct,breakfast food,en,generic,syrup,One example of a breakfast food is ___.,-12.375,-12.375
596,meta-llama/Llama-3.1-8B-Instruct,breakfast food,en,generic,toast,One example of a breakfast food is ___.,-10.625,-10.625
597,meta-llama/Llama-3.1-8B-Instruct,breakfast food,en,generic,waffle,One example of a breakfast food is ___.,-14.78125,-7.390625
598,meta-llama/Llama-3.1-8B-Instruct,breakfast food,en,generic,yogurt,One example of a breakfast food is ___.,-10.6875,-10.6875
599,meta-llama/Llama-3.1-8B-Instruct,breakfast food,en,indefinite_prod,bacon,Name an example of a breakfast food: ___,-8.5,-8.5
600,meta-llama/Llama-3.1-8B-Instruct,breakfast food,en,indefinite_prod,bagel,Name an example of a breakfast food: ___,-7.9091796875,-3.95458984375
601,meta-llama/Llama-3.1-8B-Instruct,breakfast food,en,indefinite_prod,bread,Name an example of a breakfast food: ___,-9.0,-9.0
602,meta-llama/Llama-3.1-8B-Instruct,breakfast food,en,indefinite_prod,breakfast,Name an example of a breakfast food: ___,-7.15625,-7.15625
603,meta-llama/Llama-3.1-8B-Instruct,breakfast food,en,indefinite_prod,cereal,Name an example of a breakfast food: ___,-4.90625,-4.90625
604,meta-llama/Llama-3.1-8B-Instruct,breakfast food,en,indefinite_prod,cream cheese,Name an example of a breakfast food: ___,-11.25,-5.625
605,meta-llama/Llama-3.1-8B-Instruct,breakfast food,en,indefinite_prod,crepe,Name an example of a breakfast food: ___,-11.0625,-5.53125
606,meta-llama/Llama-3.1-8B-Instruct,breakfast food,en,indefinite_prod,croissant,Name an example of a breakfast food: ___,-9.658203125,-4.8291015625
607,meta-llama/Llama-3.1-8B-Instruct,breakfast food,en,indefinite_prod,donut,Name an example of a breakfast food: ___,-9.1484375,-4.57421875
608,meta-llama/Llama-3.1-8B-Instruct,breakfast food,en,indefinite_prod,egg,Name an example of a breakfast food: ___,-7.5,-7.5
609,meta-llama/Llama-3.1-8B-Instruct,breakfast food,en,indefinite_prod,french fries,Name an example of a breakfast food: ___,-15.3125,-7.65625
610,meta-llama/Llama-3.1-8B-Instruct,breakfast food,en,indefinite_prod,granola,Name an example of a breakfast food: ___,-8.628448486328125,-4.3142242431640625
611,meta-llama/Llama-3.1-8B-Instruct,breakfast food,en,indefinite_prod,grits,Name an example of a breakfast food: ___,-11.819976806640625,-5.9099884033203125
612,meta-llama/Llama-3.1-8B-Instruct,breakfast food,en,indefinite_prod,ham,Name an example of a breakfast food: ___,-11.625,-11.625
613,meta-llama/Llama-3.1-8B-Instruct,breakfast food,en,indefinite_prod,hamburger,Name an example of a breakfast food: ___,-11.0,-11.0
614,meta-llama/Llama-3.1-8B-Instruct,breakfast food,en,indefinite_prod,hash,Name an example of a breakfast food: ___,-9.4375,-9.4375
615,meta-llama/Llama-3.1-8B-Instruct,breakfast food,en,indefinite_prod,honey,Name an example of a breakfast food: ___,-12.0,-12.0
616,meta-llama/Llama-3.1-8B-Instruct,breakfast food,en,indefinite_prod,jam,Name an example of a breakfast food: ___,-12.1875,-12.1875
617,meta-llama/Llama-3.1-8B-Instruct,breakfast food,en,indefinite_prod,maple syrup,Name an example of a breakfast food: ___,-9.84375,-4.921875
618,meta-llama/Llama-3.1-8B-Instruct,breakfast food,en,indefinite_prod,marmalade,Name an example of a breakfast food: ___,-12.241996765136719,-3.0604991912841797
619,meta-llama/Llama-3.1-8B-Instruct,breakfast food,en,indefinite_prod,muffin,Name an example of a breakfast food: ___,-9.0947265625,-4.54736328125
620,meta-llama/Llama-3.1-8B-Instruct,breakfast food,en,indefinite_prod,oatmeal,Name an example of a breakfast food: ___,-6.218017578125,-3.1090087890625
621,meta-llama/Llama-3.1-8B-Instruct,breakfast food,en,indefinite_prod,omelet,Name an example of a breakfast food: ___,-6.75341796875,-2.2511393229166665
622,meta-llama/Llama-3.1-8B-Instruct,breakfast food,en,indefinite_prod,pancake,Name an example of a breakfast food: ___,-5.6708984375,-2.83544921875
623,meta-llama/Llama-3.1-8B-Instruct,breakfast food,en,indefinite_prod,pastry,Name an example of a breakfast food: ___,-10.8125,-10.8125
624,meta-llama/Llama-3.1-8B-Instruct,breakfast food,en,indefinite_prod,peanut butter,Name an example of a breakfast food: ___,-9.4873046875,-4.74365234375
625,meta-llama/Llama-3.1-8B-Instruct,breakfast food,en,indefinite_prod,roll,Name an example of a breakfast food: ___,-14.1875,-14.1875
626,meta-llama/Llama-3.1-8B-Instruct,breakfast food,en,indefinite_prod,sandwich,Name an example of a breakfast food: ___,-9.375,-9.375
627,meta-llama/Llama-3.1-8B-Instruct,breakfast food,en,indefinite_prod,sausage,Name an example of a breakfast food: ___,-9.9375,-9.9375
628,meta-llama/Llama-3.1-8B-Instruct,breakfast food,en,indefinite_prod,scone,Name an example of a breakfast food: ___,-11.046875,-5.5234375
629,meta-llama/Llama-3.1-8B-Instruct,breakfast food,en,indefinite_prod,scrambled egg,Name an example of a breakfast food: ___,-11.203125,-5.6015625
630,meta-llama/Llama-3.1-8B-Instruct,breakfast food,en,indefinite_prod,syrup,Name an example of a breakfast food: ___,-9.9375,-9.9375
631,meta-llama/Llama-3.1-8B-Instruct,breakfast food,en,indefinite_prod,toast,Name an example of a breakfast food: ___,-8.0625,-8.0625
632,meta-llama/Llama-3.1-8B-Instruct,breakfast food,en,indefinite_prod,waffle,Name an example of a breakfast food: ___,-9.46875,-4.734375
633,meta-llama/Llama-3.1-8B-Instruct,breakfast food,en,indefinite_prod,yogurt,Name an example of a breakfast food: ___,-8.0625,-8.0625
634,meta-llama/Llama-3.1-8B-Instruct,candy,en,generic,candy,One example of a candy is ___.,-5.59375,-5.59375
635,meta-llama/Llama-3.1-8B-Instruct,candy,en,generic,candy bar,One example of a candy is ___.,-8.875,-4.4375
636,meta-llama/Llama-3.1-8B-Instruct,candy,en,generic,candy cane,One example of a candy is ___.,-9.9375,-4.96875
637,meta-llama/Llama-3.1-8B-Instruct,candy,en,generic,caramel,One example of a candy is ___.,-10.8125,-10.8125
638,meta-llama/Llama-3.1-8B-Instruct,candy,en,generic,chocolate,One example of a candy is ___.,-8.875,-8.875
639,meta-llama/Llama-3.1-8B-Instruct,candy,en,generic,cotton candy,One example of a candy is ___.,-11.3424072265625,-5.67120361328125
640,meta-llama/Llama-3.1-8B-Instruct,candy,en,generic,fudge,One example of a candy is ___.,-12.3125,-6.15625
641,meta-llama/Llama-3.1-8B-Instruct,candy,en,generic,gum,One example of a candy is ___.,-11.4375,-11.4375
642,meta-llama/Llama-3.1-8B-Instruct,candy,en,generic,gumball,One example of a candy is ___.,-14.7890625,-4.9296875
643,meta-llama/Llama-3.1-8B-Instruct,candy,en,generic,gumdrop,One example of a candy is ___.,-14.09375,-7.046875
644,meta-llama/Llama-3.1-8B-Instruct,candy,en,generic,jelly bean,One example of a candy is ___.,-12.625,-6.3125
645,meta-llama/Llama-3.1-8B-Instruct,candy,en,generic,licorice,One example of a candy is ___.,-12.258552551269531,-4.086184183756511
646,meta-llama/Llama-3.1-8B-Instruct,candy,en,generic,lollipop,One example of a candy is ___.,-12.40625,-6.203125
647,meta-llama/Llama-3.1-8B-Instruct,candy,en,generic,marshmallow,One example of a candy is ___.,-13.90625,-6.953125
648,meta-llama/Llama-3.1-8B-Instruct,candy,en,generic,peppermint,One example of a candy is ___.,-11.34033203125,-5.670166015625
649,meta-llama/Llama-3.1-8B-Instruct,candy,en,generic,taffy,One example of a candy is ___.,-11.618270874023438,-3.8727569580078125
650,meta-llama/Llama-3.1-8B-Instruct,candy,en,indefinite_prod,candy,Name an example of a candy: ___,-5.09375,-5.09375
651,meta-llama/Llama-3.1-8B-Instruct,candy,en,indefinite_prod,candy bar,Name an example of a candy: ___,-8.640625,-4.3203125
652,meta-llama/Llama-3.1-8B-Instruct,candy,en,indefinite_prod,candy cane,Name an example of a candy: ___,-12.03125,-6.015625
653,meta-llama/Llama-3.1-8B-Instruct,candy,en,indefinite_prod,caramel,Name an example of a candy: ___,-8.4375,-8.4375
654,meta-llama/Llama-3.1-8B-Instruct,candy,en,indefinite_prod,chocolate,Name an example of a candy: ___,-7.78125,-7.78125
655,meta-llama/Llama-3.1-8B-Instruct,candy,en,indefinite_prod,cotton candy,Name an example of a candy: ___,-8.45703125,-4.228515625
656,meta-llama/Llama-3.1-8B-Instruct,candy,en,indefinite_prod,fudge,Name an example of a candy: ___,-11.0106201171875,-5.50531005859375
657,meta-llama/Llama-3.1-8B-Instruct,candy,en,indefinite_prod,gum,Name an example of a candy: ___,-8.5,-8.5
658,meta-llama/Llama-3.1-8B-Instruct,candy,en,indefinite_prod,gumball,Name an example of a candy: ___,-11.02734375,-3.67578125
659,meta-llama/Llama-3.1-8B-Instruct,candy,en,indefinite_prod,gumdrop,Name an example of a candy: ___,-13.3125,-6.65625
660,meta-llama/Llama-3.1-8B-Instruct,candy,en,indefinite_prod,jelly bean,Name an example of a candy: ___,-10.390625,-5.1953125
661,meta-llama/Llama-3.1-8B-Instruct,candy,en,indefinite_prod,licorice,Name an example of a candy: ___,-7.646240234375,-2.5487467447916665
662,meta-llama/Llama-3.1-8B-Instruct,candy,en,indefinite_prod,lollipop,Name an example of a candy: ___,-7.515625,-3.7578125
663,meta-llama/Llama-3.1-8B-Instruct,candy,en,indefinite_prod,marshmallow,Name an example of a candy: ___,-9.6162109375,-4.80810546875
664,meta-llama/Llama-3.1-8B-Instruct,candy,en,indefinite_prod,peppermint,Name an example of a candy: ___,-8.4429931640625,-4.22149658203125
665,meta-llama/Llama-3.1-8B-Instruct,candy,en,indefinite_prod,taffy,Name an example of a candy: ___,-10.81158447265625,-3.6038614908854165
666,meta-llama/Llama-3.1-8B-Instruct,clothing,en,generic,blouse,One example of a clothing is ___.,-9.8125,-9.8125
667,meta-llama/Llama-3.1-8B-Instruct,clothing,en,generic,cloak,One example of a clothing is ___.,-14.3125,-14.3125
668,meta-llama/Llama-3.1-8B-Instruct,clothing,en,generic,coat,One example of a clothing is ___.,-10.5625,-10.5625
669,meta-llama/Llama-3.1-8B-Instruct,clothing,en,generic,dress,One example of a clothing is ___.,-8.25,-8.25
670,meta-llama/Llama-3.1-8B-Instruct,clothing,en,generic,glove,One example of a clothing is ___.,-13.875,-13.875
671,meta-llama/Llama-3.1-8B-Instruct,clothing,en,generic,jacket,One example of a clothing is ___.,-9.4375,-9.4375
672,meta-llama/Llama-3.1-8B-Instruct,clothing,en,generic,raincoat,One example of a clothing is ___.,-13.595703125,-6.7978515625
673,meta-llama/Llama-3.1-8B-Instruct,clothing,en,generic,shawl,One example of a clothing is ___.,-12.3125,-6.15625
674,meta-llama/Llama-3.1-8B-Instruct,clothing,en,generic,shirt,One example of a clothing is ___.,-8.4375,-8.4375
675,meta-llama/Llama-3.1-8B-Instruct,clothing,en,generic,skirt,One example of a clothing is ___.,-10.375,-10.375
676,meta-llama/Llama-3.1-8B-Instruct,clothing,en,generic,sock,One example of a clothing is ___.,-11.4375,-11.4375
677,meta-llama/Llama-3.1-8B-Instruct,clothing,en,generic,sweater,One example of a clothing is ___.,-9.0625,-9.0625
678,meta-llama/Llama-3.1-8B-Instruct,clothing,en,generic,belt,One example of a clothing is ___.,-11.875,-11.875
679,meta-llama/Llama-3.1-8B-Instruct,clothing,en,generic,boot,One example of a clothing is ___.,-12.625,-12.625
680,meta-llama/Llama-3.1-8B-Instruct,clothing,en,generic,bracelet,One example of a clothing is ___.,-12.0625,-12.0625
681,meta-llama/Llama-3.1-8B-Instruct,clothing,en,generic,hat,One example of a clothing is ___.,-10.25,-10.25
682,meta-llama/Llama-3.1-8B-Instruct,clothing,en,generic,headband,One example of a clothing is ___.,-14.5,-7.25
683,meta-llama/Llama-3.1-8B-Instruct,clothing,en,generic,shoe,One example of a clothing is ___.,-10.25,-10.25
684,meta-llama/Llama-3.1-8B-Instruct,clothing,en,generic,vest,One example of a clothing is ___.,-12.25,-12.25
685,meta-llama/Llama-3.1-8B-Instruct,clothing,en,generic,apron,One example of a clothing is ___.,-12.6201171875,-6.31005859375
686,meta-llama/Llama-3.1-8B-Instruct,clothing,en,generic,armor,One example of a clothing is ___.,-13.125,-13.125
687,meta-llama/Llama-3.1-8B-Instruct,clothing,en,generic,bandanna,One example of a clothing is ___.,-16.640625,-8.3203125
688,meta-llama/Llama-3.1-8B-Instruct,clothing,en,generic,bathrobe,One example of a clothing is ___.,-14.7626953125,-7.38134765625
689,meta-llama/Llama-3.1-8B-Instruct,clothing,en,generic,beanie,One example of a clothing is ___.,-15.4375,-7.71875
690,meta-llama/Llama-3.1-8B-Instruct,clothing,en,generic,bikini,One example of a clothing is ___.,-13.0,-13.0
691,meta-llama/Llama-3.1-8B-Instruct,clothing,en,generic,blazer,One example of a clothing is ___.,-11.6484375,-5.82421875
692,meta-llama/Llama-3.1-8B-Instruct,clothing,en,generic,boa,One example of a clothing is ___.,-16.25,-16.25
693,meta-llama/Llama-3.1-8B-Instruct,clothing,en,generic,bolo tie,One example of a clothing is ___.,-18.37109375,-6.123697916666667
694,meta-llama/Llama-3.1-8B-Instruct,clothing,en,generic,bonnet,One example of a clothing is ___.,-14.72265625,-7.361328125
695,meta-llama/Llama-3.1-8B-Instruct,clothing,en,generic,bow,One example of a clothing is ___.,-13.75,-13.75
696,meta-llama/Llama-3.1-8B-Instruct,clothing,en,generic,bowler hat,One example of a clothing is ___.,-18.0,-6.0
697,meta-llama/Llama-3.1-8B-Instruct,clothing,en,generic,bowtie,One example of a clothing is ___.,-15.96875,-7.984375
698,meta-llama/Llama-3.1-8B-Instruct,clothing,en,generic,boxer shorts,One example of a clothing is ___.,-12.884765625,-6.4423828125
699,meta-llama/Llama-3.1-8B-Instruct,clothing,en,generic,bra,One example of a clothing is ___.,-11.875,-11.875
700,meta-llama/Llama-3.1-8B-Instruct,clothing,en,generic,bulletproof vest,One example of a clothing is ___.,-20.9375,-6.979166666666667
701,meta-llama/Llama-3.1-8B-Instruct,clothing,en,generic,cape,One example of a clothing is ___.,-14.8125,-14.8125
702,meta-llama/Llama-3.1-8B-Instruct,clothing,en,generic,cardigan,One example of a clothing is ___.,-12.830078125,-6.4150390625
703,meta-llama/Llama-3.1-8B-Instruct,clothing,en,generic,chaps,One example of a clothing is ___.,-15.28125,-7.640625
704,meta-llama/Llama-3.1-8B-Instruct,clothing,en,generic,clothes,One example of a clothing is ___.,-7.40625,-7.40625
705,meta-llama/Llama-3.1-8B-Instruct,clothing,en,generic,corset,One example of a clothing is ___.,-12.98046875,-6.490234375
706,meta-llama/Llama-3.1-8B-Instruct,clothing,en,generic,costume,One example of a clothing is ___.,-10.625,-10.625
707,meta-llama/Llama-3.1-8B-Instruct,clothing,en,generic,coverall,One example of a clothing is ___.,-14.4296875,-7.21484375
708,meta-llama/Llama-3.1-8B-Instruct,clothing,en,generic,crown,One example of a clothing is ___.,-14.25,-14.25
709,meta-llama/Llama-3.1-8B-Instruct,clothing,en,generic,cummerbund,One example of a clothing is ___.,-17.2635498046875,-4.315887451171875
710,meta-llama/Llama-3.1-8B-Instruct,clothing,en,generic,diaper,One example of a clothing is ___.,-13.6875,-13.6875
711,meta-llama/Llama-3.1-8B-Instruct,clothing,en,generic,eye patch,One example of a clothing is ___.,-15.671875,-7.8359375
712,meta-llama/Llama-3.1-8B-Instruct,clothing,en,generic,fishnet stockings,One example of a clothing is ___.,-15.90625,-5.302083333333333
713,meta-llama/Llama-3.1-8B-Instruct,clothing,en,generic,flip-flop,One example of a clothing is ___.,-15.359375,-5.119791666666667
714,meta-llama/Llama-3.1-8B-Instruct,clothing,en,generic,fur coat,One example of a clothing is ___.,-13.640625,-6.8203125
715,meta-llama/Llama-3.1-8B-Instruct,clothing,en,generic,garter,One example of a clothing is ___.,-14.78125,-7.390625
716,meta-llama/Llama-3.1-8B-Instruct,clothing,en,generic,headdress,One example of a clothing is ___.,-14.71875,-7.359375
717,meta-llama/Llama-3.1-8B-Instruct,clothing,en,generic,headscarf,One example of a clothing is ___.,-14.2158203125,-4.738606770833333
718,meta-llama/Llama-3.1-8B-Instruct,clothing,en,generic,hoodie,One example of a clothing is ___.,-11.1875,-11.1875
719,meta-llama/Llama-3.1-8B-Instruct,clothing,en,generic,jeans,One example of a clothing is ___.,-7.84375,-7.84375
720,meta-llama/Llama-3.1-8B-Instruct,clothing,en,generic,jersey,One example of a clothing is ___.,-10.75,-10.75
721,meta-llama/Llama-3.1-8B-Instruct,clothing,en,generic,jumpsuit,One example of a clothing is ___.,-13.671875,-6.8359375
722,meta-llama/Llama-3.1-8B-Instruct,clothing,en,generic,kilt,One example of a clothing is ___.,-14.75,-7.375
723,meta-llama/Llama-3.1-8B-Instruct,clothing,en,generic,kimono,One example of a clothing is ___.,-12.854248046875,-6.4271240234375
724,meta-llama/Llama-3.1-8B-Instruct,clothing,en,generic,lab coat,One example of a clothing is ___.,-12.9609375,-6.48046875
725,meta-llama/Llama-3.1-8B-Instruct,clothing,en,generic,leggings,One example of a clothing is ___.,-11.3125,-11.3125
726,meta-llama/Llama-3.1-8B-Instruct,clothing,en,generic,leotard,One example of a clothing is ___.,-12.75244140625,-4.250813802083333
727,meta-llama/Llama-3.1-8B-Instruct,clothing,en,generic,life jacket,One example of a clothing is ___.,-14.4375,-7.21875
728,meta-llama/Llama-3.1-8B-Instruct,clothing,en,generic,lingerie,One example of a clothing is ___.,-12.25,-12.25
729,meta-llama/Llama-3.1-8B-Instruct,clothing,en,generic,loincloth,One example of a clothing is ___.,-13.66754150390625,-4.55584716796875
730,meta-llama/Llama-3.1-8B-Instruct,clothing,en,generic,mitten,One example of a clothing is ___.,-15.578125,-7.7890625
731,meta-llama/Llama-3.1-8B-Instruct,clothing,en,generic,moccasin,One example of a clothing is ___.,-14.966796875,-4.988932291666667
732,meta-llama/Llama-3.1-8B-Instruct,clothing,en,generic,muff,One example of a clothing is ___.,-14.375,-14.375
733,meta-llama/Llama-3.1-8B-Instruct,clothing,en,generic,nightshirt,One example of a clothing is ___.,-16.34375,-8.171875
734,meta-llama/Llama-3.1-8B-Instruct,clothing,en,generic,outfit,One example of a clothing is ___.,-10.9375,-10.9375
735,meta-llama/Llama-3.1-8B-Instruct,clothing,en,generic,overalls,One example of a clothing is ___.,-10.48828125,-5.244140625
736,meta-llama/Llama-3.1-8B-Instruct,clothing,en,generic,pajamas,One example of a clothing is ___.,-12.4013671875,-6.20068359375
737,meta-llama/Llama-3.1-8B-Instruct,clothing,en,generic,panties,One example of a clothing is ___.,-13.3125,-13.3125
738,meta-llama/Llama-3.1-8B-Instruct,clothing,en,generic,pants,One example of a clothing is ___.,-9.25,-9.25
739,meta-llama/Llama-3.1-8B-Instruct,clothing,en,generic,pantsuit,One example of a clothing is ___.,-19.5625,-9.78125
740,meta-llama/Llama-3.1-8B-Instruct,clothing,en,generic,pantyhose,One example of a clothing is ___.,-13.079788208007812,-4.3599294026692705
741,meta-llama/Llama-3.1-8B-Instruct,clothing,en,generic,polo shirt,One example of a clothing is ___.,-12.55859375,-6.279296875
742,meta-llama/Llama-3.1-8B-Instruct,clothing,en,generic,robe,One example of a clothing is ___.,-13.5625,-13.5625
743,meta-llama/Llama-3.1-8B-Instruct,clothing,en,generic,sandal,One example of a clothing is ___.,-12.62109375,-6.310546875
744,meta-llama/Llama-3.1-8B-Instruct,clothing,en,generic,scarf,One example of a clothing is ___.,-9.8125,-9.8125
745,meta-llama/Llama-3.1-8B-Instruct,clothing,en,generic,shorts,One example of a clothing is ___.,-11.4375,-11.4375
746,meta-llama/Llama-3.1-8B-Instruct,clothing,en,generic,ski boots,One example of a clothing is ___.,-17.71875,-8.859375
747,meta-llama/Llama-3.1-8B-Instruct,clothing,en,generic,slipper,One example of a clothing is ___.,-12.984375,-6.4921875
748,meta-llama/Llama-3.1-8B-Instruct,clothing,en,generic,snowshoe,One example of a clothing is ___.,-19.140625,-6.380208333333333
749,meta-llama/Llama-3.1-8B-Instruct,clothing,en,generic,snowsuit,One example of a clothing is ___.,-16.390625,-8.1953125
750,meta-llama/Llama-3.1-8B-Instruct,clothing,en,generic,sombrero,One example of a clothing is ___.,-13.65625,-6.828125
751,meta-llama/Llama-3.1-8B-Instruct,clothing,en,generic,spacesuit,One example of a clothing is ___.,-18.4375,-9.21875
752,meta-llama/Llama-3.1-8B-Instruct,clothing,en,generic,stiletto,One example of a clothing is ___.,-17.66229248046875,-5.887430826822917
753,meta-llama/Llama-3.1-8B-Instruct,clothing,en,generic,stockings,One example of a clothing is ___.,-12.75,-12.75
754,meta-llama/Llama-3.1-8B-Instruct,clothing,en,generic,straightjacket,One example of a clothing is ___.,-17.28955078125,-5.76318359375
755,meta-llama/Llama-3.1-8B-Instruct,clothing,en,generic,suit,One example of a clothing is ___.,-10.875,-10.875
756,meta-llama/Llama-3.1-8B-Instruct,clothing,en,generic,suspenders,One example of a clothing is ___.,-13.62255859375,-6.811279296875
757,meta-llama/Llama-3.1-8B-Instruct,clothing,en,generic,sweatsuit,One example of a clothing is ___.,-14.96875,-4.989583333333333
758,meta-llama/Llama-3.1-8B-Instruct,clothing,en,generic,swimsuit,One example of a clothing is ___.,-13.359375,-6.6796875
759,meta-llama/Llama-3.1-8B-Instruct,clothing,en,generic,t-shirt,One example of a clothing is ___.,-10.04296875,-5.021484375
760,meta-llama/Llama-3.1-8B-Instruct,clothing,en,generic,tiara,One example of a clothing is ___.,-15.0859375,-7.54296875
761,meta-llama/Llama-3.1-8B-Instruct,clothing,en,generic,tie,One example of a clothing is ___.,-13.1875,-13.1875
762,meta-llama/Llama-3.1-8B-Instruct,clothing,en,generic,toga,One example of a clothing is ___.,-16.0,-8.0
763,meta-llama/Llama-3.1-8B-Instruct,clothing,en,generic,top hat,One example of a clothing is ___.,-15.140625,-7.5703125
764,meta-llama/Llama-3.1-8B-Instruct,clothing,en,generic,tube top,One example of a clothing is ___.,-15.46875,-7.734375
765,meta-llama/Llama-3.1-8B-Instruct,clothing,en,generic,turban,One example of a clothing is ___.,-13.5791015625,-6.78955078125
766,meta-llama/Llama-3.1-8B-Instruct,clothing,en,generic,turtleneck,One example of a clothing is ___.,-14.263916015625,-4.754638671875
767,meta-llama/Llama-3.1-8B-Instruct,clothing,en,generic,tuxedo,One example of a clothing is ___.,-16.05126953125,-5.350423177083333
768,meta-llama/Llama-3.1-8B-Instruct,clothing,en,generic,undershirt,One example of a clothing is ___.,-13.160400390625,-4.386800130208333
769,meta-llama/Llama-3.1-8B-Instruct,clothing,en,generic,underwear,One example of a clothing is ___.,-9.9375,-9.9375
770,meta-llama/Llama-3.1-8B-Instruct,clothing,en,generic,uniform,One example of a clothing is ___.,-13.0,-13.0
771,meta-llama/Llama-3.1-8B-Instruct,clothing,en,generic,veil,One example of a clothing is ___.,-14.875,-14.875
772,meta-llama/Llama-3.1-8B-Instruct,clothing,en,generic,visor,One example of a clothing is ___.,-11.876953125,-5.9384765625
773,meta-llama/Llama-3.1-8B-Instruct,clothing,en,generic,wetsuit,One example of a clothing is ___.,-16.35302734375,-5.451009114583333
774,meta-llama/Llama-3.1-8B-Instruct,clothing,en,indefinite_prod,blouse,Name an example of a clothing: ___,-6.90625,-6.90625
775,meta-llama/Llama-3.1-8B-Instruct,clothing,en,indefinite_prod,cloak,Name an example of a clothing: ___,-10.6875,-10.6875
776,meta-llama/Llama-3.1-8B-Instruct,clothing,en,indefinite_prod,coat,Name an example of a clothing: ___,-6.96875,-6.96875
777,meta-llama/Llama-3.1-8B-Instruct,clothing,en,indefinite_prod,dress,Name an example of a clothing: ___,-6.09375,-6.09375
778,meta-llama/Llama-3.1-8B-Instruct,clothing,en,indefinite_prod,glove,Name an example of a clothing: ___,-8.5,-8.5
779,meta-llama/Llama-3.1-8B-Instruct,clothing,en,indefinite_prod,jacket,Name an example of a clothing: ___,-5.34375,-5.34375
780,meta-llama/Llama-3.1-8B-Instruct,clothing,en,indefinite_prod,raincoat,Name an example of a clothing: ___,-10.09765625,-5.048828125
781,meta-llama/Llama-3.1-8B-Instruct,clothing,en,indefinite_prod,shawl,Name an example of a clothing: ___,-9.921875,-4.9609375
782,meta-llama/Llama-3.1-8B-Instruct,clothing,en,indefinite_prod,shirt,Name an example of a clothing: ___,-4.03125,-4.03125
783,meta-llama/Llama-3.1-8B-Instruct,clothing,en,indefinite_prod,skirt,Name an example of a clothing: ___,-7.34375,-7.34375
784,meta-llama/Llama-3.1-8B-Instruct,clothing,en,indefinite_prod,sock,Name an example of a clothing: ___,-7.15625,-7.15625
785,meta-llama/Llama-3.1-8B-Instruct,clothing,en,indefinite_prod,sweater,Name an example of a clothing: ___,-5.53125,-5.53125
786,meta-llama/Llama-3.1-8B-Instruct,clothing,en,indefinite_prod,belt,Name an example of a clothing: ___,-7.5,-7.5
787,meta-llama/Llama-3.1-8B-Instruct,clothing,en,indefinite_prod,boot,Name an example of a clothing: ___,-9.5625,-9.5625
788,meta-llama/Llama-3.1-8B-Instruct,clothing,en,indefinite_prod,bracelet,Name an example of a clothing: ___,-9.4375,-9.4375
789,meta-llama/Llama-3.1-8B-Instruct,clothing,en,indefinite_prod,hat,Name an example of a clothing: ___,-6.34375,-6.34375
790,meta-llama/Llama-3.1-8B-Instruct,clothing,en,indefinite_prod,headband,Name an example of a clothing: ___,-12.3984375,-6.19921875
791,meta-llama/Llama-3.1-8B-Instruct,clothing,en,indefinite_prod,shoe,Name an example of a clothing: ___,-6.84375,-6.84375
792,meta-llama/Llama-3.1-8B-Instruct,clothing,en,indefinite_prod,vest,Name an example of a clothing: ___,-8.0625,-8.0625
793,meta-llama/Llama-3.1-8B-Instruct,clothing,en,indefinite_prod,apron,Name an example of a clothing: ___,-8.6640625,-4.33203125
794,meta-llama/Llama-3.1-8B-Instruct,clothing,en,indefinite_prod,armor,Name an example of a clothing: ___,-13.5625,-13.5625
795,meta-llama/Llama-3.1-8B-Instruct,clothing,en,indefinite_prod,bandanna,Name an example of a clothing: ___,-15.046875,-7.5234375
796,meta-llama/Llama-3.1-8B-Instruct,clothing,en,indefinite_prod,bathrobe,Name an example of a clothing: ___,-11.890625,-5.9453125
797,meta-llama/Llama-3.1-8B-Instruct,clothing,en,indefinite_prod,beanie,Name an example of a clothing: ___,-10.515625,-5.2578125
798,meta-llama/Llama-3.1-8B-Instruct,clothing,en,indefinite_prod,bikini,Name an example of a clothing: ___,-10.125,-10.125
799,meta-llama/Llama-3.1-8B-Instruct,clothing,en,indefinite_prod,blazer,Name an example of a clothing: ___,-8.737548828125,-4.3687744140625
800,meta-llama/Llama-3.1-8B-Instruct,clothing,en,indefinite_prod,boa,Name an example of a clothing: ___,-13.0625,-13.0625
801,meta-llama/Llama-3.1-8B-Instruct,clothing,en,indefinite_prod,bolo tie,Name an example of a clothing: ___,-17.48828125,-5.829427083333333
802,meta-llama/Llama-3.1-8B-Instruct,clothing,en,indefinite_prod,bonnet,Name an example of a clothing: ___,-11.708984375,-5.8544921875
803,meta-llama/Llama-3.1-8B-Instruct,clothing,en,indefinite_prod,bow,Name an example of a clothing: ___,-10.9375,-10.9375
804,meta-llama/Llama-3.1-8B-Instruct,clothing,en,indefinite_prod,bowler hat,Name an example of a clothing: ___,-15.5625,-5.1875
805,meta-llama/Llama-3.1-8B-Instruct,clothing,en,indefinite_prod,bowtie,Name an example of a clothing: ___,-13.703125,-6.8515625
806,meta-llama/Llama-3.1-8B-Instruct,clothing,en,indefinite_prod,boxer shorts,Name an example of a clothing: ___,-11.61328125,-5.806640625
807,meta-llama/Llama-3.1-8B-Instruct,clothing,en,indefinite_prod,bra,Name an example of a clothing: ___,-9.4375,-9.4375
808,meta-llama/Llama-3.1-8B-Instruct,clothing,en,indefinite_prod,bulletproof vest,Name an example of a clothing: ___,-16.474609375,-5.491536458333333
809,meta-llama/Llama-3.1-8B-Instruct,clothing,en,indefinite_prod,cape,Name an example of a clothing: ___,-9.75,-9.75
810,meta-llama/Llama-3.1-8B-Instruct,clothing,en,indefinite_prod,cardigan,Name an example of a clothing: ___,-10.483642578125,-5.2418212890625
811,meta-llama/Llama-3.1-8B-Instruct,clothing,en,indefinite_prod,chaps,Name an example of a clothing: ___,-15.171875,-7.5859375
812,meta-llama/Llama-3.1-8B-Instruct,clothing,en,indefinite_prod,clothes,Name an example of a clothing: ___,-7.96875,-7.96875
813,meta-llama/Llama-3.1-8B-Instruct,clothing,en,indefinite_prod,corset,Name an example of a clothing: ___,-11.2470703125,-5.62353515625
814,meta-llama/Llama-3.1-8B-Instruct,clothing,en,indefinite_prod,costume,Name an example of a clothing: ___,-9.8125,-9.8125
815,meta-llama/Llama-3.1-8B-Instruct,clothing,en,indefinite_prod,coverall,Name an example of a clothing: ___,-14.34375,-7.171875
816,meta-llama/Llama-3.1-8B-Instruct,clothing,en,indefinite_prod,crown,Name an example of a clothing: ___,-11.0625,-11.0625
817,meta-llama/Llama-3.1-8B-Instruct,clothing,en,indefinite_prod,cummerbund,Name an example of a clothing: ___,-14.64013671875,-3.6600341796875
818,meta-llama/Llama-3.1-8B-Instruct,clothing,en,indefinite_prod,diaper,Name an example of a clothing: ___,-11.75,-11.75
819,meta-llama/Llama-3.1-8B-Instruct,clothing,en,indefinite_prod,eye patch,Name an example of a clothing: ___,-14.21875,-7.109375
820,meta-llama/Llama-3.1-8B-Instruct,clothing,en,indefinite_prod,fishnet stockings,Name an example of a clothing: ___,-15.671875,-5.223958333333333
821,meta-llama/Llama-3.1-8B-Instruct,clothing,en,indefinite_prod,flip-flop,Name an example of a clothing: ___,-14.00390625,-4.66796875
822,meta-llama/Llama-3.1-8B-Instruct,clothing,en,indefinite_prod,fur coat,Name an example of a clothing: ___,-10.484375,-5.2421875
823,meta-llama/Llama-3.1-8B-Instruct,clothing,en,indefinite_prod,garter,Name an example of a clothing: ___,-13.484375,-6.7421875
824,meta-llama/Llama-3.1-8B-Instruct,clothing,en,indefinite_prod,headdress,Name an example of a clothing: ___,-12.546875,-6.2734375
825,meta-llama/Llama-3.1-8B-Instruct,clothing,en,indefinite_prod,headscarf,Name an example of a clothing: ___,-12.6787109375,-4.226236979166667
826,meta-llama/Llama-3.1-8B-Instruct,clothing,en,indefinite_prod,hoodie,Name an example of a clothing: ___,-8.25,-8.25
827,meta-llama/Llama-3.1-8B-Instruct,clothing,en,indefinite_prod,jeans,Name an example of a clothing: ___,-5.03125,-5.03125
828,meta-llama/Llama-3.1-8B-Instruct,clothing,en,indefinite_prod,jersey,Name an example of a clothing: ___,-9.0625,-9.0625
829,meta-llama/Llama-3.1-8B-Instruct,clothing,en,indefinite_prod,jumpsuit,Name an example of a clothing: ___,-11.18701171875,-5.593505859375
830,meta-llama/Llama-3.1-8B-Instruct,clothing,en,indefinite_prod,kilt,Name an example of a clothing: ___,-12.625,-6.3125
831,meta-llama/Llama-3.1-8B-Instruct,clothing,en,indefinite_prod,kimono,Name an example of a clothing: ___,-10.69244384765625,-5.346221923828125
832,meta-llama/Llama-3.1-8B-Instruct,clothing,en,indefinite_prod,lab coat,Name an example of a clothing: ___,-12.81640625,-6.408203125
833,meta-llama/Llama-3.1-8B-Instruct,clothing,en,indefinite_prod,leggings,Name an example of a clothing: ___,-10.0,-10.0
834,meta-llama/Llama-3.1-8B-Instruct,clothing,en,indefinite_prod,leotard,Name an example of a clothing: ___,-12.43359375,-4.14453125
835,meta-llama/Llama-3.1-8B-Instruct,clothing,en,indefinite_prod,life jacket,Name an example of a clothing: ___,-14.390625,-7.1953125
836,meta-llama/Llama-3.1-8B-Instruct,clothing,en,indefinite_prod,lingerie,Name an example of a clothing: ___,-11.875,-11.875
837,meta-llama/Llama-3.1-8B-Instruct,clothing,en,indefinite_prod,loincloth,Name an example of a clothing: ___,-12.4027099609375,-4.134236653645833
838,meta-llama/Llama-3.1-8B-Instruct,clothing,en,indefinite_prod,mitten,Name an example of a clothing: ___,-10.5859375,-5.29296875
839,meta-llama/Llama-3.1-8B-Instruct,clothing,en,indefinite_prod,moccasin,Name an example of a clothing: ___,-10.984375,-3.6614583333333335
840,meta-llama/Llama-3.1-8B-Instruct,clothing,en,indefinite_prod,muff,Name an example of a clothing: ___,-12.8125,-12.8125
841,meta-llama/Llama-3.1-8B-Instruct,clothing,en,indefinite_prod,nightshirt,Name an example of a clothing: ___,-12.21875,-6.109375
842,meta-llama/Llama-3.1-8B-Instruct,clothing,en,indefinite_prod,outfit,Name an example of a clothing: ___,-9.4375,-9.4375
843,meta-llama/Llama-3.1-8B-Instruct,clothing,en,indefinite_prod,overalls,Name an example of a clothing: ___,-9.60546875,-4.802734375
844,meta-llama/Llama-3.1-8B-Instruct,clothing,en,indefinite_prod,pajamas,Name an example of a clothing: ___,-9.244140625,-4.6220703125
845,meta-llama/Llama-3.1-8B-Instruct,clothing,en,indefinite_prod,panties,Name an example of a clothing: ___,-12.5,-12.5
846,meta-llama/Llama-3.1-8B-Instruct,clothing,en,indefinite_prod,pants,Name an example of a clothing: ___,-6.59375,-6.59375
847,meta-llama/Llama-3.1-8B-Instruct,clothing,en,indefinite_prod,pantsuit,Name an example of a clothing: ___,-17.71875,-8.859375
848,meta-llama/Llama-3.1-8B-Instruct,clothing,en,indefinite_prod,pantyhose,Name an example of a clothing: ___,-11.735794067382812,-3.911931355794271
849,meta-llama/Llama-3.1-8B-Instruct,clothing,en,indefinite_prod,polo shirt,Name an example of a clothing: ___,-8.23828125,-4.119140625
850,meta-llama/Llama-3.1-8B-Instruct,clothing,en,indefinite_prod,robe,Name an example of a clothing: ___,-10.6875,-10.6875
851,meta-llama/Llama-3.1-8B-Instruct,clothing,en,indefinite_prod,sandal,Name an example of a clothing: ___,-10.53125,-5.265625
852,meta-llama/Llama-3.1-8B-Instruct,clothing,en,indefinite_prod,scarf,Name an example of a clothing: ___,-4.96875,-4.96875
853,meta-llama/Llama-3.1-8B-Instruct,clothing,en,indefinite_prod,shorts,Name an example of a clothing: ___,-9.1875,-9.1875
854,meta-llama/Llama-3.1-8B-Instruct,clothing,en,indefinite_prod,ski boots,Name an example of a clothing: ___,-15.75,-7.875
855,meta-llama/Llama-3.1-8B-Instruct,clothing,en,indefinite_prod,slipper,Name an example of a clothing: ___,-12.7734375,-6.38671875
856,meta-llama/Llama-3.1-8B-Instruct,clothing,en,indefinite_prod,snowshoe,Name an example of a clothing: ___,-18.0234375,-6.0078125
857,meta-llama/Llama-3.1-8B-Instruct,clothing,en,indefinite_prod,snowsuit,Name an example of a clothing: ___,-14.703125,-7.3515625
858,meta-llama/Llama-3.1-8B-Instruct,clothing,en,indefinite_prod,sombrero,Name an example of a clothing: ___,-12.03515625,-6.017578125
859,meta-llama/Llama-3.1-8B-Instruct,clothing,en,indefinite_prod,spacesuit,Name an example of a clothing: ___,-13.1484375,-6.57421875
860,meta-llama/Llama-3.1-8B-Instruct,clothing,en,indefinite_prod,stiletto,Name an example of a clothing: ___,-14.507080078125,-4.835693359375
861,meta-llama/Llama-3.1-8B-Instruct,clothing,en,indefinite_prod,stockings,Name an example of a clothing: ___,-11.5625,-11.5625
862,meta-llama/Llama-3.1-8B-Instruct,clothing,en,indefinite_prod,straightjacket,Name an example of a clothing: ___,-16.7843017578125,-5.594767252604167
863,meta-llama/Llama-3.1-8B-Instruct,clothing,en,indefinite_prod,suit,Name an example of a clothing: ___,-8.6875,-8.6875
864,meta-llama/Llama-3.1-8B-Instruct,clothing,en,indefinite_prod,suspenders,Name an example of a clothing: ___,-11.0745849609375,-5.53729248046875
865,meta-llama/Llama-3.1-8B-Instruct,clothing,en,indefinite_prod,sweatsuit,Name an example of a clothing: ___,-14.1953125,-4.731770833333333
866,meta-llama/Llama-3.1-8B-Instruct,clothing,en,indefinite_prod,swimsuit,Name an example of a clothing: ___,-10.4443359375,-5.22216796875
867,meta-llama/Llama-3.1-8B-Instruct,clothing,en,indefinite_prod,t-shirt,Name an example of a clothing: ___,-7.08203125,-3.541015625
868,meta-llama/Llama-3.1-8B-Instruct,clothing,en,indefinite_prod,tiara,Name an example of a clothing: ___,-14.140625,-7.0703125
869,meta-llama/Llama-3.1-8B-Instruct,clothing,en,indefinite_prod,tie,Name an example of a clothing: ___,-8.9375,-8.9375
870,meta-llama/Llama-3.1-8B-Instruct,clothing,en,indefinite_prod,toga,Name an example of a clothing: ___,-12.03125,-6.015625
871,meta-llama/Llama-3.1-8B-Instruct,clothing,en,indefinite_prod,top hat,Name an example of a clothing: ___,-16.5,-8.25
872,meta-llama/Llama-3.1-8B-Instruct,clothing,en,indefinite_prod,tube top,Name an example of a clothing: ___,-13.234375,-6.6171875
873,meta-llama/Llama-3.1-8B-Instruct,clothing,en,indefinite_prod,turban,Name an example of a clothing: ___,-10.197265625,-5.0986328125
874,meta-llama/Llama-3.1-8B-Instruct,clothing,en,indefinite_prod,turtleneck,Name an example of a clothing: ___,-11.4300537109375,-3.8100179036458335
875,meta-llama/Llama-3.1-8B-Instruct,clothing,en,indefinite_prod,tuxedo,Name an example of a clothing: ___,-12.2890625,-4.096354166666667
876,meta-llama/Llama-3.1-8B-Instruct,clothing,en,indefinite_prod,undershirt,Name an example of a clothing: ___,-10.0599365234375,-3.3533121744791665
877,meta-llama/Llama-3.1-8B-Instruct,clothing,en,indefinite_prod,underwear,Name an example of a clothing: ___,-9.4375,-9.4375
878,meta-llama/Llama-3.1-8B-Instruct,clothing,en,indefinite_prod,uniform,Name an example of a clothing: ___,-10.8125,-10.8125
879,meta-llama/Llama-3.1-8B-Instruct,clothing,en,indefinite_prod,veil,Name an example of a clothing: ___,-11.0,-11.0
880,meta-llama/Llama-3.1-8B-Instruct,clothing,en,indefinite_prod,visor,Name an example of a clothing: ___,-11.3603515625,-5.68017578125
881,meta-llama/Llama-3.1-8B-Instruct,clothing,en,indefinite_prod,wetsuit,Name an example of a clothing: ___,-18.88671875,-6.295572916666667
882,meta-llama/Llama-3.1-8B-Instruct,clothing accessory,en,generic,handkerchief,One example of a clothing accessory is ___.,-12.86328125,-4.287760416666667
883,meta-llama/Llama-3.1-8B-Instruct,clothing accessory,en,generic,bandanna,One example of a clothing accessory is ___.,-16.40625,-8.203125
884,meta-llama/Llama-3.1-8B-Instruct,clothing accessory,en,generic,belt,One example of a clothing accessory is ___.,-11.0625,-11.0625
885,meta-llama/Llama-3.1-8B-Instruct,clothing accessory,en,generic,belt buckle,One example of a clothing accessory is ___.,-16.125,-8.0625
886,meta-llama/Llama-3.1-8B-Instruct,clothing accessory,en,generic,boa,One example of a clothing accessory is ___.,-16.375,-16.375
887,meta-llama/Llama-3.1-8B-Instruct,clothing accessory,en,generic,bolo tie,One example of a clothing accessory is ___.,-17.82421875,-5.94140625
888,meta-llama/Llama-3.1-8B-Instruct,clothing accessory,en,generic,bonnet,One example of a clothing accessory is ___.,-15.060546875,-7.5302734375
889,meta-llama/Llama-3.1-8B-Instruct,clothing accessory,en,generic,bow,One example of a clothing accessory is ___.,-13.4375,-13.4375
890,meta-llama/Llama-3.1-8B-Instruct,clothing accessory,en,generic,bowtie,One example of a clothing accessory is ___.,-16.421875,-8.2109375
891,meta-llama/Llama-3.1-8B-Instruct,clothing accessory,en,generic,bracelet (jewelry),One example of a clothing accessory is ___.,-24.872314453125,-4.1453857421875
892,meta-llama/Llama-3.1-8B-Instruct,clothing accessory,en,generic,bracelet (watch),One example of a clothing accessory is ___.,-24.046875,-6.01171875
893,meta-llama/Llama-3.1-8B-Instruct,clothing accessory,en,generic,brooch,One example of a clothing accessory is ___.,-12.783935546875,-6.3919677734375
894,meta-llama/Llama-3.1-8B-Instruct,clothing accessory,en,generic,buckle,One example of a clothing accessory is ___.,-13.5,-13.5
895,meta-llama/Llama-3.1-8B-Instruct,clothing accessory,en,generic,button,One example of a clothing accessory is ___.,-12.0,-12.0
896,meta-llama/Llama-3.1-8B-Instruct,clothing accessory,en,generic,corsage,One example of a clothing accessory is ___.,-14.521484375,-7.2607421875
897,meta-llama/Llama-3.1-8B-Instruct,clothing accessory,en,generic,cufflink,One example of a clothing accessory is ___.,-14.0234375,-7.01171875
898,meta-llama/Llama-3.1-8B-Instruct,clothing accessory,en,generic,cummerbund,One example of a clothing accessory is ___.,-18.535186767578125,-4.633796691894531
899,meta-llama/Llama-3.1-8B-Instruct,clothing accessory,en,generic,earring,One example of a clothing accessory is ___.,-13.34375,-6.671875
900,meta-llama/Llama-3.1-8B-Instruct,clothing accessory,en,generic,eye patch,One example of a clothing accessory is ___.,-15.65625,-7.828125
901,meta-llama/Llama-3.1-8B-Instruct,clothing accessory,en,generic,glasses,One example of a clothing accessory is ___.,-11.5625,-11.5625
902,meta-llama/Llama-3.1-8B-Instruct,clothing accessory,en,generic,glove,One example of a clothing accessory is ___.,-12.9375,-12.9375
903,meta-llama/Llama-3.1-8B-Instruct,clothing accessory,en,generic,hat,One example of a clothing accessory is ___.,-9.5625,-9.5625
904,meta-llama/Llama-3.1-8B-Instruct,clothing accessory,en,generic,headband,One example of a clothing accessory is ___.,-12.5390625,-6.26953125
905,meta-llama/Llama-3.1-8B-Instruct,clothing accessory,en,generic,headdress,One example of a clothing accessory is ___.,-12.40625,-6.203125
906,meta-llama/Llama-3.1-8B-Instruct,clothing accessory,en,generic,insole,One example of a clothing accessory is ___.,-16.46875,-8.234375
907,meta-llama/Llama-3.1-8B-Instruct,clothing accessory,en,generic,lanyard,One example of a clothing accessory is ___.,-15.17578125,-5.05859375
908,meta-llama/Llama-3.1-8B-Instruct,clothing accessory,en,generic,mitten,One example of a clothing accessory is ___.,-16.0,-8.0
909,meta-llama/Llama-3.1-8B-Instruct,clothing accessory,en,generic,muff,One example of a clothing accessory is ___.,-14.4375,-14.4375
910,meta-llama/Llama-3.1-8B-Instruct,clothing accessory,en,generic,patch,One example of a clothing accessory is ___.,-13.5625,-13.5625
911,meta-llama/Llama-3.1-8B-Instruct,clothing accessory,en,generic,purse,One example of a clothing accessory is ___.,-12.4375,-12.4375
912,meta-llama/Llama-3.1-8B-Instruct,clothing accessory,en,generic,scarf,One example of a clothing accessory is ___.,-8.9375,-8.9375
913,meta-llama/Llama-3.1-8B-Instruct,clothing accessory,en,generic,shawl,One example of a clothing accessory is ___.,-11.9765625,-5.98828125
914,meta-llama/Llama-3.1-8B-Instruct,clothing accessory,en,generic,sombrero,One example of a clothing accessory is ___.,-13.3984375,-6.69921875
915,meta-llama/Llama-3.1-8B-Instruct,clothing accessory,en,generic,suspenders,One example of a clothing accessory is ___.,-13.57000732421875,-6.785003662109375
916,meta-llama/Llama-3.1-8B-Instruct,clothing accessory,en,generic,tie,One example of a clothing accessory is ___.,-12.1875,-12.1875
917,meta-llama/Llama-3.1-8B-Instruct,clothing accessory,en,generic,top hat,One example of a clothing accessory is ___.,-13.1953125,-6.59765625
918,meta-llama/Llama-3.1-8B-Instruct,clothing accessory,en,generic,visor,One example of a clothing accessory is ___.,-12.24267578125,-6.121337890625
919,meta-llama/Llama-3.1-8B-Instruct,clothing accessory,en,generic,watch,One example of a clothing accessory is ___.,-11.5625,-11.5625
920,meta-llama/Llama-3.1-8B-Instruct,clothing accessory,en,indefinite_prod,handkerchief,Name an example of a clothing accessory: ___,-8.0283203125,-2.6761067708333335
921,meta-llama/Llama-3.1-8B-Instruct,clothing accessory,en,indefinite_prod,bandanna,Name an example of a clothing accessory: ___,-13.0,-6.5
922,meta-llama/Llama-3.1-8B-Instruct,clothing accessory,en,indefinite_prod,belt,Name an example of a clothing accessory: ___,-4.03125,-4.03125
923,meta-llama/Llama-3.1-8B-Instruct,clothing accessory,en,indefinite_prod,belt buckle,Name an example of a clothing accessory: ___,-9.96875,-4.984375
924,meta-llama/Llama-3.1-8B-Instruct,clothing accessory,en,indefinite_prod,boa,Name an example of a clothing accessory: ___,-13.5625,-13.5625
925,meta-llama/Llama-3.1-8B-Instruct,clothing accessory,en,indefinite_prod,bolo tie,Name an example of a clothing accessory: ___,-13.9453125,-4.6484375
926,meta-llama/Llama-3.1-8B-Instruct,clothing accessory,en,indefinite_prod,bonnet,Name an example of a clothing accessory: ___,-11.82470703125,-5.912353515625
927,meta-llama/Llama-3.1-8B-Instruct,clothing accessory,en,indefinite_prod,bow,Name an example of a clothing accessory: ___,-9.125,-9.125
928,meta-llama/Llama-3.1-8B-Instruct,clothing accessory,en,indefinite_prod,bowtie,Name an example of a clothing accessory: ___,-13.40625,-6.703125
929,meta-llama/Llama-3.1-8B-Instruct,clothing accessory,en,indefinite_prod,bracelet (jewelry),Name an example of a clothing accessory: ___,-22.255859375,-3.7093098958333335
930,meta-llama/Llama-3.1-8B-Instruct,clothing accessory,en,indefinite_prod,bracelet (watch),Name an example of a clothing accessory: ___,-21.0625,-5.265625
931,meta-llama/Llama-3.1-8B-Instruct,clothing accessory,en,indefinite_prod,brooch,Name an example of a clothing accessory: ___,-8.67236328125,-4.336181640625
932,meta-llama/Llama-3.1-8B-Instruct,clothing accessory,en,indefinite_prod,buckle,Name an example of a clothing accessory: ___,-9.6875,-9.6875
933,meta-llama/Llama-3.1-8B-Instruct,clothing accessory,en,indefinite_prod,button,Name an example of a clothing accessory: ___,-9.5625,-9.5625
934,meta-llama/Llama-3.1-8B-Instruct,clothing accessory,en,indefinite_prod,corsage,Name an example of a clothing accessory: ___,-12.4638671875,-6.23193359375
935,meta-llama/Llama-3.1-8B-Instruct,clothing accessory,en,indefinite_prod,cufflink,Name an example of a clothing accessory: ___,-13.109375,-6.5546875
936,meta-llama/Llama-3.1-8B-Instruct,clothing accessory,en,indefinite_prod,cummerbund,Name an example of a clothing accessory: ___,-15.7060546875,-3.926513671875
937,meta-llama/Llama-3.1-8B-Instruct,clothing accessory,en,indefinite_prod,earring,Name an example of a clothing accessory: ___,-9.38818359375,-4.694091796875
938,meta-llama/Llama-3.1-8B-Instruct,clothing accessory,en,indefinite_prod,eye patch,Name an example of a clothing accessory: ___,-12.375,-6.1875
939,meta-llama/Llama-3.1-8B-Instruct,clothing accessory,en,indefinite_prod,glasses,Name an example of a clothing accessory: ___,-9.5625,-9.5625
940,meta-llama/Llama-3.1-8B-Instruct,clothing accessory,en,indefinite_prod,glove,Name an example of a clothing accessory: ___,-8.25,-8.25
941,meta-llama/Llama-3.1-8B-Instruct,clothing accessory,en,indefinite_prod,hat,Name an example of a clothing accessory: ___,-5.09375,-5.09375
942,meta-llama/Llama-3.1-8B-Instruct,clothing accessory,en,indefinite_prod,headband,Name an example of a clothing accessory: ___,-8.9296875,-4.46484375
943,meta-llama/Llama-3.1-8B-Instruct,clothing accessory,en,indefinite_prod,headdress,Name an example of a clothing accessory: ___,-11.1513671875,-5.57568359375
944,meta-llama/Llama-3.1-8B-Instruct,clothing accessory,en,indefinite_prod,insole,Name an example of a clothing accessory: ___,-13.46875,-6.734375
945,meta-llama/Llama-3.1-8B-Instruct,clothing accessory,en,indefinite_prod,lanyard,Name an example of a clothing accessory: ___,-12.77783203125,-4.25927734375
946,meta-llama/Llama-3.1-8B-Instruct,clothing accessory,en,indefinite_prod,mitten,Name an example of a clothing accessory: ___,-11.328125,-5.6640625
947,meta-llama/Llama-3.1-8B-Instruct,clothing accessory,en,indefinite_prod,muff,Name an example of a clothing accessory: ___,-13.0625,-13.0625
948,meta-llama/Llama-3.1-8B-Instruct,clothing accessory,en,indefinite_prod,patch,Name an example of a clothing accessory: ___,-13.0,-13.0
949,meta-llama/Llama-3.1-8B-Instruct,clothing accessory,en,indefinite_prod,purse,Name an example of a clothing accessory: ___,-8.8125,-8.8125
950,meta-llama/Llama-3.1-8B-Instruct,clothing accessory,en,indefinite_prod,scarf,Name an example of a clothing accessory: ___,-3.90625,-3.90625
951,meta-llama/Llama-3.1-8B-Instruct,clothing accessory,en,indefinite_prod,shawl,Name an example of a clothing accessory: ___,-9.4658203125,-4.73291015625
952,meta-llama/Llama-3.1-8B-Instruct,clothing accessory,en,indefinite_prod,sombrero,Name an example of a clothing accessory: ___,-12.3671875,-6.18359375
953,meta-llama/Llama-3.1-8B-Instruct,clothing accessory,en,indefinite_prod,suspenders,Name an example of a clothing accessory: ___,-10.1385498046875,-5.06927490234375
954,meta-llama/Llama-3.1-8B-Instruct,clothing accessory,en,indefinite_prod,tie,Name an example of a clothing accessory: ___,-8.9375,-8.9375
955,meta-llama/Llama-3.1-8B-Instruct,clothing accessory,en,indefinite_prod,top hat,Name an example of a clothing accessory: ___,-11.73828125,-5.869140625
956,meta-llama/Llama-3.1-8B-Instruct,clothing accessory,en,indefinite_prod,visor,Name an example of a clothing accessory: ___,-11.19671630859375,-5.598358154296875
957,meta-llama/Llama-3.1-8B-Instruct,clothing accessory,en,indefinite_prod,watch,Name an example of a clothing accessory: ___,-9.0,-9.0
958,meta-llama/Llama-3.1-8B-Instruct,condiment,en,generic,applesauce,One example of a condiment is ___.,-12.3857421875,-6.19287109375
959,meta-llama/Llama-3.1-8B-Instruct,condiment,en,generic,butter,One example of a condiment is ___.,-9.6875,-9.6875
960,meta-llama/Llama-3.1-8B-Instruct,condiment,en,generic,cream cheese,One example of a condiment is ___.,-12.11328125,-6.056640625
961,meta-llama/Llama-3.1-8B-Instruct,condiment,en,generic,ginger,One example of a condiment is ___.,-11.625,-11.625
962,meta-llama/Llama-3.1-8B-Instruct,condiment,en,generic,gravy,One example of a condiment is ___.,-11.1875,-11.1875
963,meta-llama/Llama-3.1-8B-Instruct,condiment,en,generic,jam,One example of a condiment is ___.,-10.8125,-10.8125
964,meta-llama/Llama-3.1-8B-Instruct,condiment,en,generic,ketchup,One example of a condiment is ___.,-6.84765625,-3.423828125
965,meta-llama/Llama-3.1-8B-Instruct,condiment,en,generic,maple syrup,One example of a condiment is ___.,-13.0177001953125,-6.50885009765625
966,meta-llama/Llama-3.1-8B-Instruct,condiment,en,generic,marmalade,One example of a condiment is ___.,-15.744415283203125,-3.9361038208007812
967,meta-llama/Llama-3.1-8B-Instruct,condiment,en,generic,mustard,One example of a condiment is ___.,-8.625,-8.625
968,meta-llama/Llama-3.1-8B-Instruct,condiment,en,generic,peanut butter,One example of a condiment is ___.,-12.238525390625,-6.1192626953125
969,meta-llama/Llama-3.1-8B-Instruct,condiment,en,generic,pesto,One example of a condiment is ___.,-14.02294921875,-7.011474609375
970,meta-llama/Llama-3.1-8B-Instruct,condiment,en,generic,sauce,One example of a condiment is ___.,-8.5,-8.5
971,meta-llama/Llama-3.1-8B-Instruct,condiment,en,generic,soy sauce,One example of a condiment is ___.,-8.974853515625,-4.4874267578125
972,meta-llama/Llama-3.1-8B-Instruct,condiment,en,generic,syrup,One example of a condiment is ___.,-11.375,-11.375
973,meta-llama/Llama-3.1-8B-Instruct,condiment,en,indefinite_prod,applesauce,Name an example of a condiment: ___,-11.455078125,-5.7275390625
974,meta-llama/Llama-3.1-8B-Instruct,condiment,en,indefinite_prod,butter,Name an example of a condiment: ___,-10.3125,-10.3125
975,meta-llama/Llama-3.1-8B-Instruct,condiment,en,indefinite_prod,cream cheese,Name an example of a condiment: ___,-12.6171875,-6.30859375
976,meta-llama/Llama-3.1-8B-Instruct,condiment,en,indefinite_prod,ginger,Name an example of a condiment: ___,-10.875,-10.875
977,meta-llama/Llama-3.1-8B-Instruct,condiment,en,indefinite_prod,gravy,Name an example of a condiment: ___,-10.25,-10.25
978,meta-llama/Llama-3.1-8B-Instruct,condiment,en,indefinite_prod,jam,Name an example of a condiment: ___,-10.8125,-10.8125
979,meta-llama/Llama-3.1-8B-Instruct,condiment,en,indefinite_prod,ketchup,Name an example of a condiment: ___,-4.8787384033203125,-2.4393692016601562
980,meta-llama/Llama-3.1-8B-Instruct,condiment,en,indefinite_prod,maple syrup,Name an example of a condiment: ___,-10.654296875,-5.3271484375
981,meta-llama/Llama-3.1-8B-Instruct,condiment,en,indefinite_prod,marmalade,Name an example of a condiment: ___,-12.30810546875,-3.0770263671875
982,meta-llama/Llama-3.1-8B-Instruct,condiment,en,indefinite_prod,mustard,Name an example of a condiment: ___,-5.75,-5.75
983,meta-llama/Llama-3.1-8B-Instruct,condiment,en,indefinite_prod,peanut butter,Name an example of a condiment: ___,-9.2998046875,-4.64990234375
984,meta-llama/Llama-3.1-8B-Instruct,condiment,en,indefinite_prod,pesto,Name an example of a condiment: ___,-12.01055908203125,-6.005279541015625
985,meta-llama/Llama-3.1-8B-Instruct,condiment,en,indefinite_prod,sauce,Name an example of a condiment: ___,-6.5625,-6.5625
986,meta-llama/Llama-3.1-8B-Instruct,condiment,en,indefinite_prod,soy sauce,Name an example of a condiment: ___,-5.71630859375,-2.858154296875
987,meta-llama/Llama-3.1-8B-Instruct,condiment,en,indefinite_prod,syrup,Name an example of a condiment: ___,-9.9375,-9.9375
988,meta-llama/Llama-3.1-8B-Instruct,construction equipment,en,generic,crane,One example of a construction equipment is ___.,-6.59375,-6.59375
989,meta-llama/Llama-3.1-8B-Instruct,construction equipment,en,generic,blowtorch,One example of a construction equipment is ___.,-16.859375,-8.4296875
990,meta-llama/Llama-3.1-8B-Instruct,construction equipment,en,generic,bulldozer,One example of a construction equipment is ___.,-11.154718399047852,-3.7182394663492837
991,meta-llama/Llama-3.1-8B-Instruct,construction equipment,en,generic,cement mixer,One example of a construction equipment is ___.,-10.3515625,-5.17578125
992,meta-llama/Llama-3.1-8B-Instruct,construction equipment,en,generic,chain,One example of a construction equipment is ___.,-12.125,-12.125
993,meta-llama/Llama-3.1-8B-Instruct,construction equipment,en,generic,chainsaw,One example of a construction equipment is ___.,-13.82421875,-6.912109375
994,meta-llama/Llama-3.1-8B-Instruct,construction equipment,en,generic,chisel,One example of a construction equipment is ___.,-11.75390625,-5.876953125
995,meta-llama/Llama-3.1-8B-Instruct,construction equipment,en,generic,drill,One example of a construction equipment is ___.,-10.8125,-10.8125
996,meta-llama/Llama-3.1-8B-Instruct,construction equipment,en,generic,hammer,One example of a construction equipment is ___.,-9.9375,-9.9375
997,meta-llama/Llama-3.1-8B-Instruct,construction equipment,en,generic,helmet,One example of a construction equipment is ___.,-13.3125,-13.3125
998,meta-llama/Llama-3.1-8B-Instruct,construction equipment,en,generic,jackhammer,One example of a construction equipment is ___.,-12.60546875,-6.302734375
999,meta-llama/Llama-3.1-8B-Instruct,construction equipment,en,generic,pliers,One example of a construction equipment is ___.,-10.9765625,-5.48828125
1000,meta-llama/Llama-3.1-8B-Instruct,construction equipment,en,generic,pulley,One example of a construction equipment is ___.,-14.390625,-7.1953125
1001,meta-llama/Llama-3.1-8B-Instruct,construction equipment,en,generic,pump,One example of a construction equipment is ___.,-13.375,-13.375
1002,meta-llama/Llama-3.1-8B-Instruct,construction equipment,en,generic,rope,One example of a construction equipment is ___.,-15.0625,-15.0625
1003,meta-llama/Llama-3.1-8B-Instruct,construction equipment,en,generic,saw,One example of a construction equipment is ___.,-13.3125,-13.3125
1004,meta-llama/Llama-3.1-8B-Instruct,construction equipment,en,generic,sawhorse,One example of a construction equipment is ___.,-19.125,-9.5625
1005,meta-llama/Llama-3.1-8B-Instruct,construction equipment,en,generic,scaffold,One example of a construction equipment is ___.,-12.3125,-12.3125
1006,meta-llama/Llama-3.1-8B-Instruct,construction equipment,en,generic,scaffolding,One example of a construction equipment is ___.,-10.047119140625,-5.0235595703125
1007,meta-llama/Llama-3.1-8B-Instruct,construction equipment,en,generic,screwdriver,One example of a construction equipment is ___.,-14.609375,-7.3046875
1008,meta-llama/Llama-3.1-8B-Instruct,construction equipment,en,generic,shovel,One example of a construction equipment is ___.,-9.1875,-9.1875
1009,meta-llama/Llama-3.1-8B-Instruct,construction equipment,en,generic,sledgehammer,One example of a construction equipment is ___.,-14.9375,-4.979166666666667
1010,meta-llama/Llama-3.1-8B-Instruct,construction equipment,en,generic,staple gun,One example of a construction equipment is ___.,-15.240234375,-7.6201171875
1011,meta-llama/Llama-3.1-8B-Instruct,construction equipment,en,generic,steamroller,One example of a construction equipment is ___.,-17.5,-8.75
1012,meta-llama/Llama-3.1-8B-Instruct,construction equipment,en,generic,tarp,One example of a construction equipment is ___.,-15.9375,-7.96875
1013,meta-llama/Llama-3.1-8B-Instruct,construction equipment,en,generic,trowel,One example of a construction equipment is ___.,-14.672607421875,-4.890869140625
1014,meta-llama/Llama-3.1-8B-Instruct,construction equipment,en,generic,wheelbarrow,One example of a construction equipment is ___.,-16.703125,-5.567708333333333
1015,meta-llama/Llama-3.1-8B-Instruct,construction equipment,en,generic,wrench,One example of a construction equipment is ___.,-14.25,-14.25
1016,meta-llama/Llama-3.1-8B-Instruct,construction equipment,en,indefinite_prod,crane,Name an example of a construction equipment: ___,-4.3125,-4.3125
1017,meta-llama/Llama-3.1-8B-Instruct,construction equipment,en,indefinite_prod,blowtorch,Name an example of a construction equipment: ___,-18.71875,-9.359375
1018,meta-llama/Llama-3.1-8B-Instruct,construction equipment,en,indefinite_prod,bulldozer,Name an example of a construction equipment: ___,-9.416435241699219,-3.1388117472330728
1019,meta-llama/Llama-3.1-8B-Instruct,construction equipment,en,indefinite_prod,cement mixer,Name an example of a construction equipment: ___,-7.9423828125,-3.97119140625
1020,meta-llama/Llama-3.1-8B-Instruct,construction equipment,en,indefinite_prod,chain,Name an example of a construction equipment: ___,-11.4375,-11.4375
1021,meta-llama/Llama-3.1-8B-Instruct,construction equipment,en,indefinite_prod,chainsaw,Name an example of a construction equipment: ___,-10.87109375,-5.435546875
1022,meta-llama/Llama-3.1-8B-Instruct,construction equipment,en,indefinite_prod,chisel,Name an example of a construction equipment: ___,-11.03515625,-5.517578125
1023,meta-llama/Llama-3.1-8B-Instruct,construction equipment,en,indefinite_prod,drill,Name an example of a construction equipment: ___,-8.9375,-8.9375
1024,meta-llama/Llama-3.1-8B-Instruct,construction equipment,en,indefinite_prod,hammer,Name an example of a construction equipment: ___,-7.6875,-7.6875
1025,meta-llama/Llama-3.1-8B-Instruct,construction equipment,en,indefinite_prod,helmet,Name an example of a construction equipment: ___,-11.8125,-11.8125
1026,meta-llama/Llama-3.1-8B-Instruct,construction equipment,en,indefinite_prod,jackhammer,Name an example of a construction equipment: ___,-11.85546875,-5.927734375
1027,meta-llama/Llama-3.1-8B-Instruct,construction equipment,en,indefinite_prod,pliers,Name an example of a construction equipment: ___,-13.296875,-6.6484375
1028,meta-llama/Llama-3.1-8B-Instruct,construction equipment,en,indefinite_prod,pulley,Name an example of a construction equipment: ___,-13.0546875,-6.52734375
1029,meta-llama/Llama-3.1-8B-Instruct,construction equipment,en,indefinite_prod,pump,Name an example of a construction equipment: ___,-11.125,-11.125
1030,meta-llama/Llama-3.1-8B-Instruct,construction equipment,en,indefinite_prod,rope,Name an example of a construction equipment: ___,-13.5625,-13.5625
1031,meta-llama/Llama-3.1-8B-Instruct,construction equipment,en,indefinite_prod,saw,Name an example of a construction equipment: ___,-10.5,-10.5
1032,meta-llama/Llama-3.1-8B-Instruct,construction equipment,en,indefinite_prod,sawhorse,Name an example of a construction equipment: ___,-18.875,-9.4375
1033,meta-llama/Llama-3.1-8B-Instruct,construction equipment,en,indefinite_prod,scaffold,Name an example of a construction equipment: ___,-11.0625,-11.0625
1034,meta-llama/Llama-3.1-8B-Instruct,construction equipment,en,indefinite_prod,scaffolding,Name an example of a construction equipment: ___,-10.13763427734375,-5.068817138671875
1035,meta-llama/Llama-3.1-8B-Instruct,construction equipment,en,indefinite_prod,screwdriver,Name an example of a construction equipment: ___,-10.859375,-5.4296875
1036,meta-llama/Llama-3.1-8B-Instruct,construction equipment,en,indefinite_prod,shovel,Name an example of a construction equipment: ___,-7.4375,-7.4375
1037,meta-llama/Llama-3.1-8B-Instruct,construction equipment,en,indefinite_prod,sledgehammer,Name an example of a construction equipment: ___,-15.5859375,-5.1953125
1038,meta-llama/Llama-3.1-8B-Instruct,construction equipment,en,indefinite_prod,staple gun,Name an example of a construction equipment: ___,-15.802734375,-7.9013671875
1039,meta-llama/Llama-3.1-8B-Instruct,construction equipment,en,indefinite_prod,steamroller,Name an example of a construction equipment: ___,-15.1875,-7.59375
1040,meta-llama/Llama-3.1-8B-Instruct,construction equipment,en,indefinite_prod,tarp,Name an example of a construction equipment: ___,-17.125,-8.5625
1041,meta-llama/Llama-3.1-8B-Instruct,construction equipment,en,indefinite_prod,trowel,Name an example of a construction equipment: ___,-15.7001953125,-5.2333984375
1042,meta-llama/Llama-3.1-8B-Instruct,construction equipment,en,indefinite_prod,wheelbarrow,Name an example of a construction equipment: ___,-16.346923828125,-5.448974609375
1043,meta-llama/Llama-3.1-8B-Instruct,construction equipment,en,indefinite_prod,wrench,Name an example of a construction equipment: ___,-11.6875,-11.6875
1044,meta-llama/Llama-3.1-8B-Instruct,container,en,generic,bag,One example of a container is ___.,-11.625,-11.625
1045,meta-llama/Llama-3.1-8B-Instruct,container,en,generic,aquarium,One example of a container is ___.,-14.375,-14.375
1046,meta-llama/Llama-3.1-8B-Instruct,container,en,generic,ashtray,One example of a container is ___.,-16.49609375,-5.498697916666667
1047,meta-llama/Llama-3.1-8B-Instruct,container,en,generic,backpack,One example of a container is ___.,-14.6875,-14.6875
1048,meta-llama/Llama-3.1-8B-Instruct,container,en,generic,ballot box,One example of a container is ___.,-15.82421875,-7.912109375
1049,meta-llama/Llama-3.1-8B-Instruct,container,en,generic,bank,One example of a container is ___.,-10.625,-10.625
1050,meta-llama/Llama-3.1-8B-Instruct,container,en,generic,barrel,One example of a container is ___.,-12.0,-12.0
1051,meta-llama/Llama-3.1-8B-Instruct,container,en,generic,basket,One example of a container is ___.,-13.875,-13.875
1052,meta-llama/Llama-3.1-8B-Instruct,container,en,generic,bathtub,One example of a container is ___.,-16.25,-16.25
1053,meta-llama/Llama-3.1-8B-Instruct,container,en,generic,beaker,One example of a container is ___.,-15.09375,-7.546875
1054,meta-llama/Llama-3.1-8B-Instruct,container,en,generic,bedpan,One example of a container is ___.,-18.90625,-9.453125
1055,meta-llama/Llama-3.1-8B-Instruct,container,en,generic,bin,One example of a container is ___.,-12.5625,-12.5625
1056,meta-llama/Llama-3.1-8B-Instruct,container,en,generic,birdbath,One example of a container is ___.,-16.845703125,-5.615234375
1057,meta-llama/Llama-3.1-8B-Instruct,container,en,generic,birdcage,One example of a container is ___.,-15.29248046875,-5.097493489583333
1058,meta-llama/Llama-3.1-8B-Instruct,container,en,generic,bottle,One example of a container is ___.,-10.375,-10.375
1059,meta-llama/Llama-3.1-8B-Instruct,container,en,generic,bowl,One example of a container is ___.,-12.5625,-12.5625
1060,meta-llama/Llama-3.1-8B-Instruct,container,en,generic,box,One example of a container is ___.,-9.5,-9.5
1061,meta-llama/Llama-3.1-8B-Instruct,container,en,generic,breadbox,One example of a container is ___.,-17.5,-8.75
1062,meta-llama/Llama-3.1-8B-Instruct,container,en,generic,briefcase,One example of a container is ___.,-19.46875,-9.734375
1063,meta-llama/Llama-3.1-8B-Instruct,container,en,generic,bucket,One example of a container is ___.,-12.875,-12.875
1064,meta-llama/Llama-3.1-8B-Instruct,container,en,generic,cabinet,One example of a container is ___.,-13.1875,-13.1875
1065,meta-llama/Llama-3.1-8B-Instruct,container,en,generic,cage,One example of a container is ___.,-13.4375,-13.4375
1066,meta-llama/Llama-3.1-8B-Instruct,container,en,generic,can,One example of a container is ___.,-6.9375,-6.9375
1067,meta-llama/Llama-3.1-8B-Instruct,container,en,generic,canister,One example of a container is ___.,-15.8125,-7.90625
1068,meta-llama/Llama-3.1-8B-Instruct,container,en,generic,chest,One example of a container is ___.,-14.1875,-14.1875
1069,meta-llama/Llama-3.1-8B-Instruct,container,en,generic,closet,One example of a container is ___.,-14.125,-14.125
1070,meta-llama/Llama-3.1-8B-Instruct,container,en,generic,coffee pot,One example of a container is ___.,-14.671875,-7.3359375
1071,meta-llama/Llama-3.1-8B-Instruct,container,en,generic,coffin,One example of a container is ___.,-15.625,-15.625
1072,meta-llama/Llama-3.1-8B-Instruct,container,en,generic,container,One example of a container is ___.,-5.4375,-5.4375
1073,meta-llama/Llama-3.1-8B-Instruct,container,en,generic,cooker,One example of a container is ___.,-15.3125,-15.3125
1074,meta-llama/Llama-3.1-8B-Instruct,container,en,generic,coop,One example of a container is ___.,-14.375,-14.375
1075,meta-llama/Llama-3.1-8B-Instruct,container,en,generic,crate,One example of a container is ___.,-12.6875,-12.6875
1076,meta-llama/Llama-3.1-8B-Instruct,container,en,generic,cup,One example of a container is ___.,-10.75,-10.75
1077,meta-llama/Llama-3.1-8B-Instruct,container,en,generic,doghouse,One example of a container is ___.,-15.84375,-7.921875
1078,meta-llama/Llama-3.1-8B-Instruct,container,en,generic,drawer,One example of a container is ___.,-13.9375,-13.9375
1079,meta-llama/Llama-3.1-8B-Instruct,container,en,generic,dresser,One example of a container is ___.,-15.625,-15.625
1080,meta-llama/Llama-3.1-8B-Instruct,container,en,generic,duffel bag,One example of a container is ___.,-20.5859375,-5.146484375
1081,meta-llama/Llama-3.1-8B-Instruct,container,en,generic,dumpster,One example of a container is ___.,-13.0625,-13.0625
1082,meta-llama/Llama-3.1-8B-Instruct,container,en,generic,dustpan,One example of a container is ___.,-15.1484375,-7.57421875
1083,meta-llama/Llama-3.1-8B-Instruct,container,en,generic,filing cabinet,One example of a container is ___.,-14.19140625,-7.095703125
1084,meta-llama/Llama-3.1-8B-Instruct,container,en,generic,fishbowl,One example of a container is ___.,-13.148727416992188,-4.3829091389973955
1085,meta-llama/Llama-3.1-8B-Instruct,container,en,generic,flask,One example of a container is ___.,-11.375,-11.375
1086,meta-llama/Llama-3.1-8B-Instruct,container,en,generic,footbath,One example of a container is ___.,-23.90625,-7.96875
1087,meta-llama/Llama-3.1-8B-Instruct,container,en,generic,glass,One example of a container is ___.,-10.6875,-10.6875
1088,meta-llama/Llama-3.1-8B-Instruct,container,en,generic,goblet,One example of a container is ___.,-15.533203125,-7.7666015625
1089,meta-llama/Llama-3.1-8B-Instruct,container,en,generic,hatbox,One example of a container is ___.,-19.0625,-9.53125
1090,meta-llama/Llama-3.1-8B-Instruct,container,en,generic,honeypot,One example of a container is ___.,-19.119140625,-6.373046875
1091,meta-llama/Llama-3.1-8B-Instruct,container,en,generic,hot tub,One example of a container is ___.,-17.59375,-8.796875
1092,meta-llama/Llama-3.1-8B-Instruct,container,en,generic,hot-water bottle,One example of a container is ___.,-20.9296875,-6.9765625
1093,meta-llama/Llama-3.1-8B-Instruct,container,en,generic,inkwell,One example of a container is ___.,-12.9140625,-6.45703125
1094,meta-llama/Llama-3.1-8B-Instruct,container,en,generic,jar,One example of a container is ___.,-12.25,-12.25
1095,meta-llama/Llama-3.1-8B-Instruct,container,en,generic,jug,One example of a container is ___.,-13.6875,-13.6875
1096,meta-llama/Llama-3.1-8B-Instruct,container,en,generic,keg,One example of a container is ___.,-14.1953125,-7.09765625
1097,meta-llama/Llama-3.1-8B-Instruct,container,en,generic,kettle,One example of a container is ___.,-15.0625,-15.0625
1098,meta-llama/Llama-3.1-8B-Instruct,container,en,generic,locker,One example of a container is ___.,-13.875,-13.875
1099,meta-llama/Llama-3.1-8B-Instruct,container,en,generic,luggage,One example of a container is ___.,-14.6875,-14.6875
1100,meta-llama/Llama-3.1-8B-Instruct,container,en,generic,lunchbox,One example of a container is ___.,-14.46875,-7.234375
1101,meta-llama/Llama-3.1-8B-Instruct,container,en,generic,mailbox,One example of a container is ___.,-14.375,-14.375
1102,meta-llama/Llama-3.1-8B-Instruct,container,en,generic,matchbox,One example of a container is ___.,-16.84375,-8.421875
1103,meta-llama/Llama-3.1-8B-Instruct,container,en,generic,measuring cup,One example of a container is ___.,-16.4453125,-8.22265625
1104,meta-llama/Llama-3.1-8B-Instruct,container,en,generic,mold,One example of a container is ___.,-11.8125,-11.8125
1105,meta-llama/Llama-3.1-8B-Instruct,container,en,generic,mug,One example of a container is ___.,-13.125,-13.125
1106,meta-llama/Llama-3.1-8B-Instruct,container,en,generic,nightstand,One example of a container is ___.,-19.25,-9.625
1107,meta-llama/Llama-3.1-8B-Instruct,container,en,generic,oilcan,One example of a container is ___.,-16.875,-8.4375
1108,meta-llama/Llama-3.1-8B-Instruct,container,en,generic,pan,One example of a container is ___.,-13.3125,-13.3125
1109,meta-llama/Llama-3.1-8B-Instruct,container,en,generic,paper bag,One example of a container is ___.,-13.7578125,-6.87890625
1110,meta-llama/Llama-3.1-8B-Instruct,container,en,generic,petri dish,One example of a container is ___.,-14.044921875,-4.681640625
1111,meta-llama/Llama-3.1-8B-Instruct,container,en,generic,piggy bank,One example of a container is ___.,-15.318359375,-5.106119791666667
1112,meta-llama/Llama-3.1-8B-Instruct,container,en,generic,pillbox,One example of a container is ___.,-16.890625,-8.4453125
1113,meta-llama/Llama-3.1-8B-Instruct,container,en,generic,pitcher,One example of a container is ___.,-12.9375,-12.9375
1114,meta-llama/Llama-3.1-8B-Instruct,container,en,generic,pocket,One example of a container is ___.,-13.5625,-13.5625
1115,meta-llama/Llama-3.1-8B-Instruct,container,en,generic,pot,One example of a container is ___.,-11.8125,-11.8125
1116,meta-llama/Llama-3.1-8B-Instruct,container,en,generic,purse,One example of a container is ___.,-14.625,-14.625
1117,meta-llama/Llama-3.1-8B-Instruct,container,en,generic,saltshaker,One example of a container is ___.,-15.722412109375,-5.240804036458333
1118,meta-llama/Llama-3.1-8B-Instruct,container,en,generic,sandbag,One example of a container is ___.,-16.8125,-8.40625
1119,meta-llama/Llama-3.1-8B-Instruct,container,en,generic,sarcophagus,One example of a container is ___.,-16.060546875,-5.353515625
1120,meta-llama/Llama-3.1-8B-Instruct,container,en,generic,shaker,One example of a container is ___.,-13.953125,-6.9765625
1121,meta-llama/Llama-3.1-8B-Instruct,container,en,generic,shopping basket,One example of a container is ___.,-16.15625,-8.078125
1122,meta-llama/Llama-3.1-8B-Instruct,container,en,generic,shopping cart,One example of a container is ___.,-15.2109375,-7.60546875
1123,meta-llama/Llama-3.1-8B-Instruct,container,en,generic,suitcase,One example of a container is ___.,-13.0,-13.0
1124,meta-llama/Llama-3.1-8B-Instruct,container,en,generic,swimming pool,One example of a container is ___.,-13.111328125,-6.5556640625
1125,meta-llama/Llama-3.1-8B-Instruct,container,en,generic,syringe,One example of a container is ___.,-14.3671875,-7.18359375
1126,meta-llama/Llama-3.1-8B-Instruct,container,en,generic,tank,One example of a container is ___.,-9.5,-9.5
1127,meta-llama/Llama-3.1-8B-Instruct,container,en,generic,teacup,One example of a container is ___.,-14.7685546875,-4.9228515625
1128,meta-llama/Llama-3.1-8B-Instruct,container,en,generic,teapot,One example of a container is ___.,-15.2421875,-7.62109375
1129,meta-llama/Llama-3.1-8B-Instruct,container,en,generic,tent,One example of a container is ___.,-13.0,-13.0
1130,meta-llama/Llama-3.1-8B-Instruct,container,en,generic,terrarium,One example of a container is ___.,-15.24609375,-7.623046875
1131,meta-llama/Llama-3.1-8B-Instruct,container,en,generic,test tube,One example of a container is ___.,-16.9375,-8.46875
1132,meta-llama/Llama-3.1-8B-Instruct,container,en,generic,thermos,One example of a container is ___.,-14.8828125,-7.44140625
1133,meta-llama/Llama-3.1-8B-Instruct,container,en,generic,toolbox,One example of a container is ___.,-13.375,-13.375
1134,meta-llama/Llama-3.1-8B-Instruct,container,en,generic,trashcan,One example of a container is ___.,-16.75,-8.375
1135,meta-llama/Llama-3.1-8B-Instruct,container,en,generic,trunk,One example of a container is ___.,-12.9375,-12.9375
1136,meta-llama/Llama-3.1-8B-Instruct,container,en,generic,tupperware,One example of a container is ___.,-15.05615234375,-5.018717447916667
1137,meta-llama/Llama-3.1-8B-Instruct,container,en,generic,urn,One example of a container is ___.,-13.25,-13.25
1138,meta-llama/Llama-3.1-8B-Instruct,container,en,generic,vase,One example of a container is ___.,-12.625,-12.625
1139,meta-llama/Llama-3.1-8B-Instruct,container,en,generic,vial,One example of a container is ___.,-15.0,-7.5
1140,meta-llama/Llama-3.1-8B-Instruct,container,en,generic,wallet,One example of a container is ___.,-15.6875,-15.6875
1141,meta-llama/Llama-3.1-8B-Instruct,container,en,generic,water bottle,One example of a container is ___.,-10.2421875,-5.12109375
1142,meta-llama/Llama-3.1-8B-Instruct,container,en,generic,water heater,One example of a container is ___.,-16.9375,-8.46875
1143,meta-llama/Llama-3.1-8B-Instruct,container,en,generic,watering can,One example of a container is ___.,-12.6875,-6.34375
1144,meta-llama/Llama-3.1-8B-Instruct,container,en,generic,wheelbarrow,One example of a container is ___.,-15.353515625,-5.117838541666667
1145,meta-llama/Llama-3.1-8B-Instruct,container,en,generic,wine bottle,One example of a container is ___.,-13.21875,-6.609375
1146,meta-llama/Llama-3.1-8B-Instruct,container,en,generic,wine cooler,One example of a container is ___.,-18.40625,-9.203125
1147,meta-llama/Llama-3.1-8B-Instruct,container,en,generic,wineglass,One example of a container is ___.,-15.53125,-7.765625
1148,meta-llama/Llama-3.1-8B-Instruct,container,en,generic,wok,One example of a container is ___.,-15.5625,-7.78125
1149,meta-llama/Llama-3.1-8B-Instruct,container,en,indefinite_prod,bag,Name an example of a container: ___,-7.59375,-7.59375
1150,meta-llama/Llama-3.1-8B-Instruct,container,en,indefinite_prod,aquarium,Name an example of a container: ___,-10.25,-10.25
1151,meta-llama/Llama-3.1-8B-Instruct,container,en,indefinite_prod,ashtray,Name an example of a container: ___,-14.423828125,-4.807942708333333
1152,meta-llama/Llama-3.1-8B-Instruct,container,en,indefinite_prod,backpack,Name an example of a container: ___,-10.375,-10.375
1153,meta-llama/Llama-3.1-8B-Instruct,container,en,indefinite_prod,ballot box,Name an example of a container: ___,-13.20703125,-6.603515625
1154,meta-llama/Llama-3.1-8B-Instruct,container,en,indefinite_prod,bank,Name an example of a container: ___,-11.3125,-11.3125
1155,meta-llama/Llama-3.1-8B-Instruct,container,en,indefinite_prod,barrel,Name an example of a container: ___,-8.5,-8.5
1156,meta-llama/Llama-3.1-8B-Instruct,container,en,indefinite_prod,basket,Name an example of a container: ___,-9.3125,-9.3125
1157,meta-llama/Llama-3.1-8B-Instruct,container,en,indefinite_prod,bathtub,Name an example of a container: ___,-12.1875,-12.1875
1158,meta-llama/Llama-3.1-8B-Instruct,container,en,indefinite_prod,beaker,Name an example of a container: ___,-10.8515625,-5.42578125
1159,meta-llama/Llama-3.1-8B-Instruct,container,en,indefinite_prod,bedpan,Name an example of a container: ___,-15.8125,-7.90625
1160,meta-llama/Llama-3.1-8B-Instruct,container,en,indefinite_prod,bin,Name an example of a container: ___,-8.75,-8.75
1161,meta-llama/Llama-3.1-8B-Instruct,container,en,indefinite_prod,birdbath,Name an example of a container: ___,-12.581298828125,-4.193766276041667
1162,meta-llama/Llama-3.1-8B-Instruct,container,en,indefinite_prod,birdcage,Name an example of a container: ___,-13.1329345703125,-4.377644856770833
1163,meta-llama/Llama-3.1-8B-Instruct,container,en,indefinite_prod,bottle,Name an example of a container: ___,-7.40625,-7.40625
1164,meta-llama/Llama-3.1-8B-Instruct,container,en,indefinite_prod,bowl,Name an example of a container: ___,-7.8125,-7.8125
1165,meta-llama/Llama-3.1-8B-Instruct,container,en,indefinite_prod,box,Name an example of a container: ___,-6.75,-6.75
1166,meta-llama/Llama-3.1-8B-Instruct,container,en,indefinite_prod,breadbox,Name an example of a container: ___,-15.84375,-7.921875
1167,meta-llama/Llama-3.1-8B-Instruct,container,en,indefinite_prod,briefcase,Name an example of a container: ___,-14.109375,-7.0546875
1168,meta-llama/Llama-3.1-8B-Instruct,container,en,indefinite_prod,bucket,Name an example of a container: ___,-7.4375,-7.4375
1169,meta-llama/Llama-3.1-8B-Instruct,container,en,indefinite_prod,cabinet,Name an example of a container: ___,-8.9375,-8.9375
1170,meta-llama/Llama-3.1-8B-Instruct,container,en,indefinite_prod,cage,Name an example of a container: ___,-11.5,-11.5
1171,meta-llama/Llama-3.1-8B-Instruct,container,en,indefinite_prod,can,Name an example of a container: ___,-8.6875,-8.6875
1172,meta-llama/Llama-3.1-8B-Instruct,container,en,indefinite_prod,canister,Name an example of a container: ___,-14.3125,-7.15625
1173,meta-llama/Llama-3.1-8B-Instruct,container,en,indefinite_prod,chest,Name an example of a container: ___,-12.6875,-12.6875
1174,meta-llama/Llama-3.1-8B-Instruct,container,en,indefinite_prod,closet,Name an example of a container: ___,-13.375,-13.375
1175,meta-llama/Llama-3.1-8B-Instruct,container,en,indefinite_prod,coffee pot,Name an example of a container: ___,-13.453125,-6.7265625
1176,meta-llama/Llama-3.1-8B-Instruct,container,en,indefinite_prod,coffin,Name an example of a container: ___,-13.3125,-13.3125
1177,meta-llama/Llama-3.1-8B-Instruct,container,en,indefinite_prod,container,Name an example of a container: ___,-6.1875,-6.1875
1178,meta-llama/Llama-3.1-8B-Instruct,container,en,indefinite_prod,cooker,Name an example of a container: ___,-12.5625,-12.5625
1179,meta-llama/Llama-3.1-8B-Instruct,container,en,indefinite_prod,coop,Name an example of a container: ___,-13.1875,-13.1875
1180,meta-llama/Llama-3.1-8B-Instruct,container,en,indefinite_prod,crate,Name an example of a container: ___,-9.4375,-9.4375
1181,meta-llama/Llama-3.1-8B-Instruct,container,en,indefinite_prod,cup,Name an example of a container: ___,-6.9375,-6.9375
1182,meta-llama/Llama-3.1-8B-Instruct,container,en,indefinite_prod,doghouse,Name an example of a container: ___,-12.7578125,-6.37890625
1183,meta-llama/Llama-3.1-8B-Instruct,container,en,indefinite_prod,drawer,Name an example of a container: ___,-11.375,-11.375
1184,meta-llama/Llama-3.1-8B-Instruct,container,en,indefinite_prod,dresser,Name an example of a container: ___,-13.9375,-13.9375
1185,meta-llama/Llama-3.1-8B-Instruct,container,en,indefinite_prod,duffel bag,Name an example of a container: ___,-13.0380859375,-3.259521484375
1186,meta-llama/Llama-3.1-8B-Instruct,container,en,indefinite_prod,dumpster,Name an example of a container: ___,-9.1875,-9.1875
1187,meta-llama/Llama-3.1-8B-Instruct,container,en,indefinite_prod,dustpan,Name an example of a container: ___,-14.3125,-7.15625
1188,meta-llama/Llama-3.1-8B-Instruct,container,en,indefinite_prod,filing cabinet,Name an example of a container: ___,-13.0791015625,-6.53955078125
1189,meta-llama/Llama-3.1-8B-Instruct,container,en,indefinite_prod,fishbowl,Name an example of a container: ___,-12.109437465667725,-4.036479155222575
1190,meta-llama/Llama-3.1-8B-Instruct,container,en,indefinite_prod,flask,Name an example of a container: ___,-9.5,-9.5
1191,meta-llama/Llama-3.1-8B-Instruct,container,en,indefinite_prod,footbath,Name an example of a container: ___,-22.8203125,-7.606770833333333
1192,meta-llama/Llama-3.1-8B-Instruct,container,en,indefinite_prod,glass,Name an example of a container: ___,-9.25,-9.25
1193,meta-llama/Llama-3.1-8B-Instruct,container,en,indefinite_prod,goblet,Name an example of a container: ___,-12.3997802734375,-6.19989013671875
1194,meta-llama/Llama-3.1-8B-Instruct,container,en,indefinite_prod,hatbox,Name an example of a container: ___,-15.4375,-7.71875
1195,meta-llama/Llama-3.1-8B-Instruct,container,en,indefinite_prod,honeypot,Name an example of a container: ___,-17.105712890625,-5.701904296875
1196,meta-llama/Llama-3.1-8B-Instruct,container,en,indefinite_prod,hot tub,Name an example of a container: ___,-16.40625,-8.203125
1197,meta-llama/Llama-3.1-8B-Instruct,container,en,indefinite_prod,hot-water bottle,Name an example of a container: ___,-19.60546875,-6.53515625
1198,meta-llama/Llama-3.1-8B-Instruct,container,en,indefinite_prod,inkwell,Name an example of a container: ___,-11.921875,-5.9609375
1199,meta-llama/Llama-3.1-8B-Instruct,container,en,indefinite_prod,jar,Name an example of a container: ___,-8.25,-8.25
1200,meta-llama/Llama-3.1-8B-Instruct,container,en,indefinite_prod,jug,Name an example of a container: ___,-10.9375,-10.9375
1201,meta-llama/Llama-3.1-8B-Instruct,container,en,indefinite_prod,keg,Name an example of a container: ___,-12.80859375,-6.404296875
1202,meta-llama/Llama-3.1-8B-Instruct,container,en,indefinite_prod,kettle,Name an example of a container: ___,-11.6875,-11.6875
1203,meta-llama/Llama-3.1-8B-Instruct,container,en,indefinite_prod,locker,Name an example of a container: ___,-10.375,-10.375
1204,meta-llama/Llama-3.1-8B-Instruct,container,en,indefinite_prod,luggage,Name an example of a container: ___,-11.625,-11.625
1205,meta-llama/Llama-3.1-8B-Instruct,container,en,indefinite_prod,lunchbox,Name an example of a container: ___,-11.9921875,-5.99609375
1206,meta-llama/Llama-3.1-8B-Instruct,container,en,indefinite_prod,mailbox,Name an example of a container: ___,-11.75,-11.75
1207,meta-llama/Llama-3.1-8B-Instruct,container,en,indefinite_prod,matchbox,Name an example of a container: ___,-13.8125,-6.90625
1208,meta-llama/Llama-3.1-8B-Instruct,container,en,indefinite_prod,measuring cup,Name an example of a container: ___,-14.96875,-7.484375
1209,meta-llama/Llama-3.1-8B-Instruct,container,en,indefinite_prod,mold,Name an example of a container: ___,-9.9375,-9.9375
1210,meta-llama/Llama-3.1-8B-Instruct,container,en,indefinite_prod,mug,Name an example of a container: ___,-9.75,-9.75
1211,meta-llama/Llama-3.1-8B-Instruct,container,en,indefinite_prod,nightstand,Name an example of a container: ___,-16.15625,-8.078125
1212,meta-llama/Llama-3.1-8B-Instruct,container,en,indefinite_prod,oilcan,Name an example of a container: ___,-17.625,-8.8125
1213,meta-llama/Llama-3.1-8B-Instruct,container,en,indefinite_prod,pan,Name an example of a container: ___,-10.8125,-10.8125
1214,meta-llama/Llama-3.1-8B-Instruct,container,en,indefinite_prod,paper bag,Name an example of a container: ___,-11.8828125,-5.94140625
1215,meta-llama/Llama-3.1-8B-Instruct,container,en,indefinite_prod,petri dish,Name an example of a container: ___,-13.8671875,-4.622395833333333
1216,meta-llama/Llama-3.1-8B-Instruct,container,en,indefinite_prod,piggy bank,Name an example of a container: ___,-14.1787109375,-4.726236979166667
1217,meta-llama/Llama-3.1-8B-Instruct,container,en,indefinite_prod,pillbox,Name an example of a container: ___,-15.203125,-7.6015625
1218,meta-llama/Llama-3.1-8B-Instruct,container,en,indefinite_prod,pitcher,Name an example of a container: ___,-12.125,-12.125
1219,meta-llama/Llama-3.1-8B-Instruct,container,en,indefinite_prod,pocket,Name an example of a container: ___,-11.5,-11.5
1220,meta-llama/Llama-3.1-8B-Instruct,container,en,indefinite_prod,pot,Name an example of a container: ___,-8.25,-8.25
1221,meta-llama/Llama-3.1-8B-Instruct,container,en,indefinite_prod,purse,Name an example of a container: ___,-11.25,-11.25
1222,meta-llama/Llama-3.1-8B-Instruct,container,en,indefinite_prod,saltshaker,Name an example of a container: ___,-13.87103271484375,-4.623677571614583
1223,meta-llama/Llama-3.1-8B-Instruct,container,en,indefinite_prod,sandbag,Name an example of a container: ___,-16.875,-8.4375
1224,meta-llama/Llama-3.1-8B-Instruct,container,en,indefinite_prod,sarcophagus,Name an example of a container: ___,-15.6484375,-5.216145833333333
1225,meta-llama/Llama-3.1-8B-Instruct,container,en,indefinite_prod,shaker,Name an example of a container: ___,-10.2734375,-5.13671875
1226,meta-llama/Llama-3.1-8B-Instruct,container,en,indefinite_prod,shopping basket,Name an example of a container: ___,-14.25,-7.125
1227,meta-llama/Llama-3.1-8B-Instruct,container,en,indefinite_prod,shopping cart,Name an example of a container: ___,-13.25,-6.625
1228,meta-llama/Llama-3.1-8B-Instruct,container,en,indefinite_prod,suitcase,Name an example of a container: ___,-9.1875,-9.1875
1229,meta-llama/Llama-3.1-8B-Instruct,container,en,indefinite_prod,swimming pool,Name an example of a container: ___,-12.3330078125,-6.16650390625
1230,meta-llama/Llama-3.1-8B-Instruct,container,en,indefinite_prod,syringe,Name an example of a container: ___,-13.47265625,-6.736328125
1231,meta-llama/Llama-3.1-8B-Instruct,container,en,indefinite_prod,tank,Name an example of a container: ___,-6.96875,-6.96875
1232,meta-llama/Llama-3.1-8B-Instruct,container,en,indefinite_prod,teacup,Name an example of a container: ___,-12.77099609375,-4.256998697916667
1233,meta-llama/Llama-3.1-8B-Instruct,container,en,indefinite_prod,teapot,Name an example of a container: ___,-11.78515625,-5.892578125
1234,meta-llama/Llama-3.1-8B-Instruct,container,en,indefinite_prod,tent,Name an example of a container: ___,-11.0,-11.0
1235,meta-llama/Llama-3.1-8B-Instruct,container,en,indefinite_prod,terrarium,Name an example of a container: ___,-13.96484375,-6.982421875
1236,meta-llama/Llama-3.1-8B-Instruct,container,en,indefinite_prod,test tube,Name an example of a container: ___,-15.1875,-7.59375
1237,meta-llama/Llama-3.1-8B-Instruct,container,en,indefinite_prod,thermos,Name an example of a container: ___,-13.86474609375,-6.932373046875
1238,meta-llama/Llama-3.1-8B-Instruct,container,en,indefinite_prod,toolbox,Name an example of a container: ___,-11.3125,-11.3125
1239,meta-llama/Llama-3.1-8B-Instruct,container,en,indefinite_prod,trashcan,Name an example of a container: ___,-13.90625,-6.953125
1240,meta-llama/Llama-3.1-8B-Instruct,container,en,indefinite_prod,trunk,Name an example of a container: ___,-10.3125,-10.3125
1241,meta-llama/Llama-3.1-8B-Instruct,container,en,indefinite_prod,tupperware,Name an example of a container: ___,-12.92822265625,-4.309407552083333
1242,meta-llama/Llama-3.1-8B-Instruct,container,en,indefinite_prod,urn,Name an example of a container: ___,-11.0,-11.0
1243,meta-llama/Llama-3.1-8B-Instruct,container,en,indefinite_prod,vase,Name an example of a container: ___,-8.375,-8.375
1244,meta-llama/Llama-3.1-8B-Instruct,container,en,indefinite_prod,vial,Name an example of a container: ___,-9.6796875,-4.83984375
1245,meta-llama/Llama-3.1-8B-Instruct,container,en,indefinite_prod,wallet,Name an example of a container: ___,-13.0625,-13.0625
1246,meta-llama/Llama-3.1-8B-Instruct,container,en,indefinite_prod,water bottle,Name an example of a container: ___,-9.1484375,-4.57421875
1247,meta-llama/Llama-3.1-8B-Instruct,container,en,indefinite_prod,water heater,Name an example of a container: ___,-14.21875,-7.109375
1248,meta-llama/Llama-3.1-8B-Instruct,container,en,indefinite_prod,watering can,Name an example of a container: ___,-12.53955078125,-6.269775390625
1249,meta-llama/Llama-3.1-8B-Instruct,container,en,indefinite_prod,wheelbarrow,Name an example of a container: ___,-12.11614990234375,-4.038716634114583
1250,meta-llama/Llama-3.1-8B-Instruct,container,en,indefinite_prod,wine bottle,Name an example of a container: ___,-12.49609375,-6.248046875
1251,meta-llama/Llama-3.1-8B-Instruct,container,en,indefinite_prod,wine cooler,Name an example of a container: ___,-17.5,-8.75
1252,meta-llama/Llama-3.1-8B-Instruct,container,en,indefinite_prod,wineglass,Name an example of a container: ___,-15.0625,-7.53125
1253,meta-llama/Llama-3.1-8B-Instruct,container,en,indefinite_prod,wok,Name an example of a container: ___,-12.9375,-6.46875
1254,meta-llama/Llama-3.1-8B-Instruct,dessert,en,generic,baklava,One example of a dessert is ___.,-12.19879150390625,-6.099395751953125
1255,meta-llama/Llama-3.1-8B-Instruct,dessert,en,generic,banana split,One example of a dessert is ___.,-14.09375,-7.046875
1256,meta-llama/Llama-3.1-8B-Instruct,dessert,en,generic,birthday cake,One example of a dessert is ___.,-13.990234375,-6.9951171875
1257,meta-llama/Llama-3.1-8B-Instruct,dessert,en,generic,brownie,One example of a dessert is ___.,-15.0,-7.5
1258,meta-llama/Llama-3.1-8B-Instruct,dessert,en,generic,cake,One example of a dessert is ___.,-7.78125,-7.78125
1259,meta-llama/Llama-3.1-8B-Instruct,dessert,en,generic,cake mix,One example of a dessert is ___.,-16.28125,-8.140625
1260,meta-llama/Llama-3.1-8B-Instruct,dessert,en,generic,caramel,One example of a dessert is ___.,-12.0,-12.0
1261,meta-llama/Llama-3.1-8B-Instruct,dessert,en,generic,cheese,One example of a dessert is ___.,-10.375,-10.375
1262,meta-llama/Llama-3.1-8B-Instruct,dessert,en,generic,cheesecake,One example of a dessert is ___.,-11.07061767578125,-5.535308837890625
1263,meta-llama/Llama-3.1-8B-Instruct,dessert,en,generic,chocolate,One example of a dessert is ___.,-9.0,-9.0
1264,meta-llama/Llama-3.1-8B-Instruct,dessert,en,generic,cookie,One example of a dessert is ___.,-10.25,-10.25
1265,meta-llama/Llama-3.1-8B-Instruct,dessert,en,generic,creme brulee,One example of a dessert is ___.,-14.1817626953125,-2.8363525390625
1266,meta-llama/Llama-3.1-8B-Instruct,dessert,en,generic,crepe,One example of a dessert is ___.,-15.6875,-7.84375
1267,meta-llama/Llama-3.1-8B-Instruct,dessert,en,generic,cupcake,One example of a dessert is ___.,-10.708984375,-5.3544921875
1268,meta-llama/Llama-3.1-8B-Instruct,dessert,en,generic,dessert,One example of a dessert is ___.,-7.03125,-7.03125
1269,meta-llama/Llama-3.1-8B-Instruct,dessert,en,generic,donut,One example of a dessert is ___.,-13.4375,-6.71875
1270,meta-llama/Llama-3.1-8B-Instruct,dessert,en,generic,eclair,One example of a dessert is ___.,-16.125,-8.0625
1271,meta-llama/Llama-3.1-8B-Instruct,dessert,en,generic,flan,One example of a dessert is ___.,-11.3837890625,-5.69189453125
1272,meta-llama/Llama-3.1-8B-Instruct,dessert,en,generic,fruitcake,One example of a dessert is ___.,-11.6875,-5.84375
1273,meta-llama/Llama-3.1-8B-Instruct,dessert,en,generic,fudge,One example of a dessert is ___.,-12.9921875,-6.49609375
1274,meta-llama/Llama-3.1-8B-Instruct,dessert,en,generic,ice cream,One example of a dessert is ___.,-9.050537109375,-4.5252685546875
1275,meta-llama/Llama-3.1-8B-Instruct,dessert,en,generic,ice-cream cone,One example of a dessert is ___.,-19.7652587890625,-4.941314697265625
1276,meta-llama/Llama-3.1-8B-Instruct,dessert,en,generic,milkshake,One example of a dessert is ___.,-12.8203125,-6.41015625
1277,meta-llama/Llama-3.1-8B-Instruct,dessert,en,generic,mousse,One example of a dessert is ___.,-13.0,-6.5
1278,meta-llama/Llama-3.1-8B-Instruct,dessert,en,generic,muffin,One example of a dessert is ___.,-12.39453125,-6.197265625
1279,meta-llama/Llama-3.1-8B-Instruct,dessert,en,generic,parfait,One example of a dessert is ___.,-12.4375,-12.4375
1280,meta-llama/Llama-3.1-8B-Instruct,dessert,en,generic,pastry,One example of a dessert is ___.,-10.75,-10.75
1281,meta-llama/Llama-3.1-8B-Instruct,dessert,en,generic,pie,One example of a dessert is ___.,-10.0625,-10.0625
1282,meta-llama/Llama-3.1-8B-Instruct,dessert,en,generic,popsicle,One example of a dessert is ___.,-14.7421875,-7.37109375
1283,meta-llama/Llama-3.1-8B-Instruct,dessert,en,generic,pudding,One example of a dessert is ___.,-11.75,-11.75
1284,meta-llama/Llama-3.1-8B-Instruct,dessert,en,generic,shortbread,One example of a dessert is ___.,-15.71875,-7.859375
1285,meta-llama/Llama-3.1-8B-Instruct,dessert,en,generic,sorbet,One example of a dessert is ___.,-14.5767822265625,-7.28839111328125
1286,meta-llama/Llama-3.1-8B-Instruct,dessert,en,generic,souffle,One example of a dessert is ___.,-16.1611328125,-5.387044270833333
1287,meta-llama/Llama-3.1-8B-Instruct,dessert,en,generic,sundae,One example of a dessert is ___.,-14.600830078125,-7.3004150390625
1288,meta-llama/Llama-3.1-8B-Instruct,dessert,en,generic,tiramisu,One example of a dessert is ___.,-14.205078125,-4.735026041666667
1289,meta-llama/Llama-3.1-8B-Instruct,dessert,en,generic,wedding cake,One example of a dessert is ___.,-13.6484375,-6.82421875
1290,meta-llama/Llama-3.1-8B-Instruct,dessert,en,generic,whipped cream,One example of a dessert is ___.,-13.109375,-6.5546875
1291,meta-llama/Llama-3.1-8B-Instruct,dessert,en,indefinite_prod,baklava,Name an example of a dessert: ___,-13.627822875976562,-6.813911437988281
1292,meta-llama/Llama-3.1-8B-Instruct,dessert,en,indefinite_prod,banana split,Name an example of a dessert: ___,-11.453125,-5.7265625
1293,meta-llama/Llama-3.1-8B-Instruct,dessert,en,indefinite_prod,birthday cake,Name an example of a dessert: ___,-10.7900390625,-5.39501953125
1294,meta-llama/Llama-3.1-8B-Instruct,dessert,en,indefinite_prod,brownie,Name an example of a dessert: ___,-9.2109375,-4.60546875
1295,meta-llama/Llama-3.1-8B-Instruct,dessert,en,indefinite_prod,cake,Name an example of a dessert: ___,-5.28125,-5.28125
1296,meta-llama/Llama-3.1-8B-Instruct,dessert,en,indefinite_prod,cake mix,Name an example of a dessert: ___,-14.375,-7.1875
1297,meta-llama/Llama-3.1-8B-Instruct,dessert,en,indefinite_prod,caramel,Name an example of a dessert: ___,-9.5625,-9.5625
1298,meta-llama/Llama-3.1-8B-Instruct,dessert,en,indefinite_prod,cheese,Name an example of a dessert: ___,-7.8125,-7.8125
1299,meta-llama/Llama-3.1-8B-Instruct,dessert,en,indefinite_prod,cheesecake,Name an example of a dessert: ___,-6.1264801025390625,-3.0632400512695312
1300,meta-llama/Llama-3.1-8B-Instruct,dessert,en,indefinite_prod,chocolate,Name an example of a dessert: ___,-6.96875,-6.96875
1301,meta-llama/Llama-3.1-8B-Instruct,dessert,en,indefinite_prod,cookie,Name an example of a dessert: ___,-7.75,-7.75
1302,meta-llama/Llama-3.1-8B-Instruct,dessert,en,indefinite_prod,creme brulee,Name an example of a dessert: ___,-10.881591796875,-2.176318359375
1303,meta-llama/Llama-3.1-8B-Instruct,dessert,en,indefinite_prod,crepe,Name an example of a dessert: ___,-12.125,-6.0625
1304,meta-llama/Llama-3.1-8B-Instruct,dessert,en,indefinite_prod,cupcake,Name an example of a dessert: ___,-7.08203125,-3.541015625
1305,meta-llama/Llama-3.1-8B-Instruct,dessert,en,indefinite_prod,dessert,Name an example of a dessert: ___,-8.5625,-8.5625
1306,meta-llama/Llama-3.1-8B-Instruct,dessert,en,indefinite_prod,donut,Name an example of a dessert: ___,-10.796875,-5.3984375
1307,meta-llama/Llama-3.1-8B-Instruct,dessert,en,indefinite_prod,eclair,Name an example of a dessert: ___,-10.447265625,-5.2236328125
1308,meta-llama/Llama-3.1-8B-Instruct,dessert,en,indefinite_prod,flan,Name an example of a dessert: ___,-10.46484375,-5.232421875
1309,meta-llama/Llama-3.1-8B-Instruct,dessert,en,indefinite_prod,fruitcake,Name an example of a dessert: ___,-11.53125,-5.765625
1310,meta-llama/Llama-3.1-8B-Instruct,dessert,en,indefinite_prod,fudge,Name an example of a dessert: ___,-11.072265625,-5.5361328125
1311,meta-llama/Llama-3.1-8B-Instruct,dessert,en,indefinite_prod,ice cream,Name an example of a dessert: ___,-7.168212890625,-3.5841064453125
1312,meta-llama/Llama-3.1-8B-Instruct,dessert,en,indefinite_prod,ice-cream cone,Name an example of a dessert: ___,-18.37060546875,-4.5926513671875
1313,meta-llama/Llama-3.1-8B-Instruct,dessert,en,indefinite_prod,milkshake,Name an example of a dessert: ___,-11.28515625,-5.642578125
1314,meta-llama/Llama-3.1-8B-Instruct,dessert,en,indefinite_prod,mousse,Name an example of a dessert: ___,-9.33203125,-4.666015625
1315,meta-llama/Llama-3.1-8B-Instruct,dessert,en,indefinite_prod,muffin,Name an example of a dessert: ___,-10.8408203125,-5.42041015625
1316,meta-llama/Llama-3.1-8B-Instruct,dessert,en,indefinite_prod,parfait,Name an example of a dessert: ___,-12.0625,-12.0625
1317,meta-llama/Llama-3.1-8B-Instruct,dessert,en,indefinite_prod,pastry,Name an example of a dessert: ___,-11.0625,-11.0625
1318,meta-llama/Llama-3.1-8B-Instruct,dessert,en,indefinite_prod,pie,Name an example of a dessert: ___,-7.53125,-7.53125
1319,meta-llama/Llama-3.1-8B-Instruct,dessert,en,indefinite_prod,popsicle,Name an example of a dessert: ___,-11.6953125,-5.84765625
1320,meta-llama/Llama-3.1-8B-Instruct,dessert,en,indefinite_prod,pudding,Name an example of a dessert: ___,-9.6875,-9.6875
1321,meta-llama/Llama-3.1-8B-Instruct,dessert,en,indefinite_prod,shortbread,Name an example of a dessert: ___,-14.140625,-7.0703125
1322,meta-llama/Llama-3.1-8B-Instruct,dessert,en,indefinite_prod,sorbet,Name an example of a dessert: ___,-13.5147705078125,-6.75738525390625
1323,meta-llama/Llama-3.1-8B-Instruct,dessert,en,indefinite_prod,souffle,Name an example of a dessert: ___,-16.0198974609375,-5.3399658203125
1324,meta-llama/Llama-3.1-8B-Instruct,dessert,en,indefinite_prod,sundae,Name an example of a dessert: ___,-11.002700805664062,-5.501350402832031
1325,meta-llama/Llama-3.1-8B-Instruct,dessert,en,indefinite_prod,tiramisu,Name an example of a dessert: ___,-11.614013671875,-3.871337890625
1326,meta-llama/Llama-3.1-8B-Instruct,dessert,en,indefinite_prod,wedding cake,Name an example of a dessert: ___,-13.04833984375,-6.524169921875
1327,meta-llama/Llama-3.1-8B-Instruct,dessert,en,indefinite_prod,whipped cream,Name an example of a dessert: ___,-11.61767578125,-5.808837890625
1328,meta-llama/Llama-3.1-8B-Instruct,drink,en,generic,beer,One example of a drink is ___.,-9.0625,-9.0625
1329,meta-llama/Llama-3.1-8B-Instruct,drink,en,generic,champagne,One example of a drink is ___.,-12.375,-12.375
1330,meta-llama/Llama-3.1-8B-Instruct,drink,en,generic,cocktail,One example of a drink is ___.,-9.5625,-9.5625
1331,meta-llama/Llama-3.1-8B-Instruct,drink,en,generic,coffee,One example of a drink is ___.,-8.9375,-8.9375
1332,meta-llama/Llama-3.1-8B-Instruct,drink,en,generic,drink,One example of a drink is ___.,-6.6875,-6.6875
1333,meta-llama/Llama-3.1-8B-Instruct,drink,en,generic,eggnog,One example of a drink is ___.,-17.25421142578125,-5.75140380859375
1334,meta-llama/Llama-3.1-8B-Instruct,drink,en,generic,espresso,One example of a drink is ___.,-11.4375,-11.4375
1335,meta-llama/Llama-3.1-8B-Instruct,drink,en,generic,hot chocolate,One example of a drink is ___.,-12.8671875,-6.43359375
1336,meta-llama/Llama-3.1-8B-Instruct,drink,en,generic,juice,One example of a drink is ___.,-9.625,-9.625
1337,meta-llama/Llama-3.1-8B-Instruct,drink,en,generic,latte,One example of a drink is ___.,-13.309814453125,-6.6549072265625
1338,meta-llama/Llama-3.1-8B-Instruct,drink,en,generic,lemonade,One example of a drink is ___.,-9.71484375,-4.857421875
1339,meta-llama/Llama-3.1-8B-Instruct,drink,en,generic,margarita,One example of a drink is ___.,-15.3984375,-5.1328125
1340,meta-llama/Llama-3.1-8B-Instruct,drink,en,generic,milk,One example of a drink is ___.,-9.75,-9.75
1341,meta-llama/Llama-3.1-8B-Instruct,drink,en,generic,milkshake,One example of a drink is ___.,-13.453125,-6.7265625
1342,meta-llama/Llama-3.1-8B-Instruct,drink,en,generic,punch,One example of a drink is ___.,-11.3125,-11.3125
1343,meta-llama/Llama-3.1-8B-Instruct,drink,en,generic,smoothie,One example of a drink is ___.,-12.88671875,-6.443359375
1344,meta-llama/Llama-3.1-8B-Instruct,drink,en,generic,soda,One example of a drink is ___.,-9.875,-9.875
1345,meta-llama/Llama-3.1-8B-Instruct,drink,en,generic,tea,One example of a drink is ___.,-8.1875,-8.1875
1346,meta-llama/Llama-3.1-8B-Instruct,drink,en,generic,wine,One example of a drink is ___.,-9.5,-9.5
1347,meta-llama/Llama-3.1-8B-Instruct,drink,en,indefinite_prod,beer,Name an example of a drink: ___,-8.1875,-8.1875
1348,meta-llama/Llama-3.1-8B-Instruct,drink,en,indefinite_prod,champagne,Name an example of a drink: ___,-10.0625,-10.0625
1349,meta-llama/Llama-3.1-8B-Instruct,drink,en,indefinite_prod,cocktail,Name an example of a drink: ___,-8.875,-8.875
1350,meta-llama/Llama-3.1-8B-Instruct,drink,en,indefinite_prod,coffee,Name an example of a drink: ___,-6.15625,-6.15625
1351,meta-llama/Llama-3.1-8B-Instruct,drink,en,indefinite_prod,drink,Name an example of a drink: ___,-7.78125,-7.78125
1352,meta-llama/Llama-3.1-8B-Instruct,drink,en,indefinite_prod,eggnog,Name an example of a drink: ___,-11.9869384765625,-3.9956461588541665
1353,meta-llama/Llama-3.1-8B-Instruct,drink,en,indefinite_prod,espresso,Name an example of a drink: ___,-7.59375,-7.59375
1354,meta-llama/Llama-3.1-8B-Instruct,drink,en,indefinite_prod,hot chocolate,Name an example of a drink: ___,-9.61328125,-4.806640625
1355,meta-llama/Llama-3.1-8B-Instruct,drink,en,indefinite_prod,juice,Name an example of a drink: ___,-7.59375,-7.59375
1356,meta-llama/Llama-3.1-8B-Instruct,drink,en,indefinite_prod,latte,Name an example of a drink: ___,-7.945037841796875,-3.9725189208984375
1357,meta-llama/Llama-3.1-8B-Instruct,drink,en,indefinite_prod,lemonade,Name an example of a drink: ___,-6.224609375,-3.1123046875
1358,meta-llama/Llama-3.1-8B-Instruct,drink,en,indefinite_prod,margarita,Name an example of a drink: ___,-13.012451171875,-4.337483723958333
1359,meta-llama/Llama-3.1-8B-Instruct,drink,en,indefinite_prod,milk,Name an example of a drink: ___,-6.71875,-6.71875
1360,meta-llama/Llama-3.1-8B-Instruct,drink,en,indefinite_prod,milkshake,Name an example of a drink: ___,-10.75,-5.375
1361,meta-llama/Llama-3.1-8B-Instruct,drink,en,indefinite_prod,punch,Name an example of a drink: ___,-9.125,-9.125
1362,meta-llama/Llama-3.1-8B-Instruct,drink,en,indefinite_prod,smoothie,Name an example of a drink: ___,-10.427734375,-5.2138671875
1363,meta-llama/Llama-3.1-8B-Instruct,drink,en,indefinite_prod,soda,Name an example of a drink: ___,-6.59375,-6.59375
1364,meta-llama/Llama-3.1-8B-Instruct,drink,en,indefinite_prod,tea,Name an example of a drink: ___,-4.03125,-4.03125
1365,meta-llama/Llama-3.1-8B-Instruct,drink,en,indefinite_prod,wine,Name an example of a drink: ___,-9.3125,-9.3125
1366,meta-llama/Llama-3.1-8B-Instruct,electronic device,en,generic,radio,One example of a electronic device is ___.,-8.8125,-8.8125
1367,meta-llama/Llama-3.1-8B-Instruct,electronic device,en,generic,air conditioner,One example of a electronic device is ___.,-11.8984375,-5.94921875
1368,meta-llama/Llama-3.1-8B-Instruct,electronic device,en,generic,amplifier,One example of a electronic device is ___.,-11.3125,-11.3125
1369,meta-llama/Llama-3.1-8B-Instruct,electronic device,en,generic,blender,One example of a electronic device is ___.,-14.125,-14.125
1370,meta-llama/Llama-3.1-8B-Instruct,electronic device,en,generic,blower,One example of a electronic device is ___.,-16.40625,-8.203125
1371,meta-llama/Llama-3.1-8B-Instruct,electronic device,en,generic,camcorder,One example of a electronic device is ___.,-13.244140625,-4.414713541666667
1372,meta-llama/Llama-3.1-8B-Instruct,electronic device,en,generic,camera,One example of a electronic device is ___.,-11.4375,-11.4375
1373,meta-llama/Llama-3.1-8B-Instruct,electronic device,en,generic,cash machine,One example of a electronic device is ___.,-14.578125,-7.2890625
1374,meta-llama/Llama-3.1-8B-Instruct,electronic device,en,generic,cd player,One example of a electronic device is ___.,-12.09375,-6.046875
1375,meta-llama/Llama-3.1-8B-Instruct,electronic device,en,generic,cellphone,One example of a electronic device is ___.,-11.25,-11.25
1376,meta-llama/Llama-3.1-8B-Instruct,electronic device,en,generic,centrifuge,One example of a electronic device is ___.,-17.7109375,-8.85546875
1377,meta-llama/Llama-3.1-8B-Instruct,electronic device,en,generic,chainsaw,One example of a electronic device is ___.,-19.78125,-9.890625
1378,meta-llama/Llama-3.1-8B-Instruct,electronic device,en,generic,coffeemaker,One example of a electronic device is ___.,-14.9501953125,-4.9833984375
1379,meta-llama/Llama-3.1-8B-Instruct,electronic device,en,generic,computer,One example of a electronic device is ___.,-7.5,-7.5
1380,meta-llama/Llama-3.1-8B-Instruct,electronic device,en,generic,computer screen,One example of a electronic device is ___.,-13.8125,-6.90625
1381,meta-llama/Llama-3.1-8B-Instruct,electronic device,en,generic,cooker,One example of a electronic device is ___.,-15.0625,-15.0625
1382,meta-llama/Llama-3.1-8B-Instruct,electronic device,en,generic,copier,One example of a electronic device is ___.,-13.2294921875,-6.61474609375
1383,meta-llama/Llama-3.1-8B-Instruct,electronic device,en,generic,curling iron,One example of a electronic device is ___.,-18.33984375,-6.11328125
1384,meta-llama/Llama-3.1-8B-Instruct,electronic device,en,generic,defibrillator,One example of a electronic device is ___.,-18.16015625,-6.053385416666667
1385,meta-llama/Llama-3.1-8B-Instruct,electronic device,en,generic,dishwasher,One example of a electronic device is ___.,-14.0625,-14.0625
1386,meta-llama/Llama-3.1-8B-Instruct,electronic device,en,generic,drill,One example of a electronic device is ___.,-12.875,-12.875
1387,meta-llama/Llama-3.1-8B-Instruct,electronic device,en,generic,dryer,One example of a electronic device is ___.,-15.5,-15.5
1388,meta-llama/Llama-3.1-8B-Instruct,electronic device,en,generic,electric chair,One example of a electronic device is ___.,-15.65625,-7.828125
1389,meta-llama/Llama-3.1-8B-Instruct,electronic device,en,generic,fan,One example of a electronic device is ___.,-13.4375,-13.4375
1390,meta-llama/Llama-3.1-8B-Instruct,electronic device,en,generic,food processor,One example of a electronic device is ___.,-13.9765625,-6.98828125
1391,meta-llama/Llama-3.1-8B-Instruct,electronic device,en,generic,freezer,One example of a electronic device is ___.,-16.375,-16.375
1392,meta-llama/Llama-3.1-8B-Instruct,electronic device,en,generic,generator,One example of a electronic device is ___.,-12.75,-12.75
1393,meta-llama/Llama-3.1-8B-Instruct,electronic device,en,generic,hairdryer,One example of a electronic device is ___.,-14.7294921875,-4.909830729166667
1394,meta-llama/Llama-3.1-8B-Instruct,electronic device,en,generic,hotplate,One example of a electronic device is ___.,-17.78125,-8.890625
1395,meta-llama/Llama-3.1-8B-Instruct,electronic device,en,generic,icemaker,One example of a electronic device is ___.,-17.28125,-8.640625
1396,meta-llama/Llama-3.1-8B-Instruct,electronic device,en,generic,incubator,One example of a electronic device is ___.,-15.2001953125,-7.60009765625
1397,meta-llama/Llama-3.1-8B-Instruct,electronic device,en,generic,iron,One example of a electronic device is ___.,-13.75,-13.75
1398,meta-llama/Llama-3.1-8B-Instruct,electronic device,en,generic,jackhammer,One example of a electronic device is ___.,-17.46875,-8.734375
1399,meta-llama/Llama-3.1-8B-Instruct,electronic device,en,generic,joystick,One example of a electronic device is ___.,-13.4375,-13.4375
1400,meta-llama/Llama-3.1-8B-Instruct,electronic device,en,generic,juicer,One example of a electronic device is ___.,-17.265625,-8.6328125
1401,meta-llama/Llama-3.1-8B-Instruct,electronic device,en,generic,jukebox,One example of a electronic device is ___.,-14.443359375,-4.814453125
1402,meta-llama/Llama-3.1-8B-Instruct,electronic device,en,generic,lamp,One example of a electronic device is ___.,-11.4375,-11.4375
1403,meta-llama/Llama-3.1-8B-Instruct,electronic device,en,generic,laptop,One example of a electronic device is ___.,-10.75,-10.75
1404,meta-llama/Llama-3.1-8B-Instruct,electronic device,en,generic,metal detector,One example of a electronic device is ___.,-14.515625,-7.2578125
1405,meta-llama/Llama-3.1-8B-Instruct,electronic device,en,generic,microphone,One example of a electronic device is ___.,-11.25,-11.25
1406,meta-llama/Llama-3.1-8B-Instruct,electronic device,en,generic,microwave,One example of a electronic device is ___.,-10.5625,-10.5625
1407,meta-llama/Llama-3.1-8B-Instruct,electronic device,en,generic,mixer,One example of a electronic device is ___.,-15.0625,-15.0625
1408,meta-llama/Llama-3.1-8B-Instruct,electronic device,en,generic,modem,One example of a electronic device is ___.,-12.5625,-12.5625
1409,meta-llama/Llama-3.1-8B-Instruct,electronic device,en,generic,mouse,One example of a electronic device is ___.,-13.0,-13.0
1410,meta-llama/Llama-3.1-8B-Instruct,electronic device,en,generic,music box,One example of a electronic device is ___.,-15.78125,-7.890625
1411,meta-llama/Llama-3.1-8B-Instruct,electronic device,en,generic,pinball,One example of a electronic device is ___.,-15.265625,-7.6328125
1412,meta-llama/Llama-3.1-8B-Instruct,electronic device,en,generic,polygraph,One example of a electronic device is ___.,-17.5,-8.75
1413,meta-llama/Llama-3.1-8B-Instruct,electronic device,en,generic,printer,One example of a electronic device is ___.,-11.125,-11.125
1414,meta-llama/Llama-3.1-8B-Instruct,electronic device,en,generic,projector,One example of a electronic device is ___.,-13.625,-13.625
1415,meta-llama/Llama-3.1-8B-Instruct,electronic device,en,generic,record player,One example of a electronic device is ___.,-12.4921875,-6.24609375
1416,meta-llama/Llama-3.1-8B-Instruct,electronic device,en,generic,refrigerator,One example of a electronic device is ___.,-14.3125,-14.3125
1417,meta-llama/Llama-3.1-8B-Instruct,electronic device,en,generic,remote control,One example of a electronic device is ___.,-11.63671875,-5.818359375
1418,meta-llama/Llama-3.1-8B-Instruct,electronic device,en,generic,router,One example of a electronic device is ___.,-11.625,-11.625
1419,meta-llama/Llama-3.1-8B-Instruct,electronic device,en,generic,scanner,One example of a electronic device is ___.,-13.5625,-13.5625
1420,meta-llama/Llama-3.1-8B-Instruct,electronic device,en,generic,screen,One example of a electronic device is ___.,-11.6875,-11.6875
1421,meta-llama/Llama-3.1-8B-Instruct,electronic device,en,generic,sewing machine,One example of a electronic device is ___.,-15.29052734375,-7.645263671875
1422,meta-llama/Llama-3.1-8B-Instruct,electronic device,en,generic,shredder,One example of a electronic device is ___.,-16.0029296875,-8.00146484375
1423,meta-llama/Llama-3.1-8B-Instruct,electronic device,en,generic,slicer,One example of a electronic device is ___.,-16.21875,-8.109375
1424,meta-llama/Llama-3.1-8B-Instruct,electronic device,en,generic,slot machine,One example of a electronic device is ___.,-14.28125,-7.140625
1425,meta-llama/Llama-3.1-8B-Instruct,electronic device,en,generic,smoke alarm,One example of a electronic device is ___.,-13.40625,-6.703125
1426,meta-llama/Llama-3.1-8B-Instruct,electronic device,en,generic,stereo,One example of a electronic device is ___.,-11.25,-11.25
1427,meta-llama/Llama-3.1-8B-Instruct,electronic device,en,generic,tablet,One example of a electronic device is ___.,-12.0625,-12.0625
1428,meta-llama/Llama-3.1-8B-Instruct,electronic device,en,generic,tape recorder,One example of a electronic device is ___.,-13.0546875,-6.52734375
1429,meta-llama/Llama-3.1-8B-Instruct,electronic device,en,generic,television,One example of a electronic device is ___.,-10.4375,-10.4375
1430,meta-llama/Llama-3.1-8B-Instruct,electronic device,en,generic,toaster,One example of a electronic device is ___.,-12.4375,-12.4375
1431,meta-llama/Llama-3.1-8B-Instruct,electronic device,en,generic,toaster oven,One example of a electronic device is ___.,-17.0,-8.5
1432,meta-llama/Llama-3.1-8B-Instruct,electronic device,en,generic,treadmill,One example of a electronic device is ___.,-15.0,-15.0
1433,meta-llama/Llama-3.1-8B-Instruct,electronic device,en,generic,turntable,One example of a electronic device is ___.,-17.34375,-8.671875
1434,meta-llama/Llama-3.1-8B-Instruct,electronic device,en,generic,vacuum,One example of a electronic device is ___.,-11.125,-11.125
1435,meta-llama/Llama-3.1-8B-Instruct,electronic device,en,generic,vending machine,One example of a electronic device is ___.,-14.251953125,-7.1259765625
1436,meta-llama/Llama-3.1-8B-Instruct,electronic device,en,generic,waffle iron,One example of a electronic device is ___.,-18.3515625,-6.1171875
1437,meta-llama/Llama-3.1-8B-Instruct,electronic device,en,generic,washing machine,One example of a electronic device is ___.,-14.38427734375,-7.192138671875
1438,meta-llama/Llama-3.1-8B-Instruct,electronic device,en,generic,water heater,One example of a electronic device is ___.,-13.71875,-6.859375
1439,meta-llama/Llama-3.1-8B-Instruct,electronic device,en,generic,webcam,One example of a electronic device is ___.,-12.375,-12.375
1440,meta-llama/Llama-3.1-8B-Instruct,electronic device,en,indefinite_prod,radio,Name an example of a electronic device: ___,-7.84375,-7.84375
1441,meta-llama/Llama-3.1-8B-Instruct,electronic device,en,indefinite_prod,air conditioner,Name an example of a electronic device: ___,-9.859375,-4.9296875
1442,meta-llama/Llama-3.1-8B-Instruct,electronic device,en,indefinite_prod,amplifier,Name an example of a electronic device: ___,-10.6875,-10.6875
1443,meta-llama/Llama-3.1-8B-Instruct,electronic device,en,indefinite_prod,blender,Name an example of a electronic device: ___,-11.1875,-11.1875
1444,meta-llama/Llama-3.1-8B-Instruct,electronic device,en,indefinite_prod,blower,Name an example of a electronic device: ___,-17.15625,-8.578125
1445,meta-llama/Llama-3.1-8B-Instruct,electronic device,en,indefinite_prod,camcorder,Name an example of a electronic device: ___,-14.2281494140625,-4.742716471354167
1446,meta-llama/Llama-3.1-8B-Instruct,electronic device,en,indefinite_prod,camera,Name an example of a electronic device: ___,-9.4375,-9.4375
1447,meta-llama/Llama-3.1-8B-Instruct,electronic device,en,indefinite_prod,cash machine,Name an example of a electronic device: ___,-14.59375,-7.296875
1448,meta-llama/Llama-3.1-8B-Instruct,electronic device,en,indefinite_prod,cd player,Name an example of a electronic device: ___,-9.9609375,-4.98046875
1449,meta-llama/Llama-3.1-8B-Instruct,electronic device,en,indefinite_prod,cellphone,Name an example of a electronic device: ___,-7.21875,-7.21875
1450,meta-llama/Llama-3.1-8B-Instruct,electronic device,en,indefinite_prod,centrifuge,Name an example of a electronic device: ___,-17.671875,-8.8359375
1451,meta-llama/Llama-3.1-8B-Instruct,electronic device,en,indefinite_prod,chainsaw,Name an example of a electronic device: ___,-15.2421875,-7.62109375
1452,meta-llama/Llama-3.1-8B-Instruct,electronic device,en,indefinite_prod,coffeemaker,Name an example of a electronic device: ___,-14.357421875,-4.785807291666667
1453,meta-llama/Llama-3.1-8B-Instruct,electronic device,en,indefinite_prod,computer,Name an example of a electronic device: ___,-4.9375,-4.9375
1454,meta-llama/Llama-3.1-8B-Instruct,electronic device,en,indefinite_prod,computer screen,Name an example of a electronic device: ___,-11.0625,-5.53125
1455,meta-llama/Llama-3.1-8B-Instruct,electronic device,en,indefinite_prod,cooker,Name an example of a electronic device: ___,-14.25,-14.25
1456,meta-llama/Llama-3.1-8B-Instruct,electronic device,en,indefinite_prod,copier,Name an example of a electronic device: ___,-12.65234375,-6.326171875
1457,meta-llama/Llama-3.1-8B-Instruct,electronic device,en,indefinite_prod,curling iron,Name an example of a electronic device: ___,-16.9853515625,-5.661783854166667
1458,meta-llama/Llama-3.1-8B-Instruct,electronic device,en,indefinite_prod,defibrillator,Name an example of a electronic device: ___,-13.4150390625,-4.4716796875
1459,meta-llama/Llama-3.1-8B-Instruct,electronic device,en,indefinite_prod,dishwasher,Name an example of a electronic device: ___,-12.25,-12.25
1460,meta-llama/Llama-3.1-8B-Instruct,electronic device,en,indefinite_prod,drill,Name an example of a electronic device: ___,-12.875,-12.875
1461,meta-llama/Llama-3.1-8B-Instruct,electronic device,en,indefinite_prod,dryer,Name an example of a electronic device: ___,-15.125,-15.125
1462,meta-llama/Llama-3.1-8B-Instruct,electronic device,en,indefinite_prod,electric chair,Name an example of a electronic device: ___,-17.875,-8.9375
1463,meta-llama/Llama-3.1-8B-Instruct,electronic device,en,indefinite_prod,fan,Name an example of a electronic device: ___,-11.875,-11.875
1464,meta-llama/Llama-3.1-8B-Instruct,electronic device,en,indefinite_prod,food processor,Name an example of a electronic device: ___,-15.4375,-7.71875
1465,meta-llama/Llama-3.1-8B-Instruct,electronic device,en,indefinite_prod,freezer,Name an example of a electronic device: ___,-14.75,-14.75
1466,meta-llama/Llama-3.1-8B-Instruct,electronic device,en,indefinite_prod,generator,Name an example of a electronic device: ___,-12.75,-12.75
1467,meta-llama/Llama-3.1-8B-Instruct,electronic device,en,indefinite_prod,hairdryer,Name an example of a electronic device: ___,-15.9130859375,-5.304361979166667
1468,meta-llama/Llama-3.1-8B-Instruct,electronic device,en,indefinite_prod,hotplate,Name an example of a electronic device: ___,-17.15625,-8.578125
1469,meta-llama/Llama-3.1-8B-Instruct,electronic device,en,indefinite_prod,icemaker,Name an example of a electronic device: ___,-18.5,-9.25
1470,meta-llama/Llama-3.1-8B-Instruct,electronic device,en,indefinite_prod,incubator,Name an example of a electronic device: ___,-15.72265625,-7.861328125
1471,meta-llama/Llama-3.1-8B-Instruct,electronic device,en,indefinite_prod,iron,Name an example of a electronic device: ___,-13.5,-13.5
1472,meta-llama/Llama-3.1-8B-Instruct,electronic device,en,indefinite_prod,jackhammer,Name an example of a electronic device: ___,-18.609375,-9.3046875
1473,meta-llama/Llama-3.1-8B-Instruct,electronic device,en,indefinite_prod,joystick,Name an example of a electronic device: ___,-11.6875,-11.6875
1474,meta-llama/Llama-3.1-8B-Instruct,electronic device,en,indefinite_prod,juicer,Name an example of a electronic device: ___,-14.59375,-7.296875
1475,meta-llama/Llama-3.1-8B-Instruct,electronic device,en,indefinite_prod,jukebox,Name an example of a electronic device: ___,-15.431640625,-5.143880208333333
1476,meta-llama/Llama-3.1-8B-Instruct,electronic device,en,indefinite_prod,lamp,Name an example of a electronic device: ___,-8.625,-8.625
1477,meta-llama/Llama-3.1-8B-Instruct,electronic device,en,indefinite_prod,laptop,Name an example of a electronic device: ___,-5.0625,-5.0625
1478,meta-llama/Llama-3.1-8B-Instruct,electronic device,en,indefinite_prod,metal detector,Name an example of a electronic device: ___,-16.453125,-8.2265625
1479,meta-llama/Llama-3.1-8B-Instruct,electronic device,en,indefinite_prod,microphone,Name an example of a electronic device: ___,-8.625,-8.625
1480,meta-llama/Llama-3.1-8B-Instruct,electronic device,en,indefinite_prod,microwave,Name an example of a electronic device: ___,-8.5,-8.5
1481,meta-llama/Llama-3.1-8B-Instruct,electronic device,en,indefinite_prod,mixer,Name an example of a electronic device: ___,-13.3125,-13.3125
1482,meta-llama/Llama-3.1-8B-Instruct,electronic device,en,indefinite_prod,modem,Name an example of a electronic device: ___,-11.5,-11.5
1483,meta-llama/Llama-3.1-8B-Instruct,electronic device,en,indefinite_prod,mouse,Name an example of a electronic device: ___,-10.8125,-10.8125
1484,meta-llama/Llama-3.1-8B-Instruct,electronic device,en,indefinite_prod,music box,Name an example of a electronic device: ___,-16.4375,-8.21875
1485,meta-llama/Llama-3.1-8B-Instruct,electronic device,en,indefinite_prod,pinball,Name an example of a electronic device: ___,-13.828125,-6.9140625
1486,meta-llama/Llama-3.1-8B-Instruct,electronic device,en,indefinite_prod,polygraph,Name an example of a electronic device: ___,-18.421875,-9.2109375
1487,meta-llama/Llama-3.1-8B-Instruct,electronic device,en,indefinite_prod,printer,Name an example of a electronic device: ___,-8.1875,-8.1875
1488,meta-llama/Llama-3.1-8B-Instruct,electronic device,en,indefinite_prod,projector,Name an example of a electronic device: ___,-10.0,-10.0
1489,meta-llama/Llama-3.1-8B-Instruct,electronic device,en,indefinite_prod,record player,Name an example of a electronic device: ___,-13.765625,-6.8828125
1490,meta-llama/Llama-3.1-8B-Instruct,electronic device,en,indefinite_prod,refrigerator,Name an example of a electronic device: ___,-11.0,-11.0
1491,meta-llama/Llama-3.1-8B-Instruct,electronic device,en,indefinite_prod,remote control,Name an example of a electronic device: ___,-9.576171875,-4.7880859375
1492,meta-llama/Llama-3.1-8B-Instruct,electronic device,en,indefinite_prod,router,Name an example of a electronic device: ___,-10.4375,-10.4375
1493,meta-llama/Llama-3.1-8B-Instruct,electronic device,en,indefinite_prod,scanner,Name an example of a electronic device: ___,-9.875,-9.875
1494,meta-llama/Llama-3.1-8B-Instruct,electronic device,en,indefinite_prod,screen,Name an example of a electronic device: ___,-9.875,-9.875
1495,meta-llama/Llama-3.1-8B-Instruct,electronic device,en,indefinite_prod,sewing machine,Name an example of a electronic device: ___,-14.92626953125,-7.463134765625
1496,meta-llama/Llama-3.1-8B-Instruct,electronic device,en,indefinite_prod,shredder,Name an example of a electronic device: ___,-15.612060546875,-7.8060302734375
1497,meta-llama/Llama-3.1-8B-Instruct,electronic device,en,indefinite_prod,slicer,Name an example of a electronic device: ___,-15.0712890625,-7.53564453125
1498,meta-llama/Llama-3.1-8B-Instruct,electronic device,en,indefinite_prod,slot machine,Name an example of a electronic device: ___,-14.890625,-7.4453125
1499,meta-llama/Llama-3.1-8B-Instruct,electronic device,en,indefinite_prod,smoke alarm,Name an example of a electronic device: ___,-13.90625,-6.953125
1500,meta-llama/Llama-3.1-8B-Instruct,electronic device,en,indefinite_prod,stereo,Name an example of a electronic device: ___,-10.4375,-10.4375
1501,meta-llama/Llama-3.1-8B-Instruct,electronic device,en,indefinite_prod,tablet,Name an example of a electronic device: ___,-7.78125,-7.78125
1502,meta-llama/Llama-3.1-8B-Instruct,electronic device,en,indefinite_prod,tape recorder,Name an example of a electronic device: ___,-11.13671875,-5.568359375
1503,meta-llama/Llama-3.1-8B-Instruct,electronic device,en,indefinite_prod,television,Name an example of a electronic device: ___,-6.9375,-6.9375
1504,meta-llama/Llama-3.1-8B-Instruct,electronic device,en,indefinite_prod,toaster,Name an example of a electronic device: ___,-9.25,-9.25
1505,meta-llama/Llama-3.1-8B-Instruct,electronic device,en,indefinite_prod,toaster oven,Name an example of a electronic device: ___,-15.21875,-7.609375
1506,meta-llama/Llama-3.1-8B-Instruct,electronic device,en,indefinite_prod,treadmill,Name an example of a electronic device: ___,-12.375,-12.375
1507,meta-llama/Llama-3.1-8B-Instruct,electronic device,en,indefinite_prod,turntable,Name an example of a electronic device: ___,-13.3671875,-6.68359375
1508,meta-llama/Llama-3.1-8B-Instruct,electronic device,en,indefinite_prod,vacuum,Name an example of a electronic device: ___,-10.3125,-10.3125
1509,meta-llama/Llama-3.1-8B-Instruct,electronic device,en,indefinite_prod,vending machine,Name an example of a electronic device: ___,-14.59765625,-7.298828125
1510,meta-llama/Llama-3.1-8B-Instruct,electronic device,en,indefinite_prod,waffle iron,Name an example of a electronic device: ___,-20.03515625,-6.678385416666667
1511,meta-llama/Llama-3.1-8B-Instruct,electronic device,en,indefinite_prod,washing machine,Name an example of a electronic device: ___,-12.981689453125,-6.4908447265625
1512,meta-llama/Llama-3.1-8B-Instruct,electronic device,en,indefinite_prod,water heater,Name an example of a electronic device: ___,-14.390625,-7.1953125
1513,meta-llama/Llama-3.1-8B-Instruct,electronic device,en,indefinite_prod,webcam,Name an example of a electronic device: ___,-9.0625,-9.0625
1514,meta-llama/Llama-3.1-8B-Instruct,farm animal,en,generic,bison,One example of a farm animal is ___.,-15.25,-7.625
1515,meta-llama/Llama-3.1-8B-Instruct,farm animal,en,generic,bull,One example of a farm animal is ___.,-13.875,-13.875
1516,meta-llama/Llama-3.1-8B-Instruct,farm animal,en,generic,calf,One example of a farm animal is ___.,-13.25,-13.25
1517,meta-llama/Llama-3.1-8B-Instruct,farm animal,en,generic,chicken,One example of a farm animal is ___.,-10.75,-10.75
1518,meta-llama/Llama-3.1-8B-Instruct,farm animal,en,generic,cow,One example of a farm animal is ___.,-9.75,-9.75
1519,meta-llama/Llama-3.1-8B-Instruct,farm animal,en,generic,donkey,One example of a farm animal is ___.,-14.234375,-7.1171875
1520,meta-llama/Llama-3.1-8B-Instruct,farm animal,en,generic,duck,One example of a farm animal is ___.,-14.625,-14.625
1521,meta-llama/Llama-3.1-8B-Instruct,farm animal,en,generic,goat,One example of a farm animal is ___.,-13.0625,-13.0625
1522,meta-llama/Llama-3.1-8B-Instruct,farm animal,en,generic,goose,One example of a farm animal is ___.,-14.0625,-14.0625
1523,meta-llama/Llama-3.1-8B-Instruct,farm animal,en,generic,horse,One example of a farm animal is ___.,-11.3125,-11.3125
1524,meta-llama/Llama-3.1-8B-Instruct,farm animal,en,generic,lamb,One example of a farm animal is ___.,-13.8125,-13.8125
1525,meta-llama/Llama-3.1-8B-Instruct,farm animal,en,generic,pig,One example of a farm animal is ___.,-11.5,-11.5
1526,meta-llama/Llama-3.1-8B-Instruct,farm animal,en,generic,piglet,One example of a farm animal is ___.,-18.1875,-9.09375
1527,meta-llama/Llama-3.1-8B-Instruct,farm animal,en,generic,rabbit,One example of a farm animal is ___.,-13.5625,-13.5625
1528,meta-llama/Llama-3.1-8B-Instruct,farm animal,en,generic,ram,One example of a farm animal is ___.,-16.25,-16.25
1529,meta-llama/Llama-3.1-8B-Instruct,farm animal,en,generic,rooster,One example of a farm animal is ___.,-14.2822265625,-7.14111328125
1530,meta-llama/Llama-3.1-8B-Instruct,farm animal,en,generic,sheep,One example of a farm animal is ___.,-9.875,-9.875
1531,meta-llama/Llama-3.1-8B-Instruct,farm animal,en,generic,turkey,One example of a farm animal is ___.,-13.125,-13.125
1532,meta-llama/Llama-3.1-8B-Instruct,farm animal,en,indefinite_prod,bison,Name an example of a farm animal: ___,-9.421875,-4.7109375
1533,meta-llama/Llama-3.1-8B-Instruct,farm animal,en,indefinite_prod,bull,Name an example of a farm animal: ___,-10.3125,-10.3125
1534,meta-llama/Llama-3.1-8B-Instruct,farm animal,en,indefinite_prod,calf,Name an example of a farm animal: ___,-8.8125,-8.8125
1535,meta-llama/Llama-3.1-8B-Instruct,farm animal,en,indefinite_prod,chicken,Name an example of a farm animal: ___,-6.4375,-6.4375
1536,meta-llama/Llama-3.1-8B-Instruct,farm animal,en,indefinite_prod,cow,Name an example of a farm animal: ___,-4.75,-4.75
1537,meta-llama/Llama-3.1-8B-Instruct,farm animal,en,indefinite_prod,donkey,Name an example of a farm animal: ___,-9.96044921875,-4.980224609375
1538,meta-llama/Llama-3.1-8B-Instruct,farm animal,en,indefinite_prod,duck,Name an example of a farm animal: ___,-7.625,-7.625
1539,meta-llama/Llama-3.1-8B-Instruct,farm animal,en,indefinite_prod,goat,Name an example of a farm animal: ___,-7.5625,-7.5625
1540,meta-llama/Llama-3.1-8B-Instruct,farm animal,en,indefinite_prod,goose,Name an example of a farm animal: ___,-10.3125,-10.3125
1541,meta-llama/Llama-3.1-8B-Instruct,farm animal,en,indefinite_prod,horse,Name an example of a farm animal: ___,-5.9375,-5.9375
1542,meta-llama/Llama-3.1-8B-Instruct,farm animal,en,indefinite_prod,lamb,Name an example of a farm animal: ___,-9.375,-9.375
1543,meta-llama/Llama-3.1-8B-Instruct,farm animal,en,indefinite_prod,pig,Name an example of a farm animal: ___,-7.5,-7.5
1544,meta-llama/Llama-3.1-8B-Instruct,farm animal,en,indefinite_prod,piglet,Name an example of a farm animal: ___,-15.0,-7.5
1545,meta-llama/Llama-3.1-8B-Instruct,farm animal,en,indefinite_prod,rabbit,Name an example of a farm animal: ___,-8.1875,-8.1875
1546,meta-llama/Llama-3.1-8B-Instruct,farm animal,en,indefinite_prod,ram,Name an example of a farm animal: ___,-11.875,-11.875
1547,meta-llama/Llama-3.1-8B-Instruct,farm animal,en,indefinite_prod,rooster,Name an example of a farm animal: ___,-10.01214599609375,-5.006072998046875
1548,meta-llama/Llama-3.1-8B-Instruct,farm animal,en,indefinite_prod,sheep,Name an example of a farm animal: ___,-5.4375,-5.4375
1549,meta-llama/Llama-3.1-8B-Instruct,farm animal,en,indefinite_prod,turkey,Name an example of a farm animal: ___,-8.1875,-8.1875
1550,meta-llama/Llama-3.1-8B-Instruct,fastener,en,generic,button,One example of a fastener is ___.,-10.9375,-10.9375
1551,meta-llama/Llama-3.1-8B-Instruct,fastener,en,generic,barrette,One example of a fastener is ___.,-16.765625,-8.3828125
1552,meta-llama/Llama-3.1-8B-Instruct,fastener,en,generic,belt buckle,One example of a fastener is ___.,-14.09375,-7.046875
1553,meta-llama/Llama-3.1-8B-Instruct,fastener,en,generic,bolt,One example of a fastener is ___.,-10.0,-10.0
1554,meta-llama/Llama-3.1-8B-Instruct,fastener,en,generic,bow,One example of a fastener is ___.,-13.6875,-13.6875
1555,meta-llama/Llama-3.1-8B-Instruct,fastener,en,generic,buckle,One example of a fastener is ___.,-12.375,-12.375
1556,meta-llama/Llama-3.1-8B-Instruct,fastener,en,generic,chain,One example of a fastener is ___.,-11.9375,-11.9375
1557,meta-llama/Llama-3.1-8B-Instruct,fastener,en,generic,clasp,One example of a fastener is ___.,-12.7890625,-6.39453125
1558,meta-llama/Llama-3.1-8B-Instruct,fastener,en,generic,clothespin,One example of a fastener is ___.,-16.546875,-8.2734375
1559,meta-llama/Llama-3.1-8B-Instruct,fastener,en,generic,combination lock,One example of a fastener is ___.,-14.53125,-7.265625
1560,meta-llama/Llama-3.1-8B-Instruct,fastener,en,generic,cufflink,One example of a fastener is ___.,-16.28125,-8.140625
1561,meta-llama/Llama-3.1-8B-Instruct,fastener,en,generic,gasket,One example of a fastener is ___.,-14.125,-7.0625
1562,meta-llama/Llama-3.1-8B-Instruct,fastener,en,generic,hairpin,One example of a fastener is ___.,-13.6953125,-6.84765625
1563,meta-llama/Llama-3.1-8B-Instruct,fastener,en,generic,hook,One example of a fastener is ___.,-12.75,-12.75
1564,meta-llama/Llama-3.1-8B-Instruct,fastener,en,generic,knot,One example of a fastener is ___.,-12.3125,-12.3125
1565,meta-llama/Llama-3.1-8B-Instruct,fastener,en,generic,latch,One example of a fastener is ___.,-12.75,-12.75
1566,meta-llama/Llama-3.1-8B-Instruct,fastener,en,generic,lock,One example of a fastener is ___.,-12.75,-12.75
1567,meta-llama/Llama-3.1-8B-Instruct,fastener,en,generic,nail,One example of a fastener is ___.,-8.375,-8.375
1568,meta-llama/Llama-3.1-8B-Instruct,fastener,en,generic,padlock,One example of a fastener is ___.,-14.4765625,-7.23828125
1569,meta-llama/Llama-3.1-8B-Instruct,fastener,en,generic,paperclip,One example of a fastener is ___.,-14.6953125,-7.34765625
1570,meta-llama/Llama-3.1-8B-Instruct,fastener,en,generic,peg,One example of a fastener is ___.,-15.6875,-15.6875
1571,meta-llama/Llama-3.1-8B-Instruct,fastener,en,generic,pin,One example of a fastener is ___.,-11.75,-11.75
1572,meta-llama/Llama-3.1-8B-Instruct,fastener,en,generic,rubber band,One example of a fastener is ___.,-11.9765625,-5.98828125
1573,meta-llama/Llama-3.1-8B-Instruct,fastener,en,generic,safety pin,One example of a fastener is ___.,-14.5546875,-7.27734375
1574,meta-llama/Llama-3.1-8B-Instruct,fastener,en,generic,screw,One example of a fastener is ___.,-8.5625,-8.5625
1575,meta-llama/Llama-3.1-8B-Instruct,fastener,en,generic,staple,One example of a fastener is ___.,-12.5625,-12.5625
1576,meta-llama/Llama-3.1-8B-Instruct,fastener,en,generic,strap,One example of a fastener is ___.,-12.9375,-12.9375
1577,meta-llama/Llama-3.1-8B-Instruct,fastener,en,generic,tack,One example of a fastener is ___.,-14.6875,-14.6875
1578,meta-llama/Llama-3.1-8B-Instruct,fastener,en,generic,tape,One example of a fastener is ___.,-11.125,-11.125
1579,meta-llama/Llama-3.1-8B-Instruct,fastener,en,generic,thumbtack,One example of a fastener is ___.,-16.390625,-5.463541666666667
1580,meta-llama/Llama-3.1-8B-Instruct,fastener,en,generic,velcro,One example of a fastener is ___.,-12.4814453125,-6.24072265625
1581,meta-llama/Llama-3.1-8B-Instruct,fastener,en,generic,zipper,One example of a fastener is ___.,-11.375,-11.375
1582,meta-llama/Llama-3.1-8B-Instruct,fastener,en,indefinite_prod,button,Name an example of a fastener: ___,-8.0625,-8.0625
1583,meta-llama/Llama-3.1-8B-Instruct,fastener,en,indefinite_prod,barrette,Name an example of a fastener: ___,-16.109375,-8.0546875
1584,meta-llama/Llama-3.1-8B-Instruct,fastener,en,indefinite_prod,belt buckle,Name an example of a fastener: ___,-10.921875,-5.4609375
1585,meta-llama/Llama-3.1-8B-Instruct,fastener,en,indefinite_prod,bolt,Name an example of a fastener: ___,-6.03125,-6.03125
1586,meta-llama/Llama-3.1-8B-Instruct,fastener,en,indefinite_prod,bow,Name an example of a fastener: ___,-11.5,-11.5
1587,meta-llama/Llama-3.1-8B-Instruct,fastener,en,indefinite_prod,buckle,Name an example of a fastener: ___,-10.0625,-10.0625
1588,meta-llama/Llama-3.1-8B-Instruct,fastener,en,indefinite_prod,chain,Name an example of a fastener: ___,-9.875,-9.875
1589,meta-llama/Llama-3.1-8B-Instruct,fastener,en,indefinite_prod,clasp,Name an example of a fastener: ___,-11.8203125,-5.91015625
1590,meta-llama/Llama-3.1-8B-Instruct,fastener,en,indefinite_prod,clothespin,Name an example of a fastener: ___,-13.41015625,-6.705078125
1591,meta-llama/Llama-3.1-8B-Instruct,fastener,en,indefinite_prod,combination lock,Name an example of a fastener: ___,-13.96875,-6.984375
1592,meta-llama/Llama-3.1-8B-Instruct,fastener,en,indefinite_prod,cufflink,Name an example of a fastener: ___,-16.296875,-8.1484375
1593,meta-llama/Llama-3.1-8B-Instruct,fastener,en,indefinite_prod,gasket,Name an example of a fastener: ___,-13.875,-6.9375
1594,meta-llama/Llama-3.1-8B-Instruct,fastener,en,indefinite_prod,hairpin,Name an example of a fastener: ___,-13.78125,-6.890625
1595,meta-llama/Llama-3.1-8B-Instruct,fastener,en,indefinite_prod,hook,Name an example of a fastener: ___,-9.0,-9.0
1596,meta-llama/Llama-3.1-8B-Instruct,fastener,en,indefinite_prod,knot,Name an example of a fastener: ___,-11.375,-11.375
1597,meta-llama/Llama-3.1-8B-Instruct,fastener,en,indefinite_prod,latch,Name an example of a fastener: ___,-10.4375,-10.4375
1598,meta-llama/Llama-3.1-8B-Instruct,fastener,en,indefinite_prod,lock,Name an example of a fastener: ___,-9.1875,-9.1875
1599,meta-llama/Llama-3.1-8B-Instruct,fastener,en,indefinite_prod,nail,Name an example of a fastener: ___,-5.28125,-5.28125
1600,meta-llama/Llama-3.1-8B-Instruct,fastener,en,indefinite_prod,padlock,Name an example of a fastener: ___,-16.296875,-8.1484375
1601,meta-llama/Llama-3.1-8B-Instruct,fastener,en,indefinite_prod,paperclip,Name an example of a fastener: ___,-12.265625,-6.1328125
1602,meta-llama/Llama-3.1-8B-Instruct,fastener,en,indefinite_prod,peg,Name an example of a fastener: ___,-10.75,-10.75
1603,meta-llama/Llama-3.1-8B-Instruct,fastener,en,indefinite_prod,pin,Name an example of a fastener: ___,-8.375,-8.375
1604,meta-llama/Llama-3.1-8B-Instruct,fastener,en,indefinite_prod,rubber band,Name an example of a fastener: ___,-10.94921875,-5.474609375
1605,meta-llama/Llama-3.1-8B-Instruct,fastener,en,indefinite_prod,safety pin,Name an example of a fastener: ___,-12.794921875,-6.3974609375
1606,meta-llama/Llama-3.1-8B-Instruct,fastener,en,indefinite_prod,screw,Name an example of a fastener: ___,-4.59375,-4.59375
1607,meta-llama/Llama-3.1-8B-Instruct,fastener,en,indefinite_prod,staple,Name an example of a fastener: ___,-10.375,-10.375
1608,meta-llama/Llama-3.1-8B-Instruct,fastener,en,indefinite_prod,strap,Name an example of a fastener: ___,-10.8125,-10.8125
1609,meta-llama/Llama-3.1-8B-Instruct,fastener,en,indefinite_prod,tack,Name an example of a fastener: ___,-13.0625,-13.0625
1610,meta-llama/Llama-3.1-8B-Instruct,fastener,en,indefinite_prod,tape,Name an example of a fastener: ___,-9.5625,-9.5625
1611,meta-llama/Llama-3.1-8B-Instruct,fastener,en,indefinite_prod,thumbtack,Name an example of a fastener: ___,-12.00927734375,-4.003092447916667
1612,meta-llama/Llama-3.1-8B-Instruct,fastener,en,indefinite_prod,velcro,Name an example of a fastener: ___,-13.1529541015625,-6.57647705078125
1613,meta-llama/Llama-3.1-8B-Instruct,fastener,en,indefinite_prod,zipper,Name an example of a fastener: ___,-9.375,-9.375
1614,meta-llama/Llama-3.1-8B-Instruct,food,en,generic,chicken,One example of a food is ___.,-10.8125,-10.8125
1615,meta-llama/Llama-3.1-8B-Instruct,food,en,generic,apple,One example of a food is ___.,-10.4375,-10.4375
1616,meta-llama/Llama-3.1-8B-Instruct,food,en,generic,avocado,One example of a food is ___.,-14.0,-14.0
1617,meta-llama/Llama-3.1-8B-Instruct,food,en,generic,banana,One example of a food is ___.,-12.5625,-12.5625
1618,meta-llama/Llama-3.1-8B-Instruct,food,en,generic,bean,One example of a food is ___.,-12.5625,-12.5625
1619,meta-llama/Llama-3.1-8B-Instruct,food,en,generic,blueberry,One example of a food is ___.,-14.015625,-7.0078125
1620,meta-llama/Llama-3.1-8B-Instruct,food,en,generic,carrot,One example of a food is ___.,-13.1875,-13.1875
1621,meta-llama/Llama-3.1-8B-Instruct,food,en,generic,cauliflower,One example of a food is ___.,-14.625,-14.625
1622,meta-llama/Llama-3.1-8B-Instruct,food,en,generic,celery,One example of a food is ___.,-12.4375,-12.4375
1623,meta-llama/Llama-3.1-8B-Instruct,food,en,generic,cherry,One example of a food is ___.,-14.6875,-14.6875
1624,meta-llama/Llama-3.1-8B-Instruct,food,en,generic,cranberry,One example of a food is ___.,-13.296875,-6.6484375
1625,meta-llama/Llama-3.1-8B-Instruct,food,en,generic,cucumber,One example of a food is ___.,-14.0625,-14.0625
1626,meta-llama/Llama-3.1-8B-Instruct,food,en,generic,fig,One example of a food is ___.,-13.25,-13.25
1627,meta-llama/Llama-3.1-8B-Instruct,food,en,generic,ginger,One example of a food is ___.,-12.625,-12.625
1628,meta-llama/Llama-3.1-8B-Instruct,food,en,generic,goose,One example of a food is ___.,-14.8125,-14.8125
1629,meta-llama/Llama-3.1-8B-Instruct,food,en,generic,grape,One example of a food is ___.,-12.5625,-12.5625
1630,meta-llama/Llama-3.1-8B-Instruct,food,en,generic,lemon,One example of a food is ___.,-10.875,-10.875
1631,meta-llama/Llama-3.1-8B-Instruct,food,en,generic,mango,One example of a food is ___.,-12.3125,-12.3125
1632,meta-llama/Llama-3.1-8B-Instruct,food,en,generic,melon,One example of a food is ___.,-15.375,-7.6875
1633,meta-llama/Llama-3.1-8B-Instruct,food,en,generic,olive,One example of a food is ___.,-13.5,-13.5
1634,meta-llama/Llama-3.1-8B-Instruct,food,en,generic,onion,One example of a food is ___.,-12.875,-12.875
1635,meta-llama/Llama-3.1-8B-Instruct,food,en,generic,papaya,One example of a food is ___.,-15.875,-7.9375
1636,meta-llama/Llama-3.1-8B-Instruct,food,en,generic,pea,One example of a food is ___.,-14.25,-14.25
1637,meta-llama/Llama-3.1-8B-Instruct,food,en,generic,peach,One example of a food is ___.,-13.625,-13.625
1638,meta-llama/Llama-3.1-8B-Instruct,food,en,generic,pear,One example of a food is ___.,-13.9375,-13.9375
1639,meta-llama/Llama-3.1-8B-Instruct,food,en,generic,pineapple,One example of a food is ___.,-11.625,-11.625
1640,meta-llama/Llama-3.1-8B-Instruct,food,en,generic,pomegranate,One example of a food is ___.,-15.044189453125,-3.76104736328125
1641,meta-llama/Llama-3.1-8B-Instruct,food,en,generic,potato,One example of a food is ___.,-11.875,-11.875
1642,meta-llama/Llama-3.1-8B-Instruct,food,en,generic,pumpkin,One example of a food is ___.,-13.25,-13.25
1643,meta-llama/Llama-3.1-8B-Instruct,food,en,generic,radish,One example of a food is ___.,-14.283203125,-7.1416015625
1644,meta-llama/Llama-3.1-8B-Instruct,food,en,generic,raspberry,One example of a food is ___.,-15.125,-15.125
1645,meta-llama/Llama-3.1-8B-Instruct,food,en,generic,strawberry,One example of a food is ___.,-12.5,-12.5
1646,meta-llama/Llama-3.1-8B-Instruct,food,en,generic,tomato,One example of a food is ___.,-10.625,-10.625
1647,meta-llama/Llama-3.1-8B-Instruct,food,en,generic,turkey,One example of a food is ___.,-12.75,-12.75
1648,meta-llama/Llama-3.1-8B-Instruct,food,en,generic,almond,One example of a food is ___.,-11.9375,-11.9375
1649,meta-llama/Llama-3.1-8B-Instruct,food,en,generic,appetizer,One example of a food is ___.,-12.4921875,-6.24609375
1650,meta-llama/Llama-3.1-8B-Instruct,food,en,generic,applesauce,One example of a food is ___.,-17.0,-8.5
1651,meta-llama/Llama-3.1-8B-Instruct,food,en,generic,artichoke,One example of a food is ___.,-14.6796875,-4.893229166666667
1652,meta-llama/Llama-3.1-8B-Instruct,food,en,generic,arugula,One example of a food is ___.,-12.47564697265625,-4.158548990885417
1653,meta-llama/Llama-3.1-8B-Instruct,food,en,generic,asparagus,One example of a food is ___.,-11.375,-5.6875
1654,meta-llama/Llama-3.1-8B-Instruct,food,en,generic,bacon,One example of a food is ___.,-11.75,-11.75
1655,meta-llama/Llama-3.1-8B-Instruct,food,en,generic,bagel,One example of a food is ___.,-13.50390625,-6.751953125
1656,meta-llama/Llama-3.1-8B-Instruct,food,en,generic,baklava,One example of a food is ___.,-14.927734375,-7.4638671875
1657,meta-llama/Llama-3.1-8B-Instruct,food,en,generic,banana split,One example of a food is ___.,-20.75,-10.375
1658,meta-llama/Llama-3.1-8B-Instruct,food,en,generic,basil,One example of a food is ___.,-13.25,-13.25
1659,meta-llama/Llama-3.1-8B-Instruct,food,en,generic,batter,One example of a food is ___.,-15.125,-15.125
1660,meta-llama/Llama-3.1-8B-Instruct,food,en,generic,beet,One example of a food is ___.,-12.5,-12.5
1661,meta-llama/Llama-3.1-8B-Instruct,food,en,generic,bell pepper,One example of a food is ___.,-16.3671875,-8.18359375
1662,meta-llama/Llama-3.1-8B-Instruct,food,en,generic,berry,One example of a food is ___.,-14.1875,-14.1875
1663,meta-llama/Llama-3.1-8B-Instruct,food,en,generic,birthday cake,One example of a food is ___.,-15.82421875,-7.912109375
1664,meta-llama/Llama-3.1-8B-Instruct,food,en,generic,biscuit,One example of a food is ___.,-14.1005859375,-7.05029296875
1665,meta-llama/Llama-3.1-8B-Instruct,food,en,generic,blackberry,One example of a food is ___.,-15.453125,-7.7265625
1666,meta-llama/Llama-3.1-8B-Instruct,food,en,generic,bok choy,One example of a food is ___.,-17.146613121032715,-4.286653280258179
1667,meta-llama/Llama-3.1-8B-Instruct,food,en,generic,bologna,One example of a food is ___.,-17.59375,-8.796875
1668,meta-llama/Llama-3.1-8B-Instruct,food,en,generic,bread,One example of a food is ___.,-10.25,-10.25
1669,meta-llama/Llama-3.1-8B-Instruct,food,en,generic,breadstick,One example of a food is ___.,-20.0,-10.0
1670,meta-llama/Llama-3.1-8B-Instruct,food,en,generic,breakfast,One example of a food is ___.,-12.1875,-12.1875
1671,meta-llama/Llama-3.1-8B-Instruct,food,en,generic,broccoli,One example of a food is ___.,-12.0,-12.0
1672,meta-llama/Llama-3.1-8B-Instruct,food,en,generic,brownie,One example of a food is ___.,-15.515625,-7.7578125
1673,meta-llama/Llama-3.1-8B-Instruct,food,en,generic,brussels sprouts,One example of a food is ___.,-15.049530029296875,-3.7623825073242188
1674,meta-llama/Llama-3.1-8B-Instruct,food,en,generic,buffet,One example of a food is ___.,-14.8125,-14.8125
1675,meta-llama/Llama-3.1-8B-Instruct,food,en,generic,bun,One example of a food is ___.,-14.6875,-14.6875
1676,meta-llama/Llama-3.1-8B-Instruct,food,en,generic,burrito,One example of a food is ___.,-14.158203125,-7.0791015625
1677,meta-llama/Llama-3.1-8B-Instruct,food,en,generic,butter,One example of a food is ___.,-10.5,-10.5
1678,meta-llama/Llama-3.1-8B-Instruct,food,en,generic,cabbage,One example of a food is ___.,-12.75,-12.75
1679,meta-llama/Llama-3.1-8B-Instruct,food,en,generic,cake,One example of a food is ___.,-10.625,-10.625
1680,meta-llama/Llama-3.1-8B-Instruct,food,en,generic,cake mix,One example of a food is ___.,-18.5625,-9.28125
1681,meta-llama/Llama-3.1-8B-Instruct,food,en,generic,calamari,One example of a food is ___.,-16.88671875,-8.443359375
1682,meta-llama/Llama-3.1-8B-Instruct,food,en,generic,calzone,One example of a food is ___.,-15.015625,-7.5078125
1683,meta-llama/Llama-3.1-8B-Instruct,food,en,generic,candy,One example of a food is ___.,-12.1875,-12.1875
1684,meta-llama/Llama-3.1-8B-Instruct,food,en,generic,candy bar,One example of a food is ___.,-15.1875,-7.59375
1685,meta-llama/Llama-3.1-8B-Instruct,food,en,generic,candy cane,One example of a food is ___.,-17.6875,-8.84375
1686,meta-llama/Llama-3.1-8B-Instruct,food,en,generic,cantaloupe,One example of a food is ___.,-13.9447021484375,-3.486175537109375
1687,meta-llama/Llama-3.1-8B-Instruct,food,en,generic,caramel,One example of a food is ___.,-13.25,-13.25
1688,meta-llama/Llama-3.1-8B-Instruct,food,en,generic,cashew,One example of a food is ___.,-13.421875,-6.7109375
1689,meta-llama/Llama-3.1-8B-Instruct,food,en,generic,casserole,One example of a food is ___.,-17.347381591796875,-5.782460530598958
1690,meta-llama/Llama-3.1-8B-Instruct,food,en,generic,catfish,One example of a food is ___.,-14.21875,-7.109375
1691,meta-llama/Llama-3.1-8B-Instruct,food,en,generic,caviar,One example of a food is ___.,-16.16015625,-5.38671875
1692,meta-llama/Llama-3.1-8B-Instruct,food,en,generic,cereal,One example of a food is ___.,-11.75,-11.75
1693,meta-llama/Llama-3.1-8B-Instruct,food,en,generic,cheese,One example of a food is ___.,-9.9375,-9.9375
1694,meta-llama/Llama-3.1-8B-Instruct,food,en,generic,cheeseburger,One example of a food is ___.,-13.96875,-6.984375
1695,meta-llama/Llama-3.1-8B-Instruct,food,en,generic,cheesecake,One example of a food is ___.,-13.7685546875,-6.88427734375
1696,meta-llama/Llama-3.1-8B-Instruct,food,en,generic,chickpea,One example of a food is ___.,-15.59765625,-5.19921875
1697,meta-llama/Llama-3.1-8B-Instruct,food,en,generic,chili,One example of a food is ___.,-13.3125,-13.3125
1698,meta-llama/Llama-3.1-8B-Instruct,food,en,generic,chips,One example of a food is ___.,-13.5,-13.5
1699,meta-llama/Llama-3.1-8B-Instruct,food,en,generic,chive,One example of a food is ___.,-17.78125,-8.890625
1700,meta-llama/Llama-3.1-8B-Instruct,food,en,generic,chocolate,One example of a food is ___.,-10.9375,-10.9375
1701,meta-llama/Llama-3.1-8B-Instruct,food,en,generic,cilantro,One example of a food is ___.,-15.75341796875,-7.876708984375
1702,meta-llama/Llama-3.1-8B-Instruct,food,en,generic,cinnamon,One example of a food is ___.,-14.375,-14.375
1703,meta-llama/Llama-3.1-8B-Instruct,food,en,generic,clam,One example of a food is ___.,-13.9375,-13.9375
1704,meta-llama/Llama-3.1-8B-Instruct,food,en,generic,clove,One example of a food is ___.,-16.609375,-8.3046875
1705,meta-llama/Llama-3.1-8B-Instruct,food,en,generic,coconut,One example of a food is ___.,-13.5625,-13.5625
1706,meta-llama/Llama-3.1-8B-Instruct,food,en,generic,coffee bean,One example of a food is ___.,-16.9375,-8.46875
1707,meta-llama/Llama-3.1-8B-Instruct,food,en,generic,coleslaw,One example of a food is ___.,-13.94281005859375,-4.647603352864583
1708,meta-llama/Llama-3.1-8B-Instruct,food,en,generic,cookie,One example of a food is ___.,-12.375,-12.375
1709,meta-llama/Llama-3.1-8B-Instruct,food,en,generic,cordon bleu,One example of a food is ___.,-21.0576171875,-5.264404296875
1710,meta-llama/Llama-3.1-8B-Instruct,food,en,generic,corn,One example of a food is ___.,-10.9375,-10.9375
1711,meta-llama/Llama-3.1-8B-Instruct,food,en,generic,cornbread,One example of a food is ___.,-15.0,-7.5
1712,meta-llama/Llama-3.1-8B-Instruct,food,en,generic,cornmeal,One example of a food is ___.,-15.0,-7.5
1713,meta-llama/Llama-3.1-8B-Instruct,food,en,generic,cotton candy,One example of a food is ___.,-14.46875,-7.234375
1714,meta-llama/Llama-3.1-8B-Instruct,food,en,generic,crab,One example of a food is ___.,-14.4375,-14.4375
1715,meta-llama/Llama-3.1-8B-Instruct,food,en,generic,cracker,One example of a food is ___.,-12.42578125,-6.212890625
1716,meta-llama/Llama-3.1-8B-Instruct,food,en,generic,crayfish,One example of a food is ___.,-16.140625,-8.0703125
1717,meta-llama/Llama-3.1-8B-Instruct,food,en,generic,cream cheese,One example of a food is ___.,-13.2109375,-6.60546875
1718,meta-llama/Llama-3.1-8B-Instruct,food,en,generic,creme brulee,One example of a food is ___.,-19.06207275390625,-3.81241455078125
1719,meta-llama/Llama-3.1-8B-Instruct,food,en,generic,crepe,One example of a food is ___.,-16.6953125,-8.34765625
1720,meta-llama/Llama-3.1-8B-Instruct,food,en,generic,croissant,One example of a food is ___.,-14.640625,-7.3203125
1721,meta-llama/Llama-3.1-8B-Instruct,food,en,generic,crouton,One example of a food is ___.,-16.5625,-5.520833333333333
1722,meta-llama/Llama-3.1-8B-Instruct,food,en,generic,crumb,One example of a food is ___.,-16.875,-8.4375
1723,meta-llama/Llama-3.1-8B-Instruct,food,en,generic,cupcake,One example of a food is ___.,-13.96875,-6.984375
1724,meta-llama/Llama-3.1-8B-Instruct,food,en,generic,curry,One example of a food is ___.,-14.1875,-14.1875
1725,meta-llama/Llama-3.1-8B-Instruct,food,en,generic,dessert,One example of a food is ___.,-12.375,-12.375
1726,meta-llama/Llama-3.1-8B-Instruct,food,en,generic,dip,One example of a food is ___.,-14.4375,-14.4375
1727,meta-llama/Llama-3.1-8B-Instruct,food,en,generic,donut,One example of a food is ___.,-15.140625,-7.5703125
1728,meta-llama/Llama-3.1-8B-Instruct,food,en,generic,dough,One example of a food is ___.,-12.625,-12.625
1729,meta-llama/Llama-3.1-8B-Instruct,food,en,generic,dumpling,One example of a food is ___.,-16.09375,-8.046875
1730,meta-llama/Llama-3.1-8B-Instruct,food,en,generic,easter egg,One example of a food is ___.,-17.6640625,-5.888020833333333
1731,meta-llama/Llama-3.1-8B-Instruct,food,en,generic,eclair,One example of a food is ___.,-19.25,-9.625
1732,meta-llama/Llama-3.1-8B-Instruct,food,en,generic,eel,One example of a food is ___.,-17.34375,-8.671875
1733,meta-llama/Llama-3.1-8B-Instruct,food,en,generic,egg,One example of a food is ___.,-11.25,-11.25
1734,meta-llama/Llama-3.1-8B-Instruct,food,en,generic,egg roll,One example of a food is ___.,-17.15625,-8.578125
1735,meta-llama/Llama-3.1-8B-Instruct,food,en,generic,eggplant,One example of a food is ___.,-13.0234375,-6.51171875
1736,meta-llama/Llama-3.1-8B-Instruct,food,en,generic,enchilada,One example of a food is ___.,-16.0107421875,-5.3369140625
1737,meta-llama/Llama-3.1-8B-Instruct,food,en,generic,fast food,One example of a food is ___.,-11.5,-5.75
1738,meta-llama/Llama-3.1-8B-Instruct,food,en,generic,fish,One example of a food is ___.,-11.0,-11.0
1739,meta-llama/Llama-3.1-8B-Instruct,food,en,generic,flan,One example of a food is ___.,-13.96875,-6.984375
1740,meta-llama/Llama-3.1-8B-Instruct,food,en,generic,flour,One example of a food is ___.,-9.8125,-9.8125
1741,meta-llama/Llama-3.1-8B-Instruct,food,en,generic,fondue,One example of a food is ___.,-16.58203125,-8.291015625
1742,meta-llama/Llama-3.1-8B-Instruct,food,en,generic,french fries,One example of a food is ___.,-12.03515625,-6.017578125
1743,meta-llama/Llama-3.1-8B-Instruct,food,en,generic,fruit,One example of a food is ___.,-10.1875,-10.1875
1744,meta-llama/Llama-3.1-8B-Instruct,food,en,generic,fruitcake,One example of a food is ___.,-15.34375,-7.671875
1745,meta-llama/Llama-3.1-8B-Instruct,food,en,generic,fudge,One example of a food is ___.,-16.5,-8.25
1746,meta-llama/Llama-3.1-8B-Instruct,food,en,generic,garlic,One example of a food is ___.,-11.625,-11.625
1747,meta-llama/Llama-3.1-8B-Instruct,food,en,generic,gingerbread man,One example of a food is ___.,-18.390625,-6.130208333333333
1748,meta-llama/Llama-3.1-8B-Instruct,food,en,generic,goat,One example of a food is ___.,-15.1875,-15.1875
1749,meta-llama/Llama-3.1-8B-Instruct,food,en,generic,grain,One example of a food is ___.,-12.875,-12.875
1750,meta-llama/Llama-3.1-8B-Instruct,food,en,generic,granola,One example of a food is ___.,-12.5205078125,-6.26025390625
1751,meta-llama/Llama-3.1-8B-Instruct,food,en,generic,grapefruit,One example of a food is ___.,-14.15625,-7.078125
1752,meta-llama/Llama-3.1-8B-Instruct,food,en,generic,gravy,One example of a food is ___.,-12.6875,-12.6875
1753,meta-llama/Llama-3.1-8B-Instruct,food,en,generic,green beans,One example of a food is ___.,-12.7578125,-6.37890625
1754,meta-llama/Llama-3.1-8B-Instruct,food,en,generic,grits,One example of a food is ___.,-14.84423828125,-7.422119140625
1755,meta-llama/Llama-3.1-8B-Instruct,food,en,generic,guacamole,One example of a food is ___.,-13.044189453125,-4.348063151041667
1756,meta-llama/Llama-3.1-8B-Instruct,food,en,generic,gum,One example of a food is ___.,-14.25,-14.25
1757,meta-llama/Llama-3.1-8B-Instruct,food,en,generic,gumball,One example of a food is ___.,-17.2890625,-5.763020833333333
1758,meta-llama/Llama-3.1-8B-Instruct,food,en,generic,gumdrop,One example of a food is ___.,-18.96875,-9.484375
1759,meta-llama/Llama-3.1-8B-Instruct,food,en,generic,gyro,One example of a food is ___.,-17.25,-17.25
1760,meta-llama/Llama-3.1-8B-Instruct,food,en,generic,ham,One example of a food is ___.,-13.4375,-13.4375
1761,meta-llama/Llama-3.1-8B-Instruct,food,en,generic,hamburger,One example of a food is ___.,-12.3125,-12.3125
1762,meta-llama/Llama-3.1-8B-Instruct,food,en,generic,hash,One example of a food is ___.,-12.8125,-12.8125
1763,meta-llama/Llama-3.1-8B-Instruct,food,en,generic,honey,One example of a food is ___.,-11.8125,-11.8125
1764,meta-llama/Llama-3.1-8B-Instruct,food,en,generic,hotdog,One example of a food is ___.,-16.03125,-8.015625
1765,meta-llama/Llama-3.1-8B-Instruct,food,en,generic,hummus,One example of a food is ___.,-13.865234375,-6.9326171875
1766,meta-llama/Llama-3.1-8B-Instruct,food,en,generic,ice cream,One example of a food is ___.,-11.5068359375,-5.75341796875
1767,meta-llama/Llama-3.1-8B-Instruct,food,en,generic,ice-cream cone,One example of a food is ___.,-21.08056640625,-5.2701416015625
1768,meta-llama/Llama-3.1-8B-Instruct,food,en,generic,jalapeno,One example of a food is ___.,-14.119140625,-4.706380208333333
1769,meta-llama/Llama-3.1-8B-Instruct,food,en,generic,jam,One example of a food is ___.,-12.6875,-12.6875
1770,meta-llama/Llama-3.1-8B-Instruct,food,en,generic,jelly bean,One example of a food is ___.,-15.28125,-7.640625
1771,meta-llama/Llama-3.1-8B-Instruct,food,en,generic,kale,One example of a food is ___.,-13.875,-13.875
1772,meta-llama/Llama-3.1-8B-Instruct,food,en,generic,kebab,One example of a food is ___.,-15.21875,-7.609375
1773,meta-llama/Llama-3.1-8B-Instruct,food,en,generic,ketchup,One example of a food is ___.,-12.1953125,-6.09765625
1774,meta-llama/Llama-3.1-8B-Instruct,food,en,generic,kiwi,One example of a food is ___.,-15.85546875,-7.927734375
1775,meta-llama/Llama-3.1-8B-Instruct,food,en,generic,lamb,One example of a food is ___.,-14.9375,-14.9375
1776,meta-llama/Llama-3.1-8B-Instruct,food,en,generic,lamb chop,One example of a food is ___.,-19.15625,-9.578125
1777,meta-llama/Llama-3.1-8B-Instruct,food,en,generic,lasagna,One example of a food is ___.,-13.8419189453125,-6.92095947265625
1778,meta-llama/Llama-3.1-8B-Instruct,food,en,generic,leek,One example of a food is ___.,-14.703125,-7.3515625
1779,meta-llama/Llama-3.1-8B-Instruct,food,en,generic,lettuce,One example of a food is ___.,-12.0,-12.0
1780,meta-llama/Llama-3.1-8B-Instruct,food,en,generic,licorice,One example of a food is ___.,-14.771484375,-4.923828125
1781,meta-llama/Llama-3.1-8B-Instruct,food,en,generic,lime,One example of a food is ___.,-12.5625,-12.5625
1782,meta-llama/Llama-3.1-8B-Instruct,food,en,generic,lobster,One example of a food is ___.,-14.875,-14.875
1783,meta-llama/Llama-3.1-8B-Instruct,food,en,generic,lollipop,One example of a food is ___.,-16.25,-8.125
1784,meta-llama/Llama-3.1-8B-Instruct,food,en,generic,macadamia,One example of a food is ___.,-17.50628662109375,-5.835428873697917
1785,meta-llama/Llama-3.1-8B-Instruct,food,en,generic,macaroni,One example of a food is ___.,-12.96478271484375,-4.32159423828125
1786,meta-llama/Llama-3.1-8B-Instruct,food,en,generic,maple syrup,One example of a food is ___.,-12.8525390625,-6.42626953125
1787,meta-llama/Llama-3.1-8B-Instruct,food,en,generic,marmalade,One example of a food is ___.,-16.63568115234375,-4.1589202880859375
1788,meta-llama/Llama-3.1-8B-Instruct,food,en,generic,marshmallow,One example of a food is ___.,-16.234375,-8.1171875
1789,meta-llama/Llama-3.1-8B-Instruct,food,en,generic,mashed potato,One example of a food is ___.,-16.171875,-8.0859375
1790,meta-llama/Llama-3.1-8B-Instruct,food,en,generic,meat,One example of a food is ___.,-9.625,-9.625
1791,meta-llama/Llama-3.1-8B-Instruct,food,en,generic,meatball,One example of a food is ___.,-15.125,-7.5625
1792,meta-llama/Llama-3.1-8B-Instruct,food,en,generic,meatloaf,One example of a food is ___.,-12.253524780273438,-4.0845082600911455
1793,meta-llama/Llama-3.1-8B-Instruct,food,en,generic,mint,One example of a food is ___.,-14.3125,-14.3125
1794,meta-llama/Llama-3.1-8B-Instruct,food,en,generic,mousse,One example of a food is ___.,-17.0,-8.5
1795,meta-llama/Llama-3.1-8B-Instruct,food,en,generic,muffin,One example of a food is ___.,-13.1787109375,-6.58935546875
1796,meta-llama/Llama-3.1-8B-Instruct,food,en,generic,mulberry,One example of a food is ___.,-16.5,-8.25
1797,meta-llama/Llama-3.1-8B-Instruct,food,en,generic,mushroom,One example of a food is ___.,-12.9375,-12.9375
1798,meta-llama/Llama-3.1-8B-Instruct,food,en,generic,mussel,One example of a food is ___.,-14.97216796875,-7.486083984375
1799,meta-llama/Llama-3.1-8B-Instruct,food,en,generic,mustard,One example of a food is ___.,-12.5,-12.5
1800,meta-llama/Llama-3.1-8B-Instruct,food,en,generic,nacho,One example of a food is ___.,-15.21875,-7.609375
1801,meta-llama/Llama-3.1-8B-Instruct,food,en,generic,noodle,One example of a food is ___.,-15.90234375,-7.951171875
1802,meta-llama/Llama-3.1-8B-Instruct,food,en,generic,nut,One example of a food is ___.,-12.0,-12.0
1803,meta-llama/Llama-3.1-8B-Instruct,food,en,generic,oatmeal,One example of a food is ___.,-12.4609375,-6.23046875
1804,meta-llama/Llama-3.1-8B-Instruct,food,en,generic,octopus,One example of a food is ___.,-14.41015625,-7.205078125
1805,meta-llama/Llama-3.1-8B-Instruct,food,en,generic,okra,One example of a food is ___.,-14.015625,-7.0078125
1806,meta-llama/Llama-3.1-8B-Instruct,food,en,generic,omelet,One example of a food is ___.,-16.578125,-5.526041666666667
1807,meta-llama/Llama-3.1-8B-Instruct,food,en,generic,orange,One example of a food is ___.,-11.0625,-11.0625
1808,meta-llama/Llama-3.1-8B-Instruct,food,en,generic,oyster,One example of a food is ___.,-13.609375,-6.8046875
1809,meta-llama/Llama-3.1-8B-Instruct,food,en,generic,pancake,One example of a food is ___.,-14.7742919921875,-7.38714599609375
1810,meta-llama/Llama-3.1-8B-Instruct,food,en,generic,parfait,One example of a food is ___.,-13.9375,-13.9375
1811,meta-llama/Llama-3.1-8B-Instruct,food,en,generic,parsley,One example of a food is ___.,-11.5,-11.5
1812,meta-llama/Llama-3.1-8B-Instruct,food,en,generic,pasta,One example of a food is ___.,-12.6875,-12.6875
1813,meta-llama/Llama-3.1-8B-Instruct,food,en,generic,pastry,One example of a food is ___.,-12.875,-12.875
1814,meta-llama/Llama-3.1-8B-Instruct,food,en,generic,patty,One example of a food is ___.,-14.671875,-7.3359375
1815,meta-llama/Llama-3.1-8B-Instruct,food,en,generic,peanut,One example of a food is ___.,-12.25,-12.25
1816,meta-llama/Llama-3.1-8B-Instruct,food,en,generic,peanut butter,One example of a food is ___.,-12.3916015625,-6.19580078125
1817,meta-llama/Llama-3.1-8B-Instruct,food,en,generic,pecan,One example of a food is ___.,-15.66015625,-7.830078125
1818,meta-llama/Llama-3.1-8B-Instruct,food,en,generic,pepper (seasoning),One example of a food is ___.,-26.669189453125,-5.333837890625
1819,meta-llama/Llama-3.1-8B-Instruct,food,en,generic,pepper (vegetable),One example of a food is ___.,-24.73291015625,-4.94658203125
1820,meta-llama/Llama-3.1-8B-Instruct,food,en,generic,peppermint,One example of a food is ___.,-14.14453125,-7.072265625
1821,meta-llama/Llama-3.1-8B-Instruct,food,en,generic,pepperoni,One example of a food is ___.,-13.53125,-6.765625
1822,meta-llama/Llama-3.1-8B-Instruct,food,en,generic,pesto,One example of a food is ___.,-13.9453125,-6.97265625
1823,meta-llama/Llama-3.1-8B-Instruct,food,en,generic,pickle,One example of a food is ___.,-10.9375,-10.9375
1824,meta-llama/Llama-3.1-8B-Instruct,food,en,generic,pie,One example of a food is ___.,-12.375,-12.375
1825,meta-llama/Llama-3.1-8B-Instruct,food,en,generic,piecrust,One example of a food is ___.,-18.29150390625,-6.09716796875
1826,meta-llama/Llama-3.1-8B-Instruct,food,en,generic,pig,One example of a food is ___.,-13.5625,-13.5625
1827,meta-llama/Llama-3.1-8B-Instruct,food,en,generic,pistachio,One example of a food is ___.,-15.71795654296875,-5.23931884765625
1828,meta-llama/Llama-3.1-8B-Instruct,food,en,generic,pita,One example of a food is ___.,-15.09375,-7.546875
1829,meta-llama/Llama-3.1-8B-Instruct,food,en,generic,pizza,One example of a food is ___.,-10.9375,-10.9375
1830,meta-llama/Llama-3.1-8B-Instruct,food,en,generic,plum,One example of a food is ___.,-12.3125,-12.3125
1831,meta-llama/Llama-3.1-8B-Instruct,food,en,generic,popcorn,One example of a food is ___.,-13.1875,-13.1875
1832,meta-llama/Llama-3.1-8B-Instruct,food,en,generic,poppy,One example of a food is ___.,-15.171875,-7.5859375
1833,meta-llama/Llama-3.1-8B-Instruct,food,en,generic,popsicle,One example of a food is ___.,-14.98828125,-7.494140625
1834,meta-llama/Llama-3.1-8B-Instruct,food,en,generic,potpie,One example of a food is ___.,-17.03125,-8.515625
1835,meta-llama/Llama-3.1-8B-Instruct,food,en,generic,pretzel,One example of a food is ___.,-15.4375,-7.71875
1836,meta-llama/Llama-3.1-8B-Instruct,food,en,generic,prune,One example of a food is ___.,-13.8125,-13.8125
1837,meta-llama/Llama-3.1-8B-Instruct,food,en,generic,pudding,One example of a food is ___.,-13.8125,-13.8125
1838,meta-llama/Llama-3.1-8B-Instruct,food,en,generic,quesadilla,One example of a food is ___.,-16.40771484375,-5.46923828125
1839,meta-llama/Llama-3.1-8B-Instruct,food,en,generic,quiche,One example of a food is ___.,-15.328125,-7.6640625
1840,meta-llama/Llama-3.1-8B-Instruct,food,en,generic,rabbit,One example of a food is ___.,-14.8125,-14.8125
1841,meta-llama/Llama-3.1-8B-Instruct,food,en,generic,raisin,One example of a food is ___.,-14.8359375,-7.41796875
1842,meta-llama/Llama-3.1-8B-Instruct,food,en,generic,ravioli,One example of a food is ___.,-15.6378173828125,-5.212605794270833
1843,meta-llama/Llama-3.1-8B-Instruct,food,en,generic,ready meal,One example of a food is ___.,-18.40625,-9.203125
1844,meta-llama/Llama-3.1-8B-Instruct,food,en,generic,rhubarb,One example of a food is ___.,-14.33917236328125,-4.77972412109375
1845,meta-llama/Llama-3.1-8B-Instruct,food,en,generic,rice,One example of a food is ___.,-10.8125,-10.8125
1846,meta-llama/Llama-3.1-8B-Instruct,food,en,generic,roll,One example of a food is ___.,-15.5,-15.5
1847,meta-llama/Llama-3.1-8B-Instruct,food,en,generic,saffron,One example of a food is ___.,-14.011962890625,-4.670654296875
1848,meta-llama/Llama-3.1-8B-Instruct,food,en,generic,salad,One example of a food is ___.,-10.8125,-10.8125
1849,meta-llama/Llama-3.1-8B-Instruct,food,en,generic,salami,One example of a food is ___.,-13.171875,-6.5859375
1850,meta-llama/Llama-3.1-8B-Instruct,food,en,generic,sandwich,One example of a food is ___.,-12.6875,-12.6875
1851,meta-llama/Llama-3.1-8B-Instruct,food,en,generic,sardine,One example of a food is ___.,-16.6015625,-5.533854166666667
1852,meta-llama/Llama-3.1-8B-Instruct,food,en,generic,sauce,One example of a food is ___.,-11.8125,-11.8125
1853,meta-llama/Llama-3.1-8B-Instruct,food,en,generic,sauerkraut,One example of a food is ___.,-12.619720458984375,-2.523944091796875
1854,meta-llama/Llama-3.1-8B-Instruct,food,en,generic,sausage,One example of a food is ___.,-13.25,-13.25
1855,meta-llama/Llama-3.1-8B-Instruct,food,en,generic,scallion,One example of a food is ___.,-13.9921875,-4.6640625
1856,meta-llama/Llama-3.1-8B-Instruct,food,en,generic,scallop,One example of a food is ___.,-14.0234375,-7.01171875
1857,meta-llama/Llama-3.1-8B-Instruct,food,en,generic,scone,One example of a food is ___.,-16.28125,-8.140625
1858,meta-llama/Llama-3.1-8B-Instruct,food,en,generic,scrambled egg,One example of a food is ___.,-16.296875,-8.1484375
1859,meta-llama/Llama-3.1-8B-Instruct,food,en,generic,seafood,One example of a food is ___.,-13.375,-13.375
1860,meta-llama/Llama-3.1-8B-Instruct,food,en,generic,seaweed,One example of a food is ___.,-14.6923828125,-7.34619140625
1861,meta-llama/Llama-3.1-8B-Instruct,food,en,generic,shortbread,One example of a food is ___.,-17.8125,-8.90625
1862,meta-llama/Llama-3.1-8B-Instruct,food,en,generic,shrimp,One example of a food is ___.,-13.9375,-13.9375
1863,meta-llama/Llama-3.1-8B-Instruct,food,en,generic,snack,One example of a food is ___.,-12.6875,-12.6875
1864,meta-llama/Llama-3.1-8B-Instruct,food,en,generic,sorbet,One example of a food is ___.,-16.515625,-8.2578125
1865,meta-llama/Llama-3.1-8B-Instruct,food,en,generic,souffle,One example of a food is ___.,-19.09375,-6.364583333333333
1866,meta-llama/Llama-3.1-8B-Instruct,food,en,generic,soup,One example of a food is ___.,-12.1875,-12.1875
1867,meta-llama/Llama-3.1-8B-Instruct,food,en,generic,soy sauce,One example of a food is ___.,-13.578125,-6.7890625
1868,meta-llama/Llama-3.1-8B-Instruct,food,en,generic,spaghetti,One example of a food is ___.,-14.75,-14.75
1869,meta-llama/Llama-3.1-8B-Instruct,food,en,generic,spam,One example of a food is ___.,-13.5,-13.5
1870,meta-llama/Llama-3.1-8B-Instruct,food,en,generic,spareribs,One example of a food is ___.,-17.118408203125,-5.706136067708333
1871,meta-llama/Llama-3.1-8B-Instruct,food,en,generic,spinach,One example of a food is ___.,-13.125,-13.125
1872,meta-llama/Llama-3.1-8B-Instruct,food,en,generic,spring roll,One example of a food is ___.,-17.0625,-8.53125
1873,meta-llama/Llama-3.1-8B-Instruct,food,en,generic,sprouts,One example of a food is ___.,-15.275390625,-7.6376953125
1874,meta-llama/Llama-3.1-8B-Instruct,food,en,generic,squash,One example of a food is ___.,-14.6875,-14.6875
1875,meta-llama/Llama-3.1-8B-Instruct,food,en,generic,squid,One example of a food is ___.,-16.625,-16.625
1876,meta-llama/Llama-3.1-8B-Instruct,food,en,generic,star fruit,One example of a food is ___.,-16.234375,-8.1171875
1877,meta-llama/Llama-3.1-8B-Instruct,food,en,generic,steak,One example of a food is ___.,-11.375,-11.375
1878,meta-llama/Llama-3.1-8B-Instruct,food,en,generic,stew,One example of a food is ___.,-14.375,-14.375
1879,meta-llama/Llama-3.1-8B-Instruct,food,en,generic,stir fry,One example of a food is ___.,-17.828125,-8.9140625
1880,meta-llama/Llama-3.1-8B-Instruct,food,en,generic,string cheese,One example of a food is ___.,-15.8125,-7.90625
1881,meta-llama/Llama-3.1-8B-Instruct,food,en,generic,stuffing,One example of a food is ___.,-13.25,-13.25
1882,meta-llama/Llama-3.1-8B-Instruct,food,en,generic,sugar cube,One example of a food is ___.,-17.15625,-8.578125
1883,meta-llama/Llama-3.1-8B-Instruct,food,en,generic,sundae,One example of a food is ___.,-16.63671875,-8.318359375
1884,meta-llama/Llama-3.1-8B-Instruct,food,en,generic,sushi,One example of a food is ___.,-12.5,-12.5
1885,meta-llama/Llama-3.1-8B-Instruct,food,en,generic,sweet potato,One example of a food is ___.,-12.734375,-6.3671875
1886,meta-llama/Llama-3.1-8B-Instruct,food,en,generic,swordfish,One example of a food is ___.,-15.376953125,-7.6884765625
1887,meta-llama/Llama-3.1-8B-Instruct,food,en,generic,syrup,One example of a food is ___.,-13.125,-13.125
1888,meta-llama/Llama-3.1-8B-Instruct,food,en,generic,taco,One example of a food is ___.,-14.375,-14.375
1889,meta-llama/Llama-3.1-8B-Instruct,food,en,generic,taffy,One example of a food is ___.,-17.062744140625,-5.687581380208333
1890,meta-llama/Llama-3.1-8B-Instruct,food,en,generic,tamale,One example of a food is ___.,-16.40625,-8.203125
1891,meta-llama/Llama-3.1-8B-Instruct,food,en,generic,tiramisu,One example of a food is ___.,-17.042236328125,-5.680745442708333
1892,meta-llama/Llama-3.1-8B-Instruct,food,en,generic,toast,One example of a food is ___.,-13.125,-13.125
1893,meta-llama/Llama-3.1-8B-Instruct,food,en,generic,tomato sauce,One example of a food is ___.,-14.78125,-7.390625
1894,meta-llama/Llama-3.1-8B-Instruct,food,en,generic,tortellini,One example of a food is ___.,-17.42724609375,-5.80908203125
1895,meta-llama/Llama-3.1-8B-Instruct,food,en,generic,tortilla,One example of a food is ___.,-14.6171875,-7.30859375
1896,meta-llama/Llama-3.1-8B-Instruct,food,en,generic,tostada,One example of a food is ___.,-16.75390625,-5.584635416666667
1897,meta-llama/Llama-3.1-8B-Instruct,food,en,generic,vegetable,One example of a food is ___.,-11.9375,-11.9375
1898,meta-llama/Llama-3.1-8B-Instruct,food,en,generic,wafer,One example of a food is ___.,-13.9453125,-6.97265625
1899,meta-llama/Llama-3.1-8B-Instruct,food,en,generic,waffle,One example of a food is ___.,-17.0625,-8.53125
1900,meta-llama/Llama-3.1-8B-Instruct,food,en,generic,walnut,One example of a food is ___.,-15.875,-15.875
1901,meta-llama/Llama-3.1-8B-Instruct,food,en,generic,watermelon,One example of a food is ___.,-13.84375,-6.921875
1902,meta-llama/Llama-3.1-8B-Instruct,food,en,generic,wedding cake,One example of a food is ___.,-16.1484375,-8.07421875
1903,meta-llama/Llama-3.1-8B-Instruct,food,en,generic,wheat,One example of a food is ___.,-11.0625,-11.0625
1904,meta-llama/Llama-3.1-8B-Instruct,food,en,generic,whipped cream,One example of a food is ___.,-14.689453125,-7.3447265625
1905,meta-llama/Llama-3.1-8B-Instruct,food,en,generic,wrap,One example of a food is ___.,-13.1875,-13.1875
1906,meta-llama/Llama-3.1-8B-Instruct,food,en,generic,yogurt,One example of a food is ___.,-11.9375,-11.9375
1907,meta-llama/Llama-3.1-8B-Instruct,food,en,generic,yolk,One example of a food is ___.,-16.4375,-8.21875
1908,meta-llama/Llama-3.1-8B-Instruct,food,en,generic,zucchini,One example of a food is ___.,-11.9453125,-5.97265625
1909,meta-llama/Llama-3.1-8B-Instruct,food,en,indefinite_prod,chicken,Name an example of a food: ___,-7.46875,-7.46875
1910,meta-llama/Llama-3.1-8B-Instruct,food,en,indefinite_prod,apple,Name an example of a food: ___,-5.59375,-5.59375
1911,meta-llama/Llama-3.1-8B-Instruct,food,en,indefinite_prod,avocado,Name an example of a food: ___,-10.0,-10.0
1912,meta-llama/Llama-3.1-8B-Instruct,food,en,indefinite_prod,banana,Name an example of a food: ___,-7.21875,-7.21875
1913,meta-llama/Llama-3.1-8B-Instruct,food,en,indefinite_prod,bean,Name an example of a food: ___,-8.8125,-8.8125
1914,meta-llama/Llama-3.1-8B-Instruct,food,en,indefinite_prod,blueberry,Name an example of a food: ___,-9.37109375,-4.685546875
1915,meta-llama/Llama-3.1-8B-Instruct,food,en,indefinite_prod,carrot,Name an example of a food: ___,-7.6875,-7.6875
1916,meta-llama/Llama-3.1-8B-Instruct,food,en,indefinite_prod,cauliflower,Name an example of a food: ___,-8.1875,-8.1875
1917,meta-llama/Llama-3.1-8B-Instruct,food,en,indefinite_prod,celery,Name an example of a food: ___,-10.0,-10.0
1918,meta-llama/Llama-3.1-8B-Instruct,food,en,indefinite_prod,cherry,Name an example of a food: ___,-9.9375,-9.9375
1919,meta-llama/Llama-3.1-8B-Instruct,food,en,indefinite_prod,cranberry,Name an example of a food: ___,-9.525390625,-4.7626953125
1920,meta-llama/Llama-3.1-8B-Instruct,food,en,indefinite_prod,cucumber,Name an example of a food: ___,-9.875,-9.875
1921,meta-llama/Llama-3.1-8B-Instruct,food,en,indefinite_prod,fig,Name an example of a food: ___,-10.25,-10.25
1922,meta-llama/Llama-3.1-8B-Instruct,food,en,indefinite_prod,ginger,Name an example of a food: ___,-9.875,-9.875
1923,meta-llama/Llama-3.1-8B-Instruct,food,en,indefinite_prod,goose,Name an example of a food: ___,-13.5625,-13.5625
1924,meta-llama/Llama-3.1-8B-Instruct,food,en,indefinite_prod,grape,Name an example of a food: ___,-9.6875,-9.6875
1925,meta-llama/Llama-3.1-8B-Instruct,food,en,indefinite_prod,lemon,Name an example of a food: ___,-8.4375,-8.4375
1926,meta-llama/Llama-3.1-8B-Instruct,food,en,indefinite_prod,mango,Name an example of a food: ___,-7.78125,-7.78125
1927,meta-llama/Llama-3.1-8B-Instruct,food,en,indefinite_prod,melon,Name an example of a food: ___,-11.9345703125,-5.96728515625
1928,meta-llama/Llama-3.1-8B-Instruct,food,en,indefinite_prod,olive,Name an example of a food: ___,-11.0,-11.0
1929,meta-llama/Llama-3.1-8B-Instruct,food,en,indefinite_prod,onion,Name an example of a food: ___,-7.3125,-7.3125
1930,meta-llama/Llama-3.1-8B-Instruct,food,en,indefinite_prod,papaya,Name an example of a food: ___,-10.734375,-5.3671875
1931,meta-llama/Llama-3.1-8B-Instruct,food,en,indefinite_prod,pea,Name an example of a food: ___,-9.375,-9.375
1932,meta-llama/Llama-3.1-8B-Instruct,food,en,indefinite_prod,peach,Name an example of a food: ___,-9.5,-9.5
1933,meta-llama/Llama-3.1-8B-Instruct,food,en,indefinite_prod,pear,Name an example of a food: ___,-8.625,-8.625
1934,meta-llama/Llama-3.1-8B-Instruct,food,en,indefinite_prod,pineapple,Name an example of a food: ___,-5.28125,-5.28125
1935,meta-llama/Llama-3.1-8B-Instruct,food,en,indefinite_prod,pomegranate,Name an example of a food: ___,-12.5989990234375,-3.149749755859375
1936,meta-llama/Llama-3.1-8B-Instruct,food,en,indefinite_prod,potato,Name an example of a food: ___,-5.78125,-5.78125
1937,meta-llama/Llama-3.1-8B-Instruct,food,en,indefinite_prod,pumpkin,Name an example of a food: ___,-9.3125,-9.3125
1938,meta-llama/Llama-3.1-8B-Instruct,food,en,indefinite_prod,radish,Name an example of a food: ___,-11.8798828125,-5.93994140625
1939,meta-llama/Llama-3.1-8B-Instruct,food,en,indefinite_prod,raspberry,Name an example of a food: ___,-11.125,-11.125
1940,meta-llama/Llama-3.1-8B-Instruct,food,en,indefinite_prod,strawberry,Name an example of a food: ___,-8.3125,-8.3125
1941,meta-llama/Llama-3.1-8B-Instruct,food,en,indefinite_prod,tomato,Name an example of a food: ___,-6.84375,-6.84375
1942,meta-llama/Llama-3.1-8B-Instruct,food,en,indefinite_prod,turkey,Name an example of a food: ___,-7.46875,-7.46875
1943,meta-llama/Llama-3.1-8B-Instruct,food,en,indefinite_prod,almond,Name an example of a food: ___,-9.9375,-9.9375
1944,meta-llama/Llama-3.1-8B-Instruct,food,en,indefinite_prod,appetizer,Name an example of a food: ___,-10.828125,-5.4140625
1945,meta-llama/Llama-3.1-8B-Instruct,food,en,indefinite_prod,applesauce,Name an example of a food: ___,-12.53125,-6.265625
1946,meta-llama/Llama-3.1-8B-Instruct,food,en,indefinite_prod,artichoke,Name an example of a food: ___,-11.3876953125,-3.7958984375
1947,meta-llama/Llama-3.1-8B-Instruct,food,en,indefinite_prod,arugula,Name an example of a food: ___,-11.8165283203125,-3.9388427734375
1948,meta-llama/Llama-3.1-8B-Instruct,food,en,indefinite_prod,asparagus,Name an example of a food: ___,-9.53515625,-4.767578125
1949,meta-llama/Llama-3.1-8B-Instruct,food,en,indefinite_prod,bacon,Name an example of a food: ___,-8.8125,-8.8125
1950,meta-llama/Llama-3.1-8B-Instruct,food,en,indefinite_prod,bagel,Name an example of a food: ___,-9.064453125,-4.5322265625
1951,meta-llama/Llama-3.1-8B-Instruct,food,en,indefinite_prod,baklava,Name an example of a food: ___,-14.029296875,-7.0146484375
1952,meta-llama/Llama-3.1-8B-Instruct,food,en,indefinite_prod,banana split,Name an example of a food: ___,-17.125,-8.5625
1953,meta-llama/Llama-3.1-8B-Instruct,food,en,indefinite_prod,basil,Name an example of a food: ___,-11.375,-11.375
1954,meta-llama/Llama-3.1-8B-Instruct,food,en,indefinite_prod,batter,Name an example of a food: ___,-12.8125,-12.8125
1955,meta-llama/Llama-3.1-8B-Instruct,food,en,indefinite_prod,beet,Name an example of a food: ___,-10.3125,-10.3125
1956,meta-llama/Llama-3.1-8B-Instruct,food,en,indefinite_prod,bell pepper,Name an example of a food: ___,-11.958984375,-5.9794921875
1957,meta-llama/Llama-3.1-8B-Instruct,food,en,indefinite_prod,berry,Name an example of a food: ___,-11.75,-11.75
1958,meta-llama/Llama-3.1-8B-Instruct,food,en,indefinite_prod,birthday cake,Name an example of a food: ___,-12.055419921875,-6.0277099609375
1959,meta-llama/Llama-3.1-8B-Instruct,food,en,indefinite_prod,biscuit,Name an example of a food: ___,-9.644287109375,-4.8221435546875
1960,meta-llama/Llama-3.1-8B-Instruct,food,en,indefinite_prod,blackberry,Name an example of a food: ___,-13.03125,-6.515625
1961,meta-llama/Llama-3.1-8B-Instruct,food,en,indefinite_prod,bok choy,Name an example of a food: ___,-15.883106231689453,-3.9707765579223633
1962,meta-llama/Llama-3.1-8B-Instruct,food,en,indefinite_prod,bologna,Name an example of a food: ___,-11.484375,-5.7421875
1963,meta-llama/Llama-3.1-8B-Instruct,food,en,indefinite_prod,bread,Name an example of a food: ___,-7.25,-7.25
1964,meta-llama/Llama-3.1-8B-Instruct,food,en,indefinite_prod,breadstick,Name an example of a food: ___,-18.5,-9.25
1965,meta-llama/Llama-3.1-8B-Instruct,food,en,indefinite_prod,breakfast,Name an example of a food: ___,-10.9375,-10.9375
1966,meta-llama/Llama-3.1-8B-Instruct,food,en,indefinite_prod,broccoli,Name an example of a food: ___,-6.09375,-6.09375
1967,meta-llama/Llama-3.1-8B-Instruct,food,en,indefinite_prod,brownie,Name an example of a food: ___,-9.6640625,-4.83203125
1968,meta-llama/Llama-3.1-8B-Instruct,food,en,indefinite_prod,brussels sprouts,Name an example of a food: ___,-13.53131103515625,-3.3828277587890625
1969,meta-llama/Llama-3.1-8B-Instruct,food,en,indefinite_prod,buffet,Name an example of a food: ___,-13.3125,-13.3125
1970,meta-llama/Llama-3.1-8B-Instruct,food,en,indefinite_prod,bun,Name an example of a food: ___,-11.0625,-11.0625
1971,meta-llama/Llama-3.1-8B-Instruct,food,en,indefinite_prod,burrito,Name an example of a food: ___,-11.4775390625,-5.73876953125
1972,meta-llama/Llama-3.1-8B-Instruct,food,en,indefinite_prod,butter,Name an example of a food: ___,-9.75,-9.75
1973,meta-llama/Llama-3.1-8B-Instruct,food,en,indefinite_prod,cabbage,Name an example of a food: ___,-9.25,-9.25
1974,meta-llama/Llama-3.1-8B-Instruct,food,en,indefinite_prod,cake,Name an example of a food: ___,-6.40625,-6.40625
1975,meta-llama/Llama-3.1-8B-Instruct,food,en,indefinite_prod,cake mix,Name an example of a food: ___,-14.59375,-7.296875
1976,meta-llama/Llama-3.1-8B-Instruct,food,en,indefinite_prod,calamari,Name an example of a food: ___,-11.3880615234375,-5.69403076171875
1977,meta-llama/Llama-3.1-8B-Instruct,food,en,indefinite_prod,calzone,Name an example of a food: ___,-12.4140625,-6.20703125
1978,meta-llama/Llama-3.1-8B-Instruct,food,en,indefinite_prod,candy,Name an example of a food: ___,-8.25,-8.25
1979,meta-llama/Llama-3.1-8B-Instruct,food,en,indefinite_prod,candy bar,Name an example of a food: ___,-10.703125,-5.3515625
1980,meta-llama/Llama-3.1-8B-Instruct,food,en,indefinite_prod,candy cane,Name an example of a food: ___,-12.34375,-6.171875
1981,meta-llama/Llama-3.1-8B-Instruct,food,en,indefinite_prod,cantaloupe,Name an example of a food: ___,-10.78057861328125,-2.6951446533203125
1982,meta-llama/Llama-3.1-8B-Instruct,food,en,indefinite_prod,caramel,Name an example of a food: ___,-9.8125,-9.8125
1983,meta-llama/Llama-3.1-8B-Instruct,food,en,indefinite_prod,cashew,Name an example of a food: ___,-12.55859375,-6.279296875
1984,meta-llama/Llama-3.1-8B-Instruct,food,en,indefinite_prod,casserole,Name an example of a food: ___,-10.719217300415039,-3.5730724334716797
1985,meta-llama/Llama-3.1-8B-Instruct,food,en,indefinite_prod,catfish,Name an example of a food: ___,-10.61328125,-5.306640625
1986,meta-llama/Llama-3.1-8B-Instruct,food,en,indefinite_prod,caviar,Name an example of a food: ___,-12.474212646484375,-4.158070882161458
1987,meta-llama/Llama-3.1-8B-Instruct,food,en,indefinite_prod,cereal,Name an example of a food: ___,-8.3125,-8.3125
1988,meta-llama/Llama-3.1-8B-Instruct,food,en,indefinite_prod,cheese,Name an example of a food: ___,-5.78125,-5.78125
1989,meta-llama/Llama-3.1-8B-Instruct,food,en,indefinite_prod,cheeseburger,Name an example of a food: ___,-9.46875,-4.734375
1990,meta-llama/Llama-3.1-8B-Instruct,food,en,indefinite_prod,cheesecake,Name an example of a food: ___,-8.6456298828125,-4.32281494140625
1991,meta-llama/Llama-3.1-8B-Instruct,food,en,indefinite_prod,chickpea,Name an example of a food: ___,-12.953125,-4.317708333333333
1992,meta-llama/Llama-3.1-8B-Instruct,food,en,indefinite_prod,chili,Name an example of a food: ___,-9.0,-9.0
1993,meta-llama/Llama-3.1-8B-Instruct,food,en,indefinite_prod,chips,Name an example of a food: ___,-9.75,-9.75
1994,meta-llama/Llama-3.1-8B-Instruct,food,en,indefinite_prod,chive,Name an example of a food: ___,-14.4375,-7.21875
1995,meta-llama/Llama-3.1-8B-Instruct,food,en,indefinite_prod,chocolate,Name an example of a food: ___,-7.34375,-7.34375
1996,meta-llama/Llama-3.1-8B-Instruct,food,en,indefinite_prod,cilantro,Name an example of a food: ___,-13.63995361328125,-6.819976806640625
1997,meta-llama/Llama-3.1-8B-Instruct,food,en,indefinite_prod,cinnamon,Name an example of a food: ___,-10.75,-10.75
1998,meta-llama/Llama-3.1-8B-Instruct,food,en,indefinite_prod,clam,Name an example of a food: ___,-11.3125,-11.3125
1999,meta-llama/Llama-3.1-8B-Instruct,food,en,indefinite_prod,clove,Name an example of a food: ___,-14.0859375,-7.04296875
2000,meta-llama/Llama-3.1-8B-Instruct,food,en,indefinite_prod,coconut,Name an example of a food: ___,-9.9375,-9.9375
2001,meta-llama/Llama-3.1-8B-Instruct,food,en,indefinite_prod,coffee bean,Name an example of a food: ___,-14.8125,-7.40625
2002,meta-llama/Llama-3.1-8B-Instruct,food,en,indefinite_prod,coleslaw,Name an example of a food: ___,-12.474884033203125,-4.158294677734375
2003,meta-llama/Llama-3.1-8B-Instruct,food,en,indefinite_prod,cookie,Name an example of a food: ___,-7.09375,-7.09375
2004,meta-llama/Llama-3.1-8B-Instruct,food,en,indefinite_prod,cordon bleu,Name an example of a food: ___,-17.518569946289062,-4.379642486572266
2005,meta-llama/Llama-3.1-8B-Instruct,food,en,indefinite_prod,corn,Name an example of a food: ___,-8.3125,-8.3125
2006,meta-llama/Llama-3.1-8B-Instruct,food,en,indefinite_prod,cornbread,Name an example of a food: ___,-14.5,-7.25
2007,meta-llama/Llama-3.1-8B-Instruct,food,en,indefinite_prod,cornmeal,Name an example of a food: ___,-14.5,-7.25
2008,meta-llama/Llama-3.1-8B-Instruct,food,en,indefinite_prod,cotton candy,Name an example of a food: ___,-11.30078125,-5.650390625
2009,meta-llama/Llama-3.1-8B-Instruct,food,en,indefinite_prod,crab,Name an example of a food: ___,-10.0,-10.0
2010,meta-llama/Llama-3.1-8B-Instruct,food,en,indefinite_prod,cracker,Name an example of a food: ___,-11.171875,-5.5859375
2011,meta-llama/Llama-3.1-8B-Instruct,food,en,indefinite_prod,crayfish,Name an example of a food: ___,-12.07421875,-6.037109375
2012,meta-llama/Llama-3.1-8B-Instruct,food,en,indefinite_prod,cream cheese,Name an example of a food: ___,-11.3125,-5.65625
2013,meta-llama/Llama-3.1-8B-Instruct,food,en,indefinite_prod,creme brulee,Name an example of a food: ___,-15.5001220703125,-3.1000244140625
2014,meta-llama/Llama-3.1-8B-Instruct,food,en,indefinite_prod,crepe,Name an example of a food: ___,-12.34375,-6.171875
2015,meta-llama/Llama-3.1-8B-Instruct,food,en,indefinite_prod,croissant,Name an example of a food: ___,-10.306640625,-5.1533203125
2016,meta-llama/Llama-3.1-8B-Instruct,food,en,indefinite_prod,crouton,Name an example of a food: ___,-16.28125,-5.427083333333333
2017,meta-llama/Llama-3.1-8B-Instruct,food,en,indefinite_prod,crumb,Name an example of a food: ___,-15.53125,-7.765625
2018,meta-llama/Llama-3.1-8B-Instruct,food,en,indefinite_prod,cupcake,Name an example of a food: ___,-9.5546875,-4.77734375
2019,meta-llama/Llama-3.1-8B-Instruct,food,en,indefinite_prod,curry,Name an example of a food: ___,-11.5,-11.5
2020,meta-llama/Llama-3.1-8B-Instruct,food,en,indefinite_prod,dessert,Name an example of a food: ___,-11.25,-11.25
2021,meta-llama/Llama-3.1-8B-Instruct,food,en,indefinite_prod,dip,Name an example of a food: ___,-13.0,-13.0
2022,meta-llama/Llama-3.1-8B-Instruct,food,en,indefinite_prod,donut,Name an example of a food: ___,-8.8984375,-4.44921875
2023,meta-llama/Llama-3.1-8B-Instruct,food,en,indefinite_prod,dough,Name an example of a food: ___,-8.4375,-8.4375
2024,meta-llama/Llama-3.1-8B-Instruct,food,en,indefinite_prod,dumpling,Name an example of a food: ___,-10.51171875,-5.255859375
2025,meta-llama/Llama-3.1-8B-Instruct,food,en,indefinite_prod,easter egg,Name an example of a food: ___,-18.390625,-6.130208333333333
2026,meta-llama/Llama-3.1-8B-Instruct,food,en,indefinite_prod,eclair,Name an example of a food: ___,-12.4375,-6.21875
2027,meta-llama/Llama-3.1-8B-Instruct,food,en,indefinite_prod,eel,Name an example of a food: ___,-12.4375,-6.21875
2028,meta-llama/Llama-3.1-8B-Instruct,food,en,indefinite_prod,egg,Name an example of a food: ___,-8.3125,-8.3125
2029,meta-llama/Llama-3.1-8B-Instruct,food,en,indefinite_prod,egg roll,Name an example of a food: ___,-12.65625,-6.328125
2030,meta-llama/Llama-3.1-8B-Instruct,food,en,indefinite_prod,eggplant,Name an example of a food: ___,-9.4609375,-4.73046875
2031,meta-llama/Llama-3.1-8B-Instruct,food,en,indefinite_prod,enchilada,Name an example of a food: ___,-13.74005126953125,-4.58001708984375
2032,meta-llama/Llama-3.1-8B-Instruct,food,en,indefinite_prod,fast food,Name an example of a food: ___,-11.447265625,-5.7236328125
2033,meta-llama/Llama-3.1-8B-Instruct,food,en,indefinite_prod,fish,Name an example of a food: ___,-7.8125,-7.8125
2034,meta-llama/Llama-3.1-8B-Instruct,food,en,indefinite_prod,flan,Name an example of a food: ___,-11.20703125,-5.603515625
2035,meta-llama/Llama-3.1-8B-Instruct,food,en,indefinite_prod,flour,Name an example of a food: ___,-9.375,-9.375
2036,meta-llama/Llama-3.1-8B-Instruct,food,en,indefinite_prod,fondue,Name an example of a food: ___,-13.904541015625,-6.9522705078125
2037,meta-llama/Llama-3.1-8B-Instruct,food,en,indefinite_prod,french fries,Name an example of a food: ___,-11.06640625,-5.533203125
2038,meta-llama/Llama-3.1-8B-Instruct,food,en,indefinite_prod,fruit,Name an example of a food: ___,-7.59375,-7.59375
2039,meta-llama/Llama-3.1-8B-Instruct,food,en,indefinite_prod,fruitcake,Name an example of a food: ___,-12.8125,-6.40625
2040,meta-llama/Llama-3.1-8B-Instruct,food,en,indefinite_prod,fudge,Name an example of a food: ___,-12.046875,-6.0234375
2041,meta-llama/Llama-3.1-8B-Instruct,food,en,indefinite_prod,garlic,Name an example of a food: ___,-8.125,-8.125
2042,meta-llama/Llama-3.1-8B-Instruct,food,en,indefinite_prod,gingerbread man,Name an example of a food: ___,-16.5546875,-5.518229166666667
2043,meta-llama/Llama-3.1-8B-Instruct,food,en,indefinite_prod,goat,Name an example of a food: ___,-13.0625,-13.0625
2044,meta-llama/Llama-3.1-8B-Instruct,food,en,indefinite_prod,grain,Name an example of a food: ___,-11.5,-11.5
2045,meta-llama/Llama-3.1-8B-Instruct,food,en,indefinite_prod,granola,Name an example of a food: ___,-9.8887939453125,-4.94439697265625
2046,meta-llama/Llama-3.1-8B-Instruct,food,en,indefinite_prod,grapefruit,Name an example of a food: ___,-12.234375,-6.1171875
2047,meta-llama/Llama-3.1-8B-Instruct,food,en,indefinite_prod,gravy,Name an example of a food: ___,-11.4375,-11.4375
2048,meta-llama/Llama-3.1-8B-Instruct,food,en,indefinite_prod,green beans,Name an example of a food: ___,-10.921875,-5.4609375
2049,meta-llama/Llama-3.1-8B-Instruct,food,en,indefinite_prod,grits,Name an example of a food: ___,-12.8331298828125,-6.41656494140625
2050,meta-llama/Llama-3.1-8B-Instruct,food,en,indefinite_prod,guacamole,Name an example of a food: ___,-10.027236938476562,-3.342412312825521
2051,meta-llama/Llama-3.1-8B-Instruct,food,en,indefinite_prod,gum,Name an example of a food: ___,-11.125,-11.125
2052,meta-llama/Llama-3.1-8B-Instruct,food,en,indefinite_prod,gumball,Name an example of a food: ___,-14.7890625,-4.9296875
2053,meta-llama/Llama-3.1-8B-Instruct,food,en,indefinite_prod,gumdrop,Name an example of a food: ___,-15.65625,-7.828125
2054,meta-llama/Llama-3.1-8B-Instruct,food,en,indefinite_prod,gyro,Name an example of a food: ___,-14.4375,-14.4375
2055,meta-llama/Llama-3.1-8B-Instruct,food,en,indefinite_prod,ham,Name an example of a food: ___,-9.75,-9.75
2056,meta-llama/Llama-3.1-8B-Instruct,food,en,indefinite_prod,hamburger,Name an example of a food: ___,-7.75,-7.75
2057,meta-llama/Llama-3.1-8B-Instruct,food,en,indefinite_prod,hash,Name an example of a food: ___,-9.5625,-9.5625
2058,meta-llama/Llama-3.1-8B-Instruct,food,en,indefinite_prod,honey,Name an example of a food: ___,-10.1875,-10.1875
2059,meta-llama/Llama-3.1-8B-Instruct,food,en,indefinite_prod,hotdog,Name an example of a food: ___,-11.2890625,-5.64453125
2060,meta-llama/Llama-3.1-8B-Instruct,food,en,indefinite_prod,hummus,Name an example of a food: ___,-10.34912109375,-5.174560546875
2061,meta-llama/Llama-3.1-8B-Instruct,food,en,indefinite_prod,ice cream,Name an example of a food: ___,-7.64501953125,-3.822509765625
2062,meta-llama/Llama-3.1-8B-Instruct,food,en,indefinite_prod,ice-cream cone,Name an example of a food: ___,-17.7469482421875,-4.436737060546875
2063,meta-llama/Llama-3.1-8B-Instruct,food,en,indefinite_prod,jalapeno,Name an example of a food: ___,-11.9462890625,-3.9820963541666665
2064,meta-llama/Llama-3.1-8B-Instruct,food,en,indefinite_prod,jam,Name an example of a food: ___,-10.875,-10.875
2065,meta-llama/Llama-3.1-8B-Instruct,food,en,indefinite_prod,jelly bean,Name an example of a food: ___,-11.40625,-5.703125
2066,meta-llama/Llama-3.1-8B-Instruct,food,en,indefinite_prod,kale,Name an example of a food: ___,-10.6875,-10.6875
2067,meta-llama/Llama-3.1-8B-Instruct,food,en,indefinite_prod,kebab,Name an example of a food: ___,-14.265625,-7.1328125
2068,meta-llama/Llama-3.1-8B-Instruct,food,en,indefinite_prod,ketchup,Name an example of a food: ___,-10.69921875,-5.349609375
2069,meta-llama/Llama-3.1-8B-Instruct,food,en,indefinite_prod,kiwi,Name an example of a food: ___,-11.1923828125,-5.59619140625
2070,meta-llama/Llama-3.1-8B-Instruct,food,en,indefinite_prod,lamb,Name an example of a food: ___,-11.25,-11.25
2071,meta-llama/Llama-3.1-8B-Instruct,food,en,indefinite_prod,lamb chop,Name an example of a food: ___,-14.296875,-7.1484375
2072,meta-llama/Llama-3.1-8B-Instruct,food,en,indefinite_prod,lasagna,Name an example of a food: ___,-9.067138671875,-4.5335693359375
2073,meta-llama/Llama-3.1-8B-Instruct,food,en,indefinite_prod,leek,Name an example of a food: ___,-15.265625,-7.6328125
2074,meta-llama/Llama-3.1-8B-Instruct,food,en,indefinite_prod,lettuce,Name an example of a food: ___,-9.0,-9.0
2075,meta-llama/Llama-3.1-8B-Instruct,food,en,indefinite_prod,licorice,Name an example of a food: ___,-11.182861328125,-3.7276204427083335
2076,meta-llama/Llama-3.1-8B-Instruct,food,en,indefinite_prod,lime,Name an example of a food: ___,-9.875,-9.875
2077,meta-llama/Llama-3.1-8B-Instruct,food,en,indefinite_prod,lobster,Name an example of a food: ___,-10.4375,-10.4375
2078,meta-llama/Llama-3.1-8B-Instruct,food,en,indefinite_prod,lollipop,Name an example of a food: ___,-13.78125,-6.890625
2079,meta-llama/Llama-3.1-8B-Instruct,food,en,indefinite_prod,macadamia,Name an example of a food: ___,-14.566238403320312,-4.8554128011067705
2080,meta-llama/Llama-3.1-8B-Instruct,food,en,indefinite_prod,macaroni,Name an example of a food: ___,-9.33294677734375,-3.1109822591145835
2081,meta-llama/Llama-3.1-8B-Instruct,food,en,indefinite_prod,maple syrup,Name an example of a food: ___,-10.02734375,-5.013671875
2082,meta-llama/Llama-3.1-8B-Instruct,food,en,indefinite_prod,marmalade,Name an example of a food: ___,-11.022201538085938,-2.7555503845214844
2083,meta-llama/Llama-3.1-8B-Instruct,food,en,indefinite_prod,marshmallow,Name an example of a food: ___,-11.169921875,-5.5849609375
2084,meta-llama/Llama-3.1-8B-Instruct,food,en,indefinite_prod,mashed potato,Name an example of a food: ___,-12.109375,-6.0546875
2085,meta-llama/Llama-3.1-8B-Instruct,food,en,indefinite_prod,meat,Name an example of a food: ___,-8.6875,-8.6875
2086,meta-llama/Llama-3.1-8B-Instruct,food,en,indefinite_prod,meatball,Name an example of a food: ___,-11.890625,-5.9453125
2087,meta-llama/Llama-3.1-8B-Instruct,food,en,indefinite_prod,meatloaf,Name an example of a food: ___,-11.328514099121094,-3.7761713663736978
2088,meta-llama/Llama-3.1-8B-Instruct,food,en,indefinite_prod,mint,Name an example of a food: ___,-10.8125,-10.8125
2089,meta-llama/Llama-3.1-8B-Instruct,food,en,indefinite_prod,mousse,Name an example of a food: ___,-10.3203125,-5.16015625
2090,meta-llama/Llama-3.1-8B-Instruct,food,en,indefinite_prod,muffin,Name an example of a food: ___,-10.326171875,-5.1630859375
2091,meta-llama/Llama-3.1-8B-Instruct,food,en,indefinite_prod,mulberry,Name an example of a food: ___,-16.21875,-8.109375
2092,meta-llama/Llama-3.1-8B-Instruct,food,en,indefinite_prod,mushroom,Name an example of a food: ___,-9.25,-9.25
2093,meta-llama/Llama-3.1-8B-Instruct,food,en,indefinite_prod,mussel,Name an example of a food: ___,-12.4453125,-6.22265625
2094,meta-llama/Llama-3.1-8B-Instruct,food,en,indefinite_prod,mustard,Name an example of a food: ___,-10.0,-10.0
2095,meta-llama/Llama-3.1-8B-Instruct,food,en,indefinite_prod,nacho,Name an example of a food: ___,-14.484375,-7.2421875
2096,meta-llama/Llama-3.1-8B-Instruct,food,en,indefinite_prod,noodle,Name an example of a food: ___,-10.257415771484375,-5.1287078857421875
2097,meta-llama/Llama-3.1-8B-Instruct,food,en,indefinite_prod,nut,Name an example of a food: ___,-10.375,-10.375
2098,meta-llama/Llama-3.1-8B-Instruct,food,en,indefinite_prod,oatmeal,Name an example of a food: ___,-9.80859375,-4.904296875
2099,meta-llama/Llama-3.1-8B-Instruct,food,en,indefinite_prod,octopus,Name an example of a food: ___,-10.8525390625,-5.42626953125
2100,meta-llama/Llama-3.1-8B-Instruct,food,en,indefinite_prod,okra,Name an example of a food: ___,-11.6630859375,-5.83154296875
2101,meta-llama/Llama-3.1-8B-Instruct,food,en,indefinite_prod,omelet,Name an example of a food: ___,-10.228515625,-3.4095052083333335
2102,meta-llama/Llama-3.1-8B-Instruct,food,en,indefinite_prod,orange,Name an example of a food: ___,-7.09375,-7.09375
2103,meta-llama/Llama-3.1-8B-Instruct,food,en,indefinite_prod,oyster,Name an example of a food: ___,-11.90625,-5.953125
2104,meta-llama/Llama-3.1-8B-Instruct,food,en,indefinite_prod,pancake,Name an example of a food: ___,-9.3856201171875,-4.69281005859375
2105,meta-llama/Llama-3.1-8B-Instruct,food,en,indefinite_prod,parfait,Name an example of a food: ___,-12.4375,-12.4375
2106,meta-llama/Llama-3.1-8B-Instruct,food,en,indefinite_prod,parsley,Name an example of a food: ___,-9.1875,-9.1875
2107,meta-llama/Llama-3.1-8B-Instruct,food,en,indefinite_prod,pasta,Name an example of a food: ___,-7.84375,-7.84375
2108,meta-llama/Llama-3.1-8B-Instruct,food,en,indefinite_prod,pastry,Name an example of a food: ___,-10.625,-10.625
2109,meta-llama/Llama-3.1-8B-Instruct,food,en,indefinite_prod,patty,Name an example of a food: ___,-9.59375,-4.796875
2110,meta-llama/Llama-3.1-8B-Instruct,food,en,indefinite_prod,peanut,Name an example of a food: ___,-8.125,-8.125
2111,meta-llama/Llama-3.1-8B-Instruct,food,en,indefinite_prod,peanut butter,Name an example of a food: ___,-8.271484375,-4.1357421875
2112,meta-llama/Llama-3.1-8B-Instruct,food,en,indefinite_prod,pecan,Name an example of a food: ___,-12.0625,-6.03125
2113,meta-llama/Llama-3.1-8B-Instruct,food,en,indefinite_prod,pepper (seasoning),Name an example of a food: ___,-23.296875,-4.659375
2114,meta-llama/Llama-3.1-8B-Instruct,food,en,indefinite_prod,pepper (vegetable),Name an example of a food: ___,-20.306640625,-4.061328125
2115,meta-llama/Llama-3.1-8B-Instruct,food,en,indefinite_prod,peppermint,Name an example of a food: ___,-10.7744140625,-5.38720703125
2116,meta-llama/Llama-3.1-8B-Instruct,food,en,indefinite_prod,pepperoni,Name an example of a food: ___,-8.5546875,-4.27734375
2117,meta-llama/Llama-3.1-8B-Instruct,food,en,indefinite_prod,pesto,Name an example of a food: ___,-12.442718505859375,-6.2213592529296875
2118,meta-llama/Llama-3.1-8B-Instruct,food,en,indefinite_prod,pickle,Name an example of a food: ___,-8.8125,-8.8125
2119,meta-llama/Llama-3.1-8B-Instruct,food,en,indefinite_prod,pie,Name an example of a food: ___,-7.75,-7.75
2120,meta-llama/Llama-3.1-8B-Instruct,food,en,indefinite_prod,piecrust,Name an example of a food: ___,-15.190032958984375,-5.063344319661458
2121,meta-llama/Llama-3.1-8B-Instruct,food,en,indefinite_prod,pig,Name an example of a food: ___,-12.8125,-12.8125
2122,meta-llama/Llama-3.1-8B-Instruct,food,en,indefinite_prod,pistachio,Name an example of a food: ___,-10.64044189453125,-3.54681396484375
2123,meta-llama/Llama-3.1-8B-Instruct,food,en,indefinite_prod,pita,Name an example of a food: ___,-10.34375,-5.171875
2124,meta-llama/Llama-3.1-8B-Instruct,food,en,indefinite_prod,pizza,Name an example of a food: ___,-4.90625,-4.90625
2125,meta-llama/Llama-3.1-8B-Instruct,food,en,indefinite_prod,plum,Name an example of a food: ___,-9.5,-9.5
2126,meta-llama/Llama-3.1-8B-Instruct,food,en,indefinite_prod,popcorn,Name an example of a food: ___,-8.8125,-8.8125
2127,meta-llama/Llama-3.1-8B-Instruct,food,en,indefinite_prod,poppy,Name an example of a food: ___,-13.640625,-6.8203125
2128,meta-llama/Llama-3.1-8B-Instruct,food,en,indefinite_prod,popsicle,Name an example of a food: ___,-11.46875,-5.734375
2129,meta-llama/Llama-3.1-8B-Instruct,food,en,indefinite_prod,potpie,Name an example of a food: ___,-13.78125,-6.890625
2130,meta-llama/Llama-3.1-8B-Instruct,food,en,indefinite_prod,pretzel,Name an example of a food: ___,-11.734375,-5.8671875
2131,meta-llama/Llama-3.1-8B-Instruct,food,en,indefinite_prod,prune,Name an example of a food: ___,-12.1875,-12.1875
2132,meta-llama/Llama-3.1-8B-Instruct,food,en,indefinite_prod,pudding,Name an example of a food: ___,-10.375,-10.375
2133,meta-llama/Llama-3.1-8B-Instruct,food,en,indefinite_prod,quesadilla,Name an example of a food: ___,-12.274398803710938,-4.0914662679036455
2134,meta-llama/Llama-3.1-8B-Instruct,food,en,indefinite_prod,quiche,Name an example of a food: ___,-9.57421875,-4.787109375
2135,meta-llama/Llama-3.1-8B-Instruct,food,en,indefinite_prod,rabbit,Name an example of a food: ___,-10.6875,-10.6875
2136,meta-llama/Llama-3.1-8B-Instruct,food,en,indefinite_prod,raisin,Name an example of a food: ___,-11.2265625,-5.61328125
2137,meta-llama/Llama-3.1-8B-Instruct,food,en,indefinite_prod,ravioli,Name an example of a food: ___,-11.12841796875,-3.70947265625
2138,meta-llama/Llama-3.1-8B-Instruct,food,en,indefinite_prod,ready meal,Name an example of a food: ___,-18.0625,-9.03125
2139,meta-llama/Llama-3.1-8B-Instruct,food,en,indefinite_prod,rhubarb,Name an example of a food: ___,-8.85040283203125,-2.95013427734375
2140,meta-llama/Llama-3.1-8B-Instruct,food,en,indefinite_prod,rice,Name an example of a food: ___,-7.21875,-7.21875
2141,meta-llama/Llama-3.1-8B-Instruct,food,en,indefinite_prod,roll,Name an example of a food: ___,-13.6875,-13.6875
2142,meta-llama/Llama-3.1-8B-Instruct,food,en,indefinite_prod,saffron,Name an example of a food: ___,-14.66448974609375,-4.888163248697917
2143,meta-llama/Llama-3.1-8B-Instruct,food,en,indefinite_prod,salad,Name an example of a food: ___,-8.875,-8.875
2144,meta-llama/Llama-3.1-8B-Instruct,food,en,indefinite_prod,salami,Name an example of a food: ___,-10.4755859375,-5.23779296875
2145,meta-llama/Llama-3.1-8B-Instruct,food,en,indefinite_prod,sandwich,Name an example of a food: ___,-7.09375,-7.09375
2146,meta-llama/Llama-3.1-8B-Instruct,food,en,indefinite_prod,sardine,Name an example of a food: ___,-14.7421875,-4.9140625
2147,meta-llama/Llama-3.1-8B-Instruct,food,en,indefinite_prod,sauce,Name an example of a food: ___,-10.5625,-10.5625
2148,meta-llama/Llama-3.1-8B-Instruct,food,en,indefinite_prod,sauerkraut,Name an example of a food: ___,-10.579536437988281,-2.1159072875976563
2149,meta-llama/Llama-3.1-8B-Instruct,food,en,indefinite_prod,sausage,Name an example of a food: ___,-8.875,-8.875
2150,meta-llama/Llama-3.1-8B-Instruct,food,en,indefinite_prod,scallion,Name an example of a food: ___,-13.7734375,-4.591145833333333
2151,meta-llama/Llama-3.1-8B-Instruct,food,en,indefinite_prod,scallop,Name an example of a food: ___,-12.46875,-6.234375
2152,meta-llama/Llama-3.1-8B-Instruct,food,en,indefinite_prod,scone,Name an example of a food: ___,-10.953125,-5.4765625
2153,meta-llama/Llama-3.1-8B-Instruct,food,en,indefinite_prod,scrambled egg,Name an example of a food: ___,-12.0,-6.0
2154,meta-llama/Llama-3.1-8B-Instruct,food,en,indefinite_prod,seafood,Name an example of a food: ___,-11.8125,-11.8125
2155,meta-llama/Llama-3.1-8B-Instruct,food,en,indefinite_prod,seaweed,Name an example of a food: ___,-12.06927490234375,-6.034637451171875
2156,meta-llama/Llama-3.1-8B-Instruct,food,en,indefinite_prod,shortbread,Name an example of a food: ___,-13.7734375,-6.88671875
2157,meta-llama/Llama-3.1-8B-Instruct,food,en,indefinite_prod,shrimp,Name an example of a food: ___,-10.375,-10.375
2158,meta-llama/Llama-3.1-8B-Instruct,food,en,indefinite_prod,snack,Name an example of a food: ___,-11.5,-11.5
2159,meta-llama/Llama-3.1-8B-Instruct,food,en,indefinite_prod,sorbet,Name an example of a food: ___,-13.47900390625,-6.739501953125
2160,meta-llama/Llama-3.1-8B-Instruct,food,en,indefinite_prod,souffle,Name an example of a food: ___,-17.234375,-5.744791666666667
2161,meta-llama/Llama-3.1-8B-Instruct,food,en,indefinite_prod,soup,Name an example of a food: ___,-8.9375,-8.9375
2162,meta-llama/Llama-3.1-8B-Instruct,food,en,indefinite_prod,soy sauce,Name an example of a food: ___,-11.59375,-5.796875
2163,meta-llama/Llama-3.1-8B-Instruct,food,en,indefinite_prod,spaghetti,Name an example of a food: ___,-7.90625,-7.90625
2164,meta-llama/Llama-3.1-8B-Instruct,food,en,indefinite_prod,spam,Name an example of a food: ___,-11.6875,-11.6875
2165,meta-llama/Llama-3.1-8B-Instruct,food,en,indefinite_prod,spareribs,Name an example of a food: ___,-12.737548828125,-4.245849609375
2166,meta-llama/Llama-3.1-8B-Instruct,food,en,indefinite_prod,spinach,Name an example of a food: ___,-8.3125,-8.3125
2167,meta-llama/Llama-3.1-8B-Instruct,food,en,indefinite_prod,spring roll,Name an example of a food: ___,-14.125,-7.0625
2168,meta-llama/Llama-3.1-8B-Instruct,food,en,indefinite_prod,sprouts,Name an example of a food: ___,-12.328125,-6.1640625
2169,meta-llama/Llama-3.1-8B-Instruct,food,en,indefinite_prod,squash,Name an example of a food: ___,-10.4375,-10.4375
2170,meta-llama/Llama-3.1-8B-Instruct,food,en,indefinite_prod,squid,Name an example of a food: ___,-11.0625,-11.0625
2171,meta-llama/Llama-3.1-8B-Instruct,food,en,indefinite_prod,star fruit,Name an example of a food: ___,-14.125,-7.0625
2172,meta-llama/Llama-3.1-8B-Instruct,food,en,indefinite_prod,steak,Name an example of a food: ___,-7.90625,-7.90625
2173,meta-llama/Llama-3.1-8B-Instruct,food,en,indefinite_prod,stew,Name an example of a food: ___,-12.6875,-12.6875
2174,meta-llama/Llama-3.1-8B-Instruct,food,en,indefinite_prod,stir fry,Name an example of a food: ___,-15.21875,-7.609375
2175,meta-llama/Llama-3.1-8B-Instruct,food,en,indefinite_prod,string cheese,Name an example of a food: ___,-12.8046875,-6.40234375
2176,meta-llama/Llama-3.1-8B-Instruct,food,en,indefinite_prod,stuffing,Name an example of a food: ___,-13.25,-13.25
2177,meta-llama/Llama-3.1-8B-Instruct,food,en,indefinite_prod,sugar cube,Name an example of a food: ___,-14.09375,-7.046875
2178,meta-llama/Llama-3.1-8B-Instruct,food,en,indefinite_prod,sundae,Name an example of a food: ___,-12.8330078125,-6.41650390625
2179,meta-llama/Llama-3.1-8B-Instruct,food,en,indefinite_prod,sushi,Name an example of a food: ___,-8.4375,-8.4375
2180,meta-llama/Llama-3.1-8B-Instruct,food,en,indefinite_prod,sweet potato,Name an example of a food: ___,-8.7373046875,-4.36865234375
2181,meta-llama/Llama-3.1-8B-Instruct,food,en,indefinite_prod,swordfish,Name an example of a food: ___,-12.1240234375,-6.06201171875
2182,meta-llama/Llama-3.1-8B-Instruct,food,en,indefinite_prod,syrup,Name an example of a food: ___,-10.9375,-10.9375
2183,meta-llama/Llama-3.1-8B-Instruct,food,en,indefinite_prod,taco,Name an example of a food: ___,-9.5625,-9.5625
2184,meta-llama/Llama-3.1-8B-Instruct,food,en,indefinite_prod,taffy,Name an example of a food: ___,-15.819061279296875,-5.273020426432292
2185,meta-llama/Llama-3.1-8B-Instruct,food,en,indefinite_prod,tamale,Name an example of a food: ___,-11.119140625,-5.5595703125
2186,meta-llama/Llama-3.1-8B-Instruct,food,en,indefinite_prod,tiramisu,Name an example of a food: ___,-13.6005859375,-4.533528645833333
2187,meta-llama/Llama-3.1-8B-Instruct,food,en,indefinite_prod,toast,Name an example of a food: ___,-9.8125,-9.8125
2188,meta-llama/Llama-3.1-8B-Instruct,food,en,indefinite_prod,tomato sauce,Name an example of a food: ___,-13.6875,-6.84375
2189,meta-llama/Llama-3.1-8B-Instruct,food,en,indefinite_prod,tortellini,Name an example of a food: ___,-11.58642578125,-3.8621419270833335
2190,meta-llama/Llama-3.1-8B-Instruct,food,en,indefinite_prod,tortilla,Name an example of a food: ___,-8.9228515625,-4.46142578125
2191,meta-llama/Llama-3.1-8B-Instruct,food,en,indefinite_prod,tostada,Name an example of a food: ___,-12.005859375,-4.001953125
2192,meta-llama/Llama-3.1-8B-Instruct,food,en,indefinite_prod,vegetable,Name an example of a food: ___,-8.625,-8.625
2193,meta-llama/Llama-3.1-8B-Instruct,food,en,indefinite_prod,wafer,Name an example of a food: ___,-11.65625,-5.828125
2194,meta-llama/Llama-3.1-8B-Instruct,food,en,indefinite_prod,waffle,Name an example of a food: ___,-12.65625,-6.328125
2195,meta-llama/Llama-3.1-8B-Instruct,food,en,indefinite_prod,walnut,Name an example of a food: ___,-11.5625,-11.5625
2196,meta-llama/Llama-3.1-8B-Instruct,food,en,indefinite_prod,watermelon,Name an example of a food: ___,-9.2236328125,-4.61181640625
2197,meta-llama/Llama-3.1-8B-Instruct,food,en,indefinite_prod,wedding cake,Name an example of a food: ___,-14.490234375,-7.2451171875
2198,meta-llama/Llama-3.1-8B-Instruct,food,en,indefinite_prod,wheat,Name an example of a food: ___,-9.4375,-9.4375
2199,meta-llama/Llama-3.1-8B-Instruct,food,en,indefinite_prod,whipped cream,Name an example of a food: ___,-12.20263671875,-6.101318359375
2200,meta-llama/Llama-3.1-8B-Instruct,food,en,indefinite_prod,wrap,Name an example of a food: ___,-11.5,-11.5
2201,meta-llama/Llama-3.1-8B-Instruct,food,en,indefinite_prod,yogurt,Name an example of a food: ___,-8.875,-8.875
2202,meta-llama/Llama-3.1-8B-Instruct,food,en,indefinite_prod,yolk,Name an example of a food: ___,-15.125,-7.5625
2203,meta-llama/Llama-3.1-8B-Instruct,food,en,indefinite_prod,zucchini,Name an example of a food: ___,-9.2568359375,-4.62841796875
2204,meta-llama/Llama-3.1-8B-Instruct,footwear,en,generic,boot,One example of a footwear is ___.,-9.75,-9.75
2205,meta-llama/Llama-3.1-8B-Instruct,footwear,en,generic,flip-flop,One example of a footwear is ___.,-14.33203125,-4.77734375
2206,meta-llama/Llama-3.1-8B-Instruct,footwear,en,generic,flipper,One example of a footwear is ___.,-20.625,-10.3125
2207,meta-llama/Llama-3.1-8B-Instruct,footwear,en,generic,iceskate,One example of a footwear is ___.,-19.9375,-6.645833333333333
2208,meta-llama/Llama-3.1-8B-Instruct,footwear,en,generic,moccasin,One example of a footwear is ___.,-12.7451171875,-4.248372395833333
2209,meta-llama/Llama-3.1-8B-Instruct,footwear,en,generic,rollerblade,One example of a footwear is ___.,-18.90625,-9.453125
2210,meta-llama/Llama-3.1-8B-Instruct,footwear,en,generic,rollerskate,One example of a footwear is ___.,-18.6875,-9.34375
2211,meta-llama/Llama-3.1-8B-Instruct,footwear,en,generic,sandal,One example of a footwear is ___.,-9.9853515625,-4.99267578125
2212,meta-llama/Llama-3.1-8B-Instruct,footwear,en,generic,shoe,One example of a footwear is ___.,-6.25,-6.25
2213,meta-llama/Llama-3.1-8B-Instruct,footwear,en,generic,ski boots,One example of a footwear is ___.,-14.5390625,-7.26953125
2214,meta-llama/Llama-3.1-8B-Instruct,footwear,en,generic,slipper,One example of a footwear is ___.,-10.2265625,-5.11328125
2215,meta-llama/Llama-3.1-8B-Instruct,footwear,en,generic,snowshoe,One example of a footwear is ___.,-15.83203125,-5.27734375
2216,meta-llama/Llama-3.1-8B-Instruct,footwear,en,generic,sock,One example of a footwear is ___.,-11.25,-11.25
2217,meta-llama/Llama-3.1-8B-Instruct,footwear,en,generic,stiletto,One example of a footwear is ___.,-13.269927978515625,-4.423309326171875
2218,meta-llama/Llama-3.1-8B-Instruct,footwear,en,generic,stockings,One example of a footwear is ___.,-12.9375,-12.9375
2219,meta-llama/Llama-3.1-8B-Instruct,footwear,en,indefinite_prod,boot,Name an example of a footwear: ___,-7.34375,-7.34375
2220,meta-llama/Llama-3.1-8B-Instruct,footwear,en,indefinite_prod,flip-flop,Name an example of a footwear: ___,-12.171875,-4.057291666666667
2221,meta-llama/Llama-3.1-8B-Instruct,footwear,en,indefinite_prod,flipper,Name an example of a footwear: ___,-17.5,-8.75
2222,meta-llama/Llama-3.1-8B-Instruct,footwear,en,indefinite_prod,iceskate,Name an example of a footwear: ___,-18.1875,-6.0625
2223,meta-llama/Llama-3.1-8B-Instruct,footwear,en,indefinite_prod,moccasin,Name an example of a footwear: ___,-9.4541015625,-3.1513671875
2224,meta-llama/Llama-3.1-8B-Instruct,footwear,en,indefinite_prod,rollerblade,Name an example of a footwear: ___,-17.125,-8.5625
2225,meta-llama/Llama-3.1-8B-Instruct,footwear,en,indefinite_prod,rollerskate,Name an example of a footwear: ___,-18.6875,-9.34375
2226,meta-llama/Llama-3.1-8B-Instruct,footwear,en,indefinite_prod,sandal,Name an example of a footwear: ___,-7.0584716796875,-3.52923583984375
2227,meta-llama/Llama-3.1-8B-Instruct,footwear,en,indefinite_prod,shoe,Name an example of a footwear: ___,-4.21875,-4.21875
2228,meta-llama/Llama-3.1-8B-Instruct,footwear,en,indefinite_prod,ski boots,Name an example of a footwear: ___,-13.15625,-6.578125
2229,meta-llama/Llama-3.1-8B-Instruct,footwear,en,indefinite_prod,slipper,Name an example of a footwear: ___,-9.33984375,-4.669921875
2230,meta-llama/Llama-3.1-8B-Instruct,footwear,en,indefinite_prod,snowshoe,Name an example of a footwear: ___,-14.41015625,-4.803385416666667
2231,meta-llama/Llama-3.1-8B-Instruct,footwear,en,indefinite_prod,sock,Name an example of a footwear: ___,-9.5,-9.5
2232,meta-llama/Llama-3.1-8B-Instruct,footwear,en,indefinite_prod,stiletto,Name an example of a footwear: ___,-12.3516845703125,-4.117228190104167
2233,meta-llama/Llama-3.1-8B-Instruct,footwear,en,indefinite_prod,stockings,Name an example of a footwear: ___,-13.5,-13.5
2234,meta-llama/Llama-3.1-8B-Instruct,fruit,en,generic,apple,One example of a fruit is ___.,-8.4375,-8.4375
2235,meta-llama/Llama-3.1-8B-Instruct,fruit,en,generic,avocado,One example of a fruit is ___.,-13.375,-13.375
2236,meta-llama/Llama-3.1-8B-Instruct,fruit,en,generic,banana,One example of a fruit is ___.,-11.0,-11.0
2237,meta-llama/Llama-3.1-8B-Instruct,fruit,en,generic,berry,One example of a fruit is ___.,-11.8125,-11.8125
2238,meta-llama/Llama-3.1-8B-Instruct,fruit,en,generic,blackberry,One example of a fruit is ___.,-13.09375,-6.546875
2239,meta-llama/Llama-3.1-8B-Instruct,fruit,en,generic,blueberry,One example of a fruit is ___.,-12.57421875,-6.287109375
2240,meta-llama/Llama-3.1-8B-Instruct,fruit,en,generic,cantaloupe,One example of a fruit is ___.,-12.899154663085938,-3.2247886657714844
2241,meta-llama/Llama-3.1-8B-Instruct,fruit,en,generic,cherry,One example of a fruit is ___.,-13.0625,-13.0625
2242,meta-llama/Llama-3.1-8B-Instruct,fruit,en,generic,coconut,One example of a fruit is ___.,-13.25,-13.25
2243,meta-llama/Llama-3.1-8B-Instruct,fruit,en,generic,cranberry,One example of a fruit is ___.,-12.552734375,-6.2763671875
2244,meta-llama/Llama-3.1-8B-Instruct,fruit,en,generic,fig,One example of a fruit is ___.,-12.0625,-12.0625
2245,meta-llama/Llama-3.1-8B-Instruct,fruit,en,generic,fruit,One example of a fruit is ___.,-6.625,-6.625
2246,meta-llama/Llama-3.1-8B-Instruct,fruit,en,generic,grape,One example of a fruit is ___.,-11.375,-11.375
2247,meta-llama/Llama-3.1-8B-Instruct,fruit,en,generic,grapefruit,One example of a fruit is ___.,-14.625,-7.3125
2248,meta-llama/Llama-3.1-8B-Instruct,fruit,en,generic,kiwi,One example of a fruit is ___.,-13.919921875,-6.9599609375
2249,meta-llama/Llama-3.1-8B-Instruct,fruit,en,generic,lemon,One example of a fruit is ___.,-9.5,-9.5
2250,meta-llama/Llama-3.1-8B-Instruct,fruit,en,generic,lime,One example of a fruit is ___.,-11.3125,-11.3125
2251,meta-llama/Llama-3.1-8B-Instruct,fruit,en,generic,mango,One example of a fruit is ___.,-10.25,-10.25
2252,meta-llama/Llama-3.1-8B-Instruct,fruit,en,generic,melon,One example of a fruit is ___.,-13.80859375,-6.904296875
2253,meta-llama/Llama-3.1-8B-Instruct,fruit,en,generic,mulberry,One example of a fruit is ___.,-14.40625,-7.203125
2254,meta-llama/Llama-3.1-8B-Instruct,fruit,en,generic,orange,One example of a fruit is ___.,-9.0625,-9.0625
2255,meta-llama/Llama-3.1-8B-Instruct,fruit,en,generic,papaya,One example of a fruit is ___.,-14.14404296875,-7.072021484375
2256,meta-llama/Llama-3.1-8B-Instruct,fruit,en,generic,peach,One example of a fruit is ___.,-11.5625,-11.5625
2257,meta-llama/Llama-3.1-8B-Instruct,fruit,en,generic,pear,One example of a fruit is ___.,-11.75,-11.75
2258,meta-llama/Llama-3.1-8B-Instruct,fruit,en,generic,pineapple,One example of a fruit is ___.,-9.5625,-9.5625
2259,meta-llama/Llama-3.1-8B-Instruct,fruit,en,generic,plum,One example of a fruit is ___.,-10.4375,-10.4375
2260,meta-llama/Llama-3.1-8B-Instruct,fruit,en,generic,pomegranate,One example of a fruit is ___.,-12.207550048828125,-3.0518875122070312
2261,meta-llama/Llama-3.1-8B-Instruct,fruit,en,generic,prune,One example of a fruit is ___.,-12.625,-12.625
2262,meta-llama/Llama-3.1-8B-Instruct,fruit,en,generic,raisin,One example of a fruit is ___.,-14.0703125,-7.03515625
2263,meta-llama/Llama-3.1-8B-Instruct,fruit,en,generic,raspberry,One example of a fruit is ___.,-13.6875,-13.6875
2264,meta-llama/Llama-3.1-8B-Instruct,fruit,en,generic,star fruit,One example of a fruit is ___.,-16.9375,-8.46875
2265,meta-llama/Llama-3.1-8B-Instruct,fruit,en,generic,strawberry,One example of a fruit is ___.,-11.25,-11.25
2266,meta-llama/Llama-3.1-8B-Instruct,fruit,en,generic,tomato,One example of a fruit is ___.,-10.0625,-10.0625
2267,meta-llama/Llama-3.1-8B-Instruct,fruit,en,generic,watermelon,One example of a fruit is ___.,-10.55419921875,-5.277099609375
2268,meta-llama/Llama-3.1-8B-Instruct,fruit,en,indefinite_prod,apple,Name an example of a fruit: ___,-4.28125,-4.28125
2269,meta-llama/Llama-3.1-8B-Instruct,fruit,en,indefinite_prod,avocado,Name an example of a fruit: ___,-11.0,-11.0
2270,meta-llama/Llama-3.1-8B-Instruct,fruit,en,indefinite_prod,banana,Name an example of a fruit: ___,-6.03125,-6.03125
2271,meta-llama/Llama-3.1-8B-Instruct,fruit,en,indefinite_prod,berry,Name an example of a fruit: ___,-9.3125,-9.3125
2272,meta-llama/Llama-3.1-8B-Instruct,fruit,en,indefinite_prod,blackberry,Name an example of a fruit: ___,-11.65625,-5.828125
2273,meta-llama/Llama-3.1-8B-Instruct,fruit,en,indefinite_prod,blueberry,Name an example of a fruit: ___,-9.35498046875,-4.677490234375
2274,meta-llama/Llama-3.1-8B-Instruct,fruit,en,indefinite_prod,cantaloupe,Name an example of a fruit: ___,-12.1177978515625,-3.029449462890625
2275,meta-llama/Llama-3.1-8B-Instruct,fruit,en,indefinite_prod,cherry,Name an example of a fruit: ___,-8.5625,-8.5625
2276,meta-llama/Llama-3.1-8B-Instruct,fruit,en,indefinite_prod,coconut,Name an example of a fruit: ___,-10.75,-10.75
2277,meta-llama/Llama-3.1-8B-Instruct,fruit,en,indefinite_prod,cranberry,Name an example of a fruit: ___,-10.31494140625,-5.157470703125
2278,meta-llama/Llama-3.1-8B-Instruct,fruit,en,indefinite_prod,fig,Name an example of a fruit: ___,-9.6875,-9.6875
2279,meta-llama/Llama-3.1-8B-Instruct,fruit,en,indefinite_prod,fruit,Name an example of a fruit: ___,-6.78125,-6.78125
2280,meta-llama/Llama-3.1-8B-Instruct,fruit,en,indefinite_prod,grape,Name an example of a fruit: ___,-8.5,-8.5
2281,meta-llama/Llama-3.1-8B-Instruct,fruit,en,indefinite_prod,grapefruit,Name an example of a fruit: ___,-13.65625,-6.828125
2282,meta-llama/Llama-3.1-8B-Instruct,fruit,en,indefinite_prod,kiwi,Name an example of a fruit: ___,-11.29150390625,-5.645751953125
2283,meta-llama/Llama-3.1-8B-Instruct,fruit,en,indefinite_prod,lemon,Name an example of a fruit: ___,-6.65625,-6.65625
2284,meta-llama/Llama-3.1-8B-Instruct,fruit,en,indefinite_prod,lime,Name an example of a fruit: ___,-9.0,-9.0
2285,meta-llama/Llama-3.1-8B-Instruct,fruit,en,indefinite_prod,mango,Name an example of a fruit: ___,-5.65625,-5.65625
2286,meta-llama/Llama-3.1-8B-Instruct,fruit,en,indefinite_prod,melon,Name an example of a fruit: ___,-11.2716064453125,-5.63580322265625
2287,meta-llama/Llama-3.1-8B-Instruct,fruit,en,indefinite_prod,mulberry,Name an example of a fruit: ___,-13.88671875,-6.943359375
2288,meta-llama/Llama-3.1-8B-Instruct,fruit,en,indefinite_prod,orange,Name an example of a fruit: ___,-5.53125,-5.53125
2289,meta-llama/Llama-3.1-8B-Instruct,fruit,en,indefinite_prod,papaya,Name an example of a fruit: ___,-10.373046875,-5.1865234375
2290,meta-llama/Llama-3.1-8B-Instruct,fruit,en,indefinite_prod,peach,Name an example of a fruit: ___,-7.65625,-7.65625
2291,meta-llama/Llama-3.1-8B-Instruct,fruit,en,indefinite_prod,pear,Name an example of a fruit: ___,-7.59375,-7.59375
2292,meta-llama/Llama-3.1-8B-Instruct,fruit,en,indefinite_prod,pineapple,Name an example of a fruit: ___,-5.03125,-5.03125
2293,meta-llama/Llama-3.1-8B-Instruct,fruit,en,indefinite_prod,plum,Name an example of a fruit: ___,-8.375,-8.375
2294,meta-llama/Llama-3.1-8B-Instruct,fruit,en,indefinite_prod,pomegranate,Name an example of a fruit: ___,-10.59912109375,-2.6497802734375
2295,meta-llama/Llama-3.1-8B-Instruct,fruit,en,indefinite_prod,prune,Name an example of a fruit: ___,-12.0625,-12.0625
2296,meta-llama/Llama-3.1-8B-Instruct,fruit,en,indefinite_prod,raisin,Name an example of a fruit: ___,-13.47265625,-6.736328125
2297,meta-llama/Llama-3.1-8B-Instruct,fruit,en,indefinite_prod,raspberry,Name an example of a fruit: ___,-10.4375,-10.4375
2298,meta-llama/Llama-3.1-8B-Instruct,fruit,en,indefinite_prod,star fruit,Name an example of a fruit: ___,-16.34375,-8.171875
2299,meta-llama/Llama-3.1-8B-Instruct,fruit,en,indefinite_prod,strawberry,Name an example of a fruit: ___,-6.59375,-6.59375
2300,meta-llama/Llama-3.1-8B-Instruct,fruit,en,indefinite_prod,tomato,Name an example of a fruit: ___,-6.90625,-6.90625
2301,meta-llama/Llama-3.1-8B-Instruct,fruit,en,indefinite_prod,watermelon,Name an example of a fruit: ___,-9.7801513671875,-4.89007568359375
2302,meta-llama/Llama-3.1-8B-Instruct,furniture,en,generic,bed,One example of a furniture is ___.,-9.125,-9.125
2303,meta-llama/Llama-3.1-8B-Instruct,furniture,en,generic,bench,One example of a furniture is ___.,-9.6875,-9.6875
2304,meta-llama/Llama-3.1-8B-Instruct,furniture,en,generic,chair,One example of a furniture is ___.,-7.21875,-7.21875
2305,meta-llama/Llama-3.1-8B-Instruct,furniture,en,generic,rocking chair,One example of a furniture is ___.,-13.8046875,-6.90234375
2306,meta-llama/Llama-3.1-8B-Instruct,furniture,en,generic,shelf,One example of a furniture is ___.,-11.375,-11.375
2307,meta-llama/Llama-3.1-8B-Instruct,furniture,en,generic,stool,One example of a furniture is ___.,-11.875,-11.875
2308,meta-llama/Llama-3.1-8B-Instruct,furniture,en,generic,table,One example of a furniture is ___.,-7.5625,-7.5625
2309,meta-llama/Llama-3.1-8B-Instruct,furniture,en,generic,hammock,One example of a furniture is ___.,-14.6669921875,-7.33349609375
2310,meta-llama/Llama-3.1-8B-Instruct,furniture,en,generic,air mattress,One example of a furniture is ___.,-15.203125,-7.6015625
2311,meta-llama/Llama-3.1-8B-Instruct,furniture,en,generic,bassinet,One example of a furniture is ___.,-14.0078125,-7.00390625
2312,meta-llama/Llama-3.1-8B-Instruct,furniture,en,generic,beanbag,One example of a furniture is ___.,-14.109375,-7.0546875
2313,meta-llama/Llama-3.1-8B-Instruct,furniture,en,generic,bookshelf,One example of a furniture is ___.,-10.873046875,-5.4365234375
2314,meta-llama/Llama-3.1-8B-Instruct,furniture,en,generic,bunkbed,One example of a furniture is ___.,-15.609375,-7.8046875
2315,meta-llama/Llama-3.1-8B-Instruct,furniture,en,generic,cabinet,One example of a furniture is ___.,-9.75,-9.75
2316,meta-llama/Llama-3.1-8B-Instruct,furniture,en,generic,chest,One example of a furniture is ___.,-12.25,-12.25
2317,meta-llama/Llama-3.1-8B-Instruct,furniture,en,generic,closet,One example of a furniture is ___.,-12.0625,-12.0625
2318,meta-llama/Llama-3.1-8B-Instruct,furniture,en,generic,coat rack,One example of a furniture is ___.,-12.5625,-6.28125
2319,meta-llama/Llama-3.1-8B-Instruct,furniture,en,generic,coffee table,One example of a furniture is ___.,-10.8056640625,-5.40283203125
2320,meta-llama/Llama-3.1-8B-Instruct,furniture,en,generic,cot,One example of a furniture is ___.,-12.1875,-12.1875
2321,meta-llama/Llama-3.1-8B-Instruct,furniture,en,generic,couch,One example of a furniture is ___.,-9.375,-9.375
2322,meta-llama/Llama-3.1-8B-Instruct,furniture,en,generic,counter,One example of a furniture is ___.,-12.375,-12.375
2323,meta-llama/Llama-3.1-8B-Instruct,furniture,en,generic,crib,One example of a furniture is ___.,-13.1875,-13.1875
2324,meta-llama/Llama-3.1-8B-Instruct,furniture,en,generic,desk,One example of a furniture is ___.,-9.3125,-9.3125
2325,meta-llama/Llama-3.1-8B-Instruct,furniture,en,generic,dresser,One example of a furniture is ___.,-11.5625,-11.5625
2326,meta-llama/Llama-3.1-8B-Instruct,furniture,en,generic,filing cabinet,One example of a furniture is ___.,-13.23828125,-6.619140625
2327,meta-llama/Llama-3.1-8B-Instruct,furniture,en,generic,footrest,One example of a furniture is ___.,-15.09375,-7.546875
2328,meta-llama/Llama-3.1-8B-Instruct,furniture,en,generic,highchair,One example of a furniture is ___.,-18.6875,-9.34375
2329,meta-llama/Llama-3.1-8B-Instruct,furniture,en,generic,lectern,One example of a furniture is ___.,-14.908203125,-7.4541015625
2330,meta-llama/Llama-3.1-8B-Instruct,furniture,en,generic,loveseat,One example of a furniture is ___.,-18.46875,-9.234375
2331,meta-llama/Llama-3.1-8B-Instruct,furniture,en,generic,mattress,One example of a furniture is ___.,-9.75,-9.75
2332,meta-llama/Llama-3.1-8B-Instruct,furniture,en,generic,nightstand,One example of a furniture is ___.,-13.16796875,-6.583984375
2333,meta-llama/Llama-3.1-8B-Instruct,furniture,en,generic,ottoman,One example of a furniture is ___.,-11.72802734375,-5.864013671875
2334,meta-llama/Llama-3.1-8B-Instruct,furniture,en,generic,rack (display),One example of a furniture is ___.,-27.2734375,-6.818359375
2335,meta-llama/Llama-3.1-8B-Instruct,furniture,en,generic,rack (frame),One example of a furniture is ___.,-26.8828125,-6.720703125
2336,meta-llama/Llama-3.1-8B-Instruct,furniture,en,generic,recliner,One example of a furniture is ___.,-11.396484375,-5.6982421875
2337,meta-llama/Llama-3.1-8B-Instruct,furniture,en,generic,sofa bed,One example of a furniture is ___.,-10.078125,-5.0390625
2338,meta-llama/Llama-3.1-8B-Instruct,furniture,en,generic,step stool,One example of a furniture is ___.,-19.125,-9.5625
2339,meta-llama/Llama-3.1-8B-Instruct,furniture,en,generic,throne,One example of a furniture is ___.,-13.8125,-13.8125
2340,meta-llama/Llama-3.1-8B-Instruct,furniture,en,generic,workbench,One example of a furniture is ___.,-13.390625,-6.6953125
2341,meta-llama/Llama-3.1-8B-Instruct,furniture,en,indefinite_prod,bed,Name an example of a furniture: ___,-5.875,-5.875
2342,meta-llama/Llama-3.1-8B-Instruct,furniture,en,indefinite_prod,bench,Name an example of a furniture: ___,-7.28125,-7.28125
2343,meta-llama/Llama-3.1-8B-Instruct,furniture,en,indefinite_prod,chair,Name an example of a furniture: ___,-3.671875,-3.671875
2344,meta-llama/Llama-3.1-8B-Instruct,furniture,en,indefinite_prod,rocking chair,Name an example of a furniture: ___,-11.2294921875,-5.61474609375
2345,meta-llama/Llama-3.1-8B-Instruct,furniture,en,indefinite_prod,shelf,Name an example of a furniture: ___,-8.75,-8.75
2346,meta-llama/Llama-3.1-8B-Instruct,furniture,en,indefinite_prod,stool,Name an example of a furniture: ___,-9.25,-9.25
2347,meta-llama/Llama-3.1-8B-Instruct,furniture,en,indefinite_prod,table,Name an example of a furniture: ___,-5.5625,-5.5625
2348,meta-llama/Llama-3.1-8B-Instruct,furniture,en,indefinite_prod,hammock,Name an example of a furniture: ___,-11.958984375,-5.9794921875
2349,meta-llama/Llama-3.1-8B-Instruct,furniture,en,indefinite_prod,air mattress,Name an example of a furniture: ___,-13.03125,-6.515625
2350,meta-llama/Llama-3.1-8B-Instruct,furniture,en,indefinite_prod,bassinet,Name an example of a furniture: ___,-13.146484375,-6.5732421875
2351,meta-llama/Llama-3.1-8B-Instruct,furniture,en,indefinite_prod,beanbag,Name an example of a furniture: ___,-11.3671875,-5.68359375
2352,meta-llama/Llama-3.1-8B-Instruct,furniture,en,indefinite_prod,bookshelf,Name an example of a furniture: ___,-6.2021484375,-3.10107421875
2353,meta-llama/Llama-3.1-8B-Instruct,furniture,en,indefinite_prod,bunkbed,Name an example of a furniture: ___,-12.953125,-6.4765625
2354,meta-llama/Llama-3.1-8B-Instruct,furniture,en,indefinite_prod,cabinet,Name an example of a furniture: ___,-6.5625,-6.5625
2355,meta-llama/Llama-3.1-8B-Instruct,furniture,en,indefinite_prod,chest,Name an example of a furniture: ___,-10.0625,-10.0625
2356,meta-llama/Llama-3.1-8B-Instruct,furniture,en,indefinite_prod,closet,Name an example of a furniture: ___,-10.5625,-10.5625
2357,meta-llama/Llama-3.1-8B-Instruct,furniture,en,indefinite_prod,coat rack,Name an example of a furniture: ___,-11.943359375,-5.9716796875
2358,meta-llama/Llama-3.1-8B-Instruct,furniture,en,indefinite_prod,coffee table,Name an example of a furniture: ___,-8.89404296875,-4.447021484375
2359,meta-llama/Llama-3.1-8B-Instruct,furniture,en,indefinite_prod,cot,Name an example of a furniture: ___,-9.8125,-9.8125
2360,meta-llama/Llama-3.1-8B-Instruct,furniture,en,indefinite_prod,couch,Name an example of a furniture: ___,-5.625,-5.625
2361,meta-llama/Llama-3.1-8B-Instruct,furniture,en,indefinite_prod,counter,Name an example of a furniture: ___,-14.5625,-14.5625
2362,meta-llama/Llama-3.1-8B-Instruct,furniture,en,indefinite_prod,crib,Name an example of a furniture: ___,-9.1875,-9.1875
2363,meta-llama/Llama-3.1-8B-Instruct,furniture,en,indefinite_prod,desk,Name an example of a furniture: ___,-6.75,-6.75
2364,meta-llama/Llama-3.1-8B-Instruct,furniture,en,indefinite_prod,dresser,Name an example of a furniture: ___,-8.625,-8.625
2365,meta-llama/Llama-3.1-8B-Instruct,furniture,en,indefinite_prod,filing cabinet,Name an example of a furniture: ___,-12.73046875,-6.365234375
2366,meta-llama/Llama-3.1-8B-Instruct,furniture,en,indefinite_prod,footrest,Name an example of a furniture: ___,-16.71875,-8.359375
2367,meta-llama/Llama-3.1-8B-Instruct,furniture,en,indefinite_prod,highchair,Name an example of a furniture: ___,-15.484375,-7.7421875
2368,meta-llama/Llama-3.1-8B-Instruct,furniture,en,indefinite_prod,lectern,Name an example of a furniture: ___,-13.865234375,-6.9326171875
2369,meta-llama/Llama-3.1-8B-Instruct,furniture,en,indefinite_prod,loveseat,Name an example of a furniture: ___,-19.75,-9.875
2370,meta-llama/Llama-3.1-8B-Instruct,furniture,en,indefinite_prod,mattress,Name an example of a furniture: ___,-6.875,-6.875
2371,meta-llama/Llama-3.1-8B-Instruct,furniture,en,indefinite_prod,nightstand,Name an example of a furniture: ___,-11.16015625,-5.580078125
2372,meta-llama/Llama-3.1-8B-Instruct,furniture,en,indefinite_prod,ottoman,Name an example of a furniture: ___,-9.9581298828125,-4.97906494140625
2373,meta-llama/Llama-3.1-8B-Instruct,furniture,en,indefinite_prod,rack (display),Name an example of a furniture: ___,-25.078125,-6.26953125
2374,meta-llama/Llama-3.1-8B-Instruct,furniture,en,indefinite_prod,rack (frame),Name an example of a furniture: ___,-23.859375,-5.96484375
2375,meta-llama/Llama-3.1-8B-Instruct,furniture,en,indefinite_prod,recliner,Name an example of a furniture: ___,-8.90869140625,-4.454345703125
2376,meta-llama/Llama-3.1-8B-Instruct,furniture,en,indefinite_prod,sofa bed,Name an example of a furniture: ___,-10.15625,-5.078125
2377,meta-llama/Llama-3.1-8B-Instruct,furniture,en,indefinite_prod,step stool,Name an example of a furniture: ___,-12.40625,-6.203125
2378,meta-llama/Llama-3.1-8B-Instruct,furniture,en,indefinite_prod,throne,Name an example of a furniture: ___,-10.0625,-10.0625
2379,meta-llama/Llama-3.1-8B-Instruct,furniture,en,indefinite_prod,workbench,Name an example of a furniture: ___,-13.765625,-6.8828125
2380,meta-llama/Llama-3.1-8B-Instruct,game,en,generic,computer,One example of a game is ___.,-9.4375,-9.4375
2381,meta-llama/Llama-3.1-8B-Instruct,game,en,generic,backgammon,One example of a game is ___.,-15.359676361083984,-5.119892120361328
2382,meta-llama/Llama-3.1-8B-Instruct,game,en,generic,board game,One example of a game is ___.,-11.640625,-5.8203125
2383,meta-llama/Llama-3.1-8B-Instruct,game,en,generic,checkers,One example of a game is ___.,-19.5,-9.75
2384,meta-llama/Llama-3.1-8B-Instruct,game,en,generic,chessboard,One example of a game is ___.,-16.0625,-8.03125
2385,meta-llama/Llama-3.1-8B-Instruct,game,en,generic,dice,One example of a game is ___.,-13.25,-13.25
2386,meta-llama/Llama-3.1-8B-Instruct,game,en,generic,domino,One example of a game is ___.,-10.93603515625,-5.468017578125
2387,meta-llama/Llama-3.1-8B-Instruct,game,en,generic,game,One example of a game is ___.,-6.875,-6.875
2388,meta-llama/Llama-3.1-8B-Instruct,game,en,generic,hopscotch,One example of a game is ___.,-13.8427734375,-4.6142578125
2389,meta-llama/Llama-3.1-8B-Instruct,game,en,generic,jigsaw puzzle,One example of a game is ___.,-16.359375,-5.453125
2390,meta-llama/Llama-3.1-8B-Instruct,game,en,generic,jump rope,One example of a game is ___.,-15.78125,-7.890625
2391,meta-llama/Llama-3.1-8B-Instruct,game,en,generic,pinball,One example of a game is ___.,-13.505859375,-6.7529296875
2392,meta-llama/Llama-3.1-8B-Instruct,game,en,generic,playing card,One example of a game is ___.,-16.5,-8.25
2393,meta-llama/Llama-3.1-8B-Instruct,game,en,generic,scrabble,One example of a game is ___.,-12.3662109375,-6.18310546875
2394,meta-llama/Llama-3.1-8B-Instruct,game,en,generic,shuffleboard,One example of a game is ___.,-17.796875,-8.8984375
2395,meta-llama/Llama-3.1-8B-Instruct,game,en,generic,slot machine,One example of a game is ___.,-13.3125,-6.65625
2396,meta-llama/Llama-3.1-8B-Instruct,game,en,generic,ticktacktoe,One example of a game is ___.,-17.638427734375,-3.527685546875
2397,meta-llama/Llama-3.1-8B-Instruct,game,en,generic,videogame,One example of a game is ___.,-12.32421875,-6.162109375
2398,meta-llama/Llama-3.1-8B-Instruct,game,en,generic,yo-yo,One example of a game is ___.,-16.8251953125,-5.6083984375
2399,meta-llama/Llama-3.1-8B-Instruct,game,en,indefinite_prod,computer,Name an example of a game: ___,-9.3125,-9.3125
2400,meta-llama/Llama-3.1-8B-Instruct,game,en,indefinite_prod,backgammon,Name an example of a game: ___,-12.946163177490234,-4.315387725830078
2401,meta-llama/Llama-3.1-8B-Instruct,game,en,indefinite_prod,board game,Name an example of a game: ___,-10.015625,-5.0078125
2402,meta-llama/Llama-3.1-8B-Instruct,game,en,indefinite_prod,checkers,Name an example of a game: ___,-11.2725830078125,-5.63629150390625
2403,meta-llama/Llama-3.1-8B-Instruct,game,en,indefinite_prod,chessboard,Name an example of a game: ___,-13.6875,-6.84375
2404,meta-llama/Llama-3.1-8B-Instruct,game,en,indefinite_prod,dice,Name an example of a game: ___,-10.875,-10.875
2405,meta-llama/Llama-3.1-8B-Instruct,game,en,indefinite_prod,domino,Name an example of a game: ___,-9.72265625,-4.861328125
2406,meta-llama/Llama-3.1-8B-Instruct,game,en,indefinite_prod,game,Name an example of a game: ___,-7.03125,-7.03125
2407,meta-llama/Llama-3.1-8B-Instruct,game,en,indefinite_prod,hopscotch,Name an example of a game: ___,-12.611328125,-4.203776041666667
2408,meta-llama/Llama-3.1-8B-Instruct,game,en,indefinite_prod,jigsaw puzzle,Name an example of a game: ___,-14.0625,-4.6875
2409,meta-llama/Llama-3.1-8B-Instruct,game,en,indefinite_prod,jump rope,Name an example of a game: ___,-14.609375,-7.3046875
2410,meta-llama/Llama-3.1-8B-Instruct,game,en,indefinite_prod,pinball,Name an example of a game: ___,-10.806640625,-5.4033203125
2411,meta-llama/Llama-3.1-8B-Instruct,game,en,indefinite_prod,playing card,Name an example of a game: ___,-14.03125,-7.015625
2412,meta-llama/Llama-3.1-8B-Instruct,game,en,indefinite_prod,scrabble,Name an example of a game: ___,-10.19921875,-5.099609375
2413,meta-llama/Llama-3.1-8B-Instruct,game,en,indefinite_prod,shuffleboard,Name an example of a game: ___,-16.125,-8.0625
2414,meta-llama/Llama-3.1-8B-Instruct,game,en,indefinite_prod,slot machine,Name an example of a game: ___,-13.4765625,-6.73828125
2415,meta-llama/Llama-3.1-8B-Instruct,game,en,indefinite_prod,ticktacktoe,Name an example of a game: ___,-15.9462890625,-3.1892578125
2416,meta-llama/Llama-3.1-8B-Instruct,game,en,indefinite_prod,videogame,Name an example of a game: ___,-11.0615234375,-5.53076171875
2417,meta-llama/Llama-3.1-8B-Instruct,game,en,indefinite_prod,yo-yo,Name an example of a game: ___,-14.953857421875,-4.984619140625
2418,meta-llama/Llama-3.1-8B-Instruct,garden tool,en,generic,axe,One example of a garden tool is ___.,-12.9375,-12.9375
2419,meta-llama/Llama-3.1-8B-Instruct,garden tool,en,generic,chainsaw,One example of a garden tool is ___.,-14.560546875,-7.2802734375
2420,meta-llama/Llama-3.1-8B-Instruct,garden tool,en,generic,clipper,One example of a garden tool is ___.,-13.11328125,-6.556640625
2421,meta-llama/Llama-3.1-8B-Instruct,garden tool,en,generic,hatchet,One example of a garden tool is ___.,-11.947265625,-5.9736328125
2422,meta-llama/Llama-3.1-8B-Instruct,garden tool,en,generic,hoe,One example of a garden tool is ___.,-14.0,-14.0
2423,meta-llama/Llama-3.1-8B-Instruct,garden tool,en,generic,hose,One example of a garden tool is ___.,-12.5625,-12.5625
2424,meta-llama/Llama-3.1-8B-Instruct,garden tool,en,generic,lawnmower,One example of a garden tool is ___.,-14.5703125,-4.856770833333333
2425,meta-llama/Llama-3.1-8B-Instruct,garden tool,en,generic,pickax,One example of a garden tool is ___.,-16.3125,-8.15625
2426,meta-llama/Llama-3.1-8B-Instruct,garden tool,en,generic,pitchfork,One example of a garden tool is ___.,-13.73876953125,-6.869384765625
2427,meta-llama/Llama-3.1-8B-Instruct,garden tool,en,generic,rake,One example of a garden tool is ___.,-12.1875,-12.1875
2428,meta-llama/Llama-3.1-8B-Instruct,garden tool,en,generic,saw,One example of a garden tool is ___.,-14.6875,-14.6875
2429,meta-llama/Llama-3.1-8B-Instruct,garden tool,en,generic,scissors,One example of a garden tool is ___.,-12.6875,-12.6875
2430,meta-llama/Llama-3.1-8B-Instruct,garden tool,en,generic,shears,One example of a garden tool is ___.,-10.865478515625,-5.4327392578125
2431,meta-llama/Llama-3.1-8B-Instruct,garden tool,en,generic,shovel,One example of a garden tool is ___.,-9.9375,-9.9375
2432,meta-llama/Llama-3.1-8B-Instruct,garden tool,en,generic,sickle,One example of a garden tool is ___.,-14.34375,-7.171875
2433,meta-llama/Llama-3.1-8B-Instruct,garden tool,en,generic,trowel,One example of a garden tool is ___.,-10.8387451171875,-3.6129150390625
2434,meta-llama/Llama-3.1-8B-Instruct,garden tool,en,generic,watering can,One example of a garden tool is ___.,-12.11376953125,-6.056884765625
2435,meta-llama/Llama-3.1-8B-Instruct,garden tool,en,indefinite_prod,axe,Name an example of a garden tool: ___,-8.1875,-8.1875
2436,meta-llama/Llama-3.1-8B-Instruct,garden tool,en,indefinite_prod,chainsaw,Name an example of a garden tool: ___,-11.07598876953125,-5.537994384765625
2437,meta-llama/Llama-3.1-8B-Instruct,garden tool,en,indefinite_prod,clipper,Name an example of a garden tool: ___,-11.40185546875,-5.700927734375
2438,meta-llama/Llama-3.1-8B-Instruct,garden tool,en,indefinite_prod,hatchet,Name an example of a garden tool: ___,-9.6429443359375,-4.82147216796875
2439,meta-llama/Llama-3.1-8B-Instruct,garden tool,en,indefinite_prod,hoe,Name an example of a garden tool: ___,-10.1875,-10.1875
2440,meta-llama/Llama-3.1-8B-Instruct,garden tool,en,indefinite_prod,hose,Name an example of a garden tool: ___,-8.6875,-8.6875
2441,meta-llama/Llama-3.1-8B-Instruct,garden tool,en,indefinite_prod,lawnmower,Name an example of a garden tool: ___,-10.36798095703125,-3.45599365234375
2442,meta-llama/Llama-3.1-8B-Instruct,garden tool,en,indefinite_prod,pickax,Name an example of a garden tool: ___,-11.296875,-5.6484375
2443,meta-llama/Llama-3.1-8B-Instruct,garden tool,en,indefinite_prod,pitchfork,Name an example of a garden tool: ___,-9.848876953125,-4.9244384765625
2444,meta-llama/Llama-3.1-8B-Instruct,garden tool,en,indefinite_prod,rake,Name an example of a garden tool: ___,-3.296875,-3.296875
2445,meta-llama/Llama-3.1-8B-Instruct,garden tool,en,indefinite_prod,saw,Name an example of a garden tool: ___,-9.875,-9.875
2446,meta-llama/Llama-3.1-8B-Instruct,garden tool,en,indefinite_prod,scissors,Name an example of a garden tool: ___,-8.8125,-8.8125
2447,meta-llama/Llama-3.1-8B-Instruct,garden tool,en,indefinite_prod,shears,Name an example of a garden tool: ___,-8.892578125,-4.4462890625
2448,meta-llama/Llama-3.1-8B-Instruct,garden tool,en,indefinite_prod,shovel,Name an example of a garden tool: ___,-4.5625,-4.5625
2449,meta-llama/Llama-3.1-8B-Instruct,garden tool,en,indefinite_prod,sickle,Name an example of a garden tool: ___,-9.978515625,-4.9892578125
2450,meta-llama/Llama-3.1-8B-Instruct,garden tool,en,indefinite_prod,trowel,Name an example of a garden tool: ___,-5.884765625,-1.9615885416666667
2451,meta-llama/Llama-3.1-8B-Instruct,garden tool,en,indefinite_prod,watering can,Name an example of a garden tool: ___,-10.75982666015625,-5.379913330078125
2452,meta-llama/Llama-3.1-8B-Instruct,hardware,en,generic,axe,One example of a hardware is ___.,-14.5625,-14.5625
2453,meta-llama/Llama-3.1-8B-Instruct,hardware,en,generic,blowtorch,One example of a hardware is ___.,-18.84375,-9.421875
2454,meta-llama/Llama-3.1-8B-Instruct,hardware,en,generic,bolt,One example of a hardware is ___.,-14.8125,-14.8125
2455,meta-llama/Llama-3.1-8B-Instruct,hardware,en,generic,bracket,One example of a hardware is ___.,-11.9375,-11.9375
2456,meta-llama/Llama-3.1-8B-Instruct,hardware,en,generic,button,One example of a hardware is ___.,-10.0625,-10.0625
2457,meta-llama/Llama-3.1-8B-Instruct,hardware,en,generic,cable,One example of a hardware is ___.,-11.0,-11.0
2458,meta-llama/Llama-3.1-8B-Instruct,hardware,en,generic,can opener,One example of a hardware is ___.,-16.71875,-8.359375
2459,meta-llama/Llama-3.1-8B-Instruct,hardware,en,generic,chain,One example of a hardware is ___.,-12.0,-12.0
2460,meta-llama/Llama-3.1-8B-Instruct,hardware,en,generic,chainsaw,One example of a hardware is ___.,-16.34375,-8.171875
2461,meta-llama/Llama-3.1-8B-Instruct,hardware,en,generic,charger,One example of a hardware is ___.,-13.875,-13.875
2462,meta-llama/Llama-3.1-8B-Instruct,hardware,en,generic,chicken wire,One example of a hardware is ___.,-18.90625,-9.453125
2463,meta-llama/Llama-3.1-8B-Instruct,hardware,en,generic,chisel,One example of a hardware is ___.,-15.09375,-7.546875
2464,meta-llama/Llama-3.1-8B-Instruct,hardware,en,generic,clasp,One example of a hardware is ___.,-14.671875,-7.3359375
2465,meta-llama/Llama-3.1-8B-Instruct,hardware,en,generic,cleaver,One example of a hardware is ___.,-16.3125,-8.15625
2466,meta-llama/Llama-3.1-8B-Instruct,hardware,en,generic,clipper,One example of a hardware is ___.,-13.3984375,-6.69921875
2467,meta-llama/Llama-3.1-8B-Instruct,hardware,en,generic,coil,One example of a hardware is ___.,-13.6875,-13.6875
2468,meta-llama/Llama-3.1-8B-Instruct,hardware,en,generic,combination lock,One example of a hardware is ___.,-13.1875,-6.59375
2469,meta-llama/Llama-3.1-8B-Instruct,hardware,en,generic,cord,One example of a hardware is ___.,-12.75,-12.75
2470,meta-llama/Llama-3.1-8B-Instruct,hardware,en,generic,corkscrew,One example of a hardware is ___.,-19.068359375,-6.356119791666667
2471,meta-llama/Llama-3.1-8B-Instruct,hardware,en,generic,crank,One example of a hardware is ___.,-15.9375,-15.9375
2472,meta-llama/Llama-3.1-8B-Instruct,hardware,en,generic,crowbar,One example of a hardware is ___.,-16.4375,-8.21875
2473,meta-llama/Llama-3.1-8B-Instruct,hardware,en,generic,doorhandle,One example of a hardware is ___.,-20.25,-10.125
2474,meta-llama/Llama-3.1-8B-Instruct,hardware,en,generic,doorknob,One example of a hardware is ___.,-17.427734375,-5.809244791666667
2475,meta-llama/Llama-3.1-8B-Instruct,hardware,en,generic,doorknocker,One example of a hardware is ___.,-23.5234375,-5.880859375
2476,meta-llama/Llama-3.1-8B-Instruct,hardware,en,generic,drill,One example of a hardware is ___.,-12.1875,-12.1875
2477,meta-llama/Llama-3.1-8B-Instruct,hardware,en,generic,duct,One example of a hardware is ___.,-15.125,-15.125
2478,meta-llama/Llama-3.1-8B-Instruct,hardware,en,generic,faucet,One example of a hardware is ___.,-14.9375,-14.9375
2479,meta-llama/Llama-3.1-8B-Instruct,hardware,en,generic,file,One example of a hardware is ___.,-10.125,-10.125
2480,meta-llama/Llama-3.1-8B-Instruct,hardware,en,generic,gear,One example of a hardware is ___.,-12.1875,-12.1875
2481,meta-llama/Llama-3.1-8B-Instruct,hardware,en,generic,hammer,One example of a hardware is ___.,-11.75,-11.75
2482,meta-llama/Llama-3.1-8B-Instruct,hardware,en,generic,handle,One example of a hardware is ___.,-12.0,-12.0
2483,meta-llama/Llama-3.1-8B-Instruct,hardware,en,generic,hinge,One example of a hardware is ___.,-14.75,-14.75
2484,meta-llama/Llama-3.1-8B-Instruct,hardware,en,generic,hook (door catch),One example of a hardware is ___.,-32.9609375,-6.5921875
2485,meta-llama/Llama-3.1-8B-Instruct,hardware,en,generic,hook (hanging),One example of a hardware is ___.,-31.640625,-6.328125
2486,meta-llama/Llama-3.1-8B-Instruct,hardware,en,generic,hose,One example of a hardware is ___.,-13.9375,-13.9375
2487,meta-llama/Llama-3.1-8B-Instruct,hardware,en,generic,jackhammer,One example of a hardware is ___.,-16.984375,-8.4921875
2488,meta-llama/Llama-3.1-8B-Instruct,hardware,en,generic,key,One example of a hardware is ___.,-9.5625,-9.5625
2489,meta-llama/Llama-3.1-8B-Instruct,hardware,en,generic,knob,One example of a hardware is ___.,-14.1875,-14.1875
2490,meta-llama/Llama-3.1-8B-Instruct,hardware,en,generic,ladder,One example of a hardware is ___.,-14.125,-14.125
2491,meta-llama/Llama-3.1-8B-Instruct,hardware,en,generic,latch,One example of a hardware is ___.,-13.3125,-13.3125
2492,meta-llama/Llama-3.1-8B-Instruct,hardware,en,generic,light switch,One example of a hardware is ___.,-13.96875,-6.984375
2493,meta-llama/Llama-3.1-8B-Instruct,hardware,en,generic,lightbulb,One example of a hardware is ___.,-12.7431640625,-4.247721354166667
2494,meta-llama/Llama-3.1-8B-Instruct,hardware,en,generic,lock,One example of a hardware is ___.,-13.0,-13.0
2495,meta-llama/Llama-3.1-8B-Instruct,hardware,en,generic,mallet,One example of a hardware is ___.,-16.65625,-8.328125
2496,meta-llama/Llama-3.1-8B-Instruct,hardware,en,generic,nail,One example of a hardware is ___.,-12.3125,-12.3125
2497,meta-llama/Llama-3.1-8B-Instruct,hardware,en,generic,padlock,One example of a hardware is ___.,-15.328125,-7.6640625
2498,meta-llama/Llama-3.1-8B-Instruct,hardware,en,generic,peg,One example of a hardware is ___.,-16.5,-16.5
2499,meta-llama/Llama-3.1-8B-Instruct,hardware,en,generic,pickax,One example of a hardware is ___.,-21.0,-10.5
2500,meta-llama/Llama-3.1-8B-Instruct,hardware,en,generic,pipe,One example of a hardware is ___.,-11.0625,-11.0625
2501,meta-llama/Llama-3.1-8B-Instruct,hardware,en,generic,pliers,One example of a hardware is ___.,-13.15625,-6.578125
2502,meta-llama/Llama-3.1-8B-Instruct,hardware,en,generic,plug,One example of a hardware is ___.,-9.6875,-9.6875
2503,meta-llama/Llama-3.1-8B-Instruct,hardware,en,generic,plunger,One example of a hardware is ___.,-13.46875,-6.734375
2504,meta-llama/Llama-3.1-8B-Instruct,hardware,en,generic,rake,One example of a hardware is ___.,-14.5625,-14.5625
2505,meta-llama/Llama-3.1-8B-Instruct,hardware,en,generic,ratchet,One example of a hardware is ___.,-17.125,-8.5625
2506,meta-llama/Llama-3.1-8B-Instruct,hardware,en,generic,saw,One example of a hardware is ___.,-14.625,-14.625
2507,meta-llama/Llama-3.1-8B-Instruct,hardware,en,generic,sawhorse,One example of a hardware is ___.,-20.46875,-10.234375
2508,meta-llama/Llama-3.1-8B-Instruct,hardware,en,generic,scraper,One example of a hardware is ___.,-15.5625,-15.5625
2509,meta-llama/Llama-3.1-8B-Instruct,hardware,en,generic,screw,One example of a hardware is ___.,-12.4375,-12.4375
2510,meta-llama/Llama-3.1-8B-Instruct,hardware,en,generic,screwdriver,One example of a hardware is ___.,-13.6328125,-6.81640625
2511,meta-llama/Llama-3.1-8B-Instruct,hardware,en,generic,shears,One example of a hardware is ___.,-16.46875,-8.234375
2512,meta-llama/Llama-3.1-8B-Instruct,hardware,en,generic,shovel,One example of a hardware is ___.,-12.875,-12.875
2513,meta-llama/Llama-3.1-8B-Instruct,hardware,en,generic,sledgehammer,One example of a hardware is ___.,-16.58984375,-5.529947916666667
2514,meta-llama/Llama-3.1-8B-Instruct,hardware,en,generic,soldering iron,One example of a hardware is ___.,-14.7734375,-4.924479166666667
2515,meta-llama/Llama-3.1-8B-Instruct,hardware,en,generic,spark plug,One example of a hardware is ___.,-16.28125,-8.140625
2516,meta-llama/Llama-3.1-8B-Instruct,hardware,en,generic,staple gun,One example of a hardware is ___.,-15.328125,-7.6640625
2517,meta-llama/Llama-3.1-8B-Instruct,hardware,en,generic,strainer,One example of a hardware is ___.,-17.9375,-8.96875
2518,meta-llama/Llama-3.1-8B-Instruct,hardware,en,generic,switch,One example of a hardware is ___.,-12.1875,-12.1875
2519,meta-llama/Llama-3.1-8B-Instruct,hardware,en,generic,tack,One example of a hardware is ___.,-16.0,-16.0
2520,meta-llama/Llama-3.1-8B-Instruct,hardware,en,generic,tank,One example of a hardware is ___.,-12.875,-12.875
2521,meta-llama/Llama-3.1-8B-Instruct,hardware,en,generic,thermometer,One example of a hardware is ___.,-13.125,-13.125
2522,meta-llama/Llama-3.1-8B-Instruct,hardware,en,generic,tool,One example of a hardware is ___.,-10.625,-10.625
2523,meta-llama/Llama-3.1-8B-Instruct,hardware,en,generic,trowel,One example of a hardware is ___.,-17.287109375,-5.762369791666667
2524,meta-llama/Llama-3.1-8B-Instruct,hardware,en,generic,tweezers,One example of a hardware is ___.,-15.817626953125,-5.272542317708333
2525,meta-llama/Llama-3.1-8B-Instruct,hardware,en,generic,valve,One example of a hardware is ___.,-13.3125,-13.3125
2526,meta-llama/Llama-3.1-8B-Instruct,hardware,en,generic,vise,One example of a hardware is ___.,-16.78125,-8.390625
2527,meta-llama/Llama-3.1-8B-Instruct,hardware,en,generic,wedge,One example of a hardware is ___.,-13.875,-13.875
2528,meta-llama/Llama-3.1-8B-Instruct,hardware,en,generic,wire,One example of a hardware is ___.,-11.625,-11.625
2529,meta-llama/Llama-3.1-8B-Instruct,hardware,en,generic,wire cutters,One example of a hardware is ___.,-18.112060546875,-6.037353515625
2530,meta-llama/Llama-3.1-8B-Instruct,hardware,en,generic,wrench,One example of a hardware is ___.,-14.75,-14.75
2531,meta-llama/Llama-3.1-8B-Instruct,hardware,en,indefinite_prod,axe,Name an example of a hardware: ___,-13.6875,-13.6875
2532,meta-llama/Llama-3.1-8B-Instruct,hardware,en,indefinite_prod,blowtorch,Name an example of a hardware: ___,-16.9609375,-8.48046875
2533,meta-llama/Llama-3.1-8B-Instruct,hardware,en,indefinite_prod,bolt,Name an example of a hardware: ___,-14.125,-14.125
2534,meta-llama/Llama-3.1-8B-Instruct,hardware,en,indefinite_prod,bracket,Name an example of a hardware: ___,-12.25,-12.25
2535,meta-llama/Llama-3.1-8B-Instruct,hardware,en,indefinite_prod,button,Name an example of a hardware: ___,-10.1875,-10.1875
2536,meta-llama/Llama-3.1-8B-Instruct,hardware,en,indefinite_prod,cable,Name an example of a hardware: ___,-9.6875,-9.6875
2537,meta-llama/Llama-3.1-8B-Instruct,hardware,en,indefinite_prod,can opener,Name an example of a hardware: ___,-14.3125,-7.15625
2538,meta-llama/Llama-3.1-8B-Instruct,hardware,en,indefinite_prod,chain,Name an example of a hardware: ___,-11.6875,-11.6875
2539,meta-llama/Llama-3.1-8B-Instruct,hardware,en,indefinite_prod,chainsaw,Name an example of a hardware: ___,-12.58984375,-6.294921875
2540,meta-llama/Llama-3.1-8B-Instruct,hardware,en,indefinite_prod,charger,Name an example of a hardware: ___,-11.875,-11.875
2541,meta-llama/Llama-3.1-8B-Instruct,hardware,en,indefinite_prod,chicken wire,Name an example of a hardware: ___,-19.875,-9.9375
2542,meta-llama/Llama-3.1-8B-Instruct,hardware,en,indefinite_prod,chisel,Name an example of a hardware: ___,-13.28125,-6.640625
2543,meta-llama/Llama-3.1-8B-Instruct,hardware,en,indefinite_prod,clasp,Name an example of a hardware: ___,-16.25,-8.125
2544,meta-llama/Llama-3.1-8B-Instruct,hardware,en,indefinite_prod,cleaver,Name an example of a hardware: ___,-15.859375,-7.9296875
2545,meta-llama/Llama-3.1-8B-Instruct,hardware,en,indefinite_prod,clipper,Name an example of a hardware: ___,-15.9375,-7.96875
2546,meta-llama/Llama-3.1-8B-Instruct,hardware,en,indefinite_prod,coil,Name an example of a hardware: ___,-12.375,-12.375
2547,meta-llama/Llama-3.1-8B-Instruct,hardware,en,indefinite_prod,combination lock,Name an example of a hardware: ___,-13.609375,-6.8046875
2548,meta-llama/Llama-3.1-8B-Instruct,hardware,en,indefinite_prod,cord,Name an example of a hardware: ___,-11.5,-11.5
2549,meta-llama/Llama-3.1-8B-Instruct,hardware,en,indefinite_prod,corkscrew,Name an example of a hardware: ___,-14.419189453125,-4.806396484375
2550,meta-llama/Llama-3.1-8B-Instruct,hardware,en,indefinite_prod,crank,Name an example of a hardware: ___,-15.0,-15.0
2551,meta-llama/Llama-3.1-8B-Instruct,hardware,en,indefinite_prod,crowbar,Name an example of a hardware: ___,-12.42578125,-6.212890625
2552,meta-llama/Llama-3.1-8B-Instruct,hardware,en,indefinite_prod,doorhandle,Name an example of a hardware: ___,-18.96875,-9.484375
2553,meta-llama/Llama-3.1-8B-Instruct,hardware,en,indefinite_prod,doorknob,Name an example of a hardware: ___,-13.2470703125,-4.415690104166667
2554,meta-llama/Llama-3.1-8B-Instruct,hardware,en,indefinite_prod,doorknocker,Name an example of a hardware: ___,-20.21875,-5.0546875
2555,meta-llama/Llama-3.1-8B-Instruct,hardware,en,indefinite_prod,drill,Name an example of a hardware: ___,-10.4375,-10.4375
2556,meta-llama/Llama-3.1-8B-Instruct,hardware,en,indefinite_prod,duct,Name an example of a hardware: ___,-14.9375,-14.9375
2557,meta-llama/Llama-3.1-8B-Instruct,hardware,en,indefinite_prod,faucet,Name an example of a hardware: ___,-11.625,-11.625
2558,meta-llama/Llama-3.1-8B-Instruct,hardware,en,indefinite_prod,file,Name an example of a hardware: ___,-10.4375,-10.4375
2559,meta-llama/Llama-3.1-8B-Instruct,hardware,en,indefinite_prod,gear,Name an example of a hardware: ___,-12.4375,-12.4375
2560,meta-llama/Llama-3.1-8B-Instruct,hardware,en,indefinite_prod,hammer,Name an example of a hardware: ___,-9.3125,-9.3125
2561,meta-llama/Llama-3.1-8B-Instruct,hardware,en,indefinite_prod,handle,Name an example of a hardware: ___,-11.875,-11.875
2562,meta-llama/Llama-3.1-8B-Instruct,hardware,en,indefinite_prod,hinge,Name an example of a hardware: ___,-12.8125,-12.8125
2563,meta-llama/Llama-3.1-8B-Instruct,hardware,en,indefinite_prod,hook (door catch),Name an example of a hardware: ___,-30.09375,-6.01875
2564,meta-llama/Llama-3.1-8B-Instruct,hardware,en,indefinite_prod,hook (hanging),Name an example of a hardware: ___,-28.484375,-5.696875
2565,meta-llama/Llama-3.1-8B-Instruct,hardware,en,indefinite_prod,hose,Name an example of a hardware: ___,-13.625,-13.625
2566,meta-llama/Llama-3.1-8B-Instruct,hardware,en,indefinite_prod,jackhammer,Name an example of a hardware: ___,-18.09375,-9.046875
2567,meta-llama/Llama-3.1-8B-Instruct,hardware,en,indefinite_prod,key,Name an example of a hardware: ___,-8.875,-8.875
2568,meta-llama/Llama-3.1-8B-Instruct,hardware,en,indefinite_prod,knob,Name an example of a hardware: ___,-12.5,-12.5
2569,meta-llama/Llama-3.1-8B-Instruct,hardware,en,indefinite_prod,ladder,Name an example of a hardware: ___,-12.3125,-12.3125
2570,meta-llama/Llama-3.1-8B-Instruct,hardware,en,indefinite_prod,latch,Name an example of a hardware: ___,-13.5625,-13.5625
2571,meta-llama/Llama-3.1-8B-Instruct,hardware,en,indefinite_prod,light switch,Name an example of a hardware: ___,-13.203125,-6.6015625
2572,meta-llama/Llama-3.1-8B-Instruct,hardware,en,indefinite_prod,lightbulb,Name an example of a hardware: ___,-11.666748046875,-3.888916015625
2573,meta-llama/Llama-3.1-8B-Instruct,hardware,en,indefinite_prod,lock,Name an example of a hardware: ___,-12.375,-12.375
2574,meta-llama/Llama-3.1-8B-Instruct,hardware,en,indefinite_prod,mallet,Name an example of a hardware: ___,-14.09375,-7.046875
2575,meta-llama/Llama-3.1-8B-Instruct,hardware,en,indefinite_prod,nail,Name an example of a hardware: ___,-11.5625,-11.5625
2576,meta-llama/Llama-3.1-8B-Instruct,hardware,en,indefinite_prod,padlock,Name an example of a hardware: ___,-18.09375,-9.046875
2577,meta-llama/Llama-3.1-8B-Instruct,hardware,en,indefinite_prod,peg,Name an example of a hardware: ___,-14.6875,-14.6875
2578,meta-llama/Llama-3.1-8B-Instruct,hardware,en,indefinite_prod,pickax,Name an example of a hardware: ___,-16.0625,-8.03125
2579,meta-llama/Llama-3.1-8B-Instruct,hardware,en,indefinite_prod,pipe,Name an example of a hardware: ___,-12.75,-12.75
2580,meta-llama/Llama-3.1-8B-Instruct,hardware,en,indefinite_prod,pliers,Name an example of a hardware: ___,-11.015625,-5.5078125
2581,meta-llama/Llama-3.1-8B-Instruct,hardware,en,indefinite_prod,plug,Name an example of a hardware: ___,-10.0,-10.0
2582,meta-llama/Llama-3.1-8B-Instruct,hardware,en,indefinite_prod,plunger,Name an example of a hardware: ___,-14.65625,-7.328125
2583,meta-llama/Llama-3.1-8B-Instruct,hardware,en,indefinite_prod,rake,Name an example of a hardware: ___,-11.4375,-11.4375
2584,meta-llama/Llama-3.1-8B-Instruct,hardware,en,indefinite_prod,ratchet,Name an example of a hardware: ___,-14.5625,-7.28125
2585,meta-llama/Llama-3.1-8B-Instruct,hardware,en,indefinite_prod,saw,Name an example of a hardware: ___,-12.625,-12.625
2586,meta-llama/Llama-3.1-8B-Instruct,hardware,en,indefinite_prod,sawhorse,Name an example of a hardware: ___,-20.3125,-10.15625
2587,meta-llama/Llama-3.1-8B-Instruct,hardware,en,indefinite_prod,scraper,Name an example of a hardware: ___,-12.6875,-12.6875
2588,meta-llama/Llama-3.1-8B-Instruct,hardware,en,indefinite_prod,screw,Name an example of a hardware: ___,-9.125,-9.125
2589,meta-llama/Llama-3.1-8B-Instruct,hardware,en,indefinite_prod,screwdriver,Name an example of a hardware: ___,-9.6875,-4.84375
2590,meta-llama/Llama-3.1-8B-Instruct,hardware,en,indefinite_prod,shears,Name an example of a hardware: ___,-14.453125,-7.2265625
2591,meta-llama/Llama-3.1-8B-Instruct,hardware,en,indefinite_prod,shovel,Name an example of a hardware: ___,-11.1875,-11.1875
2592,meta-llama/Llama-3.1-8B-Instruct,hardware,en,indefinite_prod,sledgehammer,Name an example of a hardware: ___,-15.78125,-5.260416666666667
2593,meta-llama/Llama-3.1-8B-Instruct,hardware,en,indefinite_prod,soldering iron,Name an example of a hardware: ___,-13.75390625,-4.584635416666667
2594,meta-llama/Llama-3.1-8B-Instruct,hardware,en,indefinite_prod,spark plug,Name an example of a hardware: ___,-13.3828125,-6.69140625
2595,meta-llama/Llama-3.1-8B-Instruct,hardware,en,indefinite_prod,staple gun,Name an example of a hardware: ___,-15.65625,-7.828125
2596,meta-llama/Llama-3.1-8B-Instruct,hardware,en,indefinite_prod,strainer,Name an example of a hardware: ___,-13.21875,-6.609375
2597,meta-llama/Llama-3.1-8B-Instruct,hardware,en,indefinite_prod,switch,Name an example of a hardware: ___,-10.5625,-10.5625
2598,meta-llama/Llama-3.1-8B-Instruct,hardware,en,indefinite_prod,tack,Name an example of a hardware: ___,-16.75,-16.75
2599,meta-llama/Llama-3.1-8B-Instruct,hardware,en,indefinite_prod,tank,Name an example of a hardware: ___,-12.125,-12.125
2600,meta-llama/Llama-3.1-8B-Instruct,hardware,en,indefinite_prod,thermometer,Name an example of a hardware: ___,-11.875,-11.875
2601,meta-llama/Llama-3.1-8B-Instruct,hardware,en,indefinite_prod,tool,Name an example of a hardware: ___,-11.8125,-11.8125
2602,meta-llama/Llama-3.1-8B-Instruct,hardware,en,indefinite_prod,trowel,Name an example of a hardware: ___,-18.041259765625,-6.013753255208333
2603,meta-llama/Llama-3.1-8B-Instruct,hardware,en,indefinite_prod,tweezers,Name an example of a hardware: ___,-14.973800659179688,-4.9912668863932295
2604,meta-llama/Llama-3.1-8B-Instruct,hardware,en,indefinite_prod,valve,Name an example of a hardware: ___,-11.8125,-11.8125
2605,meta-llama/Llama-3.1-8B-Instruct,hardware,en,indefinite_prod,vise,Name an example of a hardware: ___,-14.453125,-7.2265625
2606,meta-llama/Llama-3.1-8B-Instruct,hardware,en,indefinite_prod,wedge,Name an example of a hardware: ___,-12.75,-12.75
2607,meta-llama/Llama-3.1-8B-Instruct,hardware,en,indefinite_prod,wire,Name an example of a hardware: ___,-11.0625,-11.0625
2608,meta-llama/Llama-3.1-8B-Instruct,hardware,en,indefinite_prod,wire cutters,Name an example of a hardware: ___,-19.5250244140625,-6.508341471354167
2609,meta-llama/Llama-3.1-8B-Instruct,hardware,en,indefinite_prod,wrench,Name an example of a hardware: ___,-12.125,-12.125
2610,meta-llama/Llama-3.1-8B-Instruct,headwear,en,generic,bandanna,One example of a headwear is ___.,-13.828125,-6.9140625
2611,meta-llama/Llama-3.1-8B-Instruct,headwear,en,generic,beanie,One example of a headwear is ___.,-11.2734375,-5.63671875
2612,meta-llama/Llama-3.1-8B-Instruct,headwear,en,generic,bonnet,One example of a headwear is ___.,-12.98876953125,-6.494384765625
2613,meta-llama/Llama-3.1-8B-Instruct,headwear,en,generic,bowler hat,One example of a headwear is ___.,-13.69921875,-4.56640625
2614,meta-llama/Llama-3.1-8B-Instruct,headwear,en,generic,crown,One example of a headwear is ___.,-10.4375,-10.4375
2615,meta-llama/Llama-3.1-8B-Instruct,headwear,en,generic,football helmet,One example of a headwear is ___.,-11.0625,-5.53125
2616,meta-llama/Llama-3.1-8B-Instruct,headwear,en,generic,hairnet,One example of a headwear is ___.,-10.84375,-5.421875
2617,meta-llama/Llama-3.1-8B-Instruct,headwear,en,generic,hat,One example of a headwear is ___.,-6.65625,-6.65625
2618,meta-llama/Llama-3.1-8B-Instruct,headwear,en,generic,headband,One example of a headwear is ___.,-7.0546875,-3.52734375
2619,meta-llama/Llama-3.1-8B-Instruct,headwear,en,generic,headdress,One example of a headwear is ___.,-9.4453125,-4.72265625
2620,meta-llama/Llama-3.1-8B-Instruct,headwear,en,generic,headscarf,One example of a headwear is ___.,-7.068359375,-2.3561197916666665
2621,meta-llama/Llama-3.1-8B-Instruct,headwear,en,generic,helmet,One example of a headwear is ___.,-8.6875,-8.6875
2622,meta-llama/Llama-3.1-8B-Instruct,headwear,en,generic,hood,One example of a headwear is ___.,-11.75,-11.75
2623,meta-llama/Llama-3.1-8B-Instruct,headwear,en,generic,sombrero,One example of a headwear is ___.,-12.373046875,-6.1865234375
2624,meta-llama/Llama-3.1-8B-Instruct,headwear,en,generic,tiara,One example of a headwear is ___.,-13.6240234375,-6.81201171875
2625,meta-llama/Llama-3.1-8B-Instruct,headwear,en,generic,top hat,One example of a headwear is ___.,-11.44140625,-5.720703125
2626,meta-llama/Llama-3.1-8B-Instruct,headwear,en,generic,turban,One example of a headwear is ___.,-10.82489013671875,-5.412445068359375
2627,meta-llama/Llama-3.1-8B-Instruct,headwear,en,generic,veil,One example of a headwear is ___.,-13.0,-13.0
2628,meta-llama/Llama-3.1-8B-Instruct,headwear,en,generic,wig,One example of a headwear is ___.,-11.8125,-11.8125
2629,meta-llama/Llama-3.1-8B-Instruct,headwear,en,indefinite_prod,bandanna,Name an example of a headwear: ___,-12.90625,-6.453125
2630,meta-llama/Llama-3.1-8B-Instruct,headwear,en,indefinite_prod,beanie,Name an example of a headwear: ___,-8.510986328125,-4.2554931640625
2631,meta-llama/Llama-3.1-8B-Instruct,headwear,en,indefinite_prod,bonnet,Name an example of a headwear: ___,-9.0263671875,-4.51318359375
2632,meta-llama/Llama-3.1-8B-Instruct,headwear,en,indefinite_prod,bowler hat,Name an example of a headwear: ___,-12.275390625,-4.091796875
2633,meta-llama/Llama-3.1-8B-Instruct,headwear,en,indefinite_prod,crown,Name an example of a headwear: ___,-8.5625,-8.5625
2634,meta-llama/Llama-3.1-8B-Instruct,headwear,en,indefinite_prod,football helmet,Name an example of a headwear: ___,-10.578125,-5.2890625
2635,meta-llama/Llama-3.1-8B-Instruct,headwear,en,indefinite_prod,hairnet,Name an example of a headwear: ___,-13.5625,-6.78125
2636,meta-llama/Llama-3.1-8B-Instruct,headwear,en,indefinite_prod,hat,Name an example of a headwear: ___,-4.84375,-4.84375
2637,meta-llama/Llama-3.1-8B-Instruct,headwear,en,indefinite_prod,headband,Name an example of a headwear: ___,-7.078125,-3.5390625
2638,meta-llama/Llama-3.1-8B-Instruct,headwear,en,indefinite_prod,headdress,Name an example of a headwear: ___,-10.3935546875,-5.19677734375
2639,meta-llama/Llama-3.1-8B-Instruct,headwear,en,indefinite_prod,headscarf,Name an example of a headwear: ___,-8.7764892578125,-2.9254964192708335
2640,meta-llama/Llama-3.1-8B-Instruct,headwear,en,indefinite_prod,helmet,Name an example of a headwear: ___,-6.46875,-6.46875
2641,meta-llama/Llama-3.1-8B-Instruct,headwear,en,indefinite_prod,hood,Name an example of a headwear: ___,-8.9375,-8.9375
2642,meta-llama/Llama-3.1-8B-Instruct,headwear,en,indefinite_prod,sombrero,Name an example of a headwear: ___,-11.579345703125,-5.7896728515625
2643,meta-llama/Llama-3.1-8B-Instruct,headwear,en,indefinite_prod,tiara,Name an example of a headwear: ___,-11.634765625,-5.8173828125
2644,meta-llama/Llama-3.1-8B-Instruct,headwear,en,indefinite_prod,top hat,Name an example of a headwear: ___,-10.0390625,-5.01953125
2645,meta-llama/Llama-3.1-8B-Instruct,headwear,en,indefinite_prod,turban,Name an example of a headwear: ___,-6.096710205078125,-3.0483551025390625
2646,meta-llama/Llama-3.1-8B-Instruct,headwear,en,indefinite_prod,veil,Name an example of a headwear: ___,-9.875,-9.875
2647,meta-llama/Llama-3.1-8B-Instruct,headwear,en,indefinite_prod,wig,Name an example of a headwear: ___,-11.6875,-11.6875
2648,meta-llama/Llama-3.1-8B-Instruct,home appliance,en,generic,television,One example of a home appliance is ___.,-10.25,-10.25
2649,meta-llama/Llama-3.1-8B-Instruct,home appliance,en,generic,air conditioner,One example of a home appliance is ___.,-9.4453125,-4.72265625
2650,meta-llama/Llama-3.1-8B-Instruct,home appliance,en,generic,blender,One example of a home appliance is ___.,-11.75,-11.75
2651,meta-llama/Llama-3.1-8B-Instruct,home appliance,en,generic,blower,One example of a home appliance is ___.,-13.375,-6.6875
2652,meta-llama/Llama-3.1-8B-Instruct,home appliance,en,generic,coffeemaker,One example of a home appliance is ___.,-14.08154296875,-4.69384765625
2653,meta-llama/Llama-3.1-8B-Instruct,home appliance,en,generic,cooker,One example of a home appliance is ___.,-11.625,-11.625
2654,meta-llama/Llama-3.1-8B-Instruct,home appliance,en,generic,cooler,One example of a home appliance is ___.,-16.0,-16.0
2655,meta-llama/Llama-3.1-8B-Instruct,home appliance,en,generic,curling iron,One example of a home appliance is ___.,-17.146484375,-5.715494791666667
2656,meta-llama/Llama-3.1-8B-Instruct,home appliance,en,generic,dishwasher,One example of a home appliance is ___.,-10.625,-10.625
2657,meta-llama/Llama-3.1-8B-Instruct,home appliance,en,generic,dryer,One example of a home appliance is ___.,-12.75,-12.75
2658,meta-llama/Llama-3.1-8B-Instruct,home appliance,en,generic,fan,One example of a home appliance is ___.,-13.0,-13.0
2659,meta-llama/Llama-3.1-8B-Instruct,home appliance,en,generic,flatiron,One example of a home appliance is ___.,-18.28125,-9.140625
2660,meta-llama/Llama-3.1-8B-Instruct,home appliance,en,generic,food processor,One example of a home appliance is ___.,-11.64453125,-5.822265625
2661,meta-llama/Llama-3.1-8B-Instruct,home appliance,en,generic,freezer,One example of a home appliance is ___.,-13.625,-13.625
2662,meta-llama/Llama-3.1-8B-Instruct,home appliance,en,generic,hairdryer,One example of a home appliance is ___.,-13.89990234375,-4.63330078125
2663,meta-llama/Llama-3.1-8B-Instruct,home appliance,en,generic,heater,One example of a home appliance is ___.,-11.1875,-11.1875
2664,meta-llama/Llama-3.1-8B-Instruct,home appliance,en,generic,hotplate,One example of a home appliance is ___.,-18.59375,-9.296875
2665,meta-llama/Llama-3.1-8B-Instruct,home appliance,en,generic,icemaker,One example of a home appliance is ___.,-13.64453125,-6.822265625
2666,meta-llama/Llama-3.1-8B-Instruct,home appliance,en,generic,iron,One example of a home appliance is ___.,-13.25,-13.25
2667,meta-llama/Llama-3.1-8B-Instruct,home appliance,en,generic,juicer,One example of a home appliance is ___.,-15.19921875,-7.599609375
2668,meta-llama/Llama-3.1-8B-Instruct,home appliance,en,generic,lawnmower,One example of a home appliance is ___.,-18.078125,-6.026041666666667
2669,meta-llama/Llama-3.1-8B-Instruct,home appliance,en,generic,meat grinder,One example of a home appliance is ___.,-13.6875,-6.84375
2670,meta-llama/Llama-3.1-8B-Instruct,home appliance,en,generic,microwave,One example of a home appliance is ___.,-8.6875,-8.6875
2671,meta-llama/Llama-3.1-8B-Instruct,home appliance,en,generic,mixer,One example of a home appliance is ___.,-14.4375,-14.4375
2672,meta-llama/Llama-3.1-8B-Instruct,home appliance,en,generic,oven,One example of a home appliance is ___.,-8.75,-8.75
2673,meta-llama/Llama-3.1-8B-Instruct,home appliance,en,generic,refrigerator,One example of a home appliance is ___.,-10.625,-10.625
2674,meta-llama/Llama-3.1-8B-Instruct,home appliance,en,generic,sewing machine,One example of a home appliance is ___.,-13.062255859375,-6.5311279296875
2675,meta-llama/Llama-3.1-8B-Instruct,home appliance,en,generic,soda fountain,One example of a home appliance is ___.,-17.046875,-8.5234375
2676,meta-llama/Llama-3.1-8B-Instruct,home appliance,en,generic,stove,One example of a home appliance is ___.,-10.625,-10.625
2677,meta-llama/Llama-3.1-8B-Instruct,home appliance,en,generic,thermostat,One example of a home appliance is ___.,-13.8125,-13.8125
2678,meta-llama/Llama-3.1-8B-Instruct,home appliance,en,generic,toaster,One example of a home appliance is ___.,-10.125,-10.125
2679,meta-llama/Llama-3.1-8B-Instruct,home appliance,en,generic,toaster oven,One example of a home appliance is ___.,-13.75,-6.875
2680,meta-llama/Llama-3.1-8B-Instruct,home appliance,en,generic,vacuum,One example of a home appliance is ___.,-8.875,-8.875
2681,meta-llama/Llama-3.1-8B-Instruct,home appliance,en,generic,waffle iron,One example of a home appliance is ___.,-16.1015625,-5.3671875
2682,meta-llama/Llama-3.1-8B-Instruct,home appliance,en,generic,washing machine,One example of a home appliance is ___.,-11.5048828125,-5.75244140625
2683,meta-llama/Llama-3.1-8B-Instruct,home appliance,en,generic,water cooler,One example of a home appliance is ___.,-14.453125,-7.2265625
2684,meta-llama/Llama-3.1-8B-Instruct,home appliance,en,generic,water heater,One example of a home appliance is ___.,-11.013671875,-5.5068359375
2685,meta-llama/Llama-3.1-8B-Instruct,home appliance,en,generic,wine cooler,One example of a home appliance is ___.,-15.671875,-7.8359375
2686,meta-llama/Llama-3.1-8B-Instruct,home appliance,en,indefinite_prod,television,Name an example of a home appliance: ___,-7.09375,-7.09375
2687,meta-llama/Llama-3.1-8B-Instruct,home appliance,en,indefinite_prod,air conditioner,Name an example of a home appliance: ___,-5.908203125,-2.9541015625
2688,meta-llama/Llama-3.1-8B-Instruct,home appliance,en,indefinite_prod,blender,Name an example of a home appliance: ___,-6.21875,-6.21875
2689,meta-llama/Llama-3.1-8B-Instruct,home appliance,en,indefinite_prod,blower,Name an example of a home appliance: ___,-9.7421875,-4.87109375
2690,meta-llama/Llama-3.1-8B-Instruct,home appliance,en,indefinite_prod,coffeemaker,Name an example of a home appliance: ___,-11.12548828125,-3.70849609375
2691,meta-llama/Llama-3.1-8B-Instruct,home appliance,en,indefinite_prod,cooker,Name an example of a home appliance: ___,-8.75,-8.75
2692,meta-llama/Llama-3.1-8B-Instruct,home appliance,en,indefinite_prod,cooler,Name an example of a home appliance: ___,-12.4375,-12.4375
2693,meta-llama/Llama-3.1-8B-Instruct,home appliance,en,indefinite_prod,curling iron,Name an example of a home appliance: ___,-14.6494140625,-4.883138020833333
2694,meta-llama/Llama-3.1-8B-Instruct,home appliance,en,indefinite_prod,dishwasher,Name an example of a home appliance: ___,-6.46875,-6.46875
2695,meta-llama/Llama-3.1-8B-Instruct,home appliance,en,indefinite_prod,dryer,Name an example of a home appliance: ___,-8.75,-8.75
2696,meta-llama/Llama-3.1-8B-Instruct,home appliance,en,indefinite_prod,fan,Name an example of a home appliance: ___,-8.125,-8.125
2697,meta-llama/Llama-3.1-8B-Instruct,home appliance,en,indefinite_prod,flatiron,Name an example of a home appliance: ___,-13.96875,-6.984375
2698,meta-llama/Llama-3.1-8B-Instruct,home appliance,en,indefinite_prod,food processor,Name an example of a home appliance: ___,-12.15234375,-6.076171875
2699,meta-llama/Llama-3.1-8B-Instruct,home appliance,en,indefinite_prod,freezer,Name an example of a home appliance: ___,-9.5,-9.5
2700,meta-llama/Llama-3.1-8B-Instruct,home appliance,en,indefinite_prod,hairdryer,Name an example of a home appliance: ___,-12.5596923828125,-4.186564127604167
2701,meta-llama/Llama-3.1-8B-Instruct,home appliance,en,indefinite_prod,heater,Name an example of a home appliance: ___,-8.625,-8.625
2702,meta-llama/Llama-3.1-8B-Instruct,home appliance,en,indefinite_prod,hotplate,Name an example of a home appliance: ___,-15.0,-7.5
2703,meta-llama/Llama-3.1-8B-Instruct,home appliance,en,indefinite_prod,icemaker,Name an example of a home appliance: ___,-12.03125,-6.015625
2704,meta-llama/Llama-3.1-8B-Instruct,home appliance,en,indefinite_prod,iron,Name an example of a home appliance: ___,-9.9375,-9.9375
2705,meta-llama/Llama-3.1-8B-Instruct,home appliance,en,indefinite_prod,juicer,Name an example of a home appliance: ___,-13.57861328125,-6.789306640625
2706,meta-llama/Llama-3.1-8B-Instruct,home appliance,en,indefinite_prod,lawnmower,Name an example of a home appliance: ___,-11.6949462890625,-3.8983154296875
2707,meta-llama/Llama-3.1-8B-Instruct,home appliance,en,indefinite_prod,meat grinder,Name an example of a home appliance: ___,-14.875,-7.4375
2708,meta-llama/Llama-3.1-8B-Instruct,home appliance,en,indefinite_prod,microwave,Name an example of a home appliance: ___,-4.78125,-4.78125
2709,meta-llama/Llama-3.1-8B-Instruct,home appliance,en,indefinite_prod,mixer,Name an example of a home appliance: ___,-10.625,-10.625
2710,meta-llama/Llama-3.1-8B-Instruct,home appliance,en,indefinite_prod,oven,Name an example of a home appliance: ___,-7.21875,-7.21875
2711,meta-llama/Llama-3.1-8B-Instruct,home appliance,en,indefinite_prod,refrigerator,Name an example of a home appliance: ___,-5.40625,-5.40625
2712,meta-llama/Llama-3.1-8B-Instruct,home appliance,en,indefinite_prod,sewing machine,Name an example of a home appliance: ___,-11.170654296875,-5.5853271484375
2713,meta-llama/Llama-3.1-8B-Instruct,home appliance,en,indefinite_prod,soda fountain,Name an example of a home appliance: ___,-15.375,-7.6875
2714,meta-llama/Llama-3.1-8B-Instruct,home appliance,en,indefinite_prod,stove,Name an example of a home appliance: ___,-7.90625,-7.90625
2715,meta-llama/Llama-3.1-8B-Instruct,home appliance,en,indefinite_prod,thermostat,Name an example of a home appliance: ___,-11.625,-11.625
2716,meta-llama/Llama-3.1-8B-Instruct,home appliance,en,indefinite_prod,toaster,Name an example of a home appliance: ___,-4.15625,-4.15625
2717,meta-llama/Llama-3.1-8B-Instruct,home appliance,en,indefinite_prod,toaster oven,Name an example of a home appliance: ___,-10.28125,-5.140625
2718,meta-llama/Llama-3.1-8B-Instruct,home appliance,en,indefinite_prod,vacuum,Name an example of a home appliance: ___,-4.90625,-4.90625
2719,meta-llama/Llama-3.1-8B-Instruct,home appliance,en,indefinite_prod,waffle iron,Name an example of a home appliance: ___,-18.32421875,-6.108072916666667
2720,meta-llama/Llama-3.1-8B-Instruct,home appliance,en,indefinite_prod,washing machine,Name an example of a home appliance: ___,-7.5078125,-3.75390625
2721,meta-llama/Llama-3.1-8B-Instruct,home appliance,en,indefinite_prod,water cooler,Name an example of a home appliance: ___,-13.234375,-6.6171875
2722,meta-llama/Llama-3.1-8B-Instruct,home appliance,en,indefinite_prod,water heater,Name an example of a home appliance: ___,-10.115234375,-5.0576171875
2723,meta-llama/Llama-3.1-8B-Instruct,home appliance,en,indefinite_prod,wine cooler,Name an example of a home appliance: ___,-15.734375,-7.8671875
2724,meta-llama/Llama-3.1-8B-Instruct,home decor,en,generic,curtain,One example of a home decor is ___.,-10.625,-10.625
2725,meta-llama/Llama-3.1-8B-Instruct,home decor,en,generic,lamp,One example of a home decor is ___.,-10.4375,-10.4375
2726,meta-llama/Llama-3.1-8B-Instruct,home decor,en,generic,mirror,One example of a home decor is ___.,-11.9375,-11.9375
2727,meta-llama/Llama-3.1-8B-Instruct,home decor,en,generic,rug,One example of a home decor is ___.,-10.75,-10.75
2728,meta-llama/Llama-3.1-8B-Instruct,home decor,en,generic,abacus,One example of a home decor is ___.,-16.8125,-8.40625
2729,meta-llama/Llama-3.1-8B-Instruct,home decor,en,generic,album,One example of a home decor is ___.,-13.625,-13.625
2730,meta-llama/Llama-3.1-8B-Instruct,home decor,en,generic,aquarium,One example of a home decor is ___.,-15.625,-15.625
2731,meta-llama/Llama-3.1-8B-Instruct,home decor,en,generic,birdbath,One example of a home decor is ___.,-16.1796875,-5.393229166666667
2732,meta-llama/Llama-3.1-8B-Instruct,home decor,en,generic,birdcage,One example of a home decor is ___.,-17.38037109375,-5.79345703125
2733,meta-llama/Llama-3.1-8B-Instruct,home decor,en,generic,birdhouse,One example of a home decor is ___.,-16.28125,-8.140625
2734,meta-llama/Llama-3.1-8B-Instruct,home decor,en,generic,bonsai,One example of a home decor is ___.,-15.2509765625,-7.62548828125
2735,meta-llama/Llama-3.1-8B-Instruct,home decor,en,generic,candelabra,One example of a home decor is ___.,-14.7890625,-4.9296875
2736,meta-llama/Llama-3.1-8B-Instruct,home decor,en,generic,candle,One example of a home decor is ___.,-11.375,-11.375
2737,meta-llama/Llama-3.1-8B-Instruct,home decor,en,generic,candlestick,One example of a home decor is ___.,-14.203125,-7.1015625
2738,meta-llama/Llama-3.1-8B-Instruct,home decor,en,generic,centerpiece,One example of a home decor is ___.,-12.875,-12.875
2739,meta-llama/Llama-3.1-8B-Instruct,home decor,en,generic,chandelier,One example of a home decor is ___.,-10.94921875,-5.474609375
2740,meta-llama/Llama-3.1-8B-Instruct,home decor,en,generic,christmas tree,One example of a home decor is ___.,-14.421875,-7.2109375
2741,meta-llama/Llama-3.1-8B-Instruct,home decor,en,generic,coaster,One example of a home decor is ___.,-12.4375,-12.4375
2742,meta-llama/Llama-3.1-8B-Instruct,home decor,en,generic,cornucopia,One example of a home decor is ___.,-16.244140625,-5.414713541666667
2743,meta-llama/Llama-3.1-8B-Instruct,home decor,en,generic,crystal ball,One example of a home decor is ___.,-19.875,-9.9375
2744,meta-llama/Llama-3.1-8B-Instruct,home decor,en,generic,cuckoo clock,One example of a home decor is ___.,-16.27099609375,-5.423665364583333
2745,meta-llama/Llama-3.1-8B-Instruct,home decor,en,generic,doily,One example of a home decor is ___.,-15.1875,-7.59375
2746,meta-llama/Llama-3.1-8B-Instruct,home decor,en,generic,doorknocker,One example of a home decor is ___.,-21.3828125,-5.345703125
2747,meta-llama/Llama-3.1-8B-Instruct,home decor,en,generic,figurine,One example of a home decor is ___.,-14.4296875,-7.21484375
2748,meta-llama/Llama-3.1-8B-Instruct,home decor,en,generic,frame,One example of a home decor is ___.,-11.3125,-11.3125
2749,meta-llama/Llama-3.1-8B-Instruct,home decor,en,generic,globe,One example of a home decor is ___.,-14.1875,-14.1875
2750,meta-llama/Llama-3.1-8B-Instruct,home decor,en,generic,gourd,One example of a home decor is ___.,-16.0625,-8.03125
2751,meta-llama/Llama-3.1-8B-Instruct,home decor,en,generic,hourglass,One example of a home decor is ___.,-17.46875,-8.734375
2752,meta-llama/Llama-3.1-8B-Instruct,home decor,en,generic,lampshade,One example of a home decor is ___.,-13.328125,-6.6640625
2753,meta-llama/Llama-3.1-8B-Instruct,home decor,en,generic,pillow,One example of a home decor is ___.,-10.9375,-10.9375
2754,meta-llama/Llama-3.1-8B-Instruct,home decor,en,generic,pinecone,One example of a home decor is ___.,-16.90625,-8.453125
2755,meta-llama/Llama-3.1-8B-Instruct,home decor,en,generic,pinwheel,One example of a home decor is ___.,-19.0,-9.5
2756,meta-llama/Llama-3.1-8B-Instruct,home decor,en,generic,place mat,One example of a home decor is ___.,-16.625,-8.3125
2757,meta-llama/Llama-3.1-8B-Instruct,home decor,en,generic,poster,One example of a home decor is ___.,-12.375,-12.375
2758,meta-llama/Llama-3.1-8B-Instruct,home decor,en,generic,potpourri,One example of a home decor is ___.,-14.04949951171875,-4.68316650390625
2759,meta-llama/Llama-3.1-8B-Instruct,home decor,en,generic,scarecrow,One example of a home decor is ___.,-16.59765625,-8.298828125
2760,meta-llama/Llama-3.1-8B-Instruct,home decor,en,generic,stained glass,One example of a home decor is ___.,-12.98828125,-6.494140625
2761,meta-llama/Llama-3.1-8B-Instruct,home decor,en,generic,statue,One example of a home decor is ___.,-12.5,-12.5
2762,meta-llama/Llama-3.1-8B-Instruct,home decor,en,generic,tapestry,One example of a home decor is ___.,-12.2265625,-6.11328125
2763,meta-llama/Llama-3.1-8B-Instruct,home decor,en,generic,terrarium,One example of a home decor is ___.,-13.71875,-6.859375
2764,meta-llama/Llama-3.1-8B-Instruct,home decor,en,generic,vase,One example of a home decor is ___.,-11.0,-11.0
2765,meta-llama/Llama-3.1-8B-Instruct,home decor,en,generic,wallpaper,One example of a home decor is ___.,-9.5,-9.5
2766,meta-llama/Llama-3.1-8B-Instruct,home decor,en,generic,weather vane,One example of a home decor is ___.,-18.940948486328125,-6.313649495442708
2767,meta-llama/Llama-3.1-8B-Instruct,home decor,en,generic,wind chimes,One example of a home decor is ___.,-15.6171875,-5.205729166666667
2768,meta-llama/Llama-3.1-8B-Instruct,home decor,en,generic,wreath,One example of a home decor is ___.,-14.134765625,-7.0673828125
2769,meta-llama/Llama-3.1-8B-Instruct,home decor,en,indefinite_prod,curtain,Name an example of a home decor: ___,-7.53125,-7.53125
2770,meta-llama/Llama-3.1-8B-Instruct,home decor,en,indefinite_prod,lamp,Name an example of a home decor: ___,-5.84375,-5.84375
2771,meta-llama/Llama-3.1-8B-Instruct,home decor,en,indefinite_prod,mirror,Name an example of a home decor: ___,-9.5,-9.5
2772,meta-llama/Llama-3.1-8B-Instruct,home decor,en,indefinite_prod,rug,Name an example of a home decor: ___,-6.40625,-6.40625
2773,meta-llama/Llama-3.1-8B-Instruct,home decor,en,indefinite_prod,abacus,Name an example of a home decor: ___,-13.96875,-6.984375
2774,meta-llama/Llama-3.1-8B-Instruct,home decor,en,indefinite_prod,album,Name an example of a home decor: ___,-12.4375,-12.4375
2775,meta-llama/Llama-3.1-8B-Instruct,home decor,en,indefinite_prod,aquarium,Name an example of a home decor: ___,-13.625,-13.625
2776,meta-llama/Llama-3.1-8B-Instruct,home decor,en,indefinite_prod,birdbath,Name an example of a home decor: ___,-12.4775390625,-4.1591796875
2777,meta-llama/Llama-3.1-8B-Instruct,home decor,en,indefinite_prod,birdcage,Name an example of a home decor: ___,-13.87103271484375,-4.623677571614583
2778,meta-llama/Llama-3.1-8B-Instruct,home decor,en,indefinite_prod,birdhouse,Name an example of a home decor: ___,-12.6015625,-6.30078125
2779,meta-llama/Llama-3.1-8B-Instruct,home decor,en,indefinite_prod,bonsai,Name an example of a home decor: ___,-12.17236328125,-6.086181640625
2780,meta-llama/Llama-3.1-8B-Instruct,home decor,en,indefinite_prod,candelabra,Name an example of a home decor: ___,-9.7802734375,-3.2600911458333335
2781,meta-llama/Llama-3.1-8B-Instruct,home decor,en,indefinite_prod,candle,Name an example of a home decor: ___,-8.8125,-8.8125
2782,meta-llama/Llama-3.1-8B-Instruct,home decor,en,indefinite_prod,candlestick,Name an example of a home decor: ___,-12.109375,-6.0546875
2783,meta-llama/Llama-3.1-8B-Instruct,home decor,en,indefinite_prod,centerpiece,Name an example of a home decor: ___,-12.25,-12.25
2784,meta-llama/Llama-3.1-8B-Instruct,home decor,en,indefinite_prod,chandelier,Name an example of a home decor: ___,-9.42578125,-4.712890625
2785,meta-llama/Llama-3.1-8B-Instruct,home decor,en,indefinite_prod,christmas tree,Name an example of a home decor: ___,-13.49609375,-6.748046875
2786,meta-llama/Llama-3.1-8B-Instruct,home decor,en,indefinite_prod,coaster,Name an example of a home decor: ___,-11.4375,-11.4375
2787,meta-llama/Llama-3.1-8B-Instruct,home decor,en,indefinite_prod,cornucopia,Name an example of a home decor: ___,-14.6275634765625,-4.8758544921875
2788,meta-llama/Llama-3.1-8B-Instruct,home decor,en,indefinite_prod,crystal ball,Name an example of a home decor: ___,-19.78125,-9.890625
2789,meta-llama/Llama-3.1-8B-Instruct,home decor,en,indefinite_prod,cuckoo clock,Name an example of a home decor: ___,-12.02197265625,-4.00732421875
2790,meta-llama/Llama-3.1-8B-Instruct,home decor,en,indefinite_prod,doily,Name an example of a home decor: ___,-12.734375,-6.3671875
2791,meta-llama/Llama-3.1-8B-Instruct,home decor,en,indefinite_prod,doorknocker,Name an example of a home decor: ___,-20.78515625,-5.1962890625
2792,meta-llama/Llama-3.1-8B-Instruct,home decor,en,indefinite_prod,figurine,Name an example of a home decor: ___,-13.13671875,-6.568359375
2793,meta-llama/Llama-3.1-8B-Instruct,home decor,en,indefinite_prod,frame,Name an example of a home decor: ___,-9.75,-9.75
2794,meta-llama/Llama-3.1-8B-Instruct,home decor,en,indefinite_prod,globe,Name an example of a home decor: ___,-12.9375,-12.9375
2795,meta-llama/Llama-3.1-8B-Instruct,home decor,en,indefinite_prod,gourd,Name an example of a home decor: ___,-12.734375,-6.3671875
2796,meta-llama/Llama-3.1-8B-Instruct,home decor,en,indefinite_prod,hourglass,Name an example of a home decor: ___,-13.671875,-6.8359375
2797,meta-llama/Llama-3.1-8B-Instruct,home decor,en,indefinite_prod,lampshade,Name an example of a home decor: ___,-9.9375,-4.96875
2798,meta-llama/Llama-3.1-8B-Instruct,home decor,en,indefinite_prod,pillow,Name an example of a home decor: ___,-6.15625,-6.15625
2799,meta-llama/Llama-3.1-8B-Instruct,home decor,en,indefinite_prod,pinecone,Name an example of a home decor: ___,-14.09375,-7.046875
2800,meta-llama/Llama-3.1-8B-Instruct,home decor,en,indefinite_prod,pinwheel,Name an example of a home decor: ___,-15.15625,-7.578125
2801,meta-llama/Llama-3.1-8B-Instruct,home decor,en,indefinite_prod,place mat,Name an example of a home decor: ___,-12.7578125,-6.37890625
2802,meta-llama/Llama-3.1-8B-Instruct,home decor,en,indefinite_prod,poster,Name an example of a home decor: ___,-12.8125,-12.8125
2803,meta-llama/Llama-3.1-8B-Instruct,home decor,en,indefinite_prod,potpourri,Name an example of a home decor: ___,-13.969398498535156,-4.656466166178386
2804,meta-llama/Llama-3.1-8B-Instruct,home decor,en,indefinite_prod,scarecrow,Name an example of a home decor: ___,-15.041015625,-7.5205078125
2805,meta-llama/Llama-3.1-8B-Instruct,home decor,en,indefinite_prod,stained glass,Name an example of a home decor: ___,-12.1015625,-6.05078125
2806,meta-llama/Llama-3.1-8B-Instruct,home decor,en,indefinite_prod,statue,Name an example of a home decor: ___,-11.6875,-11.6875
2807,meta-llama/Llama-3.1-8B-Instruct,home decor,en,indefinite_prod,tapestry,Name an example of a home decor: ___,-9.314453125,-4.6572265625
2808,meta-llama/Llama-3.1-8B-Instruct,home decor,en,indefinite_prod,terrarium,Name an example of a home decor: ___,-12.1328125,-6.06640625
2809,meta-llama/Llama-3.1-8B-Instruct,home decor,en,indefinite_prod,vase,Name an example of a home decor: ___,-7.71875,-7.71875
2810,meta-llama/Llama-3.1-8B-Instruct,home decor,en,indefinite_prod,wallpaper,Name an example of a home decor: ___,-9.5625,-9.5625
2811,meta-llama/Llama-3.1-8B-Instruct,home decor,en,indefinite_prod,weather vane,Name an example of a home decor: ___,-17.048065185546875,-5.682688395182292
2812,meta-llama/Llama-3.1-8B-Instruct,home decor,en,indefinite_prod,wind chimes,Name an example of a home decor: ___,-13.83984375,-4.61328125
2813,meta-llama/Llama-3.1-8B-Instruct,home decor,en,indefinite_prod,wreath,Name an example of a home decor: ___,-11.322265625,-5.6611328125
2814,meta-llama/Llama-3.1-8B-Instruct,insect,en,generic,ant,One example of a insect is ___.,-7.6875,-7.6875
2815,meta-llama/Llama-3.1-8B-Instruct,insect,en,generic,bee,One example of a insect is ___.,-10.6875,-10.6875
2816,meta-llama/Llama-3.1-8B-Instruct,insect,en,generic,beetle,One example of a insect is ___.,-8.8125,-8.8125
2817,meta-llama/Llama-3.1-8B-Instruct,insect,en,generic,bug,One example of a insect is ___.,-8.8125,-8.8125
2818,meta-llama/Llama-3.1-8B-Instruct,insect,en,generic,butterfly,One example of a insect is ___.,-8.5,-8.5
2819,meta-llama/Llama-3.1-8B-Instruct,insect,en,generic,caterpillar,One example of a insect is ___.,-11.53515625,-5.767578125
2820,meta-llama/Llama-3.1-8B-Instruct,insect,en,generic,cockroach,One example of a insect is ___.,-11.852783203125,-5.9263916015625
2821,meta-llama/Llama-3.1-8B-Instruct,insect,en,generic,dragonfly,One example of a insect is ___.,-12.125,-6.0625
2822,meta-llama/Llama-3.1-8B-Instruct,insect,en,generic,earwig,One example of a insect is ___.,-14.05078125,-7.025390625
2823,meta-llama/Llama-3.1-8B-Instruct,insect,en,generic,fly,One example of a insect is ___.,-10.25,-10.25
2824,meta-llama/Llama-3.1-8B-Instruct,insect,en,generic,grasshopper,One example of a insect is ___.,-9.5150146484375,-3.1716715494791665
2825,meta-llama/Llama-3.1-8B-Instruct,insect,en,generic,ladybug,One example of a insect is ___.,-13.265625,-6.6328125
2826,meta-llama/Llama-3.1-8B-Instruct,insect,en,generic,lightning bug,One example of a insect is ___.,-14.9765625,-7.48828125
2827,meta-llama/Llama-3.1-8B-Instruct,insect,en,generic,mosquito,One example of a insect is ___.,-9.9375,-9.9375
2828,meta-llama/Llama-3.1-8B-Instruct,insect,en,generic,moth,One example of a insect is ___.,-10.5625,-10.5625
2829,meta-llama/Llama-3.1-8B-Instruct,insect,en,generic,praying mantis,One example of a insect is ___.,-13.65472412109375,-4.55157470703125
2830,meta-llama/Llama-3.1-8B-Instruct,insect,en,generic,wasp,One example of a insect is ___.,-13.8125,-6.90625
2831,meta-llama/Llama-3.1-8B-Instruct,insect,en,indefinite_prod,ant,Name an example of a insect: ___,-6.3125,-6.3125
2832,meta-llama/Llama-3.1-8B-Instruct,insect,en,indefinite_prod,bee,Name an example of a insect: ___,-5.875,-5.875
2833,meta-llama/Llama-3.1-8B-Instruct,insect,en,indefinite_prod,beetle,Name an example of a insect: ___,-5.1875,-5.1875
2834,meta-llama/Llama-3.1-8B-Instruct,insect,en,indefinite_prod,bug,Name an example of a insect: ___,-7.3125,-7.3125
2835,meta-llama/Llama-3.1-8B-Instruct,insect,en,indefinite_prod,butterfly,Name an example of a insect: ___,-5.625,-5.625
2836,meta-llama/Llama-3.1-8B-Instruct,insect,en,indefinite_prod,caterpillar,Name an example of a insect: ___,-9.04833984375,-4.524169921875
2837,meta-llama/Llama-3.1-8B-Instruct,insect,en,indefinite_prod,cockroach,Name an example of a insect: ___,-9.516845703125,-4.7584228515625
2838,meta-llama/Llama-3.1-8B-Instruct,insect,en,indefinite_prod,dragonfly,Name an example of a insect: ___,-9.01953125,-4.509765625
2839,meta-llama/Llama-3.1-8B-Instruct,insect,en,indefinite_prod,earwig,Name an example of a insect: ___,-10.875,-5.4375
2840,meta-llama/Llama-3.1-8B-Instruct,insect,en,indefinite_prod,fly,Name an example of a insect: ___,-7.0,-7.0
2841,meta-llama/Llama-3.1-8B-Instruct,insect,en,indefinite_prod,grasshopper,Name an example of a insect: ___,-8.4681396484375,-2.8227132161458335
2842,meta-llama/Llama-3.1-8B-Instruct,insect,en,indefinite_prod,ladybug,Name an example of a insect: ___,-7.6494140625,-3.82470703125
2843,meta-llama/Llama-3.1-8B-Instruct,insect,en,indefinite_prod,lightning bug,Name an example of a insect: ___,-10.552734375,-5.2763671875
2844,meta-llama/Llama-3.1-8B-Instruct,insect,en,indefinite_prod,mosquito,Name an example of a insect: ___,-6.9375,-6.9375
2845,meta-llama/Llama-3.1-8B-Instruct,insect,en,indefinite_prod,moth,Name an example of a insect: ___,-7.59375,-7.59375
2846,meta-llama/Llama-3.1-8B-Instruct,insect,en,indefinite_prod,praying mantis,Name an example of a insect: ___,-11.67108154296875,-3.8903605143229165
2847,meta-llama/Llama-3.1-8B-Instruct,insect,en,indefinite_prod,wasp,Name an example of a insect: ___,-6.62109375,-3.310546875
2848,meta-llama/Llama-3.1-8B-Instruct,jewelry,en,generic,necklace,One example of a jewelry is ___.,-7.40625,-7.40625
2849,meta-llama/Llama-3.1-8B-Instruct,jewelry,en,generic,ring,One example of a jewelry is ___.,-8.5,-8.5
2850,meta-llama/Llama-3.1-8B-Instruct,jewelry,en,generic,anklet,One example of a jewelry is ___.,-11.728515625,-5.8642578125
2851,meta-llama/Llama-3.1-8B-Instruct,jewelry,en,generic,barrette,One example of a jewelry is ___.,-13.96875,-6.984375
2852,meta-llama/Llama-3.1-8B-Instruct,jewelry,en,generic,bracelet,One example of a jewelry is ___.,-8.0625,-8.0625
2853,meta-llama/Llama-3.1-8B-Instruct,jewelry,en,generic,brooch,One example of a jewelry is ___.,-10.771484375,-5.3857421875
2854,meta-llama/Llama-3.1-8B-Instruct,jewelry,en,generic,crown,One example of a jewelry is ___.,-11.25,-11.25
2855,meta-llama/Llama-3.1-8B-Instruct,jewelry,en,generic,cufflink,One example of a jewelry is ___.,-12.828125,-6.4140625
2856,meta-llama/Llama-3.1-8B-Instruct,jewelry,en,generic,earring,One example of a jewelry is ___.,-9.40234375,-4.701171875
2857,meta-llama/Llama-3.1-8B-Instruct,jewelry,en,generic,hairpin,One example of a jewelry is ___.,-14.078125,-7.0390625
2858,meta-llama/Llama-3.1-8B-Instruct,jewelry,en,generic,jewelry,One example of a jewelry is ___.,-5.03125,-5.03125
2859,meta-llama/Llama-3.1-8B-Instruct,jewelry,en,generic,locket,One example of a jewelry is ___.,-12.22900390625,-6.114501953125
2860,meta-llama/Llama-3.1-8B-Instruct,jewelry,en,generic,pocket watch,One example of a jewelry is ___.,-11.708984375,-5.8544921875
2861,meta-llama/Llama-3.1-8B-Instruct,jewelry,en,generic,tiara,One example of a jewelry is ___.,-12.8681640625,-6.43408203125
2862,meta-llama/Llama-3.1-8B-Instruct,jewelry,en,generic,watch,One example of a jewelry is ___.,-10.5625,-10.5625
2863,meta-llama/Llama-3.1-8B-Instruct,jewelry,en,indefinite_prod,necklace,Name an example of a jewelry: ___,-5.0625,-5.0625
2864,meta-llama/Llama-3.1-8B-Instruct,jewelry,en,indefinite_prod,ring,Name an example of a jewelry: ___,-6.0,-6.0
2865,meta-llama/Llama-3.1-8B-Instruct,jewelry,en,indefinite_prod,anklet,Name an example of a jewelry: ___,-8.66064453125,-4.330322265625
2866,meta-llama/Llama-3.1-8B-Instruct,jewelry,en,indefinite_prod,barrette,Name an example of a jewelry: ___,-12.375,-6.1875
2867,meta-llama/Llama-3.1-8B-Instruct,jewelry,en,indefinite_prod,bracelet,Name an example of a jewelry: ___,-5.8125,-5.8125
2868,meta-llama/Llama-3.1-8B-Instruct,jewelry,en,indefinite_prod,brooch,Name an example of a jewelry: ___,-7.7777099609375,-3.88885498046875
2869,meta-llama/Llama-3.1-8B-Instruct,jewelry,en,indefinite_prod,crown,Name an example of a jewelry: ___,-9.3125,-9.3125
2870,meta-llama/Llama-3.1-8B-Instruct,jewelry,en,indefinite_prod,cufflink,Name an example of a jewelry: ___,-13.0859375,-6.54296875
2871,meta-llama/Llama-3.1-8B-Instruct,jewelry,en,indefinite_prod,earring,Name an example of a jewelry: ___,-7.75439453125,-3.877197265625
2872,meta-llama/Llama-3.1-8B-Instruct,jewelry,en,indefinite_prod,hairpin,Name an example of a jewelry: ___,-13.9765625,-6.98828125
2873,meta-llama/Llama-3.1-8B-Instruct,jewelry,en,indefinite_prod,jewelry,Name an example of a jewelry: ___,-7.0,-7.0
2874,meta-llama/Llama-3.1-8B-Instruct,jewelry,en,indefinite_prod,locket,Name an example of a jewelry: ___,-9.94488525390625,-4.972442626953125
2875,meta-llama/Llama-3.1-8B-Instruct,jewelry,en,indefinite_prod,pocket watch,Name an example of a jewelry: ___,-11.3486328125,-5.67431640625
2876,meta-llama/Llama-3.1-8B-Instruct,jewelry,en,indefinite_prod,tiara,Name an example of a jewelry: ___,-10.0814208984375,-5.04071044921875
2877,meta-llama/Llama-3.1-8B-Instruct,jewelry,en,indefinite_prod,watch,Name an example of a jewelry: ___,-8.6875,-8.6875
2878,meta-llama/Llama-3.1-8B-Instruct,kitchen appliance,en,generic,oven,One example of a kitchen appliance is ___.,-7.84375,-7.84375
2879,meta-llama/Llama-3.1-8B-Instruct,kitchen appliance,en,generic,blender,One example of a kitchen appliance is ___.,-10.3125,-10.3125
2880,meta-llama/Llama-3.1-8B-Instruct,kitchen appliance,en,generic,burner,One example of a kitchen appliance is ___.,-13.3125,-13.3125
2881,meta-llama/Llama-3.1-8B-Instruct,kitchen appliance,en,generic,coffeemaker,One example of a kitchen appliance is ___.,-12.956787109375,-4.318929036458333
2882,meta-llama/Llama-3.1-8B-Instruct,kitchen appliance,en,generic,cooker,One example of a kitchen appliance is ___.,-10.5625,-10.5625
2883,meta-llama/Llama-3.1-8B-Instruct,kitchen appliance,en,generic,dishwasher,One example of a kitchen appliance is ___.,-9.75,-9.75
2884,meta-llama/Llama-3.1-8B-Instruct,kitchen appliance,en,generic,food processor,One example of a kitchen appliance is ___.,-9.515625,-4.7578125
2885,meta-llama/Llama-3.1-8B-Instruct,kitchen appliance,en,generic,freezer,One example of a kitchen appliance is ___.,-12.875,-12.875
2886,meta-llama/Llama-3.1-8B-Instruct,kitchen appliance,en,generic,hotplate,One example of a kitchen appliance is ___.,-16.65625,-8.328125
2887,meta-llama/Llama-3.1-8B-Instruct,kitchen appliance,en,generic,icemaker,One example of a kitchen appliance is ___.,-13.5703125,-6.78515625
2888,meta-llama/Llama-3.1-8B-Instruct,kitchen appliance,en,generic,juicer,One example of a kitchen appliance is ___.,-14.177001953125,-7.0885009765625
2889,meta-llama/Llama-3.1-8B-Instruct,kitchen appliance,en,generic,microwave,One example of a kitchen appliance is ___.,-8.25,-8.25
2890,meta-llama/Llama-3.1-8B-Instruct,kitchen appliance,en,generic,mixer,One example of a kitchen appliance is ___.,-13.375,-13.375
2891,meta-llama/Llama-3.1-8B-Instruct,kitchen appliance,en,generic,refrigerator,One example of a kitchen appliance is ___.,-10.4375,-10.4375
2892,meta-llama/Llama-3.1-8B-Instruct,kitchen appliance,en,generic,slicer,One example of a kitchen appliance is ___.,-13.98828125,-6.994140625
2893,meta-llama/Llama-3.1-8B-Instruct,kitchen appliance,en,generic,stove,One example of a kitchen appliance is ___.,-9.375,-9.375
2894,meta-llama/Llama-3.1-8B-Instruct,kitchen appliance,en,generic,toaster,One example of a kitchen appliance is ___.,-8.875,-8.875
2895,meta-llama/Llama-3.1-8B-Instruct,kitchen appliance,en,generic,toaster oven,One example of a kitchen appliance is ___.,-12.40625,-6.203125
2896,meta-llama/Llama-3.1-8B-Instruct,kitchen appliance,en,generic,waffle iron,One example of a kitchen appliance is ___.,-14.98046875,-4.993489583333333
2897,meta-llama/Llama-3.1-8B-Instruct,kitchen appliance,en,generic,water filter,One example of a kitchen appliance is ___.,-14.0,-7.0
2898,meta-llama/Llama-3.1-8B-Instruct,kitchen appliance,en,indefinite_prod,oven,Name an example of a kitchen appliance: ___,-6.53125,-6.53125
2899,meta-llama/Llama-3.1-8B-Instruct,kitchen appliance,en,indefinite_prod,blender,Name an example of a kitchen appliance: ___,-4.59375,-4.59375
2900,meta-llama/Llama-3.1-8B-Instruct,kitchen appliance,en,indefinite_prod,burner,Name an example of a kitchen appliance: ___,-12.125,-12.125
2901,meta-llama/Llama-3.1-8B-Instruct,kitchen appliance,en,indefinite_prod,coffeemaker,Name an example of a kitchen appliance: ___,-10.6163330078125,-3.5387776692708335
2902,meta-llama/Llama-3.1-8B-Instruct,kitchen appliance,en,indefinite_prod,cooker,Name an example of a kitchen appliance: ___,-8.5,-8.5
2903,meta-llama/Llama-3.1-8B-Instruct,kitchen appliance,en,indefinite_prod,dishwasher,Name an example of a kitchen appliance: ___,-6.71875,-6.71875
2904,meta-llama/Llama-3.1-8B-Instruct,kitchen appliance,en,indefinite_prod,food processor,Name an example of a kitchen appliance: ___,-10.671875,-5.3359375
2905,meta-llama/Llama-3.1-8B-Instruct,kitchen appliance,en,indefinite_prod,freezer,Name an example of a kitchen appliance: ___,-9.375,-9.375
2906,meta-llama/Llama-3.1-8B-Instruct,kitchen appliance,en,indefinite_prod,hotplate,Name an example of a kitchen appliance: ___,-13.6875,-6.84375
2907,meta-llama/Llama-3.1-8B-Instruct,kitchen appliance,en,indefinite_prod,icemaker,Name an example of a kitchen appliance: ___,-11.697265625,-5.8486328125
2908,meta-llama/Llama-3.1-8B-Instruct,kitchen appliance,en,indefinite_prod,juicer,Name an example of a kitchen appliance: ___,-12.318389892578125,-6.1591949462890625
2909,meta-llama/Llama-3.1-8B-Instruct,kitchen appliance,en,indefinite_prod,microwave,Name an example of a kitchen appliance: ___,-4.53125,-4.53125
2910,meta-llama/Llama-3.1-8B-Instruct,kitchen appliance,en,indefinite_prod,mixer,Name an example of a kitchen appliance: ___,-9.25,-9.25
2911,meta-llama/Llama-3.1-8B-Instruct,kitchen appliance,en,indefinite_prod,refrigerator,Name an example of a kitchen appliance: ___,-6.28125,-6.28125
2912,meta-llama/Llama-3.1-8B-Instruct,kitchen appliance,en,indefinite_prod,slicer,Name an example of a kitchen appliance: ___,-11.8236083984375,-5.91180419921875
2913,meta-llama/Llama-3.1-8B-Instruct,kitchen appliance,en,indefinite_prod,stove,Name an example of a kitchen appliance: ___,-7.46875,-7.46875
2914,meta-llama/Llama-3.1-8B-Instruct,kitchen appliance,en,indefinite_prod,toaster,Name an example of a kitchen appliance: ___,-3.40625,-3.40625
2915,meta-llama/Llama-3.1-8B-Instruct,kitchen appliance,en,indefinite_prod,toaster oven,Name an example of a kitchen appliance: ___,-9.15625,-4.578125
2916,meta-llama/Llama-3.1-8B-Instruct,kitchen appliance,en,indefinite_prod,waffle iron,Name an example of a kitchen appliance: ___,-15.73828125,-5.24609375
2917,meta-llama/Llama-3.1-8B-Instruct,kitchen appliance,en,indefinite_prod,water filter,Name an example of a kitchen appliance: ___,-13.5625,-6.78125
2918,meta-llama/Llama-3.1-8B-Instruct,kitchen tool,en,generic,bottle opener,One example of a kitchen tool is ___.,-14.49609375,-7.248046875
2919,meta-llama/Llama-3.1-8B-Instruct,kitchen tool,en,generic,can opener,One example of a kitchen tool is ___.,-15.59375,-7.796875
2920,meta-llama/Llama-3.1-8B-Instruct,kitchen tool,en,generic,cleaver,One example of a kitchen tool is ___.,-11.4287109375,-5.71435546875
2921,meta-llama/Llama-3.1-8B-Instruct,kitchen tool,en,generic,corkscrew,One example of a kitchen tool is ___.,-16.3203125,-5.440104166666667
2922,meta-llama/Llama-3.1-8B-Instruct,kitchen tool,en,generic,eggbeater,One example of a kitchen tool is ___.,-11.30126953125,-3.76708984375
2923,meta-llama/Llama-3.1-8B-Instruct,kitchen tool,en,generic,funnel,One example of a kitchen tool is ___.,-14.1875,-14.1875
2924,meta-llama/Llama-3.1-8B-Instruct,kitchen tool,en,generic,grater,One example of a kitchen tool is ___.,-10.1357421875,-5.06787109375
2925,meta-llama/Llama-3.1-8B-Instruct,kitchen tool,en,generic,grinder,One example of a kitchen tool is ___.,-11.875,-11.875
2926,meta-llama/Llama-3.1-8B-Instruct,kitchen tool,en,generic,icepick,One example of a kitchen tool is ___.,-16.5625,-8.28125
2927,meta-llama/Llama-3.1-8B-Instruct,kitchen tool,en,generic,juicer,One example of a kitchen tool is ___.,-13.969970703125,-6.9849853515625
2928,meta-llama/Llama-3.1-8B-Instruct,kitchen tool,en,generic,kettle,One example of a kitchen tool is ___.,-11.4375,-11.4375
2929,meta-llama/Llama-3.1-8B-Instruct,kitchen tool,en,generic,knife,One example of a kitchen tool is ___.,-9.5625,-9.5625
2930,meta-llama/Llama-3.1-8B-Instruct,kitchen tool,en,generic,ladle,One example of a kitchen tool is ___.,-14.8759765625,-7.43798828125
2931,meta-llama/Llama-3.1-8B-Instruct,kitchen tool,en,generic,measuring cup,One example of a kitchen tool is ___.,-16.28125,-8.140625
2932,meta-llama/Llama-3.1-8B-Instruct,kitchen tool,en,generic,nutcracker,One example of a kitchen tool is ___.,-14.555908203125,-4.851969401041667
2933,meta-llama/Llama-3.1-8B-Instruct,kitchen tool,en,generic,peeler,One example of a kitchen tool is ___.,-13.72998046875,-6.864990234375
2934,meta-llama/Llama-3.1-8B-Instruct,kitchen tool,en,generic,pepper mill,One example of a kitchen tool is ___.,-11.80859375,-5.904296875
2935,meta-llama/Llama-3.1-8B-Instruct,kitchen tool,en,generic,rolling pin,One example of a kitchen tool is ___.,-13.326171875,-6.6630859375
2936,meta-llama/Llama-3.1-8B-Instruct,kitchen tool,en,generic,scoop,One example of a kitchen tool is ___.,-11.75,-11.75
2937,meta-llama/Llama-3.1-8B-Instruct,kitchen tool,en,generic,sifter,One example of a kitchen tool is ___.,-16.1875,-8.09375
2938,meta-llama/Llama-3.1-8B-Instruct,kitchen tool,en,generic,skewer,One example of a kitchen tool is ___.,-14.1796875,-7.08984375
2939,meta-llama/Llama-3.1-8B-Instruct,kitchen tool,en,generic,spatula,One example of a kitchen tool is ___.,-13.7939453125,-6.89697265625
2940,meta-llama/Llama-3.1-8B-Instruct,kitchen tool,en,generic,spoon,One example of a kitchen tool is ___.,-12.0,-12.0
2941,meta-llama/Llama-3.1-8B-Instruct,kitchen tool,en,generic,strainer,One example of a kitchen tool is ___.,-13.25,-6.625
2942,meta-llama/Llama-3.1-8B-Instruct,kitchen tool,en,generic,timer,One example of a kitchen tool is ___.,-13.75,-13.75
2943,meta-llama/Llama-3.1-8B-Instruct,kitchen tool,en,generic,tongs,One example of a kitchen tool is ___.,-12.6015625,-6.30078125
2944,meta-llama/Llama-3.1-8B-Instruct,kitchen tool,en,generic,whisk,One example of a kitchen tool is ___.,-14.5625,-14.5625
2945,meta-llama/Llama-3.1-8B-Instruct,kitchen tool,en,indefinite_prod,bottle opener,Name an example of a kitchen tool: ___,-13.0625,-6.53125
2946,meta-llama/Llama-3.1-8B-Instruct,kitchen tool,en,indefinite_prod,can opener,Name an example of a kitchen tool: ___,-9.05859375,-4.529296875
2947,meta-llama/Llama-3.1-8B-Instruct,kitchen tool,en,indefinite_prod,cleaver,Name an example of a kitchen tool: ___,-11.07568359375,-5.537841796875
2948,meta-llama/Llama-3.1-8B-Instruct,kitchen tool,en,indefinite_prod,corkscrew,Name an example of a kitchen tool: ___,-11.41168212890625,-3.80389404296875
2949,meta-llama/Llama-3.1-8B-Instruct,kitchen tool,en,indefinite_prod,eggbeater,Name an example of a kitchen tool: ___,-10.384185791015625,-3.461395263671875
2950,meta-llama/Llama-3.1-8B-Instruct,kitchen tool,en,indefinite_prod,funnel,Name an example of a kitchen tool: ___,-10.9375,-10.9375
2951,meta-llama/Llama-3.1-8B-Instruct,kitchen tool,en,indefinite_prod,grater,Name an example of a kitchen tool: ___,-8.6356201171875,-4.31781005859375
2952,meta-llama/Llama-3.1-8B-Instruct,kitchen tool,en,indefinite_prod,grinder,Name an example of a kitchen tool: ___,-10.375,-10.375
2953,meta-llama/Llama-3.1-8B-Instruct,kitchen tool,en,indefinite_prod,icepick,Name an example of a kitchen tool: ___,-16.71875,-8.359375
2954,meta-llama/Llama-3.1-8B-Instruct,kitchen tool,en,indefinite_prod,juicer,Name an example of a kitchen tool: ___,-12.189682006835938,-6.094841003417969
2955,meta-llama/Llama-3.1-8B-Instruct,kitchen tool,en,indefinite_prod,kettle,Name an example of a kitchen tool: ___,-9.6875,-9.6875
2956,meta-llama/Llama-3.1-8B-Instruct,kitchen tool,en,indefinite_prod,knife,Name an example of a kitchen tool: ___,-5.96875,-5.96875
2957,meta-llama/Llama-3.1-8B-Instruct,kitchen tool,en,indefinite_prod,ladle,Name an example of a kitchen tool: ___,-10.888916015625,-5.4444580078125
2958,meta-llama/Llama-3.1-8B-Instruct,kitchen tool,en,indefinite_prod,measuring cup,Name an example of a kitchen tool: ___,-13.015625,-6.5078125
2959,meta-llama/Llama-3.1-8B-Instruct,kitchen tool,en,indefinite_prod,nutcracker,Name an example of a kitchen tool: ___,-12.353515625,-4.117838541666667
2960,meta-llama/Llama-3.1-8B-Instruct,kitchen tool,en,indefinite_prod,peeler,Name an example of a kitchen tool: ___,-9.69140625,-4.845703125
2961,meta-llama/Llama-3.1-8B-Instruct,kitchen tool,en,indefinite_prod,pepper mill,Name an example of a kitchen tool: ___,-9.23828125,-4.619140625
2962,meta-llama/Llama-3.1-8B-Instruct,kitchen tool,en,indefinite_prod,rolling pin,Name an example of a kitchen tool: ___,-8.80322265625,-4.401611328125
2963,meta-llama/Llama-3.1-8B-Instruct,kitchen tool,en,indefinite_prod,scoop,Name an example of a kitchen tool: ___,-9.125,-9.125
2964,meta-llama/Llama-3.1-8B-Instruct,kitchen tool,en,indefinite_prod,sifter,Name an example of a kitchen tool: ___,-8.7109375,-4.35546875
2965,meta-llama/Llama-3.1-8B-Instruct,kitchen tool,en,indefinite_prod,skewer,Name an example of a kitchen tool: ___,-9.8603515625,-4.93017578125
2966,meta-llama/Llama-3.1-8B-Instruct,kitchen tool,en,indefinite_prod,spatula,Name an example of a kitchen tool: ___,-7.35986328125,-3.679931640625
2967,meta-llama/Llama-3.1-8B-Instruct,kitchen tool,en,indefinite_prod,spoon,Name an example of a kitchen tool: ___,-6.03125,-6.03125
2968,meta-llama/Llama-3.1-8B-Instruct,kitchen tool,en,indefinite_prod,strainer,Name an example of a kitchen tool: ___,-10.021484375,-5.0107421875
2969,meta-llama/Llama-3.1-8B-Instruct,kitchen tool,en,indefinite_prod,timer,Name an example of a kitchen tool: ___,-10.875,-10.875
2970,meta-llama/Llama-3.1-8B-Instruct,kitchen tool,en,indefinite_prod,tongs,Name an example of a kitchen tool: ___,-10.3359375,-5.16796875
2971,meta-llama/Llama-3.1-8B-Instruct,kitchen tool,en,indefinite_prod,whisk,Name an example of a kitchen tool: ___,-7.59375,-7.59375
2972,meta-llama/Llama-3.1-8B-Instruct,lighting,en,generic,candelabra,One example of a lighting is ___.,-13.49609375,-4.498697916666667
2973,meta-llama/Llama-3.1-8B-Instruct,lighting,en,generic,candle,One example of a lighting is ___.,-10.8125,-10.8125
2974,meta-llama/Llama-3.1-8B-Instruct,lighting,en,generic,chandelier,One example of a lighting is ___.,-9.8310546875,-4.91552734375
2975,meta-llama/Llama-3.1-8B-Instruct,lighting,en,generic,flashbulb,One example of a lighting is ___.,-13.24560546875,-4.415201822916667
2976,meta-llama/Llama-3.1-8B-Instruct,lighting,en,generic,flashlight,One example of a lighting is ___.,-11.875,-11.875
2977,meta-llama/Llama-3.1-8B-Instruct,lighting,en,generic,headlamp,One example of a lighting is ___.,-12.484375,-6.2421875
2978,meta-llama/Llama-3.1-8B-Instruct,lighting,en,generic,headlight,One example of a lighting is ___.,-12.671875,-6.3359375
2979,meta-llama/Llama-3.1-8B-Instruct,lighting,en,generic,lamp,One example of a lighting is ___.,-7.9375,-7.9375
2980,meta-llama/Llama-3.1-8B-Instruct,lighting,en,generic,lantern,One example of a lighting is ___.,-11.4375,-11.4375
2981,meta-llama/Llama-3.1-8B-Instruct,lighting,en,generic,lightbulb,One example of a lighting is ___.,-10.353515625,-3.451171875
2982,meta-llama/Llama-3.1-8B-Instruct,lighting,en,generic,lighter,One example of a lighting is ___.,-12.875,-12.875
2983,meta-llama/Llama-3.1-8B-Instruct,lighting,en,generic,match,One example of a lighting is ___.,-11.3125,-11.3125
2984,meta-llama/Llama-3.1-8B-Instruct,lighting,en,generic,penlight,One example of a lighting is ___.,-15.25,-7.625
2985,meta-llama/Llama-3.1-8B-Instruct,lighting,en,generic,streetlight,One example of a lighting is ___.,-11.2890625,-5.64453125
2986,meta-llama/Llama-3.1-8B-Instruct,lighting,en,generic,taillight,One example of a lighting is ___.,-14.12890625,-4.709635416666667
2987,meta-llama/Llama-3.1-8B-Instruct,lighting,en,generic,torch,One example of a lighting is ___.,-11.25,-11.25
2988,meta-llama/Llama-3.1-8B-Instruct,lighting,en,indefinite_prod,candelabra,Name an example of a lighting: ___,-9.775390625,-3.2584635416666665
2989,meta-llama/Llama-3.1-8B-Instruct,lighting,en,indefinite_prod,candle,Name an example of a lighting: ___,-8.6875,-8.6875
2990,meta-llama/Llama-3.1-8B-Instruct,lighting,en,indefinite_prod,chandelier,Name an example of a lighting: ___,-9.0029296875,-4.50146484375
2991,meta-llama/Llama-3.1-8B-Instruct,lighting,en,indefinite_prod,flashbulb,Name an example of a lighting: ___,-12.109375,-4.036458333333333
2992,meta-llama/Llama-3.1-8B-Instruct,lighting,en,indefinite_prod,flashlight,Name an example of a lighting: ___,-8.875,-8.875
2993,meta-llama/Llama-3.1-8B-Instruct,lighting,en,indefinite_prod,headlamp,Name an example of a lighting: ___,-11.0234375,-5.51171875
2994,meta-llama/Llama-3.1-8B-Instruct,lighting,en,indefinite_prod,headlight,Name an example of a lighting: ___,-11.5234375,-5.76171875
2995,meta-llama/Llama-3.1-8B-Instruct,lighting,en,indefinite_prod,lamp,Name an example of a lighting: ___,-5.03125,-5.03125
2996,meta-llama/Llama-3.1-8B-Instruct,lighting,en,indefinite_prod,lantern,Name an example of a lighting: ___,-8.3125,-8.3125
2997,meta-llama/Llama-3.1-8B-Instruct,lighting,en,indefinite_prod,lightbulb,Name an example of a lighting: ___,-10.329833984375,-3.4432779947916665
2998,meta-llama/Llama-3.1-8B-Instruct,lighting,en,indefinite_prod,lighter,Name an example of a lighting: ___,-11.8125,-11.8125
2999,meta-llama/Llama-3.1-8B-Instruct,lighting,en,indefinite_prod,match,Name an example of a lighting: ___,-11.0625,-11.0625
3000,meta-llama/Llama-3.1-8B-Instruct,lighting,en,indefinite_prod,penlight,Name an example of a lighting: ___,-13.90625,-6.953125
3001,meta-llama/Llama-3.1-8B-Instruct,lighting,en,indefinite_prod,streetlight,Name an example of a lighting: ___,-8.484375,-4.2421875
3002,meta-llama/Llama-3.1-8B-Instruct,lighting,en,indefinite_prod,taillight,Name an example of a lighting: ___,-11.431640625,-3.810546875
3003,meta-llama/Llama-3.1-8B-Instruct,lighting,en,indefinite_prod,torch,Name an example of a lighting: ___,-8.625,-8.625
3004,meta-llama/Llama-3.1-8B-Instruct,mammal,en,generic,bear,One example of a mammal is ___.,-14.4375,-14.4375
3005,meta-llama/Llama-3.1-8B-Instruct,mammal,en,generic,bull,One example of a mammal is ___.,-14.0,-14.0
3006,meta-llama/Llama-3.1-8B-Instruct,mammal,en,generic,camel,One example of a mammal is ___.,-14.1875,-14.1875
3007,meta-llama/Llama-3.1-8B-Instruct,mammal,en,generic,cat,One example of a mammal is ___.,-11.0,-11.0
3008,meta-llama/Llama-3.1-8B-Instruct,mammal,en,generic,cheetah,One example of a mammal is ___.,-13.7650146484375,-4.588338216145833
3009,meta-llama/Llama-3.1-8B-Instruct,mammal,en,generic,cow,One example of a mammal is ___.,-11.625,-11.625
3010,meta-llama/Llama-3.1-8B-Instruct,mammal,en,generic,deer,One example of a mammal is ___.,-11.375,-11.375
3011,meta-llama/Llama-3.1-8B-Instruct,mammal,en,generic,dog,One example of a mammal is ___.,-12.9375,-12.9375
3012,meta-llama/Llama-3.1-8B-Instruct,mammal,en,generic,dolphin,One example of a mammal is ___.,-14.1875,-14.1875
3013,meta-llama/Llama-3.1-8B-Instruct,mammal,en,generic,elephant,One example of a mammal is ___.,-11.875,-11.875
3014,meta-llama/Llama-3.1-8B-Instruct,mammal,en,generic,fox,One example of a mammal is ___.,-13.9375,-13.9375
3015,meta-llama/Llama-3.1-8B-Instruct,mammal,en,generic,giraffe,One example of a mammal is ___.,-15.7314453125,-7.86572265625
3016,meta-llama/Llama-3.1-8B-Instruct,mammal,en,generic,goat,One example of a mammal is ___.,-14.375,-14.375
3017,meta-llama/Llama-3.1-8B-Instruct,mammal,en,generic,hamster,One example of a mammal is ___.,-13.58984375,-6.794921875
3018,meta-llama/Llama-3.1-8B-Instruct,mammal,en,generic,hippopotamus,One example of a mammal is ___.,-15.0218505859375,-5.007283528645833
3019,meta-llama/Llama-3.1-8B-Instruct,mammal,en,generic,horse,One example of a mammal is ___.,-12.3125,-12.3125
3020,meta-llama/Llama-3.1-8B-Instruct,mammal,en,generic,kangaroo,One example of a mammal is ___.,-12.30322265625,-6.151611328125
3021,meta-llama/Llama-3.1-8B-Instruct,mammal,en,generic,leopard,One example of a mammal is ___.,-12.375,-12.375
3022,meta-llama/Llama-3.1-8B-Instruct,mammal,en,generic,lion,One example of a mammal is ___.,-11.375,-11.375
3023,meta-llama/Llama-3.1-8B-Instruct,mammal,en,generic,monkey,One example of a mammal is ___.,-12.25,-12.25
3024,meta-llama/Llama-3.1-8B-Instruct,mammal,en,generic,mouse,One example of a mammal is ___.,-11.9375,-11.9375
3025,meta-llama/Llama-3.1-8B-Instruct,mammal,en,generic,pig,One example of a mammal is ___.,-13.625,-13.625
3026,meta-llama/Llama-3.1-8B-Instruct,mammal,en,generic,rat,One example of a mammal is ___.,-12.25,-12.25
3027,meta-llama/Llama-3.1-8B-Instruct,mammal,en,generic,rhinoceros,One example of a mammal is ___.,-14.27685546875,-3.5692138671875
3028,meta-llama/Llama-3.1-8B-Instruct,mammal,en,generic,seal,One example of a mammal is ___.,-12.75,-12.75
3029,meta-llama/Llama-3.1-8B-Instruct,mammal,en,generic,sheep,One example of a mammal is ___.,-11.5,-11.5
3030,meta-llama/Llama-3.1-8B-Instruct,mammal,en,generic,squirrel,One example of a mammal is ___.,-13.9375,-13.9375
3031,meta-llama/Llama-3.1-8B-Instruct,mammal,en,generic,tiger,One example of a mammal is ___.,-11.1875,-11.1875
3032,meta-llama/Llama-3.1-8B-Instruct,mammal,en,generic,whale,One example of a mammal is ___.,-11.625,-11.625
3033,meta-llama/Llama-3.1-8B-Instruct,mammal,en,generic,wolf,One example of a mammal is ___.,-13.3125,-13.3125
3034,meta-llama/Llama-3.1-8B-Instruct,mammal,en,generic,zebra,One example of a mammal is ___.,-11.9609375,-5.98046875
3035,meta-llama/Llama-3.1-8B-Instruct,mammal,en,generic,antelope,One example of a mammal is ___.,-10.58203125,-5.291015625
3036,meta-llama/Llama-3.1-8B-Instruct,mammal,en,generic,badger,One example of a mammal is ___.,-12.783203125,-6.3916015625
3037,meta-llama/Llama-3.1-8B-Instruct,mammal,en,generic,bat,One example of a mammal is ___.,-12.75,-12.75
3038,meta-llama/Llama-3.1-8B-Instruct,mammal,en,generic,beaver,One example of a mammal is ___.,-12.265625,-6.1328125
3039,meta-llama/Llama-3.1-8B-Instruct,mammal,en,generic,bison,One example of a mammal is ___.,-15.625,-7.8125
3040,meta-llama/Llama-3.1-8B-Instruct,mammal,en,generic,coyote,One example of a mammal is ___.,-13.416015625,-6.7080078125
3041,meta-llama/Llama-3.1-8B-Instruct,mammal,en,generic,donkey,One example of a mammal is ___.,-14.9375,-7.46875
3042,meta-llama/Llama-3.1-8B-Instruct,mammal,en,generic,gazelle,One example of a mammal is ___.,-12.865234375,-6.4326171875
3043,meta-llama/Llama-3.1-8B-Instruct,mammal,en,generic,gorilla,One example of a mammal is ___.,-13.3154296875,-6.65771484375
3044,meta-llama/Llama-3.1-8B-Instruct,mammal,en,generic,guinea pig,One example of a mammal is ___.,-14.19921875,-4.733072916666667
3045,meta-llama/Llama-3.1-8B-Instruct,mammal,en,generic,hedgehog,One example of a mammal is ___.,-12.8779296875,-6.43896484375
3046,meta-llama/Llama-3.1-8B-Instruct,mammal,en,generic,hyena,One example of a mammal is ___.,-14.5517578125,-7.27587890625
3047,meta-llama/Llama-3.1-8B-Instruct,mammal,en,generic,lamb,One example of a mammal is ___.,-14.875,-14.875
3048,meta-llama/Llama-3.1-8B-Instruct,mammal,en,generic,mole,One example of a mammal is ___.,-14.9375,-14.9375
3049,meta-llama/Llama-3.1-8B-Instruct,mammal,en,generic,polar bear,One example of a mammal is ___.,-13.6875,-6.84375
3050,meta-llama/Llama-3.1-8B-Instruct,mammal,en,generic,rabbit,One example of a mammal is ___.,-13.125,-13.125
3051,meta-llama/Llama-3.1-8B-Instruct,mammal,en,generic,reindeer,One example of a mammal is ___.,-16.52001953125,-8.260009765625
3052,meta-llama/Llama-3.1-8B-Instruct,mammal,en,generic,aardvark,One example of a mammal is ___.,-13.421661376953125,-3.3554153442382812
3053,meta-llama/Llama-3.1-8B-Instruct,mammal,en,generic,alpaca,One example of a mammal is ___.,-13.32916259765625,-4.44305419921875
3054,meta-llama/Llama-3.1-8B-Instruct,mammal,en,generic,anteater,One example of a mammal is ___.,-12.822265625,-6.4111328125
3055,meta-llama/Llama-3.1-8B-Instruct,mammal,en,generic,boar,One example of a mammal is ___.,-15.6015625,-7.80078125
3056,meta-llama/Llama-3.1-8B-Instruct,mammal,en,generic,calf,One example of a mammal is ___.,-14.8125,-14.8125
3057,meta-llama/Llama-3.1-8B-Instruct,mammal,en,generic,chihuahua,One example of a mammal is ___.,-13.82501220703125,-3.4562530517578125
3058,meta-llama/Llama-3.1-8B-Instruct,mammal,en,generic,chinchilla,One example of a mammal is ___.,-14.109375,-4.703125
3059,meta-llama/Llama-3.1-8B-Instruct,mammal,en,generic,chipmunk,One example of a mammal is ___.,-14.9208984375,-4.9736328125
3060,meta-llama/Llama-3.1-8B-Instruct,mammal,en,generic,cougar,One example of a mammal is ___.,-15.4375,-15.4375
3061,meta-llama/Llama-3.1-8B-Instruct,mammal,en,generic,dalmatian,One example of a mammal is ___.,-19.3330078125,-4.833251953125
3062,meta-llama/Llama-3.1-8B-Instruct,mammal,en,generic,ferret,One example of a mammal is ___.,-15.015625,-7.5078125
3063,meta-llama/Llama-3.1-8B-Instruct,mammal,en,generic,gopher,One example of a mammal is ___.,-14.796875,-7.3984375
3064,meta-llama/Llama-3.1-8B-Instruct,mammal,en,generic,groundhog,One example of a mammal is ___.,-16.33203125,-8.166015625
3065,meta-llama/Llama-3.1-8B-Instruct,mammal,en,generic,kitten,One example of a mammal is ___.,-13.625,-13.625
3066,meta-llama/Llama-3.1-8B-Instruct,mammal,en,generic,koala,One example of a mammal is ___.,-14.447265625,-7.2236328125
3067,meta-llama/Llama-3.1-8B-Instruct,mammal,en,generic,llama,One example of a mammal is ___.,-16.625,-16.625
3068,meta-llama/Llama-3.1-8B-Instruct,mammal,en,generic,manatee,One example of a mammal is ___.,-14.703125,-7.3515625
3069,meta-llama/Llama-3.1-8B-Instruct,mammal,en,generic,meerkat,One example of a mammal is ___.,-13.0634765625,-4.3544921875
3070,meta-llama/Llama-3.1-8B-Instruct,mammal,en,generic,mongoose,One example of a mammal is ___.,-14.375,-14.375
3071,meta-llama/Llama-3.1-8B-Instruct,mammal,en,generic,moose,One example of a mammal is ___.,-11.680908203125,-5.8404541015625
3072,meta-llama/Llama-3.1-8B-Instruct,mammal,en,generic,orangutan,One example of a mammal is ___.,-13.0234375,-6.51171875
3073,meta-llama/Llama-3.1-8B-Instruct,mammal,en,generic,otter,One example of a mammal is ___.,-13.37890625,-6.689453125
3074,meta-llama/Llama-3.1-8B-Instruct,mammal,en,generic,panda,One example of a mammal is ___.,-15.1875,-15.1875
3075,meta-llama/Llama-3.1-8B-Instruct,mammal,en,generic,panther,One example of a mammal is ___.,-14.9765625,-7.48828125
3076,meta-llama/Llama-3.1-8B-Instruct,mammal,en,generic,piglet,One example of a mammal is ___.,-19.34375,-9.671875
3077,meta-llama/Llama-3.1-8B-Instruct,mammal,en,generic,platypus,One example of a mammal is ___.,-12.349197387695312,-4.1163991292317705
3078,meta-llama/Llama-3.1-8B-Instruct,mammal,en,generic,pony,One example of a mammal is ___.,-14.8125,-14.8125
3079,meta-llama/Llama-3.1-8B-Instruct,mammal,en,generic,poodle,One example of a mammal is ___.,-14.8125,-7.40625
3080,meta-llama/Llama-3.1-8B-Instruct,mammal,en,generic,porcupine,One example of a mammal is ___.,-12.749755859375,-4.249918619791667
3081,meta-llama/Llama-3.1-8B-Instruct,mammal,en,generic,possum,One example of a mammal is ___.,-15.63427734375,-7.817138671875
3082,meta-llama/Llama-3.1-8B-Instruct,mammal,en,generic,pug,One example of a mammal is ___.,-13.5625,-6.78125
3083,meta-llama/Llama-3.1-8B-Instruct,mammal,en,generic,puppy,One example of a mammal is ___.,-14.0,-14.0
3084,meta-llama/Llama-3.1-8B-Instruct,mammal,en,generic,raccoon,One example of a mammal is ___.,-13.8701171875,-6.93505859375
3085,meta-llama/Llama-3.1-8B-Instruct,mammal,en,generic,ram,One example of a mammal is ___.,-16.125,-16.125
3086,meta-llama/Llama-3.1-8B-Instruct,mammal,en,generic,skunk,One example of a mammal is ___.,-14.0458984375,-7.02294921875
3087,meta-llama/Llama-3.1-8B-Instruct,mammal,en,generic,sloth,One example of a mammal is ___.,-13.548828125,-6.7744140625
3088,meta-llama/Llama-3.1-8B-Instruct,mammal,en,generic,walrus,One example of a mammal is ___.,-14.2958984375,-7.14794921875
3089,meta-llama/Llama-3.1-8B-Instruct,mammal,en,generic,warthog,One example of a mammal is ___.,-15.98046875,-5.326822916666667
3090,meta-llama/Llama-3.1-8B-Instruct,mammal,en,generic,weasel,One example of a mammal is ___.,-16.21875,-8.109375
3091,meta-llama/Llama-3.1-8B-Instruct,mammal,en,generic,yak,One example of a mammal is ___.,-16.875,-16.875
3092,meta-llama/Llama-3.1-8B-Instruct,mammal,en,indefinite_prod,bear,Name an example of a mammal: ___,-7.09375,-7.09375
3093,meta-llama/Llama-3.1-8B-Instruct,mammal,en,indefinite_prod,bull,Name an example of a mammal: ___,-12.6875,-12.6875
3094,meta-llama/Llama-3.1-8B-Instruct,mammal,en,indefinite_prod,camel,Name an example of a mammal: ___,-10.0625,-10.0625
3095,meta-llama/Llama-3.1-8B-Instruct,mammal,en,indefinite_prod,cat,Name an example of a mammal: ___,-6.96875,-6.96875
3096,meta-llama/Llama-3.1-8B-Instruct,mammal,en,indefinite_prod,cheetah,Name an example of a mammal: ___,-10.27896499633789,-3.4263216654459634
3097,meta-llama/Llama-3.1-8B-Instruct,mammal,en,indefinite_prod,cow,Name an example of a mammal: ___,-8.875,-8.875
3098,meta-llama/Llama-3.1-8B-Instruct,mammal,en,indefinite_prod,deer,Name an example of a mammal: ___,-8.75,-8.75
3099,meta-llama/Llama-3.1-8B-Instruct,mammal,en,indefinite_prod,dog,Name an example of a mammal: ___,-8.0,-8.0
3100,meta-llama/Llama-3.1-8B-Instruct,mammal,en,indefinite_prod,dolphin,Name an example of a mammal: ___,-7.8125,-7.8125
3101,meta-llama/Llama-3.1-8B-Instruct,mammal,en,indefinite_prod,elephant,Name an example of a mammal: ___,-4.46875,-4.46875
3102,meta-llama/Llama-3.1-8B-Instruct,mammal,en,indefinite_prod,fox,Name an example of a mammal: ___,-10.3125,-10.3125
3103,meta-llama/Llama-3.1-8B-Instruct,mammal,en,indefinite_prod,giraffe,Name an example of a mammal: ___,-8.5390625,-4.26953125
3104,meta-llama/Llama-3.1-8B-Instruct,mammal,en,indefinite_prod,goat,Name an example of a mammal: ___,-11.375,-11.375
3105,meta-llama/Llama-3.1-8B-Instruct,mammal,en,indefinite_prod,hamster,Name an example of a mammal: ___,-10.92822265625,-5.464111328125
3106,meta-llama/Llama-3.1-8B-Instruct,mammal,en,indefinite_prod,hippopotamus,Name an example of a mammal: ___,-12.53582763671875,-4.178609212239583
3107,meta-llama/Llama-3.1-8B-Instruct,mammal,en,indefinite_prod,horse,Name an example of a mammal: ___,-7.28125,-7.28125
3108,meta-llama/Llama-3.1-8B-Instruct,mammal,en,indefinite_prod,kangaroo,Name an example of a mammal: ___,-6.921630859375,-3.4608154296875
3109,meta-llama/Llama-3.1-8B-Instruct,mammal,en,indefinite_prod,leopard,Name an example of a mammal: ___,-9.25,-9.25
3110,meta-llama/Llama-3.1-8B-Instruct,mammal,en,indefinite_prod,lion,Name an example of a mammal: ___,-5.65625,-5.65625
3111,meta-llama/Llama-3.1-8B-Instruct,mammal,en,indefinite_prod,monkey,Name an example of a mammal: ___,-6.15625,-6.15625
3112,meta-llama/Llama-3.1-8B-Instruct,mammal,en,indefinite_prod,mouse,Name an example of a mammal: ___,-7.53125,-7.53125
3113,meta-llama/Llama-3.1-8B-Instruct,mammal,en,indefinite_prod,pig,Name an example of a mammal: ___,-12.4375,-12.4375
3114,meta-llama/Llama-3.1-8B-Instruct,mammal,en,indefinite_prod,rat,Name an example of a mammal: ___,-8.1875,-8.1875
3115,meta-llama/Llama-3.1-8B-Instruct,mammal,en,indefinite_prod,rhinoceros,Name an example of a mammal: ___,-8.7998046875,-2.199951171875
3116,meta-llama/Llama-3.1-8B-Instruct,mammal,en,indefinite_prod,seal,Name an example of a mammal: ___,-8.5625,-8.5625
3117,meta-llama/Llama-3.1-8B-Instruct,mammal,en,indefinite_prod,sheep,Name an example of a mammal: ___,-8.4375,-8.4375
3118,meta-llama/Llama-3.1-8B-Instruct,mammal,en,indefinite_prod,squirrel,Name an example of a mammal: ___,-7.96875,-7.96875
3119,meta-llama/Llama-3.1-8B-Instruct,mammal,en,indefinite_prod,tiger,Name an example of a mammal: ___,-5.96875,-5.96875
3120,meta-llama/Llama-3.1-8B-Instruct,mammal,en,indefinite_prod,whale,Name an example of a mammal: ___,-5.90625,-5.90625
3121,meta-llama/Llama-3.1-8B-Instruct,mammal,en,indefinite_prod,wolf,Name an example of a mammal: ___,-8.0625,-8.0625
3122,meta-llama/Llama-3.1-8B-Instruct,mammal,en,indefinite_prod,zebra,Name an example of a mammal: ___,-10.17626953125,-5.088134765625
3123,meta-llama/Llama-3.1-8B-Instruct,mammal,en,indefinite_prod,antelope,Name an example of a mammal: ___,-10.556640625,-5.2783203125
3124,meta-llama/Llama-3.1-8B-Instruct,mammal,en,indefinite_prod,badger,Name an example of a mammal: ___,-11.87841796875,-5.939208984375
3125,meta-llama/Llama-3.1-8B-Instruct,mammal,en,indefinite_prod,bat,Name an example of a mammal: ___,-7.96875,-7.96875
3126,meta-llama/Llama-3.1-8B-Instruct,mammal,en,indefinite_prod,beaver,Name an example of a mammal: ___,-9.60009765625,-4.800048828125
3127,meta-llama/Llama-3.1-8B-Instruct,mammal,en,indefinite_prod,bison,Name an example of a mammal: ___,-10.4375,-5.21875
3128,meta-llama/Llama-3.1-8B-Instruct,mammal,en,indefinite_prod,coyote,Name an example of a mammal: ___,-10.468505859375,-5.2342529296875
3129,meta-llama/Llama-3.1-8B-Instruct,mammal,en,indefinite_prod,donkey,Name an example of a mammal: ___,-11.2451171875,-5.62255859375
3130,meta-llama/Llama-3.1-8B-Instruct,mammal,en,indefinite_prod,gazelle,Name an example of a mammal: ___,-10.9794921875,-5.48974609375
3131,meta-llama/Llama-3.1-8B-Instruct,mammal,en,indefinite_prod,gorilla,Name an example of a mammal: ___,-7.9366455078125,-3.96832275390625
3132,meta-llama/Llama-3.1-8B-Instruct,mammal,en,indefinite_prod,guinea pig,Name an example of a mammal: ___,-12.298828125,-4.099609375
3133,meta-llama/Llama-3.1-8B-Instruct,mammal,en,indefinite_prod,hedgehog,Name an example of a mammal: ___,-9.872314453125,-4.9361572265625
3134,meta-llama/Llama-3.1-8B-Instruct,mammal,en,indefinite_prod,hyena,Name an example of a mammal: ___,-13.15234375,-6.576171875
3135,meta-llama/Llama-3.1-8B-Instruct,mammal,en,indefinite_prod,lamb,Name an example of a mammal: ___,-12.0,-12.0
3136,meta-llama/Llama-3.1-8B-Instruct,mammal,en,indefinite_prod,mole,Name an example of a mammal: ___,-12.5625,-12.5625
3137,meta-llama/Llama-3.1-8B-Instruct,mammal,en,indefinite_prod,polar bear,Name an example of a mammal: ___,-9.599609375,-4.7998046875
3138,meta-llama/Llama-3.1-8B-Instruct,mammal,en,indefinite_prod,rabbit,Name an example of a mammal: ___,-7.34375,-7.34375
3139,meta-llama/Llama-3.1-8B-Instruct,mammal,en,indefinite_prod,reindeer,Name an example of a mammal: ___,-13.882049560546875,-6.9410247802734375
3140,meta-llama/Llama-3.1-8B-Instruct,mammal,en,indefinite_prod,aardvark,Name an example of a mammal: ___,-6.6565704345703125,-1.6641426086425781
3141,meta-llama/Llama-3.1-8B-Instruct,mammal,en,indefinite_prod,alpaca,Name an example of a mammal: ___,-12.8697509765625,-4.2899169921875
3142,meta-llama/Llama-3.1-8B-Instruct,mammal,en,indefinite_prod,anteater,Name an example of a mammal: ___,-10.7138671875,-5.35693359375
3143,meta-llama/Llama-3.1-8B-Instruct,mammal,en,indefinite_prod,boar,Name an example of a mammal: ___,-15.125,-7.5625
3144,meta-llama/Llama-3.1-8B-Instruct,mammal,en,indefinite_prod,calf,Name an example of a mammal: ___,-12.1875,-12.1875
3145,meta-llama/Llama-3.1-8B-Instruct,mammal,en,indefinite_prod,chihuahua,Name an example of a mammal: ___,-14.897613525390625,-3.7244033813476562
3146,meta-llama/Llama-3.1-8B-Instruct,mammal,en,indefinite_prod,chinchilla,Name an example of a mammal: ___,-14.41650390625,-4.805501302083333
3147,meta-llama/Llama-3.1-8B-Instruct,mammal,en,indefinite_prod,chipmunk,Name an example of a mammal: ___,-13.3680419921875,-4.456013997395833
3148,meta-llama/Llama-3.1-8B-Instruct,mammal,en,indefinite_prod,cougar,Name an example of a mammal: ___,-9.5,-9.5
3149,meta-llama/Llama-3.1-8B-Instruct,mammal,en,indefinite_prod,dalmatian,Name an example of a mammal: ___,-16.78955078125,-4.1973876953125
3150,meta-llama/Llama-3.1-8B-Instruct,mammal,en,indefinite_prod,ferret,Name an example of a mammal: ___,-12.50390625,-6.251953125
3151,meta-llama/Llama-3.1-8B-Instruct,mammal,en,indefinite_prod,gopher,Name an example of a mammal: ___,-12.953125,-6.4765625
3152,meta-llama/Llama-3.1-8B-Instruct,mammal,en,indefinite_prod,groundhog,Name an example of a mammal: ___,-14.8837890625,-7.44189453125
3153,meta-llama/Llama-3.1-8B-Instruct,mammal,en,indefinite_prod,kitten,Name an example of a mammal: ___,-9.1875,-9.1875
3154,meta-llama/Llama-3.1-8B-Instruct,mammal,en,indefinite_prod,koala,Name an example of a mammal: ___,-9.35107421875,-4.675537109375
3155,meta-llama/Llama-3.1-8B-Instruct,mammal,en,indefinite_prod,llama,Name an example of a mammal: ___,-10.3125,-10.3125
3156,meta-llama/Llama-3.1-8B-Instruct,mammal,en,indefinite_prod,manatee,Name an example of a mammal: ___,-10.1337890625,-5.06689453125
3157,meta-llama/Llama-3.1-8B-Instruct,mammal,en,indefinite_prod,meerkat,Name an example of a mammal: ___,-14.177978515625,-4.725992838541667
3158,meta-llama/Llama-3.1-8B-Instruct,mammal,en,indefinite_prod,mongoose,Name an example of a mammal: ___,-11.75,-11.75
3159,meta-llama/Llama-3.1-8B-Instruct,mammal,en,indefinite_prod,moose,Name an example of a mammal: ___,-10.44415283203125,-5.222076416015625
3160,meta-llama/Llama-3.1-8B-Instruct,mammal,en,indefinite_prod,orangutan,Name an example of a mammal: ___,-10.22705078125,-5.113525390625
3161,meta-llama/Llama-3.1-8B-Instruct,mammal,en,indefinite_prod,otter,Name an example of a mammal: ___,-8.86669921875,-4.433349609375
3162,meta-llama/Llama-3.1-8B-Instruct,mammal,en,indefinite_prod,panda,Name an example of a mammal: ___,-9.125,-9.125
3163,meta-llama/Llama-3.1-8B-Instruct,mammal,en,indefinite_prod,panther,Name an example of a mammal: ___,-10.87890625,-5.439453125
3164,meta-llama/Llama-3.1-8B-Instruct,mammal,en,indefinite_prod,piglet,Name an example of a mammal: ___,-18.9375,-9.46875
3165,meta-llama/Llama-3.1-8B-Instruct,mammal,en,indefinite_prod,platypus,Name an example of a mammal: ___,-11.89990234375,-3.9666341145833335
3166,meta-llama/Llama-3.1-8B-Instruct,mammal,en,indefinite_prod,pony,Name an example of a mammal: ___,-11.5,-11.5
3167,meta-llama/Llama-3.1-8B-Instruct,mammal,en,indefinite_prod,poodle,Name an example of a mammal: ___,-14.96875,-7.484375
3168,meta-llama/Llama-3.1-8B-Instruct,mammal,en,indefinite_prod,porcupine,Name an example of a mammal: ___,-12.167938232421875,-4.055979410807292
3169,meta-llama/Llama-3.1-8B-Instruct,mammal,en,indefinite_prod,possum,Name an example of a mammal: ___,-12.4478759765625,-6.22393798828125
3170,meta-llama/Llama-3.1-8B-Instruct,mammal,en,indefinite_prod,pug,Name an example of a mammal: ___,-13.40625,-6.703125
3171,meta-llama/Llama-3.1-8B-Instruct,mammal,en,indefinite_prod,puppy,Name an example of a mammal: ___,-11.0625,-11.0625
3172,meta-llama/Llama-3.1-8B-Instruct,mammal,en,indefinite_prod,raccoon,Name an example of a mammal: ___,-8.5751953125,-4.28759765625
3173,meta-llama/Llama-3.1-8B-Instruct,mammal,en,indefinite_prod,ram,Name an example of a mammal: ___,-12.1875,-12.1875
3174,meta-llama/Llama-3.1-8B-Instruct,mammal,en,indefinite_prod,skunk,Name an example of a mammal: ___,-11.6796875,-5.83984375
3175,meta-llama/Llama-3.1-8B-Instruct,mammal,en,indefinite_prod,sloth,Name an example of a mammal: ___,-10.5068359375,-5.25341796875
3176,meta-llama/Llama-3.1-8B-Instruct,mammal,en,indefinite_prod,walrus,Name an example of a mammal: ___,-10.096435546875,-5.0482177734375
3177,meta-llama/Llama-3.1-8B-Instruct,mammal,en,indefinite_prod,warthog,Name an example of a mammal: ___,-12.224365234375,-4.074788411458333
3178,meta-llama/Llama-3.1-8B-Instruct,mammal,en,indefinite_prod,weasel,Name an example of a mammal: ___,-11.44921875,-5.724609375
3179,meta-llama/Llama-3.1-8B-Instruct,mammal,en,indefinite_prod,yak,Name an example of a mammal: ___,-13.6875,-13.6875
3180,meta-llama/Llama-3.1-8B-Instruct,medical equipment,en,generic,bandage,One example of a medical equipment is ___.,-13.0390625,-6.51953125
3181,meta-llama/Llama-3.1-8B-Instruct,medical equipment,en,generic,bedpan,One example of a medical equipment is ___.,-15.625,-7.8125
3182,meta-llama/Llama-3.1-8B-Instruct,medical equipment,en,generic,brace,One example of a medical equipment is ___.,-13.4375,-13.4375
3183,meta-llama/Llama-3.1-8B-Instruct,medical equipment,en,generic,cane,One example of a medical equipment is ___.,-15.3125,-15.3125
3184,meta-llama/Llama-3.1-8B-Instruct,medical equipment,en,generic,crutch,One example of a medical equipment is ___.,-14.796875,-7.3984375
3185,meta-llama/Llama-3.1-8B-Instruct,medical equipment,en,generic,defibrillator,One example of a medical equipment is ___.,-12.537109375,-4.179036458333333
3186,meta-llama/Llama-3.1-8B-Instruct,medical equipment,en,generic,eye patch,One example of a medical equipment is ___.,-16.90625,-8.453125
3187,meta-llama/Llama-3.1-8B-Instruct,medical equipment,en,generic,eyedropper,One example of a medical equipment is ___.,-18.9091796875,-6.303059895833333
3188,meta-llama/Llama-3.1-8B-Instruct,medical equipment,en,generic,first-aid kit,One example of a medical equipment is ___.,-16.664794921875,-4.16619873046875
3189,meta-llama/Llama-3.1-8B-Instruct,medical equipment,en,generic,gauze,One example of a medical equipment is ___.,-14.48828125,-4.829427083333333
3190,meta-llama/Llama-3.1-8B-Instruct,medical equipment,en,generic,gurney,One example of a medical equipment is ___.,-15.57421875,-5.19140625
3191,meta-llama/Llama-3.1-8B-Instruct,medical equipment,en,generic,hearing aid,One example of a medical equipment is ___.,-13.263671875,-6.6318359375
3192,meta-llama/Llama-3.1-8B-Instruct,medical equipment,en,generic,ice pack,One example of a medical equipment is ___.,-14.640625,-7.3203125
3193,meta-llama/Llama-3.1-8B-Instruct,medical equipment,en,generic,inhaler,One example of a medical equipment is ___.,-11.4609375,-5.73046875
3194,meta-llama/Llama-3.1-8B-Instruct,medical equipment,en,generic,penlight,One example of a medical equipment is ___.,-16.25,-8.125
3195,meta-llama/Llama-3.1-8B-Instruct,medical equipment,en,generic,pillbox,One example of a medical equipment is ___.,-15.859375,-7.9296875
3196,meta-llama/Llama-3.1-8B-Instruct,medical equipment,en,generic,plaster cast,One example of a medical equipment is ___.,-13.109375,-6.5546875
3197,meta-llama/Llama-3.1-8B-Instruct,medical equipment,en,generic,scalpel,One example of a medical equipment is ___.,-11.0916748046875,-5.54583740234375
3198,meta-llama/Llama-3.1-8B-Instruct,medical equipment,en,generic,sling,One example of a medical equipment is ___.,-14.6875,-14.6875
3199,meta-llama/Llama-3.1-8B-Instruct,medical equipment,en,generic,stethoscope,One example of a medical equipment is ___.,-9.9749755859375,-3.3249918619791665
3200,meta-llama/Llama-3.1-8B-Instruct,medical equipment,en,generic,stretcher,One example of a medical equipment is ___.,-12.2666015625,-6.13330078125
3201,meta-llama/Llama-3.1-8B-Instruct,medical equipment,en,generic,swab,One example of a medical equipment is ___.,-16.1796875,-8.08984375
3202,meta-llama/Llama-3.1-8B-Instruct,medical equipment,en,generic,syringe,One example of a medical equipment is ___.,-11.1953125,-5.59765625
3203,meta-llama/Llama-3.1-8B-Instruct,medical equipment,en,generic,tweezers,One example of a medical equipment is ___.,-15.838088989257812,-5.2793629964192705
3204,meta-llama/Llama-3.1-8B-Instruct,medical equipment,en,generic,vial,One example of a medical equipment is ___.,-13.078125,-6.5390625
3205,meta-llama/Llama-3.1-8B-Instruct,medical equipment,en,generic,walker,One example of a medical equipment is ___.,-13.5,-13.5
3206,meta-llama/Llama-3.1-8B-Instruct,medical equipment,en,generic,wheelchair,One example of a medical equipment is ___.,-12.0,-12.0
3207,meta-llama/Llama-3.1-8B-Instruct,medical equipment,en,indefinite_prod,bandage,Name an example of a medical equipment: ___,-11.203125,-5.6015625
3208,meta-llama/Llama-3.1-8B-Instruct,medical equipment,en,indefinite_prod,bedpan,Name an example of a medical equipment: ___,-13.4375,-6.71875
3209,meta-llama/Llama-3.1-8B-Instruct,medical equipment,en,indefinite_prod,brace,Name an example of a medical equipment: ___,-11.8125,-11.8125
3210,meta-llama/Llama-3.1-8B-Instruct,medical equipment,en,indefinite_prod,cane,Name an example of a medical equipment: ___,-13.625,-13.625
3211,meta-llama/Llama-3.1-8B-Instruct,medical equipment,en,indefinite_prod,crutch,Name an example of a medical equipment: ___,-13.1796875,-6.58984375
3212,meta-llama/Llama-3.1-8B-Instruct,medical equipment,en,indefinite_prod,defibrillator,Name an example of a medical equipment: ___,-8.843292236328125,-2.9477640787760415
3213,meta-llama/Llama-3.1-8B-Instruct,medical equipment,en,indefinite_prod,eye patch,Name an example of a medical equipment: ___,-15.25,-7.625
3214,meta-llama/Llama-3.1-8B-Instruct,medical equipment,en,indefinite_prod,eyedropper,Name an example of a medical equipment: ___,-18.90625,-6.302083333333333
3215,meta-llama/Llama-3.1-8B-Instruct,medical equipment,en,indefinite_prod,first-aid kit,Name an example of a medical equipment: ___,-16.56634521484375,-4.1415863037109375
3216,meta-llama/Llama-3.1-8B-Instruct,medical equipment,en,indefinite_prod,gauze,Name an example of a medical equipment: ___,-12.790283203125,-4.263427734375
3217,meta-llama/Llama-3.1-8B-Instruct,medical equipment,en,indefinite_prod,gurney,Name an example of a medical equipment: ___,-12.12841796875,-4.042805989583333
3218,meta-llama/Llama-3.1-8B-Instruct,medical equipment,en,indefinite_prod,hearing aid,Name an example of a medical equipment: ___,-11.990234375,-5.9951171875
3219,meta-llama/Llama-3.1-8B-Instruct,medical equipment,en,indefinite_prod,ice pack,Name an example of a medical equipment: ___,-15.28125,-7.640625
3220,meta-llama/Llama-3.1-8B-Instruct,medical equipment,en,indefinite_prod,inhaler,Name an example of a medical equipment: ___,-9.7890625,-4.89453125
3221,meta-llama/Llama-3.1-8B-Instruct,medical equipment,en,indefinite_prod,penlight,Name an example of a medical equipment: ___,-16.625,-8.3125
3222,meta-llama/Llama-3.1-8B-Instruct,medical equipment,en,indefinite_prod,pillbox,Name an example of a medical equipment: ___,-14.546875,-7.2734375
3223,meta-llama/Llama-3.1-8B-Instruct,medical equipment,en,indefinite_prod,plaster cast,Name an example of a medical equipment: ___,-14.1015625,-7.05078125
3224,meta-llama/Llama-3.1-8B-Instruct,medical equipment,en,indefinite_prod,scalpel,Name an example of a medical equipment: ___,-9.818939208984375,-4.9094696044921875
3225,meta-llama/Llama-3.1-8B-Instruct,medical equipment,en,indefinite_prod,sling,Name an example of a medical equipment: ___,-12.8125,-12.8125
3226,meta-llama/Llama-3.1-8B-Instruct,medical equipment,en,indefinite_prod,stethoscope,Name an example of a medical equipment: ___,-6.1427001953125,-2.0475667317708335
3227,meta-llama/Llama-3.1-8B-Instruct,medical equipment,en,indefinite_prod,stretcher,Name an example of a medical equipment: ___,-10.9443359375,-5.47216796875
3228,meta-llama/Llama-3.1-8B-Instruct,medical equipment,en,indefinite_prod,swab,Name an example of a medical equipment: ___,-15.4453125,-7.72265625
3229,meta-llama/Llama-3.1-8B-Instruct,medical equipment,en,indefinite_prod,syringe,Name an example of a medical equipment: ___,-8.593994140625,-4.2969970703125
3230,meta-llama/Llama-3.1-8B-Instruct,medical equipment,en,indefinite_prod,tweezers,Name an example of a medical equipment: ___,-13.79815673828125,-4.599385579427083
3231,meta-llama/Llama-3.1-8B-Instruct,medical equipment,en,indefinite_prod,vial,Name an example of a medical equipment: ___,-10.953125,-5.4765625
3232,meta-llama/Llama-3.1-8B-Instruct,medical equipment,en,indefinite_prod,walker,Name an example of a medical equipment: ___,-11.5,-11.5
3233,meta-llama/Llama-3.1-8B-Instruct,medical equipment,en,indefinite_prod,wheelchair,Name an example of a medical equipment: ___,-10.5,-10.5
3234,meta-llama/Llama-3.1-8B-Instruct,musical instrument,en,generic,accordion,One example of a musical instrument is ___.,-14.6875,-14.6875
3235,meta-llama/Llama-3.1-8B-Instruct,musical instrument,en,generic,drum,One example of a musical instrument is ___.,-10.4375,-10.4375
3236,meta-llama/Llama-3.1-8B-Instruct,musical instrument,en,generic,flute,One example of a musical instrument is ___.,-10.8125,-10.8125
3237,meta-llama/Llama-3.1-8B-Instruct,musical instrument,en,generic,guitar,One example of a musical instrument is ___.,-9.3125,-9.3125
3238,meta-llama/Llama-3.1-8B-Instruct,musical instrument,en,generic,harmonica,One example of a musical instrument is ___.,-12.85400390625,-6.427001953125
3239,meta-llama/Llama-3.1-8B-Instruct,musical instrument,en,generic,harp,One example of a musical instrument is ___.,-13.66015625,-6.830078125
3240,meta-llama/Llama-3.1-8B-Instruct,musical instrument,en,generic,saxophone,One example of a musical instrument is ___.,-11.4326171875,-5.71630859375
3241,meta-llama/Llama-3.1-8B-Instruct,musical instrument,en,generic,tambourine,One example of a musical instrument is ___.,-14.723388671875,-4.907796223958333
3242,meta-llama/Llama-3.1-8B-Instruct,musical instrument,en,generic,trumpet,One example of a musical instrument is ___.,-11.125,-11.125
3243,meta-llama/Llama-3.1-8B-Instruct,musical instrument,en,generic,violin,One example of a musical instrument is ___.,-10.6875,-10.6875
3244,meta-llama/Llama-3.1-8B-Instruct,musical instrument,en,generic,bagpipe,One example of a musical instrument is ___.,-15.1796875,-7.58984375
3245,meta-llama/Llama-3.1-8B-Instruct,musical instrument,en,generic,banjo,One example of a musical instrument is ___.,-15.6414794921875,-7.82073974609375
3246,meta-llama/Llama-3.1-8B-Instruct,musical instrument,en,generic,bassoon,One example of a musical instrument is ___.,-11.6875,-5.84375
3247,meta-llama/Llama-3.1-8B-Instruct,musical instrument,en,generic,bell,One example of a musical instrument is ___.,-14.9375,-14.9375
3248,meta-llama/Llama-3.1-8B-Instruct,musical instrument,en,generic,bongo,One example of a musical instrument is ___.,-15.78125,-7.890625
3249,meta-llama/Llama-3.1-8B-Instruct,musical instrument,en,generic,cello,One example of a musical instrument is ___.,-11.3359375,-5.66796875
3250,meta-llama/Llama-3.1-8B-Instruct,musical instrument,en,generic,chime,One example of a musical instrument is ___.,-14.0,-7.0
3251,meta-llama/Llama-3.1-8B-Instruct,musical instrument,en,generic,clarinet,One example of a musical instrument is ___.,-10.917236328125,-5.4586181640625
3252,meta-llama/Llama-3.1-8B-Instruct,musical instrument,en,generic,cymbal,One example of a musical instrument is ___.,-15.140625,-5.046875
3253,meta-llama/Llama-3.1-8B-Instruct,musical instrument,en,generic,french horn,One example of a musical instrument is ___.,-11.7548828125,-5.87744140625
3254,meta-llama/Llama-3.1-8B-Instruct,musical instrument,en,generic,gong,One example of a musical instrument is ___.,-15.53125,-7.765625
3255,meta-llama/Llama-3.1-8B-Instruct,musical instrument,en,generic,horn,One example of a musical instrument is ___.,-11.8125,-11.8125
3256,meta-llama/Llama-3.1-8B-Instruct,musical instrument,en,generic,kazoo,One example of a musical instrument is ___.,-16.043701171875,-8.0218505859375
3257,meta-llama/Llama-3.1-8B-Instruct,musical instrument,en,generic,keyboard,One example of a musical instrument is ___.,-10.6875,-10.6875
3258,meta-llama/Llama-3.1-8B-Instruct,musical instrument,en,generic,mandolin,One example of a musical instrument is ___.,-15.865478515625,-7.9327392578125
3259,meta-llama/Llama-3.1-8B-Instruct,musical instrument,en,generic,organ,One example of a musical instrument is ___.,-11.3125,-11.3125
3260,meta-llama/Llama-3.1-8B-Instruct,musical instrument,en,generic,piano,One example of a musical instrument is ___.,-9.25,-9.25
3261,meta-llama/Llama-3.1-8B-Instruct,musical instrument,en,generic,recorder,One example of a musical instrument is ___.,-13.125,-13.125
3262,meta-llama/Llama-3.1-8B-Instruct,musical instrument,en,generic,triangle,One example of a musical instrument is ___.,-12.625,-12.625
3263,meta-llama/Llama-3.1-8B-Instruct,musical instrument,en,generic,trombone,One example of a musical instrument is ___.,-14.541015625,-7.2705078125
3264,meta-llama/Llama-3.1-8B-Instruct,musical instrument,en,generic,tuba,One example of a musical instrument is ___.,-15.2509765625,-7.62548828125
3265,meta-llama/Llama-3.1-8B-Instruct,musical instrument,en,generic,ukulele,One example of a musical instrument is ___.,-13.421142578125,-4.473714192708333
3266,meta-llama/Llama-3.1-8B-Instruct,musical instrument,en,generic,xylophone,One example of a musical instrument is ___.,-13.2874755859375,-4.429158528645833
3267,meta-llama/Llama-3.1-8B-Instruct,musical instrument,en,indefinite_prod,accordion,Name an example of a musical instrument: ___,-8.25,-8.25
3268,meta-llama/Llama-3.1-8B-Instruct,musical instrument,en,indefinite_prod,drum,Name an example of a musical instrument: ___,-6.78125,-6.78125
3269,meta-llama/Llama-3.1-8B-Instruct,musical instrument,en,indefinite_prod,flute,Name an example of a musical instrument: ___,-6.46875,-6.46875
3270,meta-llama/Llama-3.1-8B-Instruct,musical instrument,en,indefinite_prod,guitar,Name an example of a musical instrument: ___,-5.71875,-5.71875
3271,meta-llama/Llama-3.1-8B-Instruct,musical instrument,en,indefinite_prod,harmonica,Name an example of a musical instrument: ___,-9.092041015625,-4.5460205078125
3272,meta-llama/Llama-3.1-8B-Instruct,musical instrument,en,indefinite_prod,harp,Name an example of a musical instrument: ___,-9.19842529296875,-4.599212646484375
3273,meta-llama/Llama-3.1-8B-Instruct,musical instrument,en,indefinite_prod,saxophone,Name an example of a musical instrument: ___,-8.119140625,-4.0595703125
3274,meta-llama/Llama-3.1-8B-Instruct,musical instrument,en,indefinite_prod,tambourine,Name an example of a musical instrument: ___,-8.9970703125,-2.9990234375
3275,meta-llama/Llama-3.1-8B-Instruct,musical instrument,en,indefinite_prod,trumpet,Name an example of a musical instrument: ___,-5.15625,-5.15625
3276,meta-llama/Llama-3.1-8B-Instruct,musical instrument,en,indefinite_prod,violin,Name an example of a musical instrument: ___,-5.71875,-5.71875
3277,meta-llama/Llama-3.1-8B-Instruct,musical instrument,en,indefinite_prod,bagpipe,Name an example of a musical instrument: ___,-12.4375,-6.21875
3278,meta-llama/Llama-3.1-8B-Instruct,musical instrument,en,indefinite_prod,banjo,Name an example of a musical instrument: ___,-11.40625,-5.703125
3279,meta-llama/Llama-3.1-8B-Instruct,musical instrument,en,indefinite_prod,bassoon,Name an example of a musical instrument: ___,-12.109375,-6.0546875
3280,meta-llama/Llama-3.1-8B-Instruct,musical instrument,en,indefinite_prod,bell,Name an example of a musical instrument: ___,-11.4375,-11.4375
3281,meta-llama/Llama-3.1-8B-Instruct,musical instrument,en,indefinite_prod,bongo,Name an example of a musical instrument: ___,-12.203125,-6.1015625
3282,meta-llama/Llama-3.1-8B-Instruct,musical instrument,en,indefinite_prod,cello,Name an example of a musical instrument: ___,-8.615234375,-4.3076171875
3283,meta-llama/Llama-3.1-8B-Instruct,musical instrument,en,indefinite_prod,chime,Name an example of a musical instrument: ___,-14.6484375,-7.32421875
3284,meta-llama/Llama-3.1-8B-Instruct,musical instrument,en,indefinite_prod,clarinet,Name an example of a musical instrument: ___,-8.712646484375,-4.3563232421875
3285,meta-llama/Llama-3.1-8B-Instruct,musical instrument,en,indefinite_prod,cymbal,Name an example of a musical instrument: ___,-13.0234375,-4.341145833333333
3286,meta-llama/Llama-3.1-8B-Instruct,musical instrument,en,indefinite_prod,french horn,Name an example of a musical instrument: ___,-10.65771484375,-5.328857421875
3287,meta-llama/Llama-3.1-8B-Instruct,musical instrument,en,indefinite_prod,gong,Name an example of a musical instrument: ___,-13.28125,-6.640625
3288,meta-llama/Llama-3.1-8B-Instruct,musical instrument,en,indefinite_prod,horn,Name an example of a musical instrument: ___,-7.90625,-7.90625
3289,meta-llama/Llama-3.1-8B-Instruct,musical instrument,en,indefinite_prod,kazoo,Name an example of a musical instrument: ___,-12.8831787109375,-6.44158935546875
3290,meta-llama/Llama-3.1-8B-Instruct,musical instrument,en,indefinite_prod,keyboard,Name an example of a musical instrument: ___,-9.3125,-9.3125
3291,meta-llama/Llama-3.1-8B-Instruct,musical instrument,en,indefinite_prod,mandolin,Name an example of a musical instrument: ___,-11.51416015625,-5.757080078125
3292,meta-llama/Llama-3.1-8B-Instruct,musical instrument,en,indefinite_prod,organ,Name an example of a musical instrument: ___,-10.9375,-10.9375
3293,meta-llama/Llama-3.1-8B-Instruct,musical instrument,en,indefinite_prod,piano,Name an example of a musical instrument: ___,-6.15625,-6.15625
3294,meta-llama/Llama-3.1-8B-Instruct,musical instrument,en,indefinite_prod,recorder,Name an example of a musical instrument: ___,-10.0625,-10.0625
3295,meta-llama/Llama-3.1-8B-Instruct,musical instrument,en,indefinite_prod,triangle,Name an example of a musical instrument: ___,-9.3125,-9.3125
3296,meta-llama/Llama-3.1-8B-Instruct,musical instrument,en,indefinite_prod,trombone,Name an example of a musical instrument: ___,-8.64111328125,-4.320556640625
3297,meta-llama/Llama-3.1-8B-Instruct,musical instrument,en,indefinite_prod,tuba,Name an example of a musical instrument: ___,-8.90576171875,-4.452880859375
3298,meta-llama/Llama-3.1-8B-Instruct,musical instrument,en,indefinite_prod,ukulele,Name an example of a musical instrument: ___,-12.678466796875,-4.226155598958333
3299,meta-llama/Llama-3.1-8B-Instruct,musical instrument,en,indefinite_prod,xylophone,Name an example of a musical instrument: ___,-8.640655517578125,-2.880218505859375
3300,meta-llama/Llama-3.1-8B-Instruct,office supply,en,generic,binder,One example of a office supply is ___.,-12.1875,-12.1875
3301,meta-llama/Llama-3.1-8B-Instruct,office supply,en,generic,clipboard,One example of a office supply is ___.,-11.0,-11.0
3302,meta-llama/Llama-3.1-8B-Instruct,office supply,en,generic,envelope,One example of a office supply is ___.,-11.8125,-11.8125
3303,meta-llama/Llama-3.1-8B-Instruct,office supply,en,generic,eraser,One example of a office supply is ___.,-11.5390625,-5.76953125
3304,meta-llama/Llama-3.1-8B-Instruct,office supply,en,generic,file,One example of a office supply is ___.,-10.375,-10.375
3305,meta-llama/Llama-3.1-8B-Instruct,office supply,en,generic,folder,One example of a office supply is ___.,-12.625,-12.625
3306,meta-llama/Llama-3.1-8B-Instruct,office supply,en,generic,fountain pen,One example of a office supply is ___.,-13.013671875,-6.5068359375
3307,meta-llama/Llama-3.1-8B-Instruct,office supply,en,generic,glue,One example of a office supply is ___.,-10.125,-10.125
3308,meta-llama/Llama-3.1-8B-Instruct,office supply,en,generic,highlighter,One example of a office supply is ___.,-17.40625,-8.703125
3309,meta-llama/Llama-3.1-8B-Instruct,office supply,en,generic,ink,One example of a office supply is ___.,-7.75,-7.75
3310,meta-llama/Llama-3.1-8B-Instruct,office supply,en,generic,notebook,One example of a office supply is ___.,-9.375,-9.375
3311,meta-llama/Llama-3.1-8B-Instruct,office supply,en,generic,notepad,One example of a office supply is ___.,-12.84375,-6.421875
3312,meta-llama/Llama-3.1-8B-Instruct,office supply,en,generic,paper,One example of a office supply is ___.,-6.96875,-6.96875
3313,meta-llama/Llama-3.1-8B-Instruct,office supply,en,generic,paperclip,One example of a office supply is ___.,-9.578125,-4.7890625
3314,meta-llama/Llama-3.1-8B-Instruct,office supply,en,generic,pen,One example of a office supply is ___.,-8.5,-8.5
3315,meta-llama/Llama-3.1-8B-Instruct,office supply,en,generic,pencil,One example of a office supply is ___.,-7.75,-7.75
3316,meta-llama/Llama-3.1-8B-Instruct,office supply,en,generic,pencil sharpener,One example of a office supply is ___.,-11.21319580078125,-3.73773193359375
3317,meta-llama/Llama-3.1-8B-Instruct,office supply,en,generic,punch,One example of a office supply is ___.,-11.375,-11.375
3318,meta-llama/Llama-3.1-8B-Instruct,office supply,en,generic,rubber band,One example of a office supply is ___.,-13.296875,-6.6484375
3319,meta-llama/Llama-3.1-8B-Instruct,office supply,en,generic,scissors,One example of a office supply is ___.,-12.5,-12.5
3320,meta-llama/Llama-3.1-8B-Instruct,office supply,en,generic,staple,One example of a office supply is ___.,-10.75,-10.75
3321,meta-llama/Llama-3.1-8B-Instruct,office supply,en,generic,stapler,One example of a office supply is ___.,-9.3544921875,-4.67724609375
3322,meta-llama/Llama-3.1-8B-Instruct,office supply,en,generic,tack,One example of a office supply is ___.,-16.0,-16.0
3323,meta-llama/Llama-3.1-8B-Instruct,office supply,en,generic,tape,One example of a office supply is ___.,-10.625,-10.625
3324,meta-llama/Llama-3.1-8B-Instruct,office supply,en,generic,thumbtack,One example of a office supply is ___.,-17.75,-5.916666666666667
3325,meta-llama/Llama-3.1-8B-Instruct,office supply,en,indefinite_prod,binder,Name an example of a office supply: ___,-9.4375,-9.4375
3326,meta-llama/Llama-3.1-8B-Instruct,office supply,en,indefinite_prod,clipboard,Name an example of a office supply: ___,-9.25,-9.25
3327,meta-llama/Llama-3.1-8B-Instruct,office supply,en,indefinite_prod,envelope,Name an example of a office supply: ___,-9.0625,-9.0625
3328,meta-llama/Llama-3.1-8B-Instruct,office supply,en,indefinite_prod,eraser,Name an example of a office supply: ___,-6.4453125,-3.22265625
3329,meta-llama/Llama-3.1-8B-Instruct,office supply,en,indefinite_prod,file,Name an example of a office supply: ___,-9.4375,-9.4375
3330,meta-llama/Llama-3.1-8B-Instruct,office supply,en,indefinite_prod,folder,Name an example of a office supply: ___,-10.1875,-10.1875
3331,meta-llama/Llama-3.1-8B-Instruct,office supply,en,indefinite_prod,fountain pen,Name an example of a office supply: ___,-10.96044921875,-5.480224609375
3332,meta-llama/Llama-3.1-8B-Instruct,office supply,en,indefinite_prod,glue,Name an example of a office supply: ___,-9.3125,-9.3125
3333,meta-llama/Llama-3.1-8B-Instruct,office supply,en,indefinite_prod,highlighter,Name an example of a office supply: ___,-11.388671875,-5.6943359375
3334,meta-llama/Llama-3.1-8B-Instruct,office supply,en,indefinite_prod,ink,Name an example of a office supply: ___,-7.21875,-7.21875
3335,meta-llama/Llama-3.1-8B-Instruct,office supply,en,indefinite_prod,notebook,Name an example of a office supply: ___,-6.78125,-6.78125
3336,meta-llama/Llama-3.1-8B-Instruct,office supply,en,indefinite_prod,notepad,Name an example of a office supply: ___,-11.6484375,-5.82421875
3337,meta-llama/Llama-3.1-8B-Instruct,office supply,en,indefinite_prod,paper,Name an example of a office supply: ___,-5.40625,-5.40625
3338,meta-llama/Llama-3.1-8B-Instruct,office supply,en,indefinite_prod,paperclip,Name an example of a office supply: ___,-8.71875,-4.359375
3339,meta-llama/Llama-3.1-8B-Instruct,office supply,en,indefinite_prod,pen,Name an example of a office supply: ___,-5.78125,-5.78125
3340,meta-llama/Llama-3.1-8B-Instruct,office supply,en,indefinite_prod,pencil,Name an example of a office supply: ___,-3.40625,-3.40625
3341,meta-llama/Llama-3.1-8B-Instruct,office supply,en,indefinite_prod,pencil sharpener,Name an example of a office supply: ___,-6.9412078857421875,-2.3137359619140625
3342,meta-llama/Llama-3.1-8B-Instruct,office supply,en,indefinite_prod,punch,Name an example of a office supply: ___,-11.1875,-11.1875
3343,meta-llama/Llama-3.1-8B-Instruct,office supply,en,indefinite_prod,rubber band,Name an example of a office supply: ___,-9.8203125,-4.91015625
3344,meta-llama/Llama-3.1-8B-Instruct,office supply,en,indefinite_prod,scissors,Name an example of a office supply: ___,-9.3125,-9.3125
3345,meta-llama/Llama-3.1-8B-Instruct,office supply,en,indefinite_prod,staple,Name an example of a office supply: ___,-9.6875,-9.6875
3346,meta-llama/Llama-3.1-8B-Instruct,office supply,en,indefinite_prod,stapler,Name an example of a office supply: ___,-8.816619873046875,-4.4083099365234375
3347,meta-llama/Llama-3.1-8B-Instruct,office supply,en,indefinite_prod,tack,Name an example of a office supply: ___,-15.8125,-15.8125
3348,meta-llama/Llama-3.1-8B-Instruct,office supply,en,indefinite_prod,tape,Name an example of a office supply: ___,-8.625,-8.625
3349,meta-llama/Llama-3.1-8B-Instruct,office supply,en,indefinite_prod,thumbtack,Name an example of a office supply: ___,-14.919921875,-4.973307291666667
3350,meta-llama/Llama-3.1-8B-Instruct,outerwear,en,generic,apron,One example of a outerwear is ___.,-12.021484375,-6.0107421875
3351,meta-llama/Llama-3.1-8B-Instruct,outerwear,en,generic,blazer,One example of a outerwear is ___.,-9.9150390625,-4.95751953125
3352,meta-llama/Llama-3.1-8B-Instruct,outerwear,en,generic,cape,One example of a outerwear is ___.,-12.625,-12.625
3353,meta-llama/Llama-3.1-8B-Instruct,outerwear,en,generic,cloak,One example of a outerwear is ___.,-13.0625,-13.0625
3354,meta-llama/Llama-3.1-8B-Instruct,outerwear,en,generic,coat,One example of a outerwear is ___.,-6.71875,-6.71875
3355,meta-llama/Llama-3.1-8B-Instruct,outerwear,en,generic,coverall,One example of a outerwear is ___.,-14.078125,-7.0390625
3356,meta-llama/Llama-3.1-8B-Instruct,outerwear,en,generic,fur coat,One example of a outerwear is ___.,-11.359375,-5.6796875
3357,meta-llama/Llama-3.1-8B-Instruct,outerwear,en,generic,glove,One example of a outerwear is ___.,-12.0,-12.0
3358,meta-llama/Llama-3.1-8B-Instruct,outerwear,en,generic,jacket,One example of a outerwear is ___.,-6.40625,-6.40625
3359,meta-llama/Llama-3.1-8B-Instruct,outerwear,en,generic,jumpsuit,One example of a outerwear is ___.,-12.65234375,-6.326171875
3360,meta-llama/Llama-3.1-8B-Instruct,outerwear,en,generic,lab coat,One example of a outerwear is ___.,-12.59765625,-6.298828125
3361,meta-llama/Llama-3.1-8B-Instruct,outerwear,en,generic,overalls,One example of a outerwear is ___.,-11.6875,-5.84375
3362,meta-llama/Llama-3.1-8B-Instruct,outerwear,en,generic,raincoat,One example of a outerwear is ___.,-10.986328125,-5.4931640625
3363,meta-llama/Llama-3.1-8B-Instruct,outerwear,en,generic,scarf,One example of a outerwear is ___.,-8.125,-8.125
3364,meta-llama/Llama-3.1-8B-Instruct,outerwear,en,generic,shawl,One example of a outerwear is ___.,-10.875,-5.4375
3365,meta-llama/Llama-3.1-8B-Instruct,outerwear,en,generic,snowsuit,One example of a outerwear is ___.,-16.15625,-8.078125
3366,meta-llama/Llama-3.1-8B-Instruct,outerwear,en,indefinite_prod,apron,Name an example of a outerwear: ___,-9.4775390625,-4.73876953125
3367,meta-llama/Llama-3.1-8B-Instruct,outerwear,en,indefinite_prod,blazer,Name an example of a outerwear: ___,-7.582275390625,-3.7911376953125
3368,meta-llama/Llama-3.1-8B-Instruct,outerwear,en,indefinite_prod,cape,Name an example of a outerwear: ___,-8.625,-8.625
3369,meta-llama/Llama-3.1-8B-Instruct,outerwear,en,indefinite_prod,cloak,Name an example of a outerwear: ___,-9.875,-9.875
3370,meta-llama/Llama-3.1-8B-Instruct,outerwear,en,indefinite_prod,coat,Name an example of a outerwear: ___,-4.6875,-4.6875
3371,meta-llama/Llama-3.1-8B-Instruct,outerwear,en,indefinite_prod,coverall,Name an example of a outerwear: ___,-14.671875,-7.3359375
3372,meta-llama/Llama-3.1-8B-Instruct,outerwear,en,indefinite_prod,fur coat,Name an example of a outerwear: ___,-9.375,-4.6875
3373,meta-llama/Llama-3.1-8B-Instruct,outerwear,en,indefinite_prod,glove,Name an example of a outerwear: ___,-8.375,-8.375
3374,meta-llama/Llama-3.1-8B-Instruct,outerwear,en,indefinite_prod,jacket,Name an example of a outerwear: ___,-3.625,-3.625
3375,meta-llama/Llama-3.1-8B-Instruct,outerwear,en,indefinite_prod,jumpsuit,Name an example of a outerwear: ___,-11.92578125,-5.962890625
3376,meta-llama/Llama-3.1-8B-Instruct,outerwear,en,indefinite_prod,lab coat,Name an example of a outerwear: ___,-12.4765625,-6.23828125
3377,meta-llama/Llama-3.1-8B-Instruct,outerwear,en,indefinite_prod,overalls,Name an example of a outerwear: ___,-10.15625,-5.078125
3378,meta-llama/Llama-3.1-8B-Instruct,outerwear,en,indefinite_prod,raincoat,Name an example of a outerwear: ___,-8.7529296875,-4.37646484375
3379,meta-llama/Llama-3.1-8B-Instruct,outerwear,en,indefinite_prod,scarf,Name an example of a outerwear: ___,-5.0,-5.0
3380,meta-llama/Llama-3.1-8B-Instruct,outerwear,en,indefinite_prod,shawl,Name an example of a outerwear: ___,-8.685546875,-4.3427734375
3381,meta-llama/Llama-3.1-8B-Instruct,outerwear,en,indefinite_prod,snowsuit,Name an example of a outerwear: ___,-14.0625,-7.03125
3382,meta-llama/Llama-3.1-8B-Instruct,part of car,en,generic,airbag,One example of a part of car is ___.,-11.234375,-5.6171875
3383,meta-llama/Llama-3.1-8B-Instruct,part of car,en,generic,brake,One example of a part of car is ___.,-8.0,-8.0
3384,meta-llama/Llama-3.1-8B-Instruct,part of car,en,generic,bumper,One example of a part of car is ___.,-9.875,-9.875
3385,meta-llama/Llama-3.1-8B-Instruct,part of car,en,generic,car door,One example of a part of car is ___.,-9.28125,-4.640625
3386,meta-llama/Llama-3.1-8B-Instruct,part of car,en,generic,car seat,One example of a part of car is ___.,-8.71875,-4.359375
3387,meta-llama/Llama-3.1-8B-Instruct,part of car,en,generic,dashboard,One example of a part of car is ___.,-9.6875,-9.6875
3388,meta-llama/Llama-3.1-8B-Instruct,part of car,en,generic,engine,One example of a part of car is ___.,-5.53125,-5.53125
3389,meta-llama/Llama-3.1-8B-Instruct,part of car,en,generic,exhaust pipe,One example of a part of car is ___.,-10.7734375,-5.38671875
3390,meta-llama/Llama-3.1-8B-Instruct,part of car,en,generic,gasket,One example of a part of car is ___.,-11.203125,-5.6015625
3391,meta-llama/Llama-3.1-8B-Instruct,part of car,en,generic,gearshift,One example of a part of car is ___.,-13.640625,-6.8203125
3392,meta-llama/Llama-3.1-8B-Instruct,part of car,en,generic,grille,One example of a part of car is ___.,-10.3125,-10.3125
3393,meta-llama/Llama-3.1-8B-Instruct,part of car,en,generic,handbrake,One example of a part of car is ___.,-12.58251953125,-4.194173177083333
3394,meta-llama/Llama-3.1-8B-Instruct,part of car,en,generic,headlight,One example of a part of car is ___.,-9.431640625,-4.7158203125
3395,meta-llama/Llama-3.1-8B-Instruct,part of car,en,generic,headrest,One example of a part of car is ___.,-15.1875,-7.59375
3396,meta-llama/Llama-3.1-8B-Instruct,part of car,en,generic,hubcap,One example of a part of car is ___.,-12.01171875,-6.005859375
3397,meta-llama/Llama-3.1-8B-Instruct,part of car,en,generic,license plate,One example of a part of car is ___.,-10.2353515625,-5.11767578125
3398,meta-llama/Llama-3.1-8B-Instruct,part of car,en,generic,odometer,One example of a part of car is ___.,-12.26263427734375,-6.131317138671875
3399,meta-llama/Llama-3.1-8B-Instruct,part of car,en,generic,pedal,One example of a part of car is ___.,-10.8125,-10.8125
3400,meta-llama/Llama-3.1-8B-Instruct,part of car,en,generic,rearview mirror,One example of a part of car is ___.,-8.8369140625,-2.9456380208333335
3401,meta-llama/Llama-3.1-8B-Instruct,part of car,en,generic,rim,One example of a part of car is ___.,-10.6875,-10.6875
3402,meta-llama/Llama-3.1-8B-Instruct,part of car,en,generic,roof rack,One example of a part of car is ___.,-16.375,-8.1875
3403,meta-llama/Llama-3.1-8B-Instruct,part of car,en,generic,seatbelt,One example of a part of car is ___.,-10.5234375,-5.26171875
3404,meta-llama/Llama-3.1-8B-Instruct,part of car,en,generic,spark plug,One example of a part of car is ___.,-10.05078125,-5.025390625
3405,meta-llama/Llama-3.1-8B-Instruct,part of car,en,generic,speedometer,One example of a part of car is ___.,-12.1171875,-6.05859375
3406,meta-llama/Llama-3.1-8B-Instruct,part of car,en,generic,steering wheel,One example of a part of car is ___.,-9.0546875,-4.52734375
3407,meta-llama/Llama-3.1-8B-Instruct,part of car,en,generic,sunroof,One example of a part of car is ___.,-12.212890625,-6.1064453125
3408,meta-llama/Llama-3.1-8B-Instruct,part of car,en,generic,taillight,One example of a part of car is ___.,-10.92041015625,-3.64013671875
3409,meta-llama/Llama-3.1-8B-Instruct,part of car,en,generic,wheel,One example of a part of car is ___.,-7.25,-7.25
3410,meta-llama/Llama-3.1-8B-Instruct,part of car,en,generic,windshield,One example of a part of car is ___.,-9.25,-9.25
3411,meta-llama/Llama-3.1-8B-Instruct,part of car,en,generic,windshield wiper,One example of a part of car is ___.,-12.55078125,-4.18359375
3412,meta-llama/Llama-3.1-8B-Instruct,part of car,en,indefinite_prod,airbag,Name an example of a part of car: ___,-9.59375,-4.796875
3413,meta-llama/Llama-3.1-8B-Instruct,part of car,en,indefinite_prod,brake,Name an example of a part of car: ___,-6.09375,-6.09375
3414,meta-llama/Llama-3.1-8B-Instruct,part of car,en,indefinite_prod,bumper,Name an example of a part of car: ___,-6.8125,-6.8125
3415,meta-llama/Llama-3.1-8B-Instruct,part of car,en,indefinite_prod,car door,Name an example of a part of car: ___,-10.609375,-5.3046875
3416,meta-llama/Llama-3.1-8B-Instruct,part of car,en,indefinite_prod,car seat,Name an example of a part of car: ___,-10.109375,-5.0546875
3417,meta-llama/Llama-3.1-8B-Instruct,part of car,en,indefinite_prod,dashboard,Name an example of a part of car: ___,-7.3125,-7.3125
3418,meta-llama/Llama-3.1-8B-Instruct,part of car,en,indefinite_prod,engine,Name an example of a part of car: ___,-4.71875,-4.71875
3419,meta-llama/Llama-3.1-8B-Instruct,part of car,en,indefinite_prod,exhaust pipe,Name an example of a part of car: ___,-9.4375,-4.71875
3420,meta-llama/Llama-3.1-8B-Instruct,part of car,en,indefinite_prod,gasket,Name an example of a part of car: ___,-9.6015625,-4.80078125
3421,meta-llama/Llama-3.1-8B-Instruct,part of car,en,indefinite_prod,gearshift,Name an example of a part of car: ___,-12.5625,-6.28125
3422,meta-llama/Llama-3.1-8B-Instruct,part of car,en,indefinite_prod,grille,Name an example of a part of car: ___,-7.90625,-7.90625
3423,meta-llama/Llama-3.1-8B-Instruct,part of car,en,indefinite_prod,handbrake,Name an example of a part of car: ___,-12.7926025390625,-4.264200846354167
3424,meta-llama/Llama-3.1-8B-Instruct,part of car,en,indefinite_prod,headlight,Name an example of a part of car: ___,-7.9375,-3.96875
3425,meta-llama/Llama-3.1-8B-Instruct,part of car,en,indefinite_prod,headrest,Name an example of a part of car: ___,-14.375,-7.1875
3426,meta-llama/Llama-3.1-8B-Instruct,part of car,en,indefinite_prod,hubcap,Name an example of a part of car: ___,-12.578125,-6.2890625
3427,meta-llama/Llama-3.1-8B-Instruct,part of car,en,indefinite_prod,license plate,Name an example of a part of car: ___,-7.2001953125,-3.60009765625
3428,meta-llama/Llama-3.1-8B-Instruct,part of car,en,indefinite_prod,odometer,Name an example of a part of car: ___,-10.128494262695312,-5.064247131347656
3429,meta-llama/Llama-3.1-8B-Instruct,part of car,en,indefinite_prod,pedal,Name an example of a part of car: ___,-9.3125,-9.3125
3430,meta-llama/Llama-3.1-8B-Instruct,part of car,en,indefinite_prod,rearview mirror,Name an example of a part of car: ___,-7.8984375,-2.6328125
3431,meta-llama/Llama-3.1-8B-Instruct,part of car,en,indefinite_prod,rim,Name an example of a part of car: ___,-9.0,-9.0
3432,meta-llama/Llama-3.1-8B-Instruct,part of car,en,indefinite_prod,roof rack,Name an example of a part of car: ___,-15.625,-7.8125
3433,meta-llama/Llama-3.1-8B-Instruct,part of car,en,indefinite_prod,seatbelt,Name an example of a part of car: ___,-10.0,-5.0
3434,meta-llama/Llama-3.1-8B-Instruct,part of car,en,indefinite_prod,spark plug,Name an example of a part of car: ___,-8.138671875,-4.0693359375
3435,meta-llama/Llama-3.1-8B-Instruct,part of car,en,indefinite_prod,speedometer,Name an example of a part of car: ___,-9.587890625,-4.7939453125
3436,meta-llama/Llama-3.1-8B-Instruct,part of car,en,indefinite_prod,steering wheel,Name an example of a part of car: ___,-6.041015625,-3.0205078125
3437,meta-llama/Llama-3.1-8B-Instruct,part of car,en,indefinite_prod,sunroof,Name an example of a part of car: ___,-10.96484375,-5.482421875
3438,meta-llama/Llama-3.1-8B-Instruct,part of car,en,indefinite_prod,taillight,Name an example of a part of car: ___,-10.6953125,-3.5651041666666665
3439,meta-llama/Llama-3.1-8B-Instruct,part of car,en,indefinite_prod,wheel,Name an example of a part of car: ___,-4.96875,-4.96875
3440,meta-llama/Llama-3.1-8B-Instruct,part of car,en,indefinite_prod,windshield,Name an example of a part of car: ___,-5.65625,-5.65625
3441,meta-llama/Llama-3.1-8B-Instruct,part of car,en,indefinite_prod,windshield wiper,Name an example of a part of car: ___,-10.431640625,-3.4772135416666665
3442,meta-llama/Llama-3.1-8B-Instruct,personal hygiene item,en,generic,clipper,One example of a personal hygiene item is ___.,-14.328125,-7.1640625
3443,meta-llama/Llama-3.1-8B-Instruct,personal hygiene item,en,generic,comb,One example of a personal hygiene item is ___.,-12.875,-12.875
3444,meta-llama/Llama-3.1-8B-Instruct,personal hygiene item,en,generic,curling iron,One example of a personal hygiene item is ___.,-16.509765625,-5.503255208333333
3445,meta-llama/Llama-3.1-8B-Instruct,personal hygiene item,en,generic,deodorant,One example of a personal hygiene item is ___.,-8.579681396484375,-2.859893798828125
3446,meta-llama/Llama-3.1-8B-Instruct,personal hygiene item,en,generic,diaper,One example of a personal hygiene item is ___.,-12.125,-12.125
3447,meta-llama/Llama-3.1-8B-Instruct,personal hygiene item,en,generic,eyeliner,One example of a personal hygiene item is ___.,-13.32421875,-6.662109375
3448,meta-llama/Llama-3.1-8B-Instruct,personal hygiene item,en,generic,flatiron,One example of a personal hygiene item is ___.,-19.0,-9.5
3449,meta-llama/Llama-3.1-8B-Instruct,personal hygiene item,en,generic,floss,One example of a personal hygiene item is ___.,-10.8046875,-5.40234375
3450,meta-llama/Llama-3.1-8B-Instruct,personal hygiene item,en,generic,hairbrush,One example of a personal hygiene item is ___.,-8.51953125,-4.259765625
3451,meta-llama/Llama-3.1-8B-Instruct,personal hygiene item,en,generic,hairdryer,One example of a personal hygiene item is ___.,-13.47900390625,-4.493001302083333
3452,meta-llama/Llama-3.1-8B-Instruct,personal hygiene item,en,generic,hairspray,One example of a personal hygiene item is ___.,-9.777099609375,-4.8885498046875
3453,meta-llama/Llama-3.1-8B-Instruct,personal hygiene item,en,generic,lip balm,One example of a personal hygiene item is ___.,-10.595251321792603,-3.531750440597534
3454,meta-llama/Llama-3.1-8B-Instruct,personal hygiene item,en,generic,lip gloss,One example of a personal hygiene item is ___.,-13.34375,-6.671875
3455,meta-llama/Llama-3.1-8B-Instruct,personal hygiene item,en,generic,lipstick,One example of a personal hygiene item is ___.,-11.625,-11.625
3456,meta-llama/Llama-3.1-8B-Instruct,personal hygiene item,en,generic,makeup,One example of a personal hygiene item is ___.,-10.875,-10.875
3457,meta-llama/Llama-3.1-8B-Instruct,personal hygiene item,en,generic,mascara,One example of a personal hygiene item is ___.,-10.875,-10.875
3458,meta-llama/Llama-3.1-8B-Instruct,personal hygiene item,en,generic,nail clippers,One example of a personal hygiene item is ___.,-11.0008544921875,-3.6669514973958335
3459,meta-llama/Llama-3.1-8B-Instruct,personal hygiene item,en,generic,nail file,One example of a personal hygiene item is ___.,-14.5,-7.25
3460,meta-llama/Llama-3.1-8B-Instruct,personal hygiene item,en,generic,nail polish,One example of a personal hygiene item is ___.,-11.3671875,-5.68359375
3461,meta-llama/Llama-3.1-8B-Instruct,personal hygiene item,en,generic,perfume,One example of a personal hygiene item is ___.,-10.4375,-10.4375
3462,meta-llama/Llama-3.1-8B-Instruct,personal hygiene item,en,generic,razor,One example of a personal hygiene item is ___.,-14.25,-14.25
3463,meta-llama/Llama-3.1-8B-Instruct,personal hygiene item,en,generic,shaving cream,One example of a personal hygiene item is ___.,-11.4140625,-5.70703125
3464,meta-llama/Llama-3.1-8B-Instruct,personal hygiene item,en,generic,shower cap,One example of a personal hygiene item is ___.,-14.0,-7.0
3465,meta-llama/Llama-3.1-8B-Instruct,personal hygiene item,en,generic,soap,One example of a personal hygiene item is ___.,-6.21875,-6.21875
3466,meta-llama/Llama-3.1-8B-Instruct,personal hygiene item,en,generic,swab,One example of a personal hygiene item is ___.,-16.078125,-8.0390625
3467,meta-llama/Llama-3.1-8B-Instruct,personal hygiene item,en,generic,toilet paper,One example of a personal hygiene item is ___.,-8.22314453125,-4.111572265625
3468,meta-llama/Llama-3.1-8B-Instruct,personal hygiene item,en,generic,toothbrush,One example of a personal hygiene item is ___.,-7.2734375,-3.63671875
3469,meta-llama/Llama-3.1-8B-Instruct,personal hygiene item,en,generic,toothpaste,One example of a personal hygiene item is ___.,-6.5234375,-3.26171875
3470,meta-llama/Llama-3.1-8B-Instruct,personal hygiene item,en,generic,toothpick,One example of a personal hygiene item is ___.,-14.625,-7.3125
3471,meta-llama/Llama-3.1-8B-Instruct,personal hygiene item,en,generic,tweezers,One example of a personal hygiene item is ___.,-15.762420654296875,-5.254140218098958
3472,meta-llama/Llama-3.1-8B-Instruct,personal hygiene item,en,generic,washcloth,One example of a personal hygiene item is ___.,-12.296875,-6.1484375
3473,meta-llama/Llama-3.1-8B-Instruct,personal hygiene item,en,indefinite_prod,clipper,Name an example of a personal hygiene item: ___,-14.296875,-7.1484375
3474,meta-llama/Llama-3.1-8B-Instruct,personal hygiene item,en,indefinite_prod,comb,Name an example of a personal hygiene item: ___,-7.71875,-7.71875
3475,meta-llama/Llama-3.1-8B-Instruct,personal hygiene item,en,indefinite_prod,curling iron,Name an example of a personal hygiene item: ___,-14.423828125,-4.807942708333333
3476,meta-llama/Llama-3.1-8B-Instruct,personal hygiene item,en,indefinite_prod,deodorant,Name an example of a personal hygiene item: ___,-8.157440185546875,-2.719146728515625
3477,meta-llama/Llama-3.1-8B-Instruct,personal hygiene item,en,indefinite_prod,diaper,Name an example of a personal hygiene item: ___,-10.6875,-10.6875
3478,meta-llama/Llama-3.1-8B-Instruct,personal hygiene item,en,indefinite_prod,eyeliner,Name an example of a personal hygiene item: ___,-9.35546875,-4.677734375
3479,meta-llama/Llama-3.1-8B-Instruct,personal hygiene item,en,indefinite_prod,flatiron,Name an example of a personal hygiene item: ___,-16.390625,-8.1953125
3480,meta-llama/Llama-3.1-8B-Instruct,personal hygiene item,en,indefinite_prod,floss,Name an example of a personal hygiene item: ___,-8.14990234375,-4.074951171875
3481,meta-llama/Llama-3.1-8B-Instruct,personal hygiene item,en,indefinite_prod,hairbrush,Name an example of a personal hygiene item: ___,-7.87890625,-3.939453125
3482,meta-llama/Llama-3.1-8B-Instruct,personal hygiene item,en,indefinite_prod,hairdryer,Name an example of a personal hygiene item: ___,-13.944000244140625,-4.648000081380208
3483,meta-llama/Llama-3.1-8B-Instruct,personal hygiene item,en,indefinite_prod,hairspray,Name an example of a personal hygiene item: ___,-9.7674560546875,-4.88372802734375
3484,meta-llama/Llama-3.1-8B-Instruct,personal hygiene item,en,indefinite_prod,lip balm,Name an example of a personal hygiene item: ___,-9.567918539047241,-3.1893061796824136
3485,meta-llama/Llama-3.1-8B-Instruct,personal hygiene item,en,indefinite_prod,lip gloss,Name an example of a personal hygiene item: ___,-13.1875,-6.59375
3486,meta-llama/Llama-3.1-8B-Instruct,personal hygiene item,en,indefinite_prod,lipstick,Name an example of a personal hygiene item: ___,-9.6875,-9.6875
3487,meta-llama/Llama-3.1-8B-Instruct,personal hygiene item,en,indefinite_prod,makeup,Name an example of a personal hygiene item: ___,-9.5625,-9.5625
3488,meta-llama/Llama-3.1-8B-Instruct,personal hygiene item,en,indefinite_prod,mascara,Name an example of a personal hygiene item: ___,-8.125,-8.125
3489,meta-llama/Llama-3.1-8B-Instruct,personal hygiene item,en,indefinite_prod,nail clippers,Name an example of a personal hygiene item: ___,-9.389678955078125,-3.1298929850260415
3490,meta-llama/Llama-3.1-8B-Instruct,personal hygiene item,en,indefinite_prod,nail file,Name an example of a personal hygiene item: ___,-11.390625,-5.6953125
3491,meta-llama/Llama-3.1-8B-Instruct,personal hygiene item,en,indefinite_prod,nail polish,Name an example of a personal hygiene item: ___,-9.7578125,-4.87890625
3492,meta-llama/Llama-3.1-8B-Instruct,personal hygiene item,en,indefinite_prod,perfume,Name an example of a personal hygiene item: ___,-11.625,-11.625
3493,meta-llama/Llama-3.1-8B-Instruct,personal hygiene item,en,indefinite_prod,razor,Name an example of a personal hygiene item: ___,-10.375,-10.375
3494,meta-llama/Llama-3.1-8B-Instruct,personal hygiene item,en,indefinite_prod,shaving cream,Name an example of a personal hygiene item: ___,-8.6640625,-4.33203125
3495,meta-llama/Llama-3.1-8B-Instruct,personal hygiene item,en,indefinite_prod,shower cap,Name an example of a personal hygiene item: ___,-11.71875,-5.859375
3496,meta-llama/Llama-3.1-8B-Instruct,personal hygiene item,en,indefinite_prod,soap,Name an example of a personal hygiene item: ___,-3.65625,-3.65625
3497,meta-llama/Llama-3.1-8B-Instruct,personal hygiene item,en,indefinite_prod,swab,Name an example of a personal hygiene item: ___,-15.3232421875,-7.66162109375
3498,meta-llama/Llama-3.1-8B-Instruct,personal hygiene item,en,indefinite_prod,toilet paper,Name an example of a personal hygiene item: ___,-6.88671875,-3.443359375
3499,meta-llama/Llama-3.1-8B-Instruct,personal hygiene item,en,indefinite_prod,toothbrush,Name an example of a personal hygiene item: ___,-3.4921875,-1.74609375
3500,meta-llama/Llama-3.1-8B-Instruct,personal hygiene item,en,indefinite_prod,toothpaste,Name an example of a personal hygiene item: ___,-4.4921875,-2.24609375
3501,meta-llama/Llama-3.1-8B-Instruct,personal hygiene item,en,indefinite_prod,toothpick,Name an example of a personal hygiene item: ___,-11.171875,-5.5859375
3502,meta-llama/Llama-3.1-8B-Instruct,personal hygiene item,en,indefinite_prod,tweezers,Name an example of a personal hygiene item: ___,-12.6695556640625,-4.223185221354167
3503,meta-llama/Llama-3.1-8B-Instruct,personal hygiene item,en,indefinite_prod,washcloth,Name an example of a personal hygiene item: ___,-10.24609375,-5.123046875
3504,meta-llama/Llama-3.1-8B-Instruct,plant,en,generic,asparagus,One example of a plant is ___.,-10.84375,-5.421875
3505,meta-llama/Llama-3.1-8B-Instruct,plant,en,generic,broccoli,One example of a plant is ___.,-12.125,-12.125
3506,meta-llama/Llama-3.1-8B-Instruct,plant,en,generic,lettuce,One example of a plant is ___.,-12.3125,-12.3125
3507,meta-llama/Llama-3.1-8B-Instruct,plant,en,generic,spinach,One example of a plant is ___.,-13.25,-13.25
3508,meta-llama/Llama-3.1-8B-Instruct,plant,en,generic,aloe,One example of a plant is ___.,-14.0625,-7.03125
3509,meta-llama/Llama-3.1-8B-Instruct,plant,en,generic,apple tree,One example of a plant is ___.,-14.453125,-7.2265625
3510,meta-llama/Llama-3.1-8B-Instruct,plant,en,generic,artichoke,One example of a plant is ___.,-13.865234375,-4.621744791666667
3511,meta-llama/Llama-3.1-8B-Instruct,plant,en,generic,arugula,One example of a plant is ___.,-11.611282348632812,-3.870427449544271
3512,meta-llama/Llama-3.1-8B-Instruct,plant,en,generic,bamboo,One example of a plant is ___.,-12.75,-12.75
3513,meta-llama/Llama-3.1-8B-Instruct,plant,en,generic,basil,One example of a plant is ___.,-12.5625,-12.5625
3514,meta-llama/Llama-3.1-8B-Instruct,plant,en,generic,bok choy,One example of a plant is ___.,-16.648481369018555,-4.162120342254639
3515,meta-llama/Llama-3.1-8B-Instruct,plant,en,generic,bonsai,One example of a plant is ___.,-13.600341796875,-6.8001708984375
3516,meta-llama/Llama-3.1-8B-Instruct,plant,en,generic,bush,One example of a plant is ___.,-14.0625,-14.0625
3517,meta-llama/Llama-3.1-8B-Instruct,plant,en,generic,cabbage,One example of a plant is ___.,-12.25,-12.25
3518,meta-llama/Llama-3.1-8B-Instruct,plant,en,generic,cactus,One example of a plant is ___.,-11.890625,-5.9453125
3519,meta-llama/Llama-3.1-8B-Instruct,plant,en,generic,chive,One example of a plant is ___.,-16.40625,-8.203125
3520,meta-llama/Llama-3.1-8B-Instruct,plant,en,generic,cilantro,One example of a plant is ___.,-15.19384765625,-7.596923828125
3521,meta-llama/Llama-3.1-8B-Instruct,plant,en,generic,clover,One example of a plant is ___.,-12.1422119140625,-6.07110595703125
3522,meta-llama/Llama-3.1-8B-Instruct,plant,en,generic,corn,One example of a plant is ___.,-10.4375,-10.4375
3523,meta-llama/Llama-3.1-8B-Instruct,plant,en,generic,daisy,One example of a plant is ___.,-15.078125,-7.5390625
3524,meta-llama/Llama-3.1-8B-Instruct,plant,en,generic,dandelion,One example of a plant is ___.,-15.06787109375,-5.022623697916667
3525,meta-llama/Llama-3.1-8B-Instruct,plant,en,generic,fern,One example of a plant is ___.,-11.875,-11.875
3526,meta-llama/Llama-3.1-8B-Instruct,plant,en,generic,flower,One example of a plant is ___.,-10.3125,-10.3125
3527,meta-llama/Llama-3.1-8B-Instruct,plant,en,generic,grapevine,One example of a plant is ___.,-13.91015625,-6.955078125
3528,meta-llama/Llama-3.1-8B-Instruct,plant,en,generic,grass,One example of a plant is ___.,-9.0,-9.0
3529,meta-llama/Llama-3.1-8B-Instruct,plant,en,generic,hedge,One example of a plant is ___.,-13.0625,-13.0625
3530,meta-llama/Llama-3.1-8B-Instruct,plant,en,generic,ivy,One example of a plant is ___.,-14.49609375,-7.248046875
3531,meta-llama/Llama-3.1-8B-Instruct,plant,en,generic,kale,One example of a plant is ___.,-14.9375,-14.9375
3532,meta-llama/Llama-3.1-8B-Instruct,plant,en,generic,lavender,One example of a plant is ___.,-13.4375,-13.4375
3533,meta-llama/Llama-3.1-8B-Instruct,plant,en,generic,leek,One example of a plant is ___.,-14.265625,-7.1328125
3534,meta-llama/Llama-3.1-8B-Instruct,plant,en,generic,marijuana,One example of a plant is ___.,-12.0625,-12.0625
3535,meta-llama/Llama-3.1-8B-Instruct,plant,en,generic,mint,One example of a plant is ___.,-14.0,-14.0
3536,meta-llama/Llama-3.1-8B-Instruct,plant,en,generic,moss,One example of a plant is ___.,-11.6875,-11.6875
3537,meta-llama/Llama-3.1-8B-Instruct,plant,en,generic,orchid,One example of a plant is ___.,-10.935546875,-5.4677734375
3538,meta-llama/Llama-3.1-8B-Instruct,plant,en,generic,palm tree,One example of a plant is ___.,-15.27734375,-7.638671875
3539,meta-llama/Llama-3.1-8B-Instruct,plant,en,generic,parsley,One example of a plant is ___.,-11.3125,-11.3125
3540,meta-llama/Llama-3.1-8B-Instruct,plant,en,generic,pine tree,One example of a plant is ___.,-13.734375,-6.8671875
3541,meta-llama/Llama-3.1-8B-Instruct,plant,en,generic,plant,One example of a plant is ___.,-6.1875,-6.1875
3542,meta-llama/Llama-3.1-8B-Instruct,plant,en,generic,poinsettia,One example of a plant is ___.,-12.6494140625,-3.162353515625
3543,meta-llama/Llama-3.1-8B-Instruct,plant,en,generic,poppy,One example of a plant is ___.,-14.125,-7.0625
3544,meta-llama/Llama-3.1-8B-Instruct,plant,en,generic,rose,One example of a plant is ___.,-11.9375,-11.9375
3545,meta-llama/Llama-3.1-8B-Instruct,plant,en,generic,seaweed,One example of a plant is ___.,-14.224365234375,-7.1121826171875
3546,meta-llama/Llama-3.1-8B-Instruct,plant,en,generic,sunflower,One example of a plant is ___.,-11.677734375,-5.8388671875
3547,meta-llama/Llama-3.1-8B-Instruct,plant,en,generic,tree,One example of a plant is ___.,-11.0,-11.0
3548,meta-llama/Llama-3.1-8B-Instruct,plant,en,generic,tulip,One example of a plant is ___.,-14.35791015625,-7.178955078125
3549,meta-llama/Llama-3.1-8B-Instruct,plant,en,generic,tumbleweed,One example of a plant is ___.,-19.46875,-9.734375
3550,meta-llama/Llama-3.1-8B-Instruct,plant,en,generic,weed,One example of a plant is ___.,-11.25,-11.25
3551,meta-llama/Llama-3.1-8B-Instruct,plant,en,indefinite_prod,asparagus,Name an example of a plant: ___,-8.9208984375,-4.46044921875
3552,meta-llama/Llama-3.1-8B-Instruct,plant,en,indefinite_prod,broccoli,Name an example of a plant: ___,-8.6875,-8.6875
3553,meta-llama/Llama-3.1-8B-Instruct,plant,en,indefinite_prod,lettuce,Name an example of a plant: ___,-10.6875,-10.6875
3554,meta-llama/Llama-3.1-8B-Instruct,plant,en,indefinite_prod,spinach,Name an example of a plant: ___,-9.0625,-9.0625
3555,meta-llama/Llama-3.1-8B-Instruct,plant,en,indefinite_prod,aloe,Name an example of a plant: ___,-7.17578125,-3.587890625
3556,meta-llama/Llama-3.1-8B-Instruct,plant,en,indefinite_prod,apple tree,Name an example of a plant: ___,-10.96875,-5.484375
3557,meta-llama/Llama-3.1-8B-Instruct,plant,en,indefinite_prod,artichoke,Name an example of a plant: ___,-13.6279296875,-4.542643229166667
3558,meta-llama/Llama-3.1-8B-Instruct,plant,en,indefinite_prod,arugula,Name an example of a plant: ___,-13.5770263671875,-4.525675455729167
3559,meta-llama/Llama-3.1-8B-Instruct,plant,en,indefinite_prod,bamboo,Name an example of a plant: ___,-8.875,-8.875
3560,meta-llama/Llama-3.1-8B-Instruct,plant,en,indefinite_prod,basil,Name an example of a plant: ___,-10.0,-10.0
3561,meta-llama/Llama-3.1-8B-Instruct,plant,en,indefinite_prod,bok choy,Name an example of a plant: ___,-14.494071960449219,-3.6235179901123047
3562,meta-llama/Llama-3.1-8B-Instruct,plant,en,indefinite_prod,bonsai,Name an example of a plant: ___,-10.32720947265625,-5.163604736328125
3563,meta-llama/Llama-3.1-8B-Instruct,plant,en,indefinite_prod,bush,Name an example of a plant: ___,-10.5,-10.5
3564,meta-llama/Llama-3.1-8B-Instruct,plant,en,indefinite_prod,cabbage,Name an example of a plant: ___,-10.1875,-10.1875
3565,meta-llama/Llama-3.1-8B-Instruct,plant,en,indefinite_prod,cactus,Name an example of a plant: ___,-8.798828125,-4.3994140625
3566,meta-llama/Llama-3.1-8B-Instruct,plant,en,indefinite_prod,chive,Name an example of a plant: ___,-16.6875,-8.34375
3567,meta-llama/Llama-3.1-8B-Instruct,plant,en,indefinite_prod,cilantro,Name an example of a plant: ___,-13.294921875,-6.6474609375
3568,meta-llama/Llama-3.1-8B-Instruct,plant,en,indefinite_prod,clover,Name an example of a plant: ___,-8.2730712890625,-4.13653564453125
3569,meta-llama/Llama-3.1-8B-Instruct,plant,en,indefinite_prod,corn,Name an example of a plant: ___,-9.0,-9.0
3570,meta-llama/Llama-3.1-8B-Instruct,plant,en,indefinite_prod,daisy,Name an example of a plant: ___,-7.0166015625,-3.50830078125
3571,meta-llama/Llama-3.1-8B-Instruct,plant,en,indefinite_prod,dandelion,Name an example of a plant: ___,-11.741943359375,-3.9139811197916665
3572,meta-llama/Llama-3.1-8B-Instruct,plant,en,indefinite_prod,fern,Name an example of a plant: ___,-7.0,-7.0
3573,meta-llama/Llama-3.1-8B-Instruct,plant,en,indefinite_prod,flower,Name an example of a plant: ___,-7.78125,-7.78125
3574,meta-llama/Llama-3.1-8B-Instruct,plant,en,indefinite_prod,grapevine,Name an example of a plant: ___,-11.740234375,-5.8701171875
3575,meta-llama/Llama-3.1-8B-Instruct,plant,en,indefinite_prod,grass,Name an example of a plant: ___,-8.625,-8.625
3576,meta-llama/Llama-3.1-8B-Instruct,plant,en,indefinite_prod,hedge,Name an example of a plant: ___,-11.0625,-11.0625
3577,meta-llama/Llama-3.1-8B-Instruct,plant,en,indefinite_prod,ivy,Name an example of a plant: ___,-9.07373046875,-4.536865234375
3578,meta-llama/Llama-3.1-8B-Instruct,plant,en,indefinite_prod,kale,Name an example of a plant: ___,-12.25,-12.25
3579,meta-llama/Llama-3.1-8B-Instruct,plant,en,indefinite_prod,lavender,Name an example of a plant: ___,-7.1875,-7.1875
3580,meta-llama/Llama-3.1-8B-Instruct,plant,en,indefinite_prod,leek,Name an example of a plant: ___,-16.09375,-8.046875
3581,meta-llama/Llama-3.1-8B-Instruct,plant,en,indefinite_prod,marijuana,Name an example of a plant: ___,-10.25,-10.25
3582,meta-llama/Llama-3.1-8B-Instruct,plant,en,indefinite_prod,mint,Name an example of a plant: ___,-11.0,-11.0
3583,meta-llama/Llama-3.1-8B-Instruct,plant,en,indefinite_prod,moss,Name an example of a plant: ___,-9.375,-9.375
3584,meta-llama/Llama-3.1-8B-Instruct,plant,en,indefinite_prod,orchid,Name an example of a plant: ___,-6.549072265625,-3.2745361328125
3585,meta-llama/Llama-3.1-8B-Instruct,plant,en,indefinite_prod,palm tree,Name an example of a plant: ___,-11.6875,-5.84375
3586,meta-llama/Llama-3.1-8B-Instruct,plant,en,indefinite_prod,parsley,Name an example of a plant: ___,-8.625,-8.625
3587,meta-llama/Llama-3.1-8B-Instruct,plant,en,indefinite_prod,pine tree,Name an example of a plant: ___,-10.328125,-5.1640625
3588,meta-llama/Llama-3.1-8B-Instruct,plant,en,indefinite_prod,plant,Name an example of a plant: ___,-7.03125,-7.03125
3589,meta-llama/Llama-3.1-8B-Instruct,plant,en,indefinite_prod,poinsettia,Name an example of a plant: ___,-11.44384765625,-2.8609619140625
3590,meta-llama/Llama-3.1-8B-Instruct,plant,en,indefinite_prod,poppy,Name an example of a plant: ___,-11.119140625,-5.5595703125
3591,meta-llama/Llama-3.1-8B-Instruct,plant,en,indefinite_prod,rose,Name an example of a plant: ___,-6.5,-6.5
3592,meta-llama/Llama-3.1-8B-Instruct,plant,en,indefinite_prod,seaweed,Name an example of a plant: ___,-13.5308837890625,-6.76544189453125
3593,meta-llama/Llama-3.1-8B-Instruct,plant,en,indefinite_prod,sunflower,Name an example of a plant: ___,-7.72119140625,-3.860595703125
3594,meta-llama/Llama-3.1-8B-Instruct,plant,en,indefinite_prod,tree,Name an example of a plant: ___,-6.9375,-6.9375
3595,meta-llama/Llama-3.1-8B-Instruct,plant,en,indefinite_prod,tulip,Name an example of a plant: ___,-7.612548828125,-3.8062744140625
3596,meta-llama/Llama-3.1-8B-Instruct,plant,en,indefinite_prod,tumbleweed,Name an example of a plant: ___,-16.30859375,-8.154296875
3597,meta-llama/Llama-3.1-8B-Instruct,plant,en,indefinite_prod,weed,Name an example of a plant: ___,-10.8125,-10.8125
3598,meta-llama/Llama-3.1-8B-Instruct,protective clothing,en,generic,apron,One example of a protective clothing is ___.,-11.091796875,-5.5458984375
3599,meta-llama/Llama-3.1-8B-Instruct,protective clothing,en,generic,armor,One example of a protective clothing is ___.,-10.5,-10.5
3600,meta-llama/Llama-3.1-8B-Instruct,protective clothing,en,generic,bulletproof vest,One example of a protective clothing is ___.,-17.23046875,-5.743489583333333
3601,meta-llama/Llama-3.1-8B-Instruct,protective clothing,en,generic,coverall,One example of a protective clothing is ___.,-13.046875,-6.5234375
3602,meta-llama/Llama-3.1-8B-Instruct,protective clothing,en,generic,face mask,One example of a protective clothing is ___.,-10.111328125,-5.0556640625
3603,meta-llama/Llama-3.1-8B-Instruct,protective clothing,en,generic,football helmet,One example of a protective clothing is ___.,-13.671875,-6.8359375
3604,meta-llama/Llama-3.1-8B-Instruct,protective clothing,en,generic,glove,One example of a protective clothing is ___.,-10.0,-10.0
3605,meta-llama/Llama-3.1-8B-Instruct,protective clothing,en,generic,helmet,One example of a protective clothing is ___.,-9.0,-9.0
3606,meta-llama/Llama-3.1-8B-Instruct,protective clothing,en,generic,kneepad,One example of a protective clothing is ___.,-20.90625,-10.453125
3607,meta-llama/Llama-3.1-8B-Instruct,protective clothing,en,generic,lab coat,One example of a protective clothing is ___.,-9.31640625,-4.658203125
3608,meta-llama/Llama-3.1-8B-Instruct,protective clothing,en,generic,life jacket,One example of a protective clothing is ___.,-11.185546875,-5.5927734375
3609,meta-llama/Llama-3.1-8B-Instruct,protective clothing,en,generic,overalls,One example of a protective clothing is ___.,-9.656494140625,-4.8282470703125
3610,meta-llama/Llama-3.1-8B-Instruct,protective clothing,en,generic,raincoat,One example of a protective clothing is ___.,-11.45703125,-5.728515625
3611,meta-llama/Llama-3.1-8B-Instruct,protective clothing,en,generic,spacesuit,One example of a protective clothing is ___.,-12.833984375,-6.4169921875
3612,meta-llama/Llama-3.1-8B-Instruct,protective clothing,en,generic,visor,One example of a protective clothing is ___.,-10.759765625,-5.3798828125
3613,meta-llama/Llama-3.1-8B-Instruct,protective clothing,en,generic,wetsuit,One example of a protective clothing is ___.,-11.69140625,-3.8971354166666665
3614,meta-llama/Llama-3.1-8B-Instruct,protective clothing,en,indefinite_prod,apron,Name an example of a protective clothing: ___,-9.1015625,-4.55078125
3615,meta-llama/Llama-3.1-8B-Instruct,protective clothing,en,indefinite_prod,armor,Name an example of a protective clothing: ___,-10.8125,-10.8125
3616,meta-llama/Llama-3.1-8B-Instruct,protective clothing,en,indefinite_prod,bulletproof vest,Name an example of a protective clothing: ___,-15.7001953125,-5.2333984375
3617,meta-llama/Llama-3.1-8B-Instruct,protective clothing,en,indefinite_prod,coverall,Name an example of a protective clothing: ___,-12.26171875,-6.130859375
3618,meta-llama/Llama-3.1-8B-Instruct,protective clothing,en,indefinite_prod,face mask,Name an example of a protective clothing: ___,-10.00390625,-5.001953125
3619,meta-llama/Llama-3.1-8B-Instruct,protective clothing,en,indefinite_prod,football helmet,Name an example of a protective clothing: ___,-13.546875,-6.7734375
3620,meta-llama/Llama-3.1-8B-Instruct,protective clothing,en,indefinite_prod,glove,Name an example of a protective clothing: ___,-8.8125,-8.8125
3621,meta-llama/Llama-3.1-8B-Instruct,protective clothing,en,indefinite_prod,helmet,Name an example of a protective clothing: ___,-7.625,-7.625
3622,meta-llama/Llama-3.1-8B-Instruct,protective clothing,en,indefinite_prod,kneepad,Name an example of a protective clothing: ___,-18.4375,-9.21875
3623,meta-llama/Llama-3.1-8B-Instruct,protective clothing,en,indefinite_prod,lab coat,Name an example of a protective clothing: ___,-10.583984375,-5.2919921875
3624,meta-llama/Llama-3.1-8B-Instruct,protective clothing,en,indefinite_prod,life jacket,Name an example of a protective clothing: ___,-11.080078125,-5.5400390625
3625,meta-llama/Llama-3.1-8B-Instruct,protective clothing,en,indefinite_prod,overalls,Name an example of a protective clothing: ___,-10.836181640625,-5.4180908203125
3626,meta-llama/Llama-3.1-8B-Instruct,protective clothing,en,indefinite_prod,raincoat,Name an example of a protective clothing: ___,-11.6171875,-5.80859375
3627,meta-llama/Llama-3.1-8B-Instruct,protective clothing,en,indefinite_prod,spacesuit,Name an example of a protective clothing: ___,-13.34375,-6.671875
3628,meta-llama/Llama-3.1-8B-Instruct,protective clothing,en,indefinite_prod,visor,Name an example of a protective clothing: ___,-10.601806640625,-5.3009033203125
3629,meta-llama/Llama-3.1-8B-Instruct,protective clothing,en,indefinite_prod,wetsuit,Name an example of a protective clothing: ___,-12.044677734375,-4.014892578125
3630,meta-llama/Llama-3.1-8B-Instruct,safety equipment,en,generic,armor,One example of a safety equipment is ___.,-12.4375,-12.4375
3631,meta-llama/Llama-3.1-8B-Instruct,safety equipment,en,generic,bulletproof vest,One example of a safety equipment is ___.,-16.9765625,-5.658854166666667
3632,meta-llama/Llama-3.1-8B-Instruct,safety equipment,en,generic,coverall,One example of a safety equipment is ___.,-15.1640625,-7.58203125
3633,meta-llama/Llama-3.1-8B-Instruct,safety equipment,en,generic,earplug,One example of a safety equipment is ___.,-14.09375,-7.046875
3634,meta-llama/Llama-3.1-8B-Instruct,safety equipment,en,generic,extinguisher,One example of a safety equipment is ___.,-12.82421875,-6.412109375
3635,meta-llama/Llama-3.1-8B-Instruct,safety equipment,en,generic,face mask,One example of a safety equipment is ___.,-13.27734375,-6.638671875
3636,meta-llama/Llama-3.1-8B-Instruct,safety equipment,en,generic,fire alarm,One example of a safety equipment is ___.,-10.65625,-5.328125
3637,meta-llama/Llama-3.1-8B-Instruct,safety equipment,en,generic,football helmet,One example of a safety equipment is ___.,-13.43359375,-6.716796875
3638,meta-llama/Llama-3.1-8B-Instruct,safety equipment,en,generic,gas mask,One example of a safety equipment is ___.,-9.376953125,-4.6884765625
3639,meta-llama/Llama-3.1-8B-Instruct,safety equipment,en,generic,harness,One example of a safety equipment is ___.,-12.0,-12.0
3640,meta-llama/Llama-3.1-8B-Instruct,safety equipment,en,generic,helmet,One example of a safety equipment is ___.,-8.4375,-8.4375
3641,meta-llama/Llama-3.1-8B-Instruct,safety equipment,en,generic,kneepad,One example of a safety equipment is ___.,-20.34375,-10.171875
3642,meta-llama/Llama-3.1-8B-Instruct,safety equipment,en,generic,lab coat,One example of a safety equipment is ___.,-11.5625,-5.78125
3643,meta-llama/Llama-3.1-8B-Instruct,safety equipment,en,generic,life jacket,One example of a safety equipment is ___.,-10.8125,-5.40625
3644,meta-llama/Llama-3.1-8B-Instruct,safety equipment,en,generic,lifesaver,One example of a safety equipment is ___.,-14.7109375,-7.35546875
3645,meta-llama/Llama-3.1-8B-Instruct,safety equipment,en,generic,mouthpiece,One example of a safety equipment is ___.,-15.515625,-7.7578125
3646,meta-llama/Llama-3.1-8B-Instruct,safety equipment,en,generic,parachute,One example of a safety equipment is ___.,-10.75,-10.75
3647,meta-llama/Llama-3.1-8B-Instruct,safety equipment,en,generic,seatbelt,One example of a safety equipment is ___.,-12.3828125,-6.19140625
3648,meta-llama/Llama-3.1-8B-Instruct,safety equipment,en,generic,shield,One example of a safety equipment is ___.,-11.25,-11.25
3649,meta-llama/Llama-3.1-8B-Instruct,safety equipment,en,generic,smoke alarm,One example of a safety equipment is ___.,-11.890625,-5.9453125
3650,meta-llama/Llama-3.1-8B-Instruct,safety equipment,en,generic,spacesuit,One example of a safety equipment is ___.,-15.671875,-7.8359375
3651,meta-llama/Llama-3.1-8B-Instruct,safety equipment,en,indefinite_prod,armor,Name an example of a safety equipment: ___,-12.4375,-12.4375
3652,meta-llama/Llama-3.1-8B-Instruct,safety equipment,en,indefinite_prod,bulletproof vest,Name an example of a safety equipment: ___,-13.6796875,-4.559895833333333
3653,meta-llama/Llama-3.1-8B-Instruct,safety equipment,en,indefinite_prod,coverall,Name an example of a safety equipment: ___,-14.3046875,-7.15234375
3654,meta-llama/Llama-3.1-8B-Instruct,safety equipment,en,indefinite_prod,earplug,Name an example of a safety equipment: ___,-11.234375,-5.6171875
3655,meta-llama/Llama-3.1-8B-Instruct,safety equipment,en,indefinite_prod,extinguisher,Name an example of a safety equipment: ___,-11.22509765625,-5.612548828125
3656,meta-llama/Llama-3.1-8B-Instruct,safety equipment,en,indefinite_prod,face mask,Name an example of a safety equipment: ___,-10.02734375,-5.013671875
3657,meta-llama/Llama-3.1-8B-Instruct,safety equipment,en,indefinite_prod,fire alarm,Name an example of a safety equipment: ___,-10.984375,-5.4921875
3658,meta-llama/Llama-3.1-8B-Instruct,safety equipment,en,indefinite_prod,football helmet,Name an example of a safety equipment: ___,-11.1796875,-5.58984375
3659,meta-llama/Llama-3.1-8B-Instruct,safety equipment,en,indefinite_prod,gas mask,Name an example of a safety equipment: ___,-8.7314453125,-4.36572265625
3660,meta-llama/Llama-3.1-8B-Instruct,safety equipment,en,indefinite_prod,harness,Name an example of a safety equipment: ___,-9.625,-9.625
3661,meta-llama/Llama-3.1-8B-Instruct,safety equipment,en,indefinite_prod,helmet,Name an example of a safety equipment: ___,-4.96875,-4.96875
3662,meta-llama/Llama-3.1-8B-Instruct,safety equipment,en,indefinite_prod,kneepad,Name an example of a safety equipment: ___,-16.953125,-8.4765625
3663,meta-llama/Llama-3.1-8B-Instruct,safety equipment,en,indefinite_prod,lab coat,Name an example of a safety equipment: ___,-11.7734375,-5.88671875
3664,meta-llama/Llama-3.1-8B-Instruct,safety equipment,en,indefinite_prod,life jacket,Name an example of a safety equipment: ___,-9.7421875,-4.87109375
3665,meta-llama/Llama-3.1-8B-Instruct,safety equipment,en,indefinite_prod,lifesaver,Name an example of a safety equipment: ___,-13.87890625,-6.939453125
3666,meta-llama/Llama-3.1-8B-Instruct,safety equipment,en,indefinite_prod,mouthpiece,Name an example of a safety equipment: ___,-11.671875,-5.8359375
3667,meta-llama/Llama-3.1-8B-Instruct,safety equipment,en,indefinite_prod,parachute,Name an example of a safety equipment: ___,-8.4375,-8.4375
3668,meta-llama/Llama-3.1-8B-Instruct,safety equipment,en,indefinite_prod,seatbelt,Name an example of a safety equipment: ___,-10.4453125,-5.22265625
3669,meta-llama/Llama-3.1-8B-Instruct,safety equipment,en,indefinite_prod,shield,Name an example of a safety equipment: ___,-10.0625,-10.0625
3670,meta-llama/Llama-3.1-8B-Instruct,safety equipment,en,indefinite_prod,smoke alarm,Name an example of a safety equipment: ___,-11.359375,-5.6796875
3671,meta-llama/Llama-3.1-8B-Instruct,safety equipment,en,indefinite_prod,spacesuit,Name an example of a safety equipment: ___,-13.05859375,-6.529296875
3672,meta-llama/Llama-3.1-8B-Instruct,school supply,en,generic,book,One example of a school supply is ___.,-10.8125,-10.8125
3673,meta-llama/Llama-3.1-8B-Instruct,school supply,en,generic,backpack,One example of a school supply is ___.,-12.0625,-12.0625
3674,meta-llama/Llama-3.1-8B-Instruct,school supply,en,generic,binder,One example of a school supply is ___.,-12.75,-12.75
3675,meta-llama/Llama-3.1-8B-Instruct,school supply,en,generic,calculator,One example of a school supply is ___.,-12.0,-12.0
3676,meta-llama/Llama-3.1-8B-Instruct,school supply,en,generic,chalk,One example of a school supply is ___.,-13.6875,-13.6875
3677,meta-llama/Llama-3.1-8B-Instruct,school supply,en,generic,chalkboard,One example of a school supply is ___.,-17.296875,-8.6484375
3678,meta-llama/Llama-3.1-8B-Instruct,school supply,en,generic,crayon,One example of a school supply is ___.,-12.03125,-6.015625
3679,meta-llama/Llama-3.1-8B-Instruct,school supply,en,generic,eraser,One example of a school supply is ___.,-12.0390625,-6.01953125
3680,meta-llama/Llama-3.1-8B-Instruct,school supply,en,generic,folder,One example of a school supply is ___.,-13.375,-13.375
3681,meta-llama/Llama-3.1-8B-Instruct,school supply,en,generic,fountain pen,One example of a school supply is ___.,-14.240234375,-7.1201171875
3682,meta-llama/Llama-3.1-8B-Instruct,school supply,en,generic,glue,One example of a school supply is ___.,-9.875,-9.875
3683,meta-llama/Llama-3.1-8B-Instruct,school supply,en,generic,highlighter,One example of a school supply is ___.,-17.90625,-8.953125
3684,meta-llama/Llama-3.1-8B-Instruct,school supply,en,generic,ink,One example of a school supply is ___.,-9.875,-9.875
3685,meta-llama/Llama-3.1-8B-Instruct,school supply,en,generic,inkwell,One example of a school supply is ___.,-14.96875,-7.484375
3686,meta-llama/Llama-3.1-8B-Instruct,school supply,en,generic,lunchbox,One example of a school supply is ___.,-13.5859375,-6.79296875
3687,meta-llama/Llama-3.1-8B-Instruct,school supply,en,generic,marker,One example of a school supply is ___.,-11.5,-11.5
3688,meta-llama/Llama-3.1-8B-Instruct,school supply,en,generic,notebook,One example of a school supply is ___.,-9.75,-9.75
3689,meta-llama/Llama-3.1-8B-Instruct,school supply,en,generic,notepad,One example of a school supply is ___.,-14.71875,-7.359375
3690,meta-llama/Llama-3.1-8B-Instruct,school supply,en,generic,paper,One example of a school supply is ___.,-9.8125,-9.8125
3691,meta-llama/Llama-3.1-8B-Instruct,school supply,en,generic,paperclip,One example of a school supply is ___.,-14.28125,-7.140625
3692,meta-llama/Llama-3.1-8B-Instruct,school supply,en,generic,pen,One example of a school supply is ___.,-10.9375,-10.9375
3693,meta-llama/Llama-3.1-8B-Instruct,school supply,en,generic,pencil,One example of a school supply is ___.,-7.75,-7.75
3694,meta-llama/Llama-3.1-8B-Instruct,school supply,en,generic,pencil sharpener,One example of a school supply is ___.,-11.81781005859375,-3.93927001953125
3695,meta-llama/Llama-3.1-8B-Instruct,school supply,en,generic,ruler,One example of a school supply is ___.,-14.125,-14.125
3696,meta-llama/Llama-3.1-8B-Instruct,school supply,en,generic,stapler,One example of a school supply is ___.,-13.2001953125,-6.60009765625
3697,meta-llama/Llama-3.1-8B-Instruct,school supply,en,generic,whiteboard,One example of a school supply is ___.,-13.685546875,-6.8427734375
3698,meta-llama/Llama-3.1-8B-Instruct,school supply,en,indefinite_prod,book,Name an example of a school supply: ___,-6.59375,-6.59375
3699,meta-llama/Llama-3.1-8B-Instruct,school supply,en,indefinite_prod,backpack,Name an example of a school supply: ___,-6.03125,-6.03125
3700,meta-llama/Llama-3.1-8B-Instruct,school supply,en,indefinite_prod,binder,Name an example of a school supply: ___,-9.3125,-9.3125
3701,meta-llama/Llama-3.1-8B-Instruct,school supply,en,indefinite_prod,calculator,Name an example of a school supply: ___,-7.34375,-7.34375
3702,meta-llama/Llama-3.1-8B-Instruct,school supply,en,indefinite_prod,chalk,Name an example of a school supply: ___,-8.75,-8.75
3703,meta-llama/Llama-3.1-8B-Instruct,school supply,en,indefinite_prod,chalkboard,Name an example of a school supply: ___,-11.65625,-5.828125
3704,meta-llama/Llama-3.1-8B-Instruct,school supply,en,indefinite_prod,crayon,Name an example of a school supply: ___,-6.11328125,-3.056640625
3705,meta-llama/Llama-3.1-8B-Instruct,school supply,en,indefinite_prod,eraser,Name an example of a school supply: ___,-6.04296875,-3.021484375
3706,meta-llama/Llama-3.1-8B-Instruct,school supply,en,indefinite_prod,folder,Name an example of a school supply: ___,-9.9375,-9.9375
3707,meta-llama/Llama-3.1-8B-Instruct,school supply,en,indefinite_prod,fountain pen,Name an example of a school supply: ___,-11.92138671875,-5.960693359375
3708,meta-llama/Llama-3.1-8B-Instruct,school supply,en,indefinite_prod,glue,Name an example of a school supply: ___,-7.71875,-7.71875
3709,meta-llama/Llama-3.1-8B-Instruct,school supply,en,indefinite_prod,highlighter,Name an example of a school supply: ___,-11.828125,-5.9140625
3710,meta-llama/Llama-3.1-8B-Instruct,school supply,en,indefinite_prod,ink,Name an example of a school supply: ___,-9.0,-9.0
3711,meta-llama/Llama-3.1-8B-Instruct,school supply,en,indefinite_prod,inkwell,Name an example of a school supply: ___,-14.3125,-7.15625
3712,meta-llama/Llama-3.1-8B-Instruct,school supply,en,indefinite_prod,lunchbox,Name an example of a school supply: ___,-10.716796875,-5.3583984375
3713,meta-llama/Llama-3.1-8B-Instruct,school supply,en,indefinite_prod,marker,Name an example of a school supply: ___,-6.90625,-6.90625
3714,meta-llama/Llama-3.1-8B-Instruct,school supply,en,indefinite_prod,notebook,Name an example of a school supply: ___,-6.15625,-6.15625
3715,meta-llama/Llama-3.1-8B-Instruct,school supply,en,indefinite_prod,notepad,Name an example of a school supply: ___,-12.59375,-6.296875
3716,meta-llama/Llama-3.1-8B-Instruct,school supply,en,indefinite_prod,paper,Name an example of a school supply: ___,-6.53125,-6.53125
3717,meta-llama/Llama-3.1-8B-Instruct,school supply,en,indefinite_prod,paperclip,Name an example of a school supply: ___,-12.4375,-6.21875
3718,meta-llama/Llama-3.1-8B-Instruct,school supply,en,indefinite_prod,pen,Name an example of a school supply: ___,-7.53125,-7.53125
3719,meta-llama/Llama-3.1-8B-Instruct,school supply,en,indefinite_prod,pencil,Name an example of a school supply: ___,-2.640625,-2.640625
3720,meta-llama/Llama-3.1-8B-Instruct,school supply,en,indefinite_prod,pencil sharpener,Name an example of a school supply: ___,-6.814788818359375,-2.2715962727864585
3721,meta-llama/Llama-3.1-8B-Instruct,school supply,en,indefinite_prod,ruler,Name an example of a school supply: ___,-7.28125,-7.28125
3722,meta-llama/Llama-3.1-8B-Instruct,school supply,en,indefinite_prod,stapler,Name an example of a school supply: ___,-11.57061767578125,-5.785308837890625
3723,meta-llama/Llama-3.1-8B-Instruct,school supply,en,indefinite_prod,whiteboard,Name an example of a school supply: ___,-11.359375,-5.6796875
3724,meta-llama/Llama-3.1-8B-Instruct,scientific equipment,en,generic,beaker,One example of a scientific equipment is ___.,-14.53125,-7.265625
3725,meta-llama/Llama-3.1-8B-Instruct,scientific equipment,en,generic,blowtorch,One example of a scientific equipment is ___.,-17.078125,-8.5390625
3726,meta-llama/Llama-3.1-8B-Instruct,scientific equipment,en,generic,calculator,One example of a scientific equipment is ___.,-12.0,-12.0
3727,meta-llama/Llama-3.1-8B-Instruct,scientific equipment,en,generic,centrifuge,One example of a scientific equipment is ___.,-14.09375,-7.046875
3728,meta-llama/Llama-3.1-8B-Instruct,scientific equipment,en,generic,filter,One example of a scientific equipment is ___.,-12.3125,-12.3125
3729,meta-llama/Llama-3.1-8B-Instruct,scientific equipment,en,generic,funnel,One example of a scientific equipment is ___.,-15.5,-15.5
3730,meta-llama/Llama-3.1-8B-Instruct,scientific equipment,en,generic,gauge,One example of a scientific equipment is ___.,-12.6875,-12.6875
3731,meta-llama/Llama-3.1-8B-Instruct,scientific equipment,en,generic,gyroscope,One example of a scientific equipment is ___.,-15.6240234375,-7.81201171875
3732,meta-llama/Llama-3.1-8B-Instruct,scientific equipment,en,generic,incubator,One example of a scientific equipment is ___.,-13.8125,-6.90625
3733,meta-llama/Llama-3.1-8B-Instruct,scientific equipment,en,generic,lab coat,One example of a scientific equipment is ___.,-11.8125,-5.90625
3734,meta-llama/Llama-3.1-8B-Instruct,scientific equipment,en,generic,magnet,One example of a scientific equipment is ___.,-11.25,-11.25
3735,meta-llama/Llama-3.1-8B-Instruct,scientific equipment,en,generic,magnifier,One example of a scientific equipment is ___.,-16.09375,-8.046875
3736,meta-llama/Llama-3.1-8B-Instruct,scientific equipment,en,generic,magnifying glass,One example of a scientific equipment is ___.,-11.3011474609375,-3.7670491536458335
3737,meta-llama/Llama-3.1-8B-Instruct,scientific equipment,en,generic,measuring cup,One example of a scientific equipment is ___.,-16.90625,-8.453125
3738,meta-llama/Llama-3.1-8B-Instruct,scientific equipment,en,generic,microscope,One example of a scientific equipment is ___.,-8.1875,-8.1875
3739,meta-llama/Llama-3.1-8B-Instruct,scientific equipment,en,generic,pendulum,One example of a scientific equipment is ___.,-14.16015625,-7.080078125
3740,meta-llama/Llama-3.1-8B-Instruct,scientific equipment,en,generic,petri dish,One example of a scientific equipment is ___.,-13.283203125,-4.427734375
3741,meta-llama/Llama-3.1-8B-Instruct,scientific equipment,en,generic,polygraph,One example of a scientific equipment is ___.,-14.87109375,-7.435546875
3742,meta-llama/Llama-3.1-8B-Instruct,scientific equipment,en,generic,prism,One example of a scientific equipment is ___.,-12.75,-12.75
3743,meta-llama/Llama-3.1-8B-Instruct,scientific equipment,en,generic,radar,One example of a scientific equipment is ___.,-12.8125,-12.8125
3744,meta-llama/Llama-3.1-8B-Instruct,scientific equipment,en,generic,ruler,One example of a scientific equipment is ___.,-14.6875,-14.6875
3745,meta-llama/Llama-3.1-8B-Instruct,scientific equipment,en,generic,scale,One example of a scientific equipment is ___.,-11.6875,-11.6875
3746,meta-llama/Llama-3.1-8B-Instruct,scientific equipment,en,generic,scalpel,One example of a scientific equipment is ___.,-11.55859375,-5.779296875
3747,meta-llama/Llama-3.1-8B-Instruct,scientific equipment,en,generic,seismograph,One example of a scientific equipment is ___.,-11.5185546875,-3.8395182291666665
3748,meta-llama/Llama-3.1-8B-Instruct,scientific equipment,en,generic,stethoscope,One example of a scientific equipment is ___.,-11.8919677734375,-3.9639892578125
3749,meta-llama/Llama-3.1-8B-Instruct,scientific equipment,en,generic,swab,One example of a scientific equipment is ___.,-16.71875,-8.359375
3750,meta-llama/Llama-3.1-8B-Instruct,scientific equipment,en,generic,syringe,One example of a scientific equipment is ___.,-12.654296875,-6.3271484375
3751,meta-llama/Llama-3.1-8B-Instruct,scientific equipment,en,generic,tank,One example of a scientific equipment is ___.,-13.0,-13.0
3752,meta-llama/Llama-3.1-8B-Instruct,scientific equipment,en,generic,tape measure,One example of a scientific equipment is ___.,-13.2734375,-6.63671875
3753,meta-llama/Llama-3.1-8B-Instruct,scientific equipment,en,generic,telescope,One example of a scientific equipment is ___.,-9.4375,-9.4375
3754,meta-llama/Llama-3.1-8B-Instruct,scientific equipment,en,generic,test tube,One example of a scientific equipment is ___.,-11.140625,-5.5703125
3755,meta-llama/Llama-3.1-8B-Instruct,scientific equipment,en,generic,thermometer,One example of a scientific equipment is ___.,-9.9375,-9.9375
3756,meta-llama/Llama-3.1-8B-Instruct,scientific equipment,en,generic,timer,One example of a scientific equipment is ___.,-13.375,-13.375
3757,meta-llama/Llama-3.1-8B-Instruct,scientific equipment,en,generic,tongs,One example of a scientific equipment is ___.,-14.59375,-7.296875
3758,meta-llama/Llama-3.1-8B-Instruct,scientific equipment,en,generic,tweezers,One example of a scientific equipment is ___.,-15.137130737304688,-5.0457102457682295
3759,meta-llama/Llama-3.1-8B-Instruct,scientific equipment,en,indefinite_prod,beaker,Name an example of a scientific equipment: ___,-9.5390625,-4.76953125
3760,meta-llama/Llama-3.1-8B-Instruct,scientific equipment,en,indefinite_prod,blowtorch,Name an example of a scientific equipment: ___,-15.1171875,-7.55859375
3761,meta-llama/Llama-3.1-8B-Instruct,scientific equipment,en,indefinite_prod,calculator,Name an example of a scientific equipment: ___,-9.875,-9.875
3762,meta-llama/Llama-3.1-8B-Instruct,scientific equipment,en,indefinite_prod,centrifuge,Name an example of a scientific equipment: ___,-11.1005859375,-5.55029296875
3763,meta-llama/Llama-3.1-8B-Instruct,scientific equipment,en,indefinite_prod,filter,Name an example of a scientific equipment: ___,-10.8125,-10.8125
3764,meta-llama/Llama-3.1-8B-Instruct,scientific equipment,en,indefinite_prod,funnel,Name an example of a scientific equipment: ___,-13.0,-13.0
3765,meta-llama/Llama-3.1-8B-Instruct,scientific equipment,en,indefinite_prod,gauge,Name an example of a scientific equipment: ___,-10.6875,-10.6875
3766,meta-llama/Llama-3.1-8B-Instruct,scientific equipment,en,indefinite_prod,gyroscope,Name an example of a scientific equipment: ___,-11.494384765625,-5.7471923828125
3767,meta-llama/Llama-3.1-8B-Instruct,scientific equipment,en,indefinite_prod,incubator,Name an example of a scientific equipment: ___,-12.14697265625,-6.073486328125
3768,meta-llama/Llama-3.1-8B-Instruct,scientific equipment,en,indefinite_prod,lab coat,Name an example of a scientific equipment: ___,-12.234375,-6.1171875
3769,meta-llama/Llama-3.1-8B-Instruct,scientific equipment,en,indefinite_prod,magnet,Name an example of a scientific equipment: ___,-6.6875,-6.6875
3770,meta-llama/Llama-3.1-8B-Instruct,scientific equipment,en,indefinite_prod,magnifier,Name an example of a scientific equipment: ___,-10.3125,-5.15625
3771,meta-llama/Llama-3.1-8B-Instruct,scientific equipment,en,indefinite_prod,magnifying glass,Name an example of a scientific equipment: ___,-8.12939453125,-2.7097981770833335
3772,meta-llama/Llama-3.1-8B-Instruct,scientific equipment,en,indefinite_prod,measuring cup,Name an example of a scientific equipment: ___,-13.421875,-6.7109375
3773,meta-llama/Llama-3.1-8B-Instruct,scientific equipment,en,indefinite_prod,microscope,Name an example of a scientific equipment: ___,-4.75,-4.75
3774,meta-llama/Llama-3.1-8B-Instruct,scientific equipment,en,indefinite_prod,pendulum,Name an example of a scientific equipment: ___,-11.8193359375,-5.90966796875
3775,meta-llama/Llama-3.1-8B-Instruct,scientific equipment,en,indefinite_prod,petri dish,Name an example of a scientific equipment: ___,-10.697998046875,-3.5659993489583335
3776,meta-llama/Llama-3.1-8B-Instruct,scientific equipment,en,indefinite_prod,polygraph,Name an example of a scientific equipment: ___,-13.56640625,-6.783203125
3777,meta-llama/Llama-3.1-8B-Instruct,scientific equipment,en,indefinite_prod,prism,Name an example of a scientific equipment: ___,-11.375,-11.375
3778,meta-llama/Llama-3.1-8B-Instruct,scientific equipment,en,indefinite_prod,radar,Name an example of a scientific equipment: ___,-9.875,-9.875
3779,meta-llama/Llama-3.1-8B-Instruct,scientific equipment,en,indefinite_prod,ruler,Name an example of a scientific equipment: ___,-11.1875,-11.1875
3780,meta-llama/Llama-3.1-8B-Instruct,scientific equipment,en,indefinite_prod,scale,Name an example of a scientific equipment: ___,-10.25,-10.25
3781,meta-llama/Llama-3.1-8B-Instruct,scientific equipment,en,indefinite_prod,scalpel,Name an example of a scientific equipment: ___,-10.737060546875,-5.3685302734375
3782,meta-llama/Llama-3.1-8B-Instruct,scientific equipment,en,indefinite_prod,seismograph,Name an example of a scientific equipment: ___,-10.8037109375,-3.6012369791666665
3783,meta-llama/Llama-3.1-8B-Instruct,scientific equipment,en,indefinite_prod,stethoscope,Name an example of a scientific equipment: ___,-9.093505859375,-3.0311686197916665
3784,meta-llama/Llama-3.1-8B-Instruct,scientific equipment,en,indefinite_prod,swab,Name an example of a scientific equipment: ___,-16.375,-8.1875
3785,meta-llama/Llama-3.1-8B-Instruct,scientific equipment,en,indefinite_prod,syringe,Name an example of a scientific equipment: ___,-9.791015625,-4.8955078125
3786,meta-llama/Llama-3.1-8B-Instruct,scientific equipment,en,indefinite_prod,tank,Name an example of a scientific equipment: ___,-12.5625,-12.5625
3787,meta-llama/Llama-3.1-8B-Instruct,scientific equipment,en,indefinite_prod,tape measure,Name an example of a scientific equipment: ___,-11.1484375,-5.57421875
3788,meta-llama/Llama-3.1-8B-Instruct,scientific equipment,en,indefinite_prod,telescope,Name an example of a scientific equipment: ___,-6.0,-6.0
3789,meta-llama/Llama-3.1-8B-Instruct,scientific equipment,en,indefinite_prod,test tube,Name an example of a scientific equipment: ___,-9.03125,-4.515625
3790,meta-llama/Llama-3.1-8B-Instruct,scientific equipment,en,indefinite_prod,thermometer,Name an example of a scientific equipment: ___,-7.03125,-7.03125
3791,meta-llama/Llama-3.1-8B-Instruct,scientific equipment,en,indefinite_prod,timer,Name an example of a scientific equipment: ___,-11.25,-11.25
3792,meta-llama/Llama-3.1-8B-Instruct,scientific equipment,en,indefinite_prod,tongs,Name an example of a scientific equipment: ___,-14.84375,-7.421875
3793,meta-llama/Llama-3.1-8B-Instruct,scientific equipment,en,indefinite_prod,tweezers,Name an example of a scientific equipment: ___,-13.788162231445312,-4.5960540771484375
3794,meta-llama/Llama-3.1-8B-Instruct,sea animal,en,generic,barnacle,One example of a sea animal is ___.,-11.4921875,-5.74609375
3795,meta-llama/Llama-3.1-8B-Instruct,sea animal,en,generic,blowfish,One example of a sea animal is ___.,-14.94921875,-7.474609375
3796,meta-llama/Llama-3.1-8B-Instruct,sea animal,en,generic,catfish,One example of a sea animal is ___.,-13.4375,-6.71875
3797,meta-llama/Llama-3.1-8B-Instruct,sea animal,en,generic,clam,One example of a sea animal is ___.,-12.3125,-12.3125
3798,meta-llama/Llama-3.1-8B-Instruct,sea animal,en,generic,coral,One example of a sea animal is ___.,-9.375,-9.375
3799,meta-llama/Llama-3.1-8B-Instruct,sea animal,en,generic,crab,One example of a sea animal is ___.,-11.9375,-11.9375
3800,meta-llama/Llama-3.1-8B-Instruct,sea animal,en,generic,dolphin,One example of a sea animal is ___.,-12.8125,-12.8125
3801,meta-llama/Llama-3.1-8B-Instruct,sea animal,en,generic,eel,One example of a sea animal is ___.,-13.859375,-6.9296875
3802,meta-llama/Llama-3.1-8B-Instruct,sea animal,en,generic,fish,One example of a sea animal is ___.,-7.75,-7.75
3803,meta-llama/Llama-3.1-8B-Instruct,sea animal,en,generic,jellyfish,One example of a sea animal is ___.,-10.4000244140625,-5.20001220703125
3804,meta-llama/Llama-3.1-8B-Instruct,sea animal,en,generic,lobster,One example of a sea animal is ___.,-13.125,-13.125
3805,meta-llama/Llama-3.1-8B-Instruct,sea animal,en,generic,manatee,One example of a sea animal is ___.,-12.40625,-6.203125
3806,meta-llama/Llama-3.1-8B-Instruct,sea animal,en,generic,mussel,One example of a sea animal is ___.,-13.271240234375,-6.6356201171875
3807,meta-llama/Llama-3.1-8B-Instruct,sea animal,en,generic,octopus,One example of a sea animal is ___.,-11.9921875,-5.99609375
3808,meta-llama/Llama-3.1-8B-Instruct,sea animal,en,generic,oyster,One example of a sea animal is ___.,-10.9765625,-5.48828125
3809,meta-llama/Llama-3.1-8B-Instruct,sea animal,en,generic,sardine,One example of a sea animal is ___.,-15.046875,-5.015625
3810,meta-llama/Llama-3.1-8B-Instruct,sea animal,en,generic,scallop,One example of a sea animal is ___.,-12.44921875,-6.224609375
3811,meta-llama/Llama-3.1-8B-Instruct,sea animal,en,generic,sea urchin,One example of a sea animal is ___.,-10.134884357452393,-2.533721089363098
3812,meta-llama/Llama-3.1-8B-Instruct,sea animal,en,generic,seahorse,One example of a sea animal is ___.,-10.35546875,-3.4518229166666665
3813,meta-llama/Llama-3.1-8B-Instruct,sea animal,en,generic,seal,One example of a sea animal is ___.,-10.9375,-10.9375
3814,meta-llama/Llama-3.1-8B-Instruct,sea animal,en,generic,shark,One example of a sea animal is ___.,-10.625,-10.625
3815,meta-llama/Llama-3.1-8B-Instruct,sea animal,en,generic,shrimp,One example of a sea animal is ___.,-11.875,-11.875
3816,meta-llama/Llama-3.1-8B-Instruct,sea animal,en,generic,snail,One example of a sea animal is ___.,-12.5556640625,-6.27783203125
3817,meta-llama/Llama-3.1-8B-Instruct,sea animal,en,generic,squid,One example of a sea animal is ___.,-13.8125,-13.8125
3818,meta-llama/Llama-3.1-8B-Instruct,sea animal,en,generic,starfish,One example of a sea animal is ___.,-13.626953125,-6.8134765625
3819,meta-llama/Llama-3.1-8B-Instruct,sea animal,en,generic,stingray,One example of a sea animal is ___.,-13.43359375,-6.716796875
3820,meta-llama/Llama-3.1-8B-Instruct,sea animal,en,generic,swordfish,One example of a sea animal is ___.,-15.119384765625,-7.5596923828125
3821,meta-llama/Llama-3.1-8B-Instruct,sea animal,en,generic,turtle,One example of a sea animal is ___.,-12.4375,-12.4375
3822,meta-llama/Llama-3.1-8B-Instruct,sea animal,en,generic,walrus,One example of a sea animal is ___.,-15.0986328125,-7.54931640625
3823,meta-llama/Llama-3.1-8B-Instruct,sea animal,en,generic,whale,One example of a sea animal is ___.,-10.75,-10.75
3824,meta-llama/Llama-3.1-8B-Instruct,sea animal,en,indefinite_prod,barnacle,Name an example of a sea animal: ___,-12.622314453125,-6.3111572265625
3825,meta-llama/Llama-3.1-8B-Instruct,sea animal,en,indefinite_prod,blowfish,Name an example of a sea animal: ___,-13.9501953125,-6.97509765625
3826,meta-llama/Llama-3.1-8B-Instruct,sea animal,en,indefinite_prod,catfish,Name an example of a sea animal: ___,-10.01171875,-5.005859375
3827,meta-llama/Llama-3.1-8B-Instruct,sea animal,en,indefinite_prod,clam,Name an example of a sea animal: ___,-10.4375,-10.4375
3828,meta-llama/Llama-3.1-8B-Instruct,sea animal,en,indefinite_prod,coral,Name an example of a sea animal: ___,-9.4375,-9.4375
3829,meta-llama/Llama-3.1-8B-Instruct,sea animal,en,indefinite_prod,crab,Name an example of a sea animal: ___,-7.875,-7.875
3830,meta-llama/Llama-3.1-8B-Instruct,sea animal,en,indefinite_prod,dolphin,Name an example of a sea animal: ___,-6.53125,-6.53125
3831,meta-llama/Llama-3.1-8B-Instruct,sea animal,en,indefinite_prod,eel,Name an example of a sea animal: ___,-9.34765625,-4.673828125
3832,meta-llama/Llama-3.1-8B-Instruct,sea animal,en,indefinite_prod,fish,Name an example of a sea animal: ___,-6.59375,-6.59375
3833,meta-llama/Llama-3.1-8B-Instruct,sea animal,en,indefinite_prod,jellyfish,Name an example of a sea animal: ___,-8.11083984375,-4.055419921875
3834,meta-llama/Llama-3.1-8B-Instruct,sea animal,en,indefinite_prod,lobster,Name an example of a sea animal: ___,-9.3125,-9.3125
3835,meta-llama/Llama-3.1-8B-Instruct,sea animal,en,indefinite_prod,manatee,Name an example of a sea animal: ___,-9.64697265625,-4.823486328125
3836,meta-llama/Llama-3.1-8B-Instruct,sea animal,en,indefinite_prod,mussel,Name an example of a sea animal: ___,-11.00830078125,-5.504150390625
3837,meta-llama/Llama-3.1-8B-Instruct,sea animal,en,indefinite_prod,octopus,Name an example of a sea animal: ___,-5.8056640625,-2.90283203125
3838,meta-llama/Llama-3.1-8B-Instruct,sea animal,en,indefinite_prod,oyster,Name an example of a sea animal: ___,-7.87890625,-3.939453125
3839,meta-llama/Llama-3.1-8B-Instruct,sea animal,en,indefinite_prod,sardine,Name an example of a sea animal: ___,-12.189453125,-4.063151041666667
3840,meta-llama/Llama-3.1-8B-Instruct,sea animal,en,indefinite_prod,scallop,Name an example of a sea animal: ___,-11.7421875,-5.87109375
3841,meta-llama/Llama-3.1-8B-Instruct,sea animal,en,indefinite_prod,sea urchin,Name an example of a sea animal: ___,-9.91115951538086,-2.477789878845215
3842,meta-llama/Llama-3.1-8B-Instruct,sea animal,en,indefinite_prod,seahorse,Name an example of a sea animal: ___,-8.08056640625,-2.6935221354166665
3843,meta-llama/Llama-3.1-8B-Instruct,sea animal,en,indefinite_prod,seal,Name an example of a sea animal: ___,-7.46875,-7.46875
3844,meta-llama/Llama-3.1-8B-Instruct,sea animal,en,indefinite_prod,shark,Name an example of a sea animal: ___,-4.71875,-4.71875
3845,meta-llama/Llama-3.1-8B-Instruct,sea animal,en,indefinite_prod,shrimp,Name an example of a sea animal: ___,-8.8125,-8.8125
3846,meta-llama/Llama-3.1-8B-Instruct,sea animal,en,indefinite_prod,snail,Name an example of a sea animal: ___,-9.234375,-4.6171875
3847,meta-llama/Llama-3.1-8B-Instruct,sea animal,en,indefinite_prod,squid,Name an example of a sea animal: ___,-6.78125,-6.78125
3848,meta-llama/Llama-3.1-8B-Instruct,sea animal,en,indefinite_prod,starfish,Name an example of a sea animal: ___,-9.12744140625,-4.563720703125
3849,meta-llama/Llama-3.1-8B-Instruct,sea animal,en,indefinite_prod,stingray,Name an example of a sea animal: ___,-9.74609375,-4.873046875
3850,meta-llama/Llama-3.1-8B-Instruct,sea animal,en,indefinite_prod,swordfish,Name an example of a sea animal: ___,-11.94970703125,-5.974853515625
3851,meta-llama/Llama-3.1-8B-Instruct,sea animal,en,indefinite_prod,turtle,Name an example of a sea animal: ___,-6.84375,-6.84375
3852,meta-llama/Llama-3.1-8B-Instruct,sea animal,en,indefinite_prod,walrus,Name an example of a sea animal: ___,-10.5250244140625,-5.26251220703125
3853,meta-llama/Llama-3.1-8B-Instruct,sea animal,en,indefinite_prod,whale,Name an example of a sea animal: ___,-4.34375,-4.34375
3854,meta-llama/Llama-3.1-8B-Instruct,seafood,en,generic,crab,One example of a seafood is ___.,-9.9375,-9.9375
3855,meta-llama/Llama-3.1-8B-Instruct,seafood,en,generic,fish,One example of a seafood is ___.,-6.34375,-6.34375
3856,meta-llama/Llama-3.1-8B-Instruct,seafood,en,generic,sardine,One example of a seafood is ___.,-13.09765625,-4.365885416666667
3857,meta-llama/Llama-3.1-8B-Instruct,seafood,en,generic,shark,One example of a seafood is ___.,-10.9375,-10.9375
3858,meta-llama/Llama-3.1-8B-Instruct,seafood,en,generic,snail,One example of a seafood is ___.,-14.9296875,-7.46484375
3859,meta-llama/Llama-3.1-8B-Instruct,seafood,en,generic,blowfish,One example of a seafood is ___.,-15.787109375,-7.8935546875
3860,meta-llama/Llama-3.1-8B-Instruct,seafood,en,generic,calamari,One example of a seafood is ___.,-14.9532470703125,-7.47662353515625
3861,meta-llama/Llama-3.1-8B-Instruct,seafood,en,generic,catfish,One example of a seafood is ___.,-11.239501953125,-5.6197509765625
3862,meta-llama/Llama-3.1-8B-Instruct,seafood,en,generic,caviar,One example of a seafood is ___.,-12.253814697265625,-4.084604899088542
3863,meta-llama/Llama-3.1-8B-Instruct,seafood,en,generic,clam,One example of a seafood is ___.,-11.0625,-11.0625
3864,meta-llama/Llama-3.1-8B-Instruct,seafood,en,generic,crayfish,One example of a seafood is ___.,-11.7890625,-5.89453125
3865,meta-llama/Llama-3.1-8B-Instruct,seafood,en,generic,eel,One example of a seafood is ___.,-14.234375,-7.1171875
3866,meta-llama/Llama-3.1-8B-Instruct,seafood,en,generic,jellyfish,One example of a seafood is ___.,-11.525390625,-5.7626953125
3867,meta-llama/Llama-3.1-8B-Instruct,seafood,en,generic,lobster,One example of a seafood is ___.,-10.5,-10.5
3868,meta-llama/Llama-3.1-8B-Instruct,seafood,en,generic,mussel,One example of a seafood is ___.,-12.47314453125,-6.236572265625
3869,meta-llama/Llama-3.1-8B-Instruct,seafood,en,generic,octopus,One example of a seafood is ___.,-12.051025390625,-6.0255126953125
3870,meta-llama/Llama-3.1-8B-Instruct,seafood,en,generic,oyster,One example of a seafood is ___.,-11.1953125,-5.59765625
3871,meta-llama/Llama-3.1-8B-Instruct,seafood,en,generic,scallop,One example of a seafood is ___.,-11.6328125,-5.81640625
3872,meta-llama/Llama-3.1-8B-Instruct,seafood,en,generic,sea urchin,One example of a seafood is ___.,-11.818283081054688,-2.954570770263672
3873,meta-llama/Llama-3.1-8B-Instruct,seafood,en,generic,seafood,One example of a seafood is ___.,-6.15625,-6.15625
3874,meta-llama/Llama-3.1-8B-Instruct,seafood,en,generic,seaweed,One example of a seafood is ___.,-10.4622802734375,-5.23114013671875
3875,meta-llama/Llama-3.1-8B-Instruct,seafood,en,generic,shrimp,One example of a seafood is ___.,-8.5625,-8.5625
3876,meta-llama/Llama-3.1-8B-Instruct,seafood,en,generic,squid,One example of a seafood is ___.,-13.125,-13.125
3877,meta-llama/Llama-3.1-8B-Instruct,seafood,en,generic,swordfish,One example of a seafood is ___.,-14.0926513671875,-7.04632568359375
3878,meta-llama/Llama-3.1-8B-Instruct,seafood,en,indefinite_prod,crab,Name an example of a seafood: ___,-5.90625,-5.90625
3879,meta-llama/Llama-3.1-8B-Instruct,seafood,en,indefinite_prod,fish,Name an example of a seafood: ___,-5.96875,-5.96875
3880,meta-llama/Llama-3.1-8B-Instruct,seafood,en,indefinite_prod,sardine,Name an example of a seafood: ___,-11.00390625,-3.66796875
3881,meta-llama/Llama-3.1-8B-Instruct,seafood,en,indefinite_prod,shark,Name an example of a seafood: ___,-6.28125,-6.28125
3882,meta-llama/Llama-3.1-8B-Instruct,seafood,en,indefinite_prod,snail,Name an example of a seafood: ___,-14.96875,-7.484375
3883,meta-llama/Llama-3.1-8B-Instruct,seafood,en,indefinite_prod,blowfish,Name an example of a seafood: ___,-15.4140625,-7.70703125
3884,meta-llama/Llama-3.1-8B-Instruct,seafood,en,indefinite_prod,calamari,Name an example of a seafood: ___,-10.5667724609375,-5.28338623046875
3885,meta-llama/Llama-3.1-8B-Instruct,seafood,en,indefinite_prod,catfish,Name an example of a seafood: ___,-9.58447265625,-4.792236328125
3886,meta-llama/Llama-3.1-8B-Instruct,seafood,en,indefinite_prod,caviar,Name an example of a seafood: ___,-11.696044921875,-3.898681640625
3887,meta-llama/Llama-3.1-8B-Instruct,seafood,en,indefinite_prod,clam,Name an example of a seafood: ___,-9.0,-9.0
3888,meta-llama/Llama-3.1-8B-Instruct,seafood,en,indefinite_prod,crayfish,Name an example of a seafood: ___,-8.920654296875,-4.4603271484375
3889,meta-llama/Llama-3.1-8B-Instruct,seafood,en,indefinite_prod,eel,Name an example of a seafood: ___,-11.43603515625,-5.718017578125
3890,meta-llama/Llama-3.1-8B-Instruct,seafood,en,indefinite_prod,jellyfish,Name an example of a seafood: ___,-10.96533203125,-5.482666015625
3891,meta-llama/Llama-3.1-8B-Instruct,seafood,en,indefinite_prod,lobster,Name an example of a seafood: ___,-6.78125,-6.78125
3892,meta-llama/Llama-3.1-8B-Instruct,seafood,en,indefinite_prod,mussel,Name an example of a seafood: ___,-10.07672119140625,-5.038360595703125
3893,meta-llama/Llama-3.1-8B-Instruct,seafood,en,indefinite_prod,octopus,Name an example of a seafood: ___,-8.870361328125,-4.4351806640625
3894,meta-llama/Llama-3.1-8B-Instruct,seafood,en,indefinite_prod,oyster,Name an example of a seafood: ___,-7.494140625,-3.7470703125
3895,meta-llama/Llama-3.1-8B-Instruct,seafood,en,indefinite_prod,scallop,Name an example of a seafood: ___,-10.3984375,-5.19921875
3896,meta-llama/Llama-3.1-8B-Instruct,seafood,en,indefinite_prod,sea urchin,Name an example of a seafood: ___,-12.784156799316406,-3.1960391998291016
3897,meta-llama/Llama-3.1-8B-Instruct,seafood,en,indefinite_prod,seafood,Name an example of a seafood: ___,-9.0,-9.0
3898,meta-llama/Llama-3.1-8B-Instruct,seafood,en,indefinite_prod,seaweed,Name an example of a seafood: ___,-11.018798828125,-5.5093994140625
3899,meta-llama/Llama-3.1-8B-Instruct,seafood,en,indefinite_prod,shrimp,Name an example of a seafood: ___,-6.71875,-6.71875
3900,meta-llama/Llama-3.1-8B-Instruct,seafood,en,indefinite_prod,squid,Name an example of a seafood: ___,-7.84375,-7.84375
3901,meta-llama/Llama-3.1-8B-Instruct,seafood,en,indefinite_prod,swordfish,Name an example of a seafood: ___,-11.04296875,-5.521484375
3902,meta-llama/Llama-3.1-8B-Instruct,sports equipment,en,generic,balance beam,One example of a sports equipment is ___.,-18.0625,-9.03125
3903,meta-llama/Llama-3.1-8B-Instruct,sports equipment,en,generic,ball,One example of a sports equipment is ___.,-11.0,-11.0
3904,meta-llama/Llama-3.1-8B-Instruct,sports equipment,en,generic,barbell,One example of a sports equipment is ___.,-14.5234375,-7.26171875
3905,meta-llama/Llama-3.1-8B-Instruct,sports equipment,en,generic,baseball,One example of a sports equipment is ___.,-7.875,-7.875
3906,meta-llama/Llama-3.1-8B-Instruct,sports equipment,en,generic,baseball bat,One example of a sports equipment is ___.,-8.578125,-4.2890625
3907,meta-llama/Llama-3.1-8B-Instruct,sports equipment,en,generic,baseball glove,One example of a sports equipment is ___.,-10.703125,-5.3515625
3908,meta-llama/Llama-3.1-8B-Instruct,sports equipment,en,generic,basketball,One example of a sports equipment is ___.,-7.8125,-7.8125
3909,meta-llama/Llama-3.1-8B-Instruct,sports equipment,en,generic,basketball hoop,One example of a sports equipment is ___.,-10.921875,-5.4609375
3910,meta-llama/Llama-3.1-8B-Instruct,sports equipment,en,generic,bat,One example of a sports equipment is ___.,-11.375,-11.375
3911,meta-llama/Llama-3.1-8B-Instruct,sports equipment,en,generic,baton (drums),One example of a sports equipment is ___.,-35.5234375,-5.920572916666667
3912,meta-llama/Llama-3.1-8B-Instruct,sports equipment,en,generic,baton (running),One example of a sports equipment is ___.,-32.1640625,-6.4328125
3913,meta-llama/Llama-3.1-8B-Instruct,sports equipment,en,generic,beachball,One example of a sports equipment is ___.,-17.15625,-8.578125
3914,meta-llama/Llama-3.1-8B-Instruct,sports equipment,en,generic,bobsled,One example of a sports equipment is ___.,-16.7724609375,-5.5908203125
3915,meta-llama/Llama-3.1-8B-Instruct,sports equipment,en,generic,bowling ball,One example of a sports equipment is ___.,-11.69140625,-5.845703125
3916,meta-llama/Llama-3.1-8B-Instruct,sports equipment,en,generic,boxing gloves,One example of a sports equipment is ___.,-10.7421875,-5.37109375
3917,meta-llama/Llama-3.1-8B-Instruct,sports equipment,en,generic,cleat,One example of a sports equipment is ___.,-13.0,-6.5
3918,meta-llama/Llama-3.1-8B-Instruct,sports equipment,en,generic,dart,One example of a sports equipment is ___.,-13.0625,-13.0625
3919,meta-llama/Llama-3.1-8B-Instruct,sports equipment,en,generic,dartboard,One example of a sports equipment is ___.,-14.2734375,-7.13671875
3920,meta-llama/Llama-3.1-8B-Instruct,sports equipment,en,generic,dumbbell,One example of a sports equipment is ___.,-13.875,-6.9375
3921,meta-llama/Llama-3.1-8B-Instruct,sports equipment,en,generic,exerciser,One example of a sports equipment is ___.,-15.65625,-7.828125
3922,meta-llama/Llama-3.1-8B-Instruct,sports equipment,en,generic,face mask,One example of a sports equipment is ___.,-15.4921875,-7.74609375
3923,meta-llama/Llama-3.1-8B-Instruct,sports equipment,en,generic,flipper,One example of a sports equipment is ___.,-16.8671875,-8.43359375
3924,meta-llama/Llama-3.1-8B-Instruct,sports equipment,en,generic,football,One example of a sports equipment is ___.,-8.5625,-8.5625
3925,meta-llama/Llama-3.1-8B-Instruct,sports equipment,en,generic,football helmet,One example of a sports equipment is ___.,-11.046875,-5.5234375
3926,meta-llama/Llama-3.1-8B-Instruct,sports equipment,en,generic,frisbee,One example of a sports equipment is ___.,-13.4853515625,-4.4951171875
3927,meta-llama/Llama-3.1-8B-Instruct,sports equipment,en,generic,goggles,One example of a sports equipment is ___.,-12.875,-12.875
3928,meta-llama/Llama-3.1-8B-Instruct,sports equipment,en,generic,golf club,One example of a sports equipment is ___.,-10.3203125,-5.16015625
3929,meta-llama/Llama-3.1-8B-Instruct,sports equipment,en,generic,helmet,One example of a sports equipment is ___.,-10.875,-10.875
3930,meta-llama/Llama-3.1-8B-Instruct,sports equipment,en,generic,hockey stick,One example of a sports equipment is ___.,-9.84375,-4.921875
3931,meta-llama/Llama-3.1-8B-Instruct,sports equipment,en,generic,home plate,One example of a sports equipment is ___.,-10.6484375,-5.32421875
3932,meta-llama/Llama-3.1-8B-Instruct,sports equipment,en,generic,iceskate,One example of a sports equipment is ___.,-19.46875,-6.489583333333333
3933,meta-llama/Llama-3.1-8B-Instruct,sports equipment,en,generic,javelin,One example of a sports equipment is ___.,-12.68212890625,-6.341064453125
3934,meta-llama/Llama-3.1-8B-Instruct,sports equipment,en,generic,jump rope,One example of a sports equipment is ___.,-14.265625,-7.1328125
3935,meta-llama/Llama-3.1-8B-Instruct,sports equipment,en,generic,kneepad,One example of a sports equipment is ___.,-20.09375,-10.046875
3936,meta-llama/Llama-3.1-8B-Instruct,sports equipment,en,generic,mouthpiece,One example of a sports equipment is ___.,-15.703125,-7.8515625
3937,meta-llama/Llama-3.1-8B-Instruct,sports equipment,en,generic,oar,One example of a sports equipment is ___.,-14.75,-7.375
3938,meta-llama/Llama-3.1-8B-Instruct,sports equipment,en,generic,paddle,One example of a sports equipment is ___.,-13.75,-13.75
3939,meta-llama/Llama-3.1-8B-Instruct,sports equipment,en,generic,ping-pong table,One example of a sports equipment is ___.,-17.5091552734375,-4.377288818359375
3940,meta-llama/Llama-3.1-8B-Instruct,sports equipment,en,generic,puck,One example of a sports equipment is ___.,-13.4375,-13.4375
3941,meta-llama/Llama-3.1-8B-Instruct,sports equipment,en,generic,punching bag,One example of a sports equipment is ___.,-15.6484375,-7.82421875
3942,meta-llama/Llama-3.1-8B-Instruct,sports equipment,en,generic,racket,One example of a sports equipment is ___.,-12.1875,-12.1875
3943,meta-llama/Llama-3.1-8B-Instruct,sports equipment,en,generic,rollerblade,One example of a sports equipment is ___.,-17.03125,-8.515625
3944,meta-llama/Llama-3.1-8B-Instruct,sports equipment,en,generic,rollerskate,One example of a sports equipment is ___.,-16.8125,-8.40625
3945,meta-llama/Llama-3.1-8B-Instruct,sports equipment,en,generic,saddle,One example of a sports equipment is ___.,-14.5625,-14.5625
3946,meta-llama/Llama-3.1-8B-Instruct,sports equipment,en,generic,scuba,One example of a sports equipment is ___.,-12.07421875,-6.037109375
3947,meta-llama/Llama-3.1-8B-Instruct,sports equipment,en,generic,skateboard,One example of a sports equipment is ___.,-11.4375,-11.4375
3948,meta-llama/Llama-3.1-8B-Instruct,sports equipment,en,generic,ski,One example of a sports equipment is ___.,-10.8125,-10.8125
3949,meta-llama/Llama-3.1-8B-Instruct,sports equipment,en,generic,ski boots,One example of a sports equipment is ___.,-13.90625,-6.953125
3950,meta-llama/Llama-3.1-8B-Instruct,sports equipment,en,generic,ski pole,One example of a sports equipment is ___.,-13.59375,-6.796875
3951,meta-llama/Llama-3.1-8B-Instruct,sports equipment,en,generic,sled,One example of a sports equipment is ___.,-13.6875,-13.6875
3952,meta-llama/Llama-3.1-8B-Instruct,sports equipment,en,generic,snorkel,One example of a sports equipment is ___.,-15.3984375,-7.69921875
3953,meta-llama/Llama-3.1-8B-Instruct,sports equipment,en,generic,snowboard,One example of a sports equipment is ___.,-12.0546875,-6.02734375
3954,meta-llama/Llama-3.1-8B-Instruct,sports equipment,en,generic,snowshoe,One example of a sports equipment is ___.,-15.6171875,-5.205729166666667
3955,meta-llama/Llama-3.1-8B-Instruct,sports equipment,en,generic,soccer ball,One example of a sports equipment is ___.,-8.0,-4.0
3956,meta-llama/Llama-3.1-8B-Instruct,sports equipment,en,generic,springboard,One example of a sports equipment is ___.,-13.828125,-6.9140625
3957,meta-llama/Llama-3.1-8B-Instruct,sports equipment,en,generic,stopwatch,One example of a sports equipment is ___.,-14.25,-14.25
3958,meta-llama/Llama-3.1-8B-Instruct,sports equipment,en,generic,surfboard,One example of a sports equipment is ___.,-12.1796875,-6.08984375
3959,meta-llama/Llama-3.1-8B-Instruct,sports equipment,en,generic,target,One example of a sports equipment is ___.,-13.1875,-13.1875
3960,meta-llama/Llama-3.1-8B-Instruct,sports equipment,en,generic,tee,One example of a sports equipment is ___.,-13.5625,-13.5625
3961,meta-llama/Llama-3.1-8B-Instruct,sports equipment,en,generic,tennis ball,One example of a sports equipment is ___.,-10.4375,-5.21875
3962,meta-llama/Llama-3.1-8B-Instruct,sports equipment,en,generic,trampoline,One example of a sports equipment is ___.,-13.15625,-6.578125
3963,meta-llama/Llama-3.1-8B-Instruct,sports equipment,en,generic,treadmill,One example of a sports equipment is ___.,-12.5,-12.5
3964,meta-llama/Llama-3.1-8B-Instruct,sports equipment,en,generic,volleyball,One example of a sports equipment is ___.,-8.4375,-8.4375
3965,meta-llama/Llama-3.1-8B-Instruct,sports equipment,en,generic,wetsuit,One example of a sports equipment is ___.,-14.3466796875,-4.7822265625
3966,meta-llama/Llama-3.1-8B-Instruct,sports equipment,en,indefinite_prod,balance beam,Name an example of a sports equipment: ___,-15.6875,-7.84375
3967,meta-llama/Llama-3.1-8B-Instruct,sports equipment,en,indefinite_prod,ball,Name an example of a sports equipment: ___,-6.15625,-6.15625
3968,meta-llama/Llama-3.1-8B-Instruct,sports equipment,en,indefinite_prod,barbell,Name an example of a sports equipment: ___,-13.08984375,-6.544921875
3969,meta-llama/Llama-3.1-8B-Instruct,sports equipment,en,indefinite_prod,baseball,Name an example of a sports equipment: ___,-6.34375,-6.34375
3970,meta-llama/Llama-3.1-8B-Instruct,sports equipment,en,indefinite_prod,baseball bat,Name an example of a sports equipment: ___,-6.91796875,-3.458984375
3971,meta-llama/Llama-3.1-8B-Instruct,sports equipment,en,indefinite_prod,baseball glove,Name an example of a sports equipment: ___,-9.171875,-4.5859375
3972,meta-llama/Llama-3.1-8B-Instruct,sports equipment,en,indefinite_prod,basketball,Name an example of a sports equipment: ___,-5.71875,-5.71875
3973,meta-llama/Llama-3.1-8B-Instruct,sports equipment,en,indefinite_prod,basketball hoop,Name an example of a sports equipment: ___,-9.8125,-4.90625
3974,meta-llama/Llama-3.1-8B-Instruct,sports equipment,en,indefinite_prod,bat,Name an example of a sports equipment: ___,-7.21875,-7.21875
3975,meta-llama/Llama-3.1-8B-Instruct,sports equipment,en,indefinite_prod,baton (drums),Name an example of a sports equipment: ___,-30.9296875,-5.154947916666667
3976,meta-llama/Llama-3.1-8B-Instruct,sports equipment,en,indefinite_prod,baton (running),Name an example of a sports equipment: ___,-23.9375,-4.7875
3977,meta-llama/Llama-3.1-8B-Instruct,sports equipment,en,indefinite_prod,beachball,Name an example of a sports equipment: ___,-14.5,-7.25
3978,meta-llama/Llama-3.1-8B-Instruct,sports equipment,en,indefinite_prod,bobsled,Name an example of a sports equipment: ___,-16.017578125,-5.339192708333333
3979,meta-llama/Llama-3.1-8B-Instruct,sports equipment,en,indefinite_prod,bowling ball,Name an example of a sports equipment: ___,-9.169921875,-4.5849609375
3980,meta-llama/Llama-3.1-8B-Instruct,sports equipment,en,indefinite_prod,boxing gloves,Name an example of a sports equipment: ___,-10.669921875,-5.3349609375
3981,meta-llama/Llama-3.1-8B-Instruct,sports equipment,en,indefinite_prod,cleat,Name an example of a sports equipment: ___,-13.046875,-6.5234375
3982,meta-llama/Llama-3.1-8B-Instruct,sports equipment,en,indefinite_prod,dart,Name an example of a sports equipment: ___,-12.5,-12.5
3983,meta-llama/Llama-3.1-8B-Instruct,sports equipment,en,indefinite_prod,dartboard,Name an example of a sports equipment: ___,-13.5234375,-6.76171875
3984,meta-llama/Llama-3.1-8B-Instruct,sports equipment,en,indefinite_prod,dumbbell,Name an example of a sports equipment: ___,-12.30859375,-6.154296875
3985,meta-llama/Llama-3.1-8B-Instruct,sports equipment,en,indefinite_prod,exerciser,Name an example of a sports equipment: ___,-15.78125,-7.890625
3986,meta-llama/Llama-3.1-8B-Instruct,sports equipment,en,indefinite_prod,face mask,Name an example of a sports equipment: ___,-12.6875,-6.34375
3987,meta-llama/Llama-3.1-8B-Instruct,sports equipment,en,indefinite_prod,flipper,Name an example of a sports equipment: ___,-14.6953125,-7.34765625
3988,meta-llama/Llama-3.1-8B-Instruct,sports equipment,en,indefinite_prod,football,Name an example of a sports equipment: ___,-5.84375,-5.84375
3989,meta-llama/Llama-3.1-8B-Instruct,sports equipment,en,indefinite_prod,football helmet,Name an example of a sports equipment: ___,-10.78125,-5.390625
3990,meta-llama/Llama-3.1-8B-Instruct,sports equipment,en,indefinite_prod,frisbee,Name an example of a sports equipment: ___,-10.42620849609375,-3.47540283203125
3991,meta-llama/Llama-3.1-8B-Instruct,sports equipment,en,indefinite_prod,goggles,Name an example of a sports equipment: ___,-8.875,-8.875
3992,meta-llama/Llama-3.1-8B-Instruct,sports equipment,en,indefinite_prod,golf club,Name an example of a sports equipment: ___,-7.0859375,-3.54296875
3993,meta-llama/Llama-3.1-8B-Instruct,sports equipment,en,indefinite_prod,helmet,Name an example of a sports equipment: ___,-7.34375,-7.34375
3994,meta-llama/Llama-3.1-8B-Instruct,sports equipment,en,indefinite_prod,hockey stick,Name an example of a sports equipment: ___,-7.01953125,-3.509765625
3995,meta-llama/Llama-3.1-8B-Instruct,sports equipment,en,indefinite_prod,home plate,Name an example of a sports equipment: ___,-13.21875,-6.609375
3996,meta-llama/Llama-3.1-8B-Instruct,sports equipment,en,indefinite_prod,iceskate,Name an example of a sports equipment: ___,-18.109375,-6.036458333333333
3997,meta-llama/Llama-3.1-8B-Instruct,sports equipment,en,indefinite_prod,javelin,Name an example of a sports equipment: ___,-12.13421630859375,-6.067108154296875
3998,meta-llama/Llama-3.1-8B-Instruct,sports equipment,en,indefinite_prod,jump rope,Name an example of a sports equipment: ___,-13.978515625,-6.9892578125
3999,meta-llama/Llama-3.1-8B-Instruct,sports equipment,en,indefinite_prod,kneepad,Name an example of a sports equipment: ___,-17.109375,-8.5546875
4000,meta-llama/Llama-3.1-8B-Instruct,sports equipment,en,indefinite_prod,mouthpiece,Name an example of a sports equipment: ___,-15.453125,-7.7265625
4001,meta-llama/Llama-3.1-8B-Instruct,sports equipment,en,indefinite_prod,oar,Name an example of a sports equipment: ___,-10.9296875,-5.46484375
4002,meta-llama/Llama-3.1-8B-Instruct,sports equipment,en,indefinite_prod,paddle,Name an example of a sports equipment: ___,-10.5625,-10.5625
4003,meta-llama/Llama-3.1-8B-Instruct,sports equipment,en,indefinite_prod,ping-pong table,Name an example of a sports equipment: ___,-15.5263671875,-3.881591796875
4004,meta-llama/Llama-3.1-8B-Instruct,sports equipment,en,indefinite_prod,puck,Name an example of a sports equipment: ___,-13.5625,-13.5625
4005,meta-llama/Llama-3.1-8B-Instruct,sports equipment,en,indefinite_prod,punching bag,Name an example of a sports equipment: ___,-13.7451171875,-6.87255859375
4006,meta-llama/Llama-3.1-8B-Instruct,sports equipment,en,indefinite_prod,racket,Name an example of a sports equipment: ___,-8.625,-8.625
4007,meta-llama/Llama-3.1-8B-Instruct,sports equipment,en,indefinite_prod,rollerblade,Name an example of a sports equipment: ___,-12.5,-6.25
4008,meta-llama/Llama-3.1-8B-Instruct,sports equipment,en,indefinite_prod,rollerskate,Name an example of a sports equipment: ___,-15.953125,-7.9765625
4009,meta-llama/Llama-3.1-8B-Instruct,sports equipment,en,indefinite_prod,saddle,Name an example of a sports equipment: ___,-12.0625,-12.0625
4010,meta-llama/Llama-3.1-8B-Instruct,sports equipment,en,indefinite_prod,scuba,Name an example of a sports equipment: ___,-11.986328125,-5.9931640625
4011,meta-llama/Llama-3.1-8B-Instruct,sports equipment,en,indefinite_prod,skateboard,Name an example of a sports equipment: ___,-7.6875,-7.6875
4012,meta-llama/Llama-3.1-8B-Instruct,sports equipment,en,indefinite_prod,ski,Name an example of a sports equipment: ___,-8.4375,-8.4375
4013,meta-llama/Llama-3.1-8B-Instruct,sports equipment,en,indefinite_prod,ski boots,Name an example of a sports equipment: ___,-13.625,-6.8125
4014,meta-llama/Llama-3.1-8B-Instruct,sports equipment,en,indefinite_prod,ski pole,Name an example of a sports equipment: ___,-11.171875,-5.5859375
4015,meta-llama/Llama-3.1-8B-Instruct,sports equipment,en,indefinite_prod,sled,Name an example of a sports equipment: ___,-12.375,-12.375
4016,meta-llama/Llama-3.1-8B-Instruct,sports equipment,en,indefinite_prod,snorkel,Name an example of a sports equipment: ___,-11.087890625,-5.5439453125
4017,meta-llama/Llama-3.1-8B-Instruct,sports equipment,en,indefinite_prod,snowboard,Name an example of a sports equipment: ___,-9.8828125,-4.94140625
4018,meta-llama/Llama-3.1-8B-Instruct,sports equipment,en,indefinite_prod,snowshoe,Name an example of a sports equipment: ___,-12.40625,-4.135416666666667
4019,meta-llama/Llama-3.1-8B-Instruct,sports equipment,en,indefinite_prod,soccer ball,Name an example of a sports equipment: ___,-5.0615234375,-2.53076171875
4020,meta-llama/Llama-3.1-8B-Instruct,sports equipment,en,indefinite_prod,springboard,Name an example of a sports equipment: ___,-14.34375,-7.171875
4021,meta-llama/Llama-3.1-8B-Instruct,sports equipment,en,indefinite_prod,stopwatch,Name an example of a sports equipment: ___,-11.75,-11.75
4022,meta-llama/Llama-3.1-8B-Instruct,sports equipment,en,indefinite_prod,surfboard,Name an example of a sports equipment: ___,-9.664306640625,-4.8321533203125
4023,meta-llama/Llama-3.1-8B-Instruct,sports equipment,en,indefinite_prod,target,Name an example of a sports equipment: ___,-13.0,-13.0
4024,meta-llama/Llama-3.1-8B-Instruct,sports equipment,en,indefinite_prod,tee,Name an example of a sports equipment: ___,-12.0625,-12.0625
4025,meta-llama/Llama-3.1-8B-Instruct,sports equipment,en,indefinite_prod,tennis ball,Name an example of a sports equipment: ___,-9.0,-4.5
4026,meta-llama/Llama-3.1-8B-Instruct,sports equipment,en,indefinite_prod,trampoline,Name an example of a sports equipment: ___,-11.4140625,-5.70703125
4027,meta-llama/Llama-3.1-8B-Instruct,sports equipment,en,indefinite_prod,treadmill,Name an example of a sports equipment: ___,-10.1875,-10.1875
4028,meta-llama/Llama-3.1-8B-Instruct,sports equipment,en,indefinite_prod,volleyball,Name an example of a sports equipment: ___,-7.03125,-7.03125
4029,meta-llama/Llama-3.1-8B-Instruct,sports equipment,en,indefinite_prod,wetsuit,Name an example of a sports equipment: ___,-17.3310546875,-5.777018229166667
4030,meta-llama/Llama-3.1-8B-Instruct,tool,en,generic,axe,One example of a tool is ___.,-13.5,-13.5
4031,meta-llama/Llama-3.1-8B-Instruct,tool,en,generic,brush,One example of a tool is ___.,-12.4375,-12.4375
4032,meta-llama/Llama-3.1-8B-Instruct,tool,en,generic,chisel,One example of a tool is ___.,-12.1328125,-6.06640625
4033,meta-llama/Llama-3.1-8B-Instruct,tool,en,generic,drill,One example of a tool is ___.,-11.5,-11.5
4034,meta-llama/Llama-3.1-8B-Instruct,tool,en,generic,hammer,One example of a tool is ___.,-10.75,-10.75
4035,meta-llama/Llama-3.1-8B-Instruct,tool,en,generic,knife,One example of a tool is ___.,-11.5625,-11.5625
4036,meta-llama/Llama-3.1-8B-Instruct,tool,en,generic,pliers,One example of a tool is ___.,-10.6953125,-5.34765625
4037,meta-llama/Llama-3.1-8B-Instruct,tool,en,generic,rake,One example of a tool is ___.,-13.875,-13.875
4038,meta-llama/Llama-3.1-8B-Instruct,tool,en,generic,saw,One example of a tool is ___.,-14.1875,-14.1875
4039,meta-llama/Llama-3.1-8B-Instruct,tool,en,generic,screwdriver,One example of a tool is ___.,-12.72265625,-6.361328125
4040,meta-llama/Llama-3.1-8B-Instruct,tool,en,generic,shovel,One example of a tool is ___.,-11.5,-11.5
4041,meta-llama/Llama-3.1-8B-Instruct,tool,en,generic,sickle,One example of a tool is ___.,-14.859375,-7.4296875
4042,meta-llama/Llama-3.1-8B-Instruct,tool,en,generic,air pump,One example of a tool is ___.,-15.71875,-7.859375
4043,meta-llama/Llama-3.1-8B-Instruct,tool,en,generic,anvil,One example of a tool is ___.,-13.5625,-6.78125
4044,meta-llama/Llama-3.1-8B-Instruct,tool,en,generic,backscratcher,One example of a tool is ___.,-20.94970703125,-6.983235677083333
4045,meta-llama/Llama-3.1-8B-Instruct,tool,en,generic,blower,One example of a tool is ___.,-15.09375,-7.546875
4046,meta-llama/Llama-3.1-8B-Instruct,tool,en,generic,blowtorch,One example of a tool is ___.,-15.75,-7.875
4047,meta-llama/Llama-3.1-8B-Instruct,tool,en,generic,bottle opener,One example of a tool is ___.,-15.6640625,-7.83203125
4048,meta-llama/Llama-3.1-8B-Instruct,tool,en,generic,broom,One example of a tool is ___.,-13.912109375,-6.9560546875
4049,meta-llama/Llama-3.1-8B-Instruct,tool,en,generic,can opener,One example of a tool is ___.,-15.9375,-7.96875
4050,meta-llama/Llama-3.1-8B-Instruct,tool,en,generic,chain,One example of a tool is ___.,-13.125,-13.125
4051,meta-llama/Llama-3.1-8B-Instruct,tool,en,generic,chainsaw,One example of a tool is ___.,-14.77734375,-7.388671875
4052,meta-llama/Llama-3.1-8B-Instruct,tool,en,generic,chopsticks,One example of a tool is ___.,-14.32421875,-7.162109375
4053,meta-llama/Llama-3.1-8B-Instruct,tool,en,generic,cleaver,One example of a tool is ___.,-13.234375,-6.6171875
4054,meta-llama/Llama-3.1-8B-Instruct,tool,en,generic,clipper,One example of a tool is ___.,-13.25390625,-6.626953125
4055,meta-llama/Llama-3.1-8B-Instruct,tool,en,generic,corkscrew,One example of a tool is ___.,-18.0361328125,-6.012044270833333
4056,meta-llama/Llama-3.1-8B-Instruct,tool,en,generic,crank,One example of a tool is ___.,-16.5,-16.5
4057,meta-llama/Llama-3.1-8B-Instruct,tool,en,generic,crowbar,One example of a tool is ___.,-14.8671875,-7.43359375
4058,meta-llama/Llama-3.1-8B-Instruct,tool,en,generic,curling iron,One example of a tool is ___.,-22.5703125,-7.5234375
4059,meta-llama/Llama-3.1-8B-Instruct,tool,en,generic,duster,One example of a tool is ___.,-17.8125,-8.90625
4060,meta-llama/Llama-3.1-8B-Instruct,tool,en,generic,dustpan,One example of a tool is ___.,-14.6875,-7.34375
4061,meta-llama/Llama-3.1-8B-Instruct,tool,en,generic,eggbeater,One example of a tool is ___.,-16.20703125,-5.40234375
4062,meta-llama/Llama-3.1-8B-Instruct,tool,en,generic,file,One example of a tool is ___.,-11.4375,-11.4375
4063,meta-llama/Llama-3.1-8B-Instruct,tool,en,generic,flyswatter,One example of a tool is ___.,-17.9464111328125,-5.982137044270833
4064,meta-llama/Llama-3.1-8B-Instruct,tool,en,generic,fork,One example of a tool is ___.,-13.0,-13.0
4065,meta-llama/Llama-3.1-8B-Instruct,tool,en,generic,fountain pen,One example of a tool is ___.,-16.16015625,-8.080078125
4066,meta-llama/Llama-3.1-8B-Instruct,tool,en,generic,funnel,One example of a tool is ___.,-15.0,-15.0
4067,meta-llama/Llama-3.1-8B-Instruct,tool,en,generic,gavel,One example of a tool is ___.,-15.90625,-7.953125
4068,meta-llama/Llama-3.1-8B-Instruct,tool,en,generic,grater,One example of a tool is ___.,-14.53125,-7.265625
4069,meta-llama/Llama-3.1-8B-Instruct,tool,en,generic,grinder,One example of a tool is ___.,-13.0625,-13.0625
4070,meta-llama/Llama-3.1-8B-Instruct,tool,en,generic,hoe,One example of a tool is ___.,-14.625,-14.625
4071,meta-llama/Llama-3.1-8B-Instruct,tool,en,generic,hose,One example of a tool is ___.,-14.875,-14.875
4072,meta-llama/Llama-3.1-8B-Instruct,tool,en,generic,icepick,One example of a tool is ___.,-16.21875,-8.109375
4073,meta-llama/Llama-3.1-8B-Instruct,tool,en,generic,jack,One example of a tool is ___.,-14.125,-14.125
4074,meta-llama/Llama-3.1-8B-Instruct,tool,en,generic,jackhammer,One example of a tool is ___.,-14.8125,-7.40625
4075,meta-llama/Llama-3.1-8B-Instruct,tool,en,generic,ladder,One example of a tool is ___.,-14.625,-14.625
4076,meta-llama/Llama-3.1-8B-Instruct,tool,en,generic,ladle,One example of a tool is ___.,-16.37890625,-8.189453125
4077,meta-llama/Llama-3.1-8B-Instruct,tool,en,generic,letter opener,One example of a tool is ___.,-20.375,-10.1875
4078,meta-llama/Llama-3.1-8B-Instruct,tool,en,generic,lighter,One example of a tool is ___.,-15.375,-15.375
4079,meta-llama/Llama-3.1-8B-Instruct,tool,en,generic,magnifier,One example of a tool is ___.,-17.8125,-8.90625
4080,meta-llama/Llama-3.1-8B-Instruct,tool,en,generic,magnifying glass,One example of a tool is ___.,-13.89892578125,-4.632975260416667
4081,meta-llama/Llama-3.1-8B-Instruct,tool,en,generic,mallet,One example of a tool is ___.,-15.75,-7.875
4082,meta-llama/Llama-3.1-8B-Instruct,tool,en,generic,marker,One example of a tool is ___.,-13.6875,-13.6875
4083,meta-llama/Llama-3.1-8B-Instruct,tool,en,generic,match,One example of a tool is ___.,-11.9375,-11.9375
4084,meta-llama/Llama-3.1-8B-Instruct,tool,en,generic,metal detector,One example of a tool is ___.,-14.515625,-7.2578125
4085,meta-llama/Llama-3.1-8B-Instruct,tool,en,generic,mop,One example of a tool is ___.,-15.25,-15.25
4086,meta-llama/Llama-3.1-8B-Instruct,tool,en,generic,nail clippers,One example of a tool is ___.,-15.566864013671875,-5.188954671223958
4087,meta-llama/Llama-3.1-8B-Instruct,tool,en,generic,nail file,One example of a tool is ___.,-15.0,-7.5
4088,meta-llama/Llama-3.1-8B-Instruct,tool,en,generic,needle,One example of a tool is ___.,-11.875,-11.875
4089,meta-llama/Llama-3.1-8B-Instruct,tool,en,generic,nutcracker,One example of a tool is ___.,-15.56103515625,-5.18701171875
4090,meta-llama/Llama-3.1-8B-Instruct,tool,en,generic,paintbrush,One example of a tool is ___.,-12.296875,-6.1484375
4091,meta-llama/Llama-3.1-8B-Instruct,tool,en,generic,peeler,One example of a tool is ___.,-17.34375,-8.671875
4092,meta-llama/Llama-3.1-8B-Instruct,tool,en,generic,pen,One example of a tool is ___.,-14.0625,-14.0625
4093,meta-llama/Llama-3.1-8B-Instruct,tool,en,generic,pencil,One example of a tool is ___.,-12.9375,-12.9375
4094,meta-llama/Llama-3.1-8B-Instruct,tool,en,generic,pencil sharpener,One example of a tool is ___.,-16.002426147460938,-5.3341420491536455
4095,meta-llama/Llama-3.1-8B-Instruct,tool,en,generic,penlight,One example of a tool is ___.,-22.5,-11.25
4096,meta-llama/Llama-3.1-8B-Instruct,tool,en,generic,pickax,One example of a tool is ___.,-16.53125,-8.265625
4097,meta-llama/Llama-3.1-8B-Instruct,tool,en,generic,pin,One example of a tool is ___.,-14.4375,-14.4375
4098,meta-llama/Llama-3.1-8B-Instruct,tool,en,generic,pitchfork,One example of a tool is ___.,-14.015625,-7.0078125
4099,meta-llama/Llama-3.1-8B-Instruct,tool,en,generic,plunger,One example of a tool is ___.,-14.0,-7.0
4100,meta-llama/Llama-3.1-8B-Instruct,tool,en,generic,pocketknife,One example of a tool is ___.,-16.359375,-8.1796875
4101,meta-llama/Llama-3.1-8B-Instruct,tool,en,generic,poker,One example of a tool is ___.,-14.1875,-14.1875
4102,meta-llama/Llama-3.1-8B-Instruct,tool,en,generic,polisher,One example of a tool is ___.,-18.75,-9.375
4103,meta-llama/Llama-3.1-8B-Instruct,tool,en,generic,punch,One example of a tool is ___.,-12.6875,-12.6875
4104,meta-llama/Llama-3.1-8B-Instruct,tool,en,generic,quill,One example of a tool is ___.,-14.03125,-7.015625
4105,meta-llama/Llama-3.1-8B-Instruct,tool,en,generic,ratchet,One example of a tool is ___.,-17.0625,-8.53125
4106,meta-llama/Llama-3.1-8B-Instruct,tool,en,generic,razor,One example of a tool is ___.,-14.875,-14.875
4107,meta-llama/Llama-3.1-8B-Instruct,tool,en,generic,rolling pin,One example of a tool is ___.,-17.84375,-8.921875
4108,meta-llama/Llama-3.1-8B-Instruct,tool,en,generic,rope,One example of a tool is ___.,-15.375,-15.375
4109,meta-llama/Llama-3.1-8B-Instruct,tool,en,generic,ruler,One example of a tool is ___.,-14.75,-14.75
4110,meta-llama/Llama-3.1-8B-Instruct,tool,en,generic,sandpaper,One example of a tool is ___.,-13.01953125,-6.509765625
4111,meta-llama/Llama-3.1-8B-Instruct,tool,en,generic,sawhorse,One example of a tool is ___.,-19.0625,-9.53125
4112,meta-llama/Llama-3.1-8B-Instruct,tool,en,generic,scalpel,One example of a tool is ___.,-12.42578125,-6.212890625
4113,meta-llama/Llama-3.1-8B-Instruct,tool,en,generic,scissors,One example of a tool is ___.,-13.1875,-13.1875
4114,meta-llama/Llama-3.1-8B-Instruct,tool,en,generic,scoop,One example of a tool is ___.,-12.125,-12.125
4115,meta-llama/Llama-3.1-8B-Instruct,tool,en,generic,scraper,One example of a tool is ___.,-14.8125,-14.8125
4116,meta-llama/Llama-3.1-8B-Instruct,tool,en,generic,shears,One example of a tool is ___.,-13.625,-6.8125
4117,meta-llama/Llama-3.1-8B-Instruct,tool,en,generic,sledgehammer,One example of a tool is ___.,-14.326171875,-4.775390625
4118,meta-llama/Llama-3.1-8B-Instruct,tool,en,generic,soldering iron,One example of a tool is ___.,-15.162109375,-5.054036458333333
4119,meta-llama/Llama-3.1-8B-Instruct,tool,en,generic,spatula,One example of a tool is ___.,-15.6640625,-7.83203125
4120,meta-llama/Llama-3.1-8B-Instruct,tool,en,generic,spoon,One example of a tool is ___.,-14.1875,-14.1875
4121,meta-llama/Llama-3.1-8B-Instruct,tool,en,generic,squeegee,One example of a tool is ___.,-16.853515625,-5.617838541666667
4122,meta-llama/Llama-3.1-8B-Instruct,tool,en,generic,stamp,One example of a tool is ___.,-11.6875,-11.6875
4123,meta-llama/Llama-3.1-8B-Instruct,tool,en,generic,staple gun,One example of a tool is ___.,-15.12109375,-7.560546875
4124,meta-llama/Llama-3.1-8B-Instruct,tool,en,generic,sweeper,One example of a tool is ___.,-16.38671875,-8.193359375
4125,meta-llama/Llama-3.1-8B-Instruct,tool,en,generic,tape measure,One example of a tool is ___.,-13.85546875,-6.927734375
4126,meta-llama/Llama-3.1-8B-Instruct,tool,en,generic,tongs,One example of a tool is ___.,-15.4375,-7.71875
4127,meta-llama/Llama-3.1-8B-Instruct,tool,en,generic,tool,One example of a tool is ___.,-5.75,-5.75
4128,meta-llama/Llama-3.1-8B-Instruct,tool,en,generic,trident,One example of a tool is ___.,-15.90625,-7.953125
4129,meta-llama/Llama-3.1-8B-Instruct,tool,en,generic,trowel,One example of a tool is ___.,-14.0869140625,-4.695638020833333
4130,meta-llama/Llama-3.1-8B-Instruct,tool,en,generic,tweezers,One example of a tool is ___.,-15.902130126953125,-5.300710042317708
4131,meta-llama/Llama-3.1-8B-Instruct,tool,en,generic,vacuum,One example of a tool is ___.,-12.5625,-12.5625
4132,meta-llama/Llama-3.1-8B-Instruct,tool,en,generic,vise,One example of a tool is ___.,-16.65625,-8.328125
4133,meta-llama/Llama-3.1-8B-Instruct,tool,en,generic,watering can,One example of a tool is ___.,-14.197265625,-7.0986328125
4134,meta-llama/Llama-3.1-8B-Instruct,tool,en,generic,wedge,One example of a tool is ___.,-14.875,-14.875
4135,meta-llama/Llama-3.1-8B-Instruct,tool,en,generic,wire cutters,One example of a tool is ___.,-17.087890625,-5.695963541666667
4136,meta-llama/Llama-3.1-8B-Instruct,tool,en,generic,wrench,One example of a tool is ___.,-13.5,-13.5
4137,meta-llama/Llama-3.1-8B-Instruct,tool,en,indefinite_prod,axe,Name an example of a tool: ___,-9.0625,-9.0625
4138,meta-llama/Llama-3.1-8B-Instruct,tool,en,indefinite_prod,brush,Name an example of a tool: ___,-9.625,-9.625
4139,meta-llama/Llama-3.1-8B-Instruct,tool,en,indefinite_prod,chisel,Name an example of a tool: ___,-10.38787841796875,-5.193939208984375
4140,meta-llama/Llama-3.1-8B-Instruct,tool,en,indefinite_prod,drill,Name an example of a tool: ___,-8.25,-8.25
4141,meta-llama/Llama-3.1-8B-Instruct,tool,en,indefinite_prod,hammer,Name an example of a tool: ___,-5.0,-5.0
4142,meta-llama/Llama-3.1-8B-Instruct,tool,en,indefinite_prod,knife,Name an example of a tool: ___,-7.71875,-7.71875
4143,meta-llama/Llama-3.1-8B-Instruct,tool,en,indefinite_prod,pliers,Name an example of a tool: ___,-9.25,-4.625
4144,meta-llama/Llama-3.1-8B-Instruct,tool,en,indefinite_prod,rake,Name an example of a tool: ___,-9.0625,-9.0625
4145,meta-llama/Llama-3.1-8B-Instruct,tool,en,indefinite_prod,saw,Name an example of a tool: ___,-9.4375,-9.4375
4146,meta-llama/Llama-3.1-8B-Instruct,tool,en,indefinite_prod,screwdriver,Name an example of a tool: ___,-7.201416015625,-3.6007080078125
4147,meta-llama/Llama-3.1-8B-Instruct,tool,en,indefinite_prod,shovel,Name an example of a tool: ___,-7.375,-7.375
4148,meta-llama/Llama-3.1-8B-Instruct,tool,en,indefinite_prod,sickle,Name an example of a tool: ___,-11.5068359375,-5.75341796875
4149,meta-llama/Llama-3.1-8B-Instruct,tool,en,indefinite_prod,air pump,Name an example of a tool: ___,-13.75,-6.875
4150,meta-llama/Llama-3.1-8B-Instruct,tool,en,indefinite_prod,anvil,Name an example of a tool: ___,-9.021484375,-4.5107421875
4151,meta-llama/Llama-3.1-8B-Instruct,tool,en,indefinite_prod,backscratcher,Name an example of a tool: ___,-15.02557373046875,-5.008524576822917
4152,meta-llama/Llama-3.1-8B-Instruct,tool,en,indefinite_prod,blower,Name an example of a tool: ___,-14.09375,-7.046875
4153,meta-llama/Llama-3.1-8B-Instruct,tool,en,indefinite_prod,blowtorch,Name an example of a tool: ___,-14.68359375,-7.341796875
4154,meta-llama/Llama-3.1-8B-Instruct,tool,en,indefinite_prod,bottle opener,Name an example of a tool: ___,-13.109375,-6.5546875
4155,meta-llama/Llama-3.1-8B-Instruct,tool,en,indefinite_prod,broom,Name an example of a tool: ___,-8.88671875,-4.443359375
4156,meta-llama/Llama-3.1-8B-Instruct,tool,en,indefinite_prod,can opener,Name an example of a tool: ___,-12.28125,-6.140625
4157,meta-llama/Llama-3.1-8B-Instruct,tool,en,indefinite_prod,chain,Name an example of a tool: ___,-10.8125,-10.8125
4158,meta-llama/Llama-3.1-8B-Instruct,tool,en,indefinite_prod,chainsaw,Name an example of a tool: ___,-10.45257568359375,-5.226287841796875
4159,meta-llama/Llama-3.1-8B-Instruct,tool,en,indefinite_prod,chopsticks,Name an example of a tool: ___,-13.078125,-6.5390625
4160,meta-llama/Llama-3.1-8B-Instruct,tool,en,indefinite_prod,cleaver,Name an example of a tool: ___,-11.9638671875,-5.98193359375
4161,meta-llama/Llama-3.1-8B-Instruct,tool,en,indefinite_prod,clipper,Name an example of a tool: ___,-13.1328125,-6.56640625
4162,meta-llama/Llama-3.1-8B-Instruct,tool,en,indefinite_prod,corkscrew,Name an example of a tool: ___,-11.93804931640625,-3.9793497721354165
4163,meta-llama/Llama-3.1-8B-Instruct,tool,en,indefinite_prod,crank,Name an example of a tool: ___,-13.8125,-13.8125
4164,meta-llama/Llama-3.1-8B-Instruct,tool,en,indefinite_prod,crowbar,Name an example of a tool: ___,-11.363525390625,-5.6817626953125
4165,meta-llama/Llama-3.1-8B-Instruct,tool,en,indefinite_prod,curling iron,Name an example of a tool: ___,-21.16015625,-7.053385416666667
4166,meta-llama/Llama-3.1-8B-Instruct,tool,en,indefinite_prod,duster,Name an example of a tool: ___,-15.8125,-7.90625
4167,meta-llama/Llama-3.1-8B-Instruct,tool,en,indefinite_prod,dustpan,Name an example of a tool: ___,-14.89453125,-7.447265625
4168,meta-llama/Llama-3.1-8B-Instruct,tool,en,indefinite_prod,eggbeater,Name an example of a tool: ___,-13.384552001953125,-4.461517333984375
4169,meta-llama/Llama-3.1-8B-Instruct,tool,en,indefinite_prod,file,Name an example of a tool: ___,-9.375,-9.375
4170,meta-llama/Llama-3.1-8B-Instruct,tool,en,indefinite_prod,flyswatter,Name an example of a tool: ___,-14.866607666015625,-4.955535888671875
4171,meta-llama/Llama-3.1-8B-Instruct,tool,en,indefinite_prod,fork,Name an example of a tool: ___,-9.875,-9.875
4172,meta-llama/Llama-3.1-8B-Instruct,tool,en,indefinite_prod,fountain pen,Name an example of a tool: ___,-13.2255859375,-6.61279296875
4173,meta-llama/Llama-3.1-8B-Instruct,tool,en,indefinite_prod,funnel,Name an example of a tool: ___,-12.5625,-12.5625
4174,meta-llama/Llama-3.1-8B-Instruct,tool,en,indefinite_prod,gavel,Name an example of a tool: ___,-12.46875,-6.234375
4175,meta-llama/Llama-3.1-8B-Instruct,tool,en,indefinite_prod,grater,Name an example of a tool: ___,-12.2578125,-6.12890625
4176,meta-llama/Llama-3.1-8B-Instruct,tool,en,indefinite_prod,grinder,Name an example of a tool: ___,-11.0,-11.0
4177,meta-llama/Llama-3.1-8B-Instruct,tool,en,indefinite_prod,hoe,Name an example of a tool: ___,-13.0,-13.0
4178,meta-llama/Llama-3.1-8B-Instruct,tool,en,indefinite_prod,hose,Name an example of a tool: ___,-12.375,-12.375
4179,meta-llama/Llama-3.1-8B-Instruct,tool,en,indefinite_prod,icepick,Name an example of a tool: ___,-16.171875,-8.0859375
4180,meta-llama/Llama-3.1-8B-Instruct,tool,en,indefinite_prod,jack,Name an example of a tool: ___,-11.875,-11.875
4181,meta-llama/Llama-3.1-8B-Instruct,tool,en,indefinite_prod,jackhammer,Name an example of a tool: ___,-12.9140625,-6.45703125
4182,meta-llama/Llama-3.1-8B-Instruct,tool,en,indefinite_prod,ladder,Name an example of a tool: ___,-11.75,-11.75
4183,meta-llama/Llama-3.1-8B-Instruct,tool,en,indefinite_prod,ladle,Name an example of a tool: ___,-13.88623046875,-6.943115234375
4184,meta-llama/Llama-3.1-8B-Instruct,tool,en,indefinite_prod,letter opener,Name an example of a tool: ___,-14.359375,-7.1796875
4185,meta-llama/Llama-3.1-8B-Instruct,tool,en,indefinite_prod,lighter,Name an example of a tool: ___,-12.5625,-12.5625
4186,meta-llama/Llama-3.1-8B-Instruct,tool,en,indefinite_prod,magnifier,Name an example of a tool: ___,-13.140625,-6.5703125
4187,meta-llama/Llama-3.1-8B-Instruct,tool,en,indefinite_prod,magnifying glass,Name an example of a tool: ___,-10.57421875,-3.5247395833333335
4188,meta-llama/Llama-3.1-8B-Instruct,tool,en,indefinite_prod,mallet,Name an example of a tool: ___,-10.015625,-5.0078125
4189,meta-llama/Llama-3.1-8B-Instruct,tool,en,indefinite_prod,marker,Name an example of a tool: ___,-11.1875,-11.1875
4190,meta-llama/Llama-3.1-8B-Instruct,tool,en,indefinite_prod,match,Name an example of a tool: ___,-13.625,-13.625
4191,meta-llama/Llama-3.1-8B-Instruct,tool,en,indefinite_prod,metal detector,Name an example of a tool: ___,-13.5,-6.75
4192,meta-llama/Llama-3.1-8B-Instruct,tool,en,indefinite_prod,mop,Name an example of a tool: ___,-11.0,-11.0
4193,meta-llama/Llama-3.1-8B-Instruct,tool,en,indefinite_prod,nail clippers,Name an example of a tool: ___,-13.596481323242188,-4.5321604410807295
4194,meta-llama/Llama-3.1-8B-Instruct,tool,en,indefinite_prod,nail file,Name an example of a tool: ___,-13.96875,-6.984375
4195,meta-llama/Llama-3.1-8B-Instruct,tool,en,indefinite_prod,needle,Name an example of a tool: ___,-9.375,-9.375
4196,meta-llama/Llama-3.1-8B-Instruct,tool,en,indefinite_prod,nutcracker,Name an example of a tool: ___,-12.6669921875,-4.222330729166667
4197,meta-llama/Llama-3.1-8B-Instruct,tool,en,indefinite_prod,paintbrush,Name an example of a tool: ___,-9.244140625,-4.6220703125
4198,meta-llama/Llama-3.1-8B-Instruct,tool,en,indefinite_prod,peeler,Name an example of a tool: ___,-13.41015625,-6.705078125
4199,meta-llama/Llama-3.1-8B-Instruct,tool,en,indefinite_prod,pen,Name an example of a tool: ___,-8.3125,-8.3125
4200,meta-llama/Llama-3.1-8B-Instruct,tool,en,indefinite_prod,pencil,Name an example of a tool: ___,-5.25,-5.25
4201,meta-llama/Llama-3.1-8B-Instruct,tool,en,indefinite_prod,pencil sharpener,Name an example of a tool: ___,-9.328937530517578,-3.1096458435058594
4202,meta-llama/Llama-3.1-8B-Instruct,tool,en,indefinite_prod,penlight,Name an example of a tool: ___,-19.0,-9.5
4203,meta-llama/Llama-3.1-8B-Instruct,tool,en,indefinite_prod,pickax,Name an example of a tool: ___,-12.96875,-6.484375
4204,meta-llama/Llama-3.1-8B-Instruct,tool,en,indefinite_prod,pin,Name an example of a tool: ___,-10.4375,-10.4375
4205,meta-llama/Llama-3.1-8B-Instruct,tool,en,indefinite_prod,pitchfork,Name an example of a tool: ___,-12.921875,-6.4609375
4206,meta-llama/Llama-3.1-8B-Instruct,tool,en,indefinite_prod,plunger,Name an example of a tool: ___,-14.75,-7.375
4207,meta-llama/Llama-3.1-8B-Instruct,tool,en,indefinite_prod,pocketknife,Name an example of a tool: ___,-13.765625,-6.8828125
4208,meta-llama/Llama-3.1-8B-Instruct,tool,en,indefinite_prod,poker,Name an example of a tool: ___,-11.875,-11.875
4209,meta-llama/Llama-3.1-8B-Instruct,tool,en,indefinite_prod,polisher,Name an example of a tool: ___,-14.62939453125,-7.314697265625
4210,meta-llama/Llama-3.1-8B-Instruct,tool,en,indefinite_prod,punch,Name an example of a tool: ___,-10.3125,-10.3125
4211,meta-llama/Llama-3.1-8B-Instruct,tool,en,indefinite_prod,quill,Name an example of a tool: ___,-11.2197265625,-5.60986328125
4212,meta-llama/Llama-3.1-8B-Instruct,tool,en,indefinite_prod,ratchet,Name an example of a tool: ___,-9.712890625,-4.8564453125
4213,meta-llama/Llama-3.1-8B-Instruct,tool,en,indefinite_prod,razor,Name an example of a tool: ___,-12.1875,-12.1875
4214,meta-llama/Llama-3.1-8B-Instruct,tool,en,indefinite_prod,rolling pin,Name an example of a tool: ___,-12.64453125,-6.322265625
4215,meta-llama/Llama-3.1-8B-Instruct,tool,en,indefinite_prod,rope,Name an example of a tool: ___,-12.5,-12.5
4216,meta-llama/Llama-3.1-8B-Instruct,tool,en,indefinite_prod,ruler,Name an example of a tool: ___,-10.25,-10.25
4217,meta-llama/Llama-3.1-8B-Instruct,tool,en,indefinite_prod,sandpaper,Name an example of a tool: ___,-10.896484375,-5.4482421875
4218,meta-llama/Llama-3.1-8B-Instruct,tool,en,indefinite_prod,sawhorse,Name an example of a tool: ___,-17.0,-8.5
4219,meta-llama/Llama-3.1-8B-Instruct,tool,en,indefinite_prod,scalpel,Name an example of a tool: ___,-9.1409912109375,-4.57049560546875
4220,meta-llama/Llama-3.1-8B-Instruct,tool,en,indefinite_prod,scissors,Name an example of a tool: ___,-8.0625,-8.0625
4221,meta-llama/Llama-3.1-8B-Instruct,tool,en,indefinite_prod,scoop,Name an example of a tool: ___,-10.9375,-10.9375
4222,meta-llama/Llama-3.1-8B-Instruct,tool,en,indefinite_prod,scraper,Name an example of a tool: ___,-8.8125,-8.8125
4223,meta-llama/Llama-3.1-8B-Instruct,tool,en,indefinite_prod,shears,Name an example of a tool: ___,-11.6181640625,-5.80908203125
4224,meta-llama/Llama-3.1-8B-Instruct,tool,en,indefinite_prod,sledgehammer,Name an example of a tool: ___,-12.8203125,-4.2734375
4225,meta-llama/Llama-3.1-8B-Instruct,tool,en,indefinite_prod,soldering iron,Name an example of a tool: ___,-12.17041015625,-4.056803385416667
4226,meta-llama/Llama-3.1-8B-Instruct,tool,en,indefinite_prod,spatula,Name an example of a tool: ___,-11.52197265625,-5.760986328125
4227,meta-llama/Llama-3.1-8B-Instruct,tool,en,indefinite_prod,spoon,Name an example of a tool: ___,-9.5625,-9.5625
4228,meta-llama/Llama-3.1-8B-Instruct,tool,en,indefinite_prod,squeegee,Name an example of a tool: ___,-12.359375,-4.119791666666667
4229,meta-llama/Llama-3.1-8B-Instruct,tool,en,indefinite_prod,stamp,Name an example of a tool: ___,-10.1875,-10.1875
4230,meta-llama/Llama-3.1-8B-Instruct,tool,en,indefinite_prod,staple gun,Name an example of a tool: ___,-13.78125,-6.890625
4231,meta-llama/Llama-3.1-8B-Instruct,tool,en,indefinite_prod,sweeper,Name an example of a tool: ___,-13.421142578125,-6.7105712890625
4232,meta-llama/Llama-3.1-8B-Instruct,tool,en,indefinite_prod,tape measure,Name an example of a tool: ___,-9.8671875,-4.93359375
4233,meta-llama/Llama-3.1-8B-Instruct,tool,en,indefinite_prod,tongs,Name an example of a tool: ___,-14.75,-7.375
4234,meta-llama/Llama-3.1-8B-Instruct,tool,en,indefinite_prod,tool,Name an example of a tool: ___,-7.03125,-7.03125
4235,meta-llama/Llama-3.1-8B-Instruct,tool,en,indefinite_prod,trident,Name an example of a tool: ___,-15.0,-7.5
4236,meta-llama/Llama-3.1-8B-Instruct,tool,en,indefinite_prod,trowel,Name an example of a tool: ___,-10.19775390625,-3.3992513020833335
4237,meta-llama/Llama-3.1-8B-Instruct,tool,en,indefinite_prod,tweezers,Name an example of a tool: ___,-13.5164794921875,-4.5054931640625
4238,meta-llama/Llama-3.1-8B-Instruct,tool,en,indefinite_prod,vacuum,Name an example of a tool: ___,-10.1875,-10.1875
4239,meta-llama/Llama-3.1-8B-Instruct,tool,en,indefinite_prod,vise,Name an example of a tool: ___,-10.46484375,-5.232421875
4240,meta-llama/Llama-3.1-8B-Instruct,tool,en,indefinite_prod,watering can,Name an example of a tool: ___,-14.41455078125,-7.207275390625
4241,meta-llama/Llama-3.1-8B-Instruct,tool,en,indefinite_prod,wedge,Name an example of a tool: ___,-11.5625,-11.5625
4242,meta-llama/Llama-3.1-8B-Instruct,tool,en,indefinite_prod,wire cutters,Name an example of a tool: ___,-15.72918701171875,-5.243062337239583
4243,meta-llama/Llama-3.1-8B-Instruct,tool,en,indefinite_prod,wrench,Name an example of a tool: ___,-8.125,-8.125
4244,meta-llama/Llama-3.1-8B-Instruct,toy,en,generic,rattle,One example of a toy is ___.,-17.0625,-8.53125
4245,meta-llama/Llama-3.1-8B-Instruct,toy,en,generic,ball,One example of a toy is ___.,-11.875,-11.875
4246,meta-llama/Llama-3.1-8B-Instruct,toy,en,generic,balloon,One example of a toy is ___.,-12.8125,-12.8125
4247,meta-llama/Llama-3.1-8B-Instruct,toy,en,generic,beachball,One example of a toy is ___.,-18.0,-9.0
4248,meta-llama/Llama-3.1-8B-Instruct,toy,en,generic,boomerang,One example of a toy is ___.,-14.322265625,-4.774088541666667
4249,meta-llama/Llama-3.1-8B-Instruct,toy,en,generic,crayon,One example of a toy is ___.,-13.46875,-6.734375
4250,meta-llama/Llama-3.1-8B-Instruct,toy,en,generic,doll,One example of a toy is ___.,-10.5,-10.5
4251,meta-llama/Llama-3.1-8B-Instruct,toy,en,generic,dollhouse,One example of a toy is ___.,-16.34375,-8.171875
4252,meta-llama/Llama-3.1-8B-Instruct,toy,en,generic,dreidel,One example of a toy is ___.,-16.546875,-8.2734375
4253,meta-llama/Llama-3.1-8B-Instruct,toy,en,generic,frisbee,One example of a toy is ___.,-13.8203125,-4.606770833333333
4254,meta-llama/Llama-3.1-8B-Instruct,toy,en,generic,gyroscope,One example of a toy is ___.,-17.5703125,-8.78515625
4255,meta-llama/Llama-3.1-8B-Instruct,toy,en,generic,hobbyhorse,One example of a toy is ___.,-17.5625,-8.78125
4256,meta-llama/Llama-3.1-8B-Instruct,toy,en,generic,hula hoop,One example of a toy is ___.,-17.65234375,-5.884114583333333
4257,meta-llama/Llama-3.1-8B-Instruct,toy,en,generic,kaleidoscope,One example of a toy is ___.,-16.292724609375,-5.430908203125
4258,meta-llama/Llama-3.1-8B-Instruct,toy,en,generic,kite,One example of a toy is ___.,-13.3125,-13.3125
4259,meta-llama/Llama-3.1-8B-Instruct,toy,en,generic,lego,One example of a toy is ___.,-12.037109375,-6.0185546875
4260,meta-llama/Llama-3.1-8B-Instruct,toy,en,generic,marble,One example of a toy is ___.,-11.25,-11.25
4261,meta-llama/Llama-3.1-8B-Instruct,toy,en,generic,music box,One example of a toy is ___.,-13.5,-6.75
4262,meta-llama/Llama-3.1-8B-Instruct,toy,en,generic,noisemaker,One example of a toy is ___.,-18.76953125,-6.256510416666667
4263,meta-llama/Llama-3.1-8B-Instruct,toy,en,generic,pinwheel,One example of a toy is ___.,-16.90625,-8.453125
4264,meta-llama/Llama-3.1-8B-Instruct,toy,en,generic,pogo stick,One example of a toy is ___.,-16.666015625,-5.555338541666667
4265,meta-llama/Llama-3.1-8B-Instruct,toy,en,generic,puppet,One example of a toy is ___.,-13.625,-13.625
4266,meta-llama/Llama-3.1-8B-Instruct,toy,en,generic,robot,One example of a toy is ___.,-11.8125,-11.8125
4267,meta-llama/Llama-3.1-8B-Instruct,toy,en,generic,rocking horse,One example of a toy is ___.,-15.765625,-7.8828125
4268,meta-llama/Llama-3.1-8B-Instruct,toy,en,generic,scooter,One example of a toy is ___.,-14.0,-14.0
4269,meta-llama/Llama-3.1-8B-Instruct,toy,en,generic,skateboard,One example of a toy is ___.,-13.3125,-13.3125
4270,meta-llama/Llama-3.1-8B-Instruct,toy,en,generic,slingshot,One example of a toy is ___.,-14.787109375,-4.929036458333333
4271,meta-llama/Llama-3.1-8B-Instruct,toy,en,generic,squirt gun,One example of a toy is ___.,-15.95703125,-7.978515625
4272,meta-llama/Llama-3.1-8B-Instruct,toy,en,generic,stilt,One example of a toy is ___.,-16.0625,-8.03125
4273,meta-llama/Llama-3.1-8B-Instruct,toy,en,generic,teddy bear,One example of a toy is ___.,-12.5233154296875,-4.1744384765625
4274,meta-llama/Llama-3.1-8B-Instruct,toy,en,generic,toy,One example of a toy is ___.,-5.96875,-5.96875
4275,meta-llama/Llama-3.1-8B-Instruct,toy,en,generic,train set,One example of a toy is ___.,-15.140625,-7.5703125
4276,meta-llama/Llama-3.1-8B-Instruct,toy,en,generic,whoopee cushion,One example of a toy is ___.,-18.60687255859375,-4.6517181396484375
4277,meta-llama/Llama-3.1-8B-Instruct,toy,en,generic,yo-yo,One example of a toy is ___.,-13.73193359375,-4.577311197916667
4278,meta-llama/Llama-3.1-8B-Instruct,toy,en,indefinite_prod,rattle,Name an example of a toy: ___,-12.265625,-6.1328125
4279,meta-llama/Llama-3.1-8B-Instruct,toy,en,indefinite_prod,ball,Name an example of a toy: ___,-7.21875,-7.21875
4280,meta-llama/Llama-3.1-8B-Instruct,toy,en,indefinite_prod,balloon,Name an example of a toy: ___,-8.4375,-8.4375
4281,meta-llama/Llama-3.1-8B-Instruct,toy,en,indefinite_prod,beachball,Name an example of a toy: ___,-15.28125,-7.640625
4282,meta-llama/Llama-3.1-8B-Instruct,toy,en,indefinite_prod,boomerang,Name an example of a toy: ___,-13.9342041015625,-4.644734700520833
4283,meta-llama/Llama-3.1-8B-Instruct,toy,en,indefinite_prod,crayon,Name an example of a toy: ___,-9.888671875,-4.9443359375
4284,meta-llama/Llama-3.1-8B-Instruct,toy,en,indefinite_prod,doll,Name an example of a toy: ___,-5.875,-5.875
4285,meta-llama/Llama-3.1-8B-Instruct,toy,en,indefinite_prod,dollhouse,Name an example of a toy: ___,-13.5,-6.75
4286,meta-llama/Llama-3.1-8B-Instruct,toy,en,indefinite_prod,dreidel,Name an example of a toy: ___,-14.88671875,-7.443359375
4287,meta-llama/Llama-3.1-8B-Instruct,toy,en,indefinite_prod,frisbee,Name an example of a toy: ___,-11.73187255859375,-3.9106241861979165
4288,meta-llama/Llama-3.1-8B-Instruct,toy,en,indefinite_prod,gyroscope,Name an example of a toy: ___,-15.555908203125,-7.7779541015625
4289,meta-llama/Llama-3.1-8B-Instruct,toy,en,indefinite_prod,hobbyhorse,Name an example of a toy: ___,-15.171875,-7.5859375
4290,meta-llama/Llama-3.1-8B-Instruct,toy,en,indefinite_prod,hula hoop,Name an example of a toy: ___,-15.37109375,-5.123697916666667
4291,meta-llama/Llama-3.1-8B-Instruct,toy,en,indefinite_prod,kaleidoscope,Name an example of a toy: ___,-13.11444091796875,-4.371480305989583
4292,meta-llama/Llama-3.1-8B-Instruct,toy,en,indefinite_prod,kite,Name an example of a toy: ___,-9.5625,-9.5625
4293,meta-llama/Llama-3.1-8B-Instruct,toy,en,indefinite_prod,lego,Name an example of a toy: ___,-9.298828125,-4.6494140625
4294,meta-llama/Llama-3.1-8B-Instruct,toy,en,indefinite_prod,marble,Name an example of a toy: ___,-10.5,-10.5
4295,meta-llama/Llama-3.1-8B-Instruct,toy,en,indefinite_prod,music box,Name an example of a toy: ___,-11.701171875,-5.8505859375
4296,meta-llama/Llama-3.1-8B-Instruct,toy,en,indefinite_prod,noisemaker,Name an example of a toy: ___,-13.27734375,-4.42578125
4297,meta-llama/Llama-3.1-8B-Instruct,toy,en,indefinite_prod,pinwheel,Name an example of a toy: ___,-12.390625,-6.1953125
4298,meta-llama/Llama-3.1-8B-Instruct,toy,en,indefinite_prod,pogo stick,Name an example of a toy: ___,-12.61328125,-4.204427083333333
4299,meta-llama/Llama-3.1-8B-Instruct,toy,en,indefinite_prod,puppet,Name an example of a toy: ___,-10.125,-10.125
4300,meta-llama/Llama-3.1-8B-Instruct,toy,en,indefinite_prod,robot,Name an example of a toy: ___,-8.0,-8.0
4301,meta-llama/Llama-3.1-8B-Instruct,toy,en,indefinite_prod,rocking horse,Name an example of a toy: ___,-12.18408203125,-6.092041015625
4302,meta-llama/Llama-3.1-8B-Instruct,toy,en,indefinite_prod,scooter,Name an example of a toy: ___,-9.5,-9.5
4303,meta-llama/Llama-3.1-8B-Instruct,toy,en,indefinite_prod,skateboard,Name an example of a toy: ___,-9.5,-9.5
4304,meta-llama/Llama-3.1-8B-Instruct,toy,en,indefinite_prod,slingshot,Name an example of a toy: ___,-13.2802734375,-4.4267578125
4305,meta-llama/Llama-3.1-8B-Instruct,toy,en,indefinite_prod,squirt gun,Name an example of a toy: ___,-11.93896484375,-5.969482421875
4306,meta-llama/Llama-3.1-8B-Instruct,toy,en,indefinite_prod,stilt,Name an example of a toy: ___,-13.125,-6.5625
4307,meta-llama/Llama-3.1-8B-Instruct,toy,en,indefinite_prod,teddy bear,Name an example of a toy: ___,-7.17388916015625,-2.39129638671875
4308,meta-llama/Llama-3.1-8B-Instruct,toy,en,indefinite_prod,toy,Name an example of a toy: ___,-4.75,-4.75
4309,meta-llama/Llama-3.1-8B-Instruct,toy,en,indefinite_prod,train set,Name an example of a toy: ___,-13.203125,-6.6015625
4310,meta-llama/Llama-3.1-8B-Instruct,toy,en,indefinite_prod,whoopee cushion,Name an example of a toy: ___,-15.6058349609375,-3.901458740234375
4311,meta-llama/Llama-3.1-8B-Instruct,toy,en,indefinite_prod,yo-yo,Name an example of a toy: ___,-10.632080078125,-3.5440266927083335
4312,meta-llama/Llama-3.1-8B-Instruct,vegetable,en,generic,artichoke,One example of a vegetable is ___.,-13.5322265625,-4.5107421875
4313,meta-llama/Llama-3.1-8B-Instruct,vegetable,en,generic,arugula,One example of a vegetable is ___.,-11.824859619140625,-3.941619873046875
4314,meta-llama/Llama-3.1-8B-Instruct,vegetable,en,generic,asparagus,One example of a vegetable is ___.,-8.8671875,-4.43359375
4315,meta-llama/Llama-3.1-8B-Instruct,vegetable,en,generic,beet,One example of a vegetable is ___.,-10.4375,-10.4375
4316,meta-llama/Llama-3.1-8B-Instruct,vegetable,en,generic,bell pepper,One example of a vegetable is ___.,-15.36328125,-7.681640625
4317,meta-llama/Llama-3.1-8B-Instruct,vegetable,en,generic,bok choy,One example of a vegetable is ___.,-15.3277268409729,-3.831931710243225
4318,meta-llama/Llama-3.1-8B-Instruct,vegetable,en,generic,broccoli,One example of a vegetable is ___.,-9.25,-9.25
4319,meta-llama/Llama-3.1-8B-Instruct,vegetable,en,generic,brussels sprouts,One example of a vegetable is ___.,-13.034393310546875,-3.2585983276367188
4320,meta-llama/Llama-3.1-8B-Instruct,vegetable,en,generic,cabbage,One example of a vegetable is ___.,-9.9375,-9.9375
4321,meta-llama/Llama-3.1-8B-Instruct,vegetable,en,generic,carrot,One example of a vegetable is ___.,-10.4375,-10.4375
4322,meta-llama/Llama-3.1-8B-Instruct,vegetable,en,generic,cauliflower,One example of a vegetable is ___.,-11.9375,-11.9375
4323,meta-llama/Llama-3.1-8B-Instruct,vegetable,en,generic,celery,One example of a vegetable is ___.,-10.1875,-10.1875
4324,meta-llama/Llama-3.1-8B-Instruct,vegetable,en,generic,chickpea,One example of a vegetable is ___.,-15.387939453125,-5.129313151041667
4325,meta-llama/Llama-3.1-8B-Instruct,vegetable,en,generic,chive,One example of a vegetable is ___.,-15.875,-7.9375
4326,meta-llama/Llama-3.1-8B-Instruct,vegetable,en,generic,cilantro,One example of a vegetable is ___.,-14.7611083984375,-7.38055419921875
4327,meta-llama/Llama-3.1-8B-Instruct,vegetable,en,generic,corn,One example of a vegetable is ___.,-10.5,-10.5
4328,meta-llama/Llama-3.1-8B-Instruct,vegetable,en,generic,cucumber,One example of a vegetable is ___.,-11.875,-11.875
4329,meta-llama/Llama-3.1-8B-Instruct,vegetable,en,generic,eggplant,One example of a vegetable is ___.,-10.650390625,-5.3251953125
4330,meta-llama/Llama-3.1-8B-Instruct,vegetable,en,generic,garlic,One example of a vegetable is ___.,-10.5,-10.5
4331,meta-llama/Llama-3.1-8B-Instruct,vegetable,en,generic,gourd,One example of a vegetable is ___.,-14.765625,-7.3828125
4332,meta-llama/Llama-3.1-8B-Instruct,vegetable,en,generic,green beans,One example of a vegetable is ___.,-11.39453125,-5.697265625
4333,meta-llama/Llama-3.1-8B-Instruct,vegetable,en,generic,jalapeno,One example of a vegetable is ___.,-14.3466796875,-4.7822265625
4334,meta-llama/Llama-3.1-8B-Instruct,vegetable,en,generic,kale,One example of a vegetable is ___.,-12.4375,-12.4375
4335,meta-llama/Llama-3.1-8B-Instruct,vegetable,en,generic,leek,One example of a vegetable is ___.,-12.19921875,-6.099609375
4336,meta-llama/Llama-3.1-8B-Instruct,vegetable,en,generic,lettuce,One example of a vegetable is ___.,-10.3125,-10.3125
4337,meta-llama/Llama-3.1-8B-Instruct,vegetable,en,generic,okra,One example of a vegetable is ___.,-11.91796875,-5.958984375
4338,meta-llama/Llama-3.1-8B-Instruct,vegetable,en,generic,onion,One example of a vegetable is ___.,-11.75,-11.75
4339,meta-llama/Llama-3.1-8B-Instruct,vegetable,en,generic,parsley,One example of a vegetable is ___.,-10.1875,-10.1875
4340,meta-llama/Llama-3.1-8B-Instruct,vegetable,en,generic,pea,One example of a vegetable is ___.,-12.625,-12.625
4341,meta-llama/Llama-3.1-8B-Instruct,vegetable,en,generic,pepper,One example of a vegetable is ___.,-10.0625,-10.0625
4342,meta-llama/Llama-3.1-8B-Instruct,vegetable,en,generic,potato,One example of a vegetable is ___.,-10.9375,-10.9375
4343,meta-llama/Llama-3.1-8B-Instruct,vegetable,en,generic,pumpkin,One example of a vegetable is ___.,-12.0,-12.0
4344,meta-llama/Llama-3.1-8B-Instruct,vegetable,en,generic,radish,One example of a vegetable is ___.,-13.3232421875,-6.66162109375
4345,meta-llama/Llama-3.1-8B-Instruct,vegetable,en,generic,rhubarb,One example of a vegetable is ___.,-13.883758544921875,-4.627919514973958
4346,meta-llama/Llama-3.1-8B-Instruct,vegetable,en,generic,scallion,One example of a vegetable is ___.,-13.07666015625,-4.35888671875
4347,meta-llama/Llama-3.1-8B-Instruct,vegetable,en,generic,spinach,One example of a vegetable is ___.,-11.4375,-11.4375
4348,meta-llama/Llama-3.1-8B-Instruct,vegetable,en,generic,sprouts,One example of a vegetable is ___.,-14.2451171875,-7.12255859375
4349,meta-llama/Llama-3.1-8B-Instruct,vegetable,en,generic,squash,One example of a vegetable is ___.,-13.125,-13.125
4350,meta-llama/Llama-3.1-8B-Instruct,vegetable,en,generic,sweet potato,One example of a vegetable is ___.,-12.771484375,-6.3857421875
4351,meta-llama/Llama-3.1-8B-Instruct,vegetable,en,generic,tomato,One example of a vegetable is ___.,-8.5,-8.5
4352,meta-llama/Llama-3.1-8B-Instruct,vegetable,en,generic,vegetable,One example of a vegetable is ___.,-7.40625,-7.40625
4353,meta-llama/Llama-3.1-8B-Instruct,vegetable,en,generic,zucchini,One example of a vegetable is ___.,-10.1767578125,-5.08837890625
4354,meta-llama/Llama-3.1-8B-Instruct,vegetable,en,indefinite_prod,artichoke,Name an example of a vegetable: ___,-10.5736083984375,-3.5245361328125
4355,meta-llama/Llama-3.1-8B-Instruct,vegetable,en,indefinite_prod,arugula,Name an example of a vegetable: ___,-11.74114990234375,-3.9137166341145835
4356,meta-llama/Llama-3.1-8B-Instruct,vegetable,en,indefinite_prod,asparagus,Name an example of a vegetable: ___,-8.709716796875,-4.3548583984375
4357,meta-llama/Llama-3.1-8B-Instruct,vegetable,en,indefinite_prod,beet,Name an example of a vegetable: ___,-6.71875,-6.71875
4358,meta-llama/Llama-3.1-8B-Instruct,vegetable,en,indefinite_prod,bell pepper,Name an example of a vegetable: ___,-9.9541015625,-4.97705078125
4359,meta-llama/Llama-3.1-8B-Instruct,vegetable,en,indefinite_prod,bok choy,Name an example of a vegetable: ___,-11.34051513671875,-2.8351287841796875
4360,meta-llama/Llama-3.1-8B-Instruct,vegetable,en,indefinite_prod,broccoli,Name an example of a vegetable: ___,-3.859375,-3.859375
4361,meta-llama/Llama-3.1-8B-Instruct,vegetable,en,indefinite_prod,brussels sprouts,Name an example of a vegetable: ___,-11.345703125,-2.83642578125
4362,meta-llama/Llama-3.1-8B-Instruct,vegetable,en,indefinite_prod,cabbage,Name an example of a vegetable: ___,-6.90625,-6.90625
4363,meta-llama/Llama-3.1-8B-Instruct,vegetable,en,indefinite_prod,carrot,Name an example of a vegetable: ___,-5.46875,-5.46875
4364,meta-llama/Llama-3.1-8B-Instruct,vegetable,en,indefinite_prod,cauliflower,Name an example of a vegetable: ___,-6.15625,-6.15625
4365,meta-llama/Llama-3.1-8B-Instruct,vegetable,en,indefinite_prod,celery,Name an example of a vegetable: ___,-8.4375,-8.4375
4366,meta-llama/Llama-3.1-8B-Instruct,vegetable,en,indefinite_prod,chickpea,Name an example of a vegetable: ___,-13.81494140625,-4.60498046875
4367,meta-llama/Llama-3.1-8B-Instruct,vegetable,en,indefinite_prod,chive,Name an example of a vegetable: ___,-16.9375,-8.46875
4368,meta-llama/Llama-3.1-8B-Instruct,vegetable,en,indefinite_prod,cilantro,Name an example of a vegetable: ___,-13.94915771484375,-6.974578857421875
4369,meta-llama/Llama-3.1-8B-Instruct,vegetable,en,indefinite_prod,corn,Name an example of a vegetable: ___,-8.3125,-8.3125
4370,meta-llama/Llama-3.1-8B-Instruct,vegetable,en,indefinite_prod,cucumber,Name an example of a vegetable: ___,-6.59375,-6.59375
4371,meta-llama/Llama-3.1-8B-Instruct,vegetable,en,indefinite_prod,eggplant,Name an example of a vegetable: ___,-8.8834228515625,-4.44171142578125
4372,meta-llama/Llama-3.1-8B-Instruct,vegetable,en,indefinite_prod,garlic,Name an example of a vegetable: ___,-8.125,-8.125
4373,meta-llama/Llama-3.1-8B-Instruct,vegetable,en,indefinite_prod,gourd,Name an example of a vegetable: ___,-10.994140625,-5.4970703125
4374,meta-llama/Llama-3.1-8B-Instruct,vegetable,en,indefinite_prod,green beans,Name an example of a vegetable: ___,-11.6875,-5.84375
4375,meta-llama/Llama-3.1-8B-Instruct,vegetable,en,indefinite_prod,jalapeno,Name an example of a vegetable: ___,-13.13623046875,-4.378743489583333
4376,meta-llama/Llama-3.1-8B-Instruct,vegetable,en,indefinite_prod,kale,Name an example of a vegetable: ___,-8.625,-8.625
4377,meta-llama/Llama-3.1-8B-Instruct,vegetable,en,indefinite_prod,leek,Name an example of a vegetable: ___,-12.76171875,-6.380859375
4378,meta-llama/Llama-3.1-8B-Instruct,vegetable,en,indefinite_prod,lettuce,Name an example of a vegetable: ___,-7.875,-7.875
4379,meta-llama/Llama-3.1-8B-Instruct,vegetable,en,indefinite_prod,okra,Name an example of a vegetable: ___,-10.91748046875,-5.458740234375
4380,meta-llama/Llama-3.1-8B-Instruct,vegetable,en,indefinite_prod,onion,Name an example of a vegetable: ___,-6.34375,-6.34375
4381,meta-llama/Llama-3.1-8B-Instruct,vegetable,en,indefinite_prod,parsley,Name an example of a vegetable: ___,-7.46875,-7.46875
4382,meta-llama/Llama-3.1-8B-Instruct,vegetable,en,indefinite_prod,pea,Name an example of a vegetable: ___,-7.28125,-7.28125
4383,meta-llama/Llama-3.1-8B-Instruct,vegetable,en,indefinite_prod,pepper,Name an example of a vegetable: ___,-6.53125,-6.53125
4384,meta-llama/Llama-3.1-8B-Instruct,vegetable,en,indefinite_prod,potato,Name an example of a vegetable: ___,-5.40625,-5.40625
4385,meta-llama/Llama-3.1-8B-Instruct,vegetable,en,indefinite_prod,pumpkin,Name an example of a vegetable: ___,-8.75,-8.75
4386,meta-llama/Llama-3.1-8B-Instruct,vegetable,en,indefinite_prod,radish,Name an example of a vegetable: ___,-10.19091796875,-5.095458984375
4387,meta-llama/Llama-3.1-8B-Instruct,vegetable,en,indefinite_prod,rhubarb,Name an example of a vegetable: ___,-9.69732666015625,-3.2324422200520835
4388,meta-llama/Llama-3.1-8B-Instruct,vegetable,en,indefinite_prod,scallion,Name an example of a vegetable: ___,-14.0478515625,-4.6826171875
4389,meta-llama/Llama-3.1-8B-Instruct,vegetable,en,indefinite_prod,spinach,Name an example of a vegetable: ___,-5.90625,-5.90625
4390,meta-llama/Llama-3.1-8B-Instruct,vegetable,en,indefinite_prod,sprouts,Name an example of a vegetable: ___,-12.130859375,-6.0654296875
4391,meta-llama/Llama-3.1-8B-Instruct,vegetable,en,indefinite_prod,squash,Name an example of a vegetable: ___,-9.0,-9.0
4392,meta-llama/Llama-3.1-8B-Instruct,vegetable,en,indefinite_prod,sweet potato,Name an example of a vegetable: ___,-10.4130859375,-5.20654296875
4393,meta-llama/Llama-3.1-8B-Instruct,vegetable,en,indefinite_prod,tomato,Name an example of a vegetable: ___,-4.53125,-4.53125
4394,meta-llama/Llama-3.1-8B-Instruct,vegetable,en,indefinite_prod,vegetable,Name an example of a vegetable: ___,-5.90625,-5.90625
4395,meta-llama/Llama-3.1-8B-Instruct,vegetable,en,indefinite_prod,zucchini,Name an example of a vegetable: ___,-9.0780029296875,-4.53900146484375
4396,meta-llama/Llama-3.1-8B-Instruct,vehicle,en,generic,airplane,One example of a vehicle is ___.,-13.1875,-13.1875
4397,meta-llama/Llama-3.1-8B-Instruct,vehicle,en,generic,boat,One example of a vehicle is ___.,-12.5,-12.5
4398,meta-llama/Llama-3.1-8B-Instruct,vehicle,en,generic,bus,One example of a vehicle is ___.,-11.5,-11.5
4399,meta-llama/Llama-3.1-8B-Instruct,vehicle,en,generic,canoe,One example of a vehicle is ___.,-16.375,-16.375
4400,meta-llama/Llama-3.1-8B-Instruct,vehicle,en,generic,car,One example of a vehicle is ___.,-6.625,-6.625
4401,meta-llama/Llama-3.1-8B-Instruct,vehicle,en,generic,carriage,One example of a vehicle is ___.,-12.5,-12.5
4402,meta-llama/Llama-3.1-8B-Instruct,vehicle,en,generic,ferry,One example of a vehicle is ___.,-13.875,-13.875
4403,meta-llama/Llama-3.1-8B-Instruct,vehicle,en,generic,helicopter,One example of a vehicle is ___.,-13.5625,-13.5625
4404,meta-llama/Llama-3.1-8B-Instruct,vehicle,en,generic,motorcycle,One example of a vehicle is ___.,-11.3125,-11.3125
4405,meta-llama/Llama-3.1-8B-Instruct,vehicle,en,generic,raft,One example of a vehicle is ___.,-16.125,-16.125
4406,meta-llama/Llama-3.1-8B-Instruct,vehicle,en,generic,ship,One example of a vehicle is ___.,-14.0,-14.0
4407,meta-llama/Llama-3.1-8B-Instruct,vehicle,en,generic,sled,One example of a vehicle is ___.,-15.375,-15.375
4408,meta-llama/Llama-3.1-8B-Instruct,vehicle,en,generic,submarine,One example of a vehicle is ___.,-13.5625,-13.5625
4409,meta-llama/Llama-3.1-8B-Instruct,vehicle,en,generic,train,One example of a vehicle is ___.,-11.5625,-11.5625
4410,meta-llama/Llama-3.1-8B-Instruct,vehicle,en,generic,airboat,One example of a vehicle is ___.,-13.59375,-6.796875
4411,meta-llama/Llama-3.1-8B-Instruct,vehicle,en,generic,aircraft carrier,One example of a vehicle is ___.,-17.4375,-8.71875
4412,meta-llama/Llama-3.1-8B-Instruct,vehicle,en,generic,ambulance,One example of a vehicle is ___.,-14.5625,-14.5625
4413,meta-llama/Llama-3.1-8B-Instruct,vehicle,en,generic,bike,One example of a vehicle is ___.,-10.5,-10.5
4414,meta-llama/Llama-3.1-8B-Instruct,vehicle,en,generic,buggy,One example of a vehicle is ___.,-12.625,-12.625
4415,meta-llama/Llama-3.1-8B-Instruct,vehicle,en,generic,bulldozer,One example of a vehicle is ___.,-16.31377410888672,-5.437924702962239
4416,meta-llama/Llama-3.1-8B-Instruct,vehicle,en,generic,camper,One example of a vehicle is ___.,-15.375,-15.375
4417,meta-llama/Llama-3.1-8B-Instruct,vehicle,en,generic,cart,One example of a vehicle is ___.,-14.6875,-14.6875
4418,meta-llama/Llama-3.1-8B-Instruct,vehicle,en,generic,chariot,One example of a vehicle is ___.,-12.970703125,-6.4853515625
4419,meta-llama/Llama-3.1-8B-Instruct,vehicle,en,generic,cruise ship,One example of a vehicle is ___.,-15.03125,-7.515625
4420,meta-llama/Llama-3.1-8B-Instruct,vehicle,en,generic,dirt bike,One example of a vehicle is ___.,-12.806640625,-6.4033203125
4421,meta-llama/Llama-3.1-8B-Instruct,vehicle,en,generic,firetruck,One example of a vehicle is ___.,-15.3828125,-7.69140625
4422,meta-llama/Llama-3.1-8B-Instruct,vehicle,en,generic,forklift,One example of a vehicle is ___.,-14.8577880859375,-4.952596028645833
4423,meta-llama/Llama-3.1-8B-Instruct,vehicle,en,generic,garbage truck,One example of a vehicle is ___.,-15.4619140625,-7.73095703125
4424,meta-llama/Llama-3.1-8B-Instruct,vehicle,en,generic,go-kart,One example of a vehicle is ___.,-18.19775390625,-6.06591796875
4425,meta-llama/Llama-3.1-8B-Instruct,vehicle,en,generic,golf cart,One example of a vehicle is ___.,-13.51171875,-6.755859375
4426,meta-llama/Llama-3.1-8B-Instruct,vehicle,en,generic,gondola,One example of a vehicle is ___.,-14.65185546875,-4.883951822916667
4427,meta-llama/Llama-3.1-8B-Instruct,vehicle,en,generic,hearse,One example of a vehicle is ___.,-14.75,-7.375
4428,meta-llama/Llama-3.1-8B-Instruct,vehicle,en,generic,hot-air balloon,One example of a vehicle is ___.,-18.828125,-6.276041666666667
4429,meta-llama/Llama-3.1-8B-Instruct,vehicle,en,generic,hovercraft,One example of a vehicle is ___.,-14.001953125,-7.0009765625
4430,meta-llama/Llama-3.1-8B-Instruct,vehicle,en,generic,humvee,One example of a vehicle is ___.,-17.0780029296875,-5.692667643229167
4431,meta-llama/Llama-3.1-8B-Instruct,vehicle,en,generic,jeep,One example of a vehicle is ___.,-12.0625,-12.0625
4432,meta-llama/Llama-3.1-8B-Instruct,vehicle,en,generic,jet,One example of a vehicle is ___.,-13.5,-13.5
4433,meta-llama/Llama-3.1-8B-Instruct,vehicle,en,generic,jetski,One example of a vehicle is ___.,-15.5625,-7.78125
4434,meta-llama/Llama-3.1-8B-Instruct,vehicle,en,generic,kayak,One example of a vehicle is ___.,-14.875,-14.875
4435,meta-llama/Llama-3.1-8B-Instruct,vehicle,en,generic,limousine,One example of a vehicle is ___.,-12.70458984375,-4.23486328125
4436,meta-llama/Llama-3.1-8B-Instruct,vehicle,en,generic,minivan,One example of a vehicle is ___.,-11.1259765625,-5.56298828125
4437,meta-llama/Llama-3.1-8B-Instruct,vehicle,en,generic,police car,One example of a vehicle is ___.,-13.955078125,-6.9775390625
4438,meta-llama/Llama-3.1-8B-Instruct,vehicle,en,generic,quad,One example of a vehicle is ___.,-12.75,-12.75
4439,meta-llama/Llama-3.1-8B-Instruct,vehicle,en,generic,rickshaw,One example of a vehicle is ___.,-16.90234375,-5.634114583333333
4440,meta-llama/Llama-3.1-8B-Instruct,vehicle,en,generic,roadsweeper,One example of a vehicle is ___.,-22.380859375,-7.460286458333333
4441,meta-llama/Llama-3.1-8B-Instruct,vehicle,en,generic,rocket,One example of a vehicle is ___.,-14.25,-14.25
4442,meta-llama/Llama-3.1-8B-Instruct,vehicle,en,generic,sailboat,One example of a vehicle is ___.,-14.255859375,-7.1279296875
4443,meta-llama/Llama-3.1-8B-Instruct,vehicle,en,generic,school bus,One example of a vehicle is ___.,-11.75,-5.875
4444,meta-llama/Llama-3.1-8B-Instruct,vehicle,en,generic,scooter,One example of a vehicle is ___.,-11.625,-11.625
4445,meta-llama/Llama-3.1-8B-Instruct,vehicle,en,generic,seaplane,One example of a vehicle is ___.,-14.96630859375,-4.98876953125
4446,meta-llama/Llama-3.1-8B-Instruct,vehicle,en,generic,skateboard,One example of a vehicle is ___.,-13.4375,-13.4375
4447,meta-llama/Llama-3.1-8B-Instruct,vehicle,en,generic,snowmobile,One example of a vehicle is ___.,-13.8984375,-6.94921875
4448,meta-llama/Llama-3.1-8B-Instruct,vehicle,en,generic,snowplow,One example of a vehicle is ___.,-14.10595703125,-4.701985677083333
4449,meta-llama/Llama-3.1-8B-Instruct,vehicle,en,generic,space shuttle,One example of a vehicle is ___.,-14.375,-7.1875
4450,meta-llama/Llama-3.1-8B-Instruct,vehicle,en,generic,speedboat,One example of a vehicle is ___.,-17.09375,-8.546875
4451,meta-llama/Llama-3.1-8B-Instruct,vehicle,en,generic,station wagon,One example of a vehicle is ___.,-13.6533203125,-6.82666015625
4452,meta-llama/Llama-3.1-8B-Instruct,vehicle,en,generic,steamroller,One example of a vehicle is ___.,-18.1875,-9.09375
4453,meta-llama/Llama-3.1-8B-Instruct,vehicle,en,generic,stroller,One example of a vehicle is ___.,-14.90625,-7.453125
4454,meta-llama/Llama-3.1-8B-Instruct,vehicle,en,generic,subway,One example of a vehicle is ___.,-13.0,-13.0
4455,meta-llama/Llama-3.1-8B-Instruct,vehicle,en,generic,taxi,One example of a vehicle is ___.,-11.125,-11.125
4456,meta-llama/Llama-3.1-8B-Instruct,vehicle,en,generic,tractor,One example of a vehicle is ___.,-11.4375,-11.4375
4457,meta-llama/Llama-3.1-8B-Instruct,vehicle,en,generic,tricycle,One example of a vehicle is ___.,-12.57421875,-6.287109375
4458,meta-llama/Llama-3.1-8B-Instruct,vehicle,en,generic,trolley,One example of a vehicle is ___.,-16.0625,-8.03125
4459,meta-llama/Llama-3.1-8B-Instruct,vehicle,en,generic,truck,One example of a vehicle is ___.,-10.375,-10.375
4460,meta-llama/Llama-3.1-8B-Instruct,vehicle,en,generic,tugboat,One example of a vehicle is ___.,-15.53125,-7.765625
4461,meta-llama/Llama-3.1-8B-Instruct,vehicle,en,generic,unicycle,One example of a vehicle is ___.,-11.140625,-5.5703125
4462,meta-llama/Llama-3.1-8B-Instruct,vehicle,en,generic,van,One example of a vehicle is ___.,-13.0625,-13.0625
4463,meta-llama/Llama-3.1-8B-Instruct,vehicle,en,generic,wagon,One example of a vehicle is ___.,-12.4375,-12.4375
4464,meta-llama/Llama-3.1-8B-Instruct,vehicle,en,generic,wheelchair,One example of a vehicle is ___.,-13.9375,-13.9375
4465,meta-llama/Llama-3.1-8B-Instruct,vehicle,en,generic,yacht,One example of a vehicle is ___.,-13.25,-13.25
4466,meta-llama/Llama-3.1-8B-Instruct,vehicle,en,indefinite_prod,airplane,Name an example of a vehicle: ___,-9.1875,-9.1875
4467,meta-llama/Llama-3.1-8B-Instruct,vehicle,en,indefinite_prod,boat,Name an example of a vehicle: ___,-9.375,-9.375
4468,meta-llama/Llama-3.1-8B-Instruct,vehicle,en,indefinite_prod,bus,Name an example of a vehicle: ___,-8.6875,-8.6875
4469,meta-llama/Llama-3.1-8B-Instruct,vehicle,en,indefinite_prod,canoe,Name an example of a vehicle: ___,-12.125,-12.125
4470,meta-llama/Llama-3.1-8B-Instruct,vehicle,en,indefinite_prod,car,Name an example of a vehicle: ___,-4.84375,-4.84375
4471,meta-llama/Llama-3.1-8B-Instruct,vehicle,en,indefinite_prod,carriage,Name an example of a vehicle: ___,-10.4375,-10.4375
4472,meta-llama/Llama-3.1-8B-Instruct,vehicle,en,indefinite_prod,ferry,Name an example of a vehicle: ___,-12.0625,-12.0625
4473,meta-llama/Llama-3.1-8B-Instruct,vehicle,en,indefinite_prod,helicopter,Name an example of a vehicle: ___,-9.5,-9.5
4474,meta-llama/Llama-3.1-8B-Instruct,vehicle,en,indefinite_prod,motorcycle,Name an example of a vehicle: ___,-7.71875,-7.71875
4475,meta-llama/Llama-3.1-8B-Instruct,vehicle,en,indefinite_prod,raft,Name an example of a vehicle: ___,-14.375,-14.375
4476,meta-llama/Llama-3.1-8B-Instruct,vehicle,en,indefinite_prod,ship,Name an example of a vehicle: ___,-13.4375,-13.4375
4477,meta-llama/Llama-3.1-8B-Instruct,vehicle,en,indefinite_prod,sled,Name an example of a vehicle: ___,-13.125,-13.125
4478,meta-llama/Llama-3.1-8B-Instruct,vehicle,en,indefinite_prod,submarine,Name an example of a vehicle: ___,-8.875,-8.875
4479,meta-llama/Llama-3.1-8B-Instruct,vehicle,en,indefinite_prod,train,Name an example of a vehicle: ___,-9.3125,-9.3125
4480,meta-llama/Llama-3.1-8B-Instruct,vehicle,en,indefinite_prod,airboat,Name an example of a vehicle: ___,-13.09375,-6.546875
4481,meta-llama/Llama-3.1-8B-Instruct,vehicle,en,indefinite_prod,aircraft carrier,Name an example of a vehicle: ___,-14.890625,-7.4453125
4482,meta-llama/Llama-3.1-8B-Instruct,vehicle,en,indefinite_prod,ambulance,Name an example of a vehicle: ___,-10.8125,-10.8125
4483,meta-llama/Llama-3.1-8B-Instruct,vehicle,en,indefinite_prod,bike,Name an example of a vehicle: ___,-7.03125,-7.03125
4484,meta-llama/Llama-3.1-8B-Instruct,vehicle,en,indefinite_prod,buggy,Name an example of a vehicle: ___,-8.0625,-8.0625
4485,meta-llama/Llama-3.1-8B-Instruct,vehicle,en,indefinite_prod,bulldozer,Name an example of a vehicle: ___,-13.743160247802734,-4.581053415934245
4486,meta-llama/Llama-3.1-8B-Instruct,vehicle,en,indefinite_prod,camper,Name an example of a vehicle: ___,-11.8125,-11.8125
4487,meta-llama/Llama-3.1-8B-Instruct,vehicle,en,indefinite_prod,cart,Name an example of a vehicle: ___,-12.375,-12.375
4488,meta-llama/Llama-3.1-8B-Instruct,vehicle,en,indefinite_prod,chariot,Name an example of a vehicle: ___,-11.608154296875,-5.8040771484375
4489,meta-llama/Llama-3.1-8B-Instruct,vehicle,en,indefinite_prod,cruise ship,Name an example of a vehicle: ___,-15.3515625,-7.67578125
4490,meta-llama/Llama-3.1-8B-Instruct,vehicle,en,indefinite_prod,dirt bike,Name an example of a vehicle: ___,-11.7841796875,-5.89208984375
4491,meta-llama/Llama-3.1-8B-Instruct,vehicle,en,indefinite_prod,firetruck,Name an example of a vehicle: ___,-12.625,-6.3125
4492,meta-llama/Llama-3.1-8B-Instruct,vehicle,en,indefinite_prod,forklift,Name an example of a vehicle: ___,-15.0714111328125,-5.0238037109375
4493,meta-llama/Llama-3.1-8B-Instruct,vehicle,en,indefinite_prod,garbage truck,Name an example of a vehicle: ___,-12.099609375,-6.0498046875
4494,meta-llama/Llama-3.1-8B-Instruct,vehicle,en,indefinite_prod,go-kart,Name an example of a vehicle: ___,-13.96630859375,-4.655436197916667
4495,meta-llama/Llama-3.1-8B-Instruct,vehicle,en,indefinite_prod,golf cart,Name an example of a vehicle: ___,-9.705078125,-4.8525390625
4496,meta-llama/Llama-3.1-8B-Instruct,vehicle,en,indefinite_prod,gondola,Name an example of a vehicle: ___,-13.71923828125,-4.573079427083333
4497,meta-llama/Llama-3.1-8B-Instruct,vehicle,en,indefinite_prod,hearse,Name an example of a vehicle: ___,-11.859375,-5.9296875
4498,meta-llama/Llama-3.1-8B-Instruct,vehicle,en,indefinite_prod,hot-air balloon,Name an example of a vehicle: ___,-17.583984375,-5.861328125
4499,meta-llama/Llama-3.1-8B-Instruct,vehicle,en,indefinite_prod,hovercraft,Name an example of a vehicle: ___,-14.015625,-7.0078125
4500,meta-llama/Llama-3.1-8B-Instruct,vehicle,en,indefinite_prod,humvee,Name an example of a vehicle: ___,-14.22119140625,-4.740397135416667
4501,meta-llama/Llama-3.1-8B-Instruct,vehicle,en,indefinite_prod,jeep,Name an example of a vehicle: ___,-7.84375,-7.84375
4502,meta-llama/Llama-3.1-8B-Instruct,vehicle,en,indefinite_prod,jet,Name an example of a vehicle: ___,-9.25,-9.25
4503,meta-llama/Llama-3.1-8B-Instruct,vehicle,en,indefinite_prod,jetski,Name an example of a vehicle: ___,-13.1015625,-6.55078125
4504,meta-llama/Llama-3.1-8B-Instruct,vehicle,en,indefinite_prod,kayak,Name an example of a vehicle: ___,-10.0,-10.0
4505,meta-llama/Llama-3.1-8B-Instruct,vehicle,en,indefinite_prod,limousine,Name an example of a vehicle: ___,-10.8681640625,-3.6227213541666665
4506,meta-llama/Llama-3.1-8B-Instruct,vehicle,en,indefinite_prod,minivan,Name an example of a vehicle: ___,-10.3388671875,-5.16943359375
4507,meta-llama/Llama-3.1-8B-Instruct,vehicle,en,indefinite_prod,police car,Name an example of a vehicle: ___,-10.990234375,-5.4951171875
4508,meta-llama/Llama-3.1-8B-Instruct,vehicle,en,indefinite_prod,quad,Name an example of a vehicle: ___,-12.625,-12.625
4509,meta-llama/Llama-3.1-8B-Instruct,vehicle,en,indefinite_prod,rickshaw,Name an example of a vehicle: ___,-13.58154296875,-4.527180989583333
4510,meta-llama/Llama-3.1-8B-Instruct,vehicle,en,indefinite_prod,roadsweeper,Name an example of a vehicle: ___,-22.03759765625,-7.345865885416667
4511,meta-llama/Llama-3.1-8B-Instruct,vehicle,en,indefinite_prod,rocket,Name an example of a vehicle: ___,-10.8125,-10.8125
4512,meta-llama/Llama-3.1-8B-Instruct,vehicle,en,indefinite_prod,sailboat,Name an example of a vehicle: ___,-12.27734375,-6.138671875
4513,meta-llama/Llama-3.1-8B-Instruct,vehicle,en,indefinite_prod,school bus,Name an example of a vehicle: ___,-9.01953125,-4.509765625
4514,meta-llama/Llama-3.1-8B-Instruct,vehicle,en,indefinite_prod,scooter,Name an example of a vehicle: ___,-8.875,-8.875
4515,meta-llama/Llama-3.1-8B-Instruct,vehicle,en,indefinite_prod,seaplane,Name an example of a vehicle: ___,-13.8798828125,-4.626627604166667
4516,meta-llama/Llama-3.1-8B-Instruct,vehicle,en,indefinite_prod,skateboard,Name an example of a vehicle: ___,-9.25,-9.25
4517,meta-llama/Llama-3.1-8B-Instruct,vehicle,en,indefinite_prod,snowmobile,Name an example of a vehicle: ___,-11.107421875,-5.5537109375
4518,meta-llama/Llama-3.1-8B-Instruct,vehicle,en,indefinite_prod,snowplow,Name an example of a vehicle: ___,-12.524169921875,-4.174723307291667
4519,meta-llama/Llama-3.1-8B-Instruct,vehicle,en,indefinite_prod,space shuttle,Name an example of a vehicle: ___,-9.158203125,-4.5791015625
4520,meta-llama/Llama-3.1-8B-Instruct,vehicle,en,indefinite_prod,speedboat,Name an example of a vehicle: ___,-13.28125,-6.640625
4521,meta-llama/Llama-3.1-8B-Instruct,vehicle,en,indefinite_prod,station wagon,Name an example of a vehicle: ___,-11.529296875,-5.7646484375
4522,meta-llama/Llama-3.1-8B-Instruct,vehicle,en,indefinite_prod,steamroller,Name an example of a vehicle: ___,-16.8125,-8.40625
4523,meta-llama/Llama-3.1-8B-Instruct,vehicle,en,indefinite_prod,stroller,Name an example of a vehicle: ___,-13.234375,-6.6171875
4524,meta-llama/Llama-3.1-8B-Instruct,vehicle,en,indefinite_prod,subway,Name an example of a vehicle: ___,-10.375,-10.375
4525,meta-llama/Llama-3.1-8B-Instruct,vehicle,en,indefinite_prod,taxi,Name an example of a vehicle: ___,-7.875,-7.875
4526,meta-llama/Llama-3.1-8B-Instruct,vehicle,en,indefinite_prod,tractor,Name an example of a vehicle: ___,-9.1875,-9.1875
4527,meta-llama/Llama-3.1-8B-Instruct,vehicle,en,indefinite_prod,tricycle,Name an example of a vehicle: ___,-10.86328125,-5.431640625
4528,meta-llama/Llama-3.1-8B-Instruct,vehicle,en,indefinite_prod,trolley,Name an example of a vehicle: ___,-14.46875,-7.234375
4529,meta-llama/Llama-3.1-8B-Instruct,vehicle,en,indefinite_prod,truck,Name an example of a vehicle: ___,-5.84375,-5.84375
4530,meta-llama/Llama-3.1-8B-Instruct,vehicle,en,indefinite_prod,tugboat,Name an example of a vehicle: ___,-12.08984375,-6.044921875
4531,meta-llama/Llama-3.1-8B-Instruct,vehicle,en,indefinite_prod,unicycle,Name an example of a vehicle: ___,-12.328125,-6.1640625
4532,meta-llama/Llama-3.1-8B-Instruct,vehicle,en,indefinite_prod,van,Name an example of a vehicle: ___,-10.6875,-10.6875
4533,meta-llama/Llama-3.1-8B-Instruct,vehicle,en,indefinite_prod,wagon,Name an example of a vehicle: ___,-10.5,-10.5
4534,meta-llama/Llama-3.1-8B-Instruct,vehicle,en,indefinite_prod,wheelchair,Name an example of a vehicle: ___,-13.3125,-13.3125
4535,meta-llama/Llama-3.1-8B-Instruct,vehicle,en,indefinite_prod,yacht,Name an example of a vehicle: ___,-10.0625,-10.0625
4536,meta-llama/Llama-3.1-8B-Instruct,watercraft,en,generic,airboat,One example of a watercraft is ___.,-11.30078125,-5.650390625
4537,meta-llama/Llama-3.1-8B-Instruct,watercraft,en,generic,aircraft carrier,One example of a watercraft is ___.,-16.75,-8.375
4538,meta-llama/Llama-3.1-8B-Instruct,watercraft,en,generic,boat,One example of a watercraft is ___.,-8.125,-8.125
4539,meta-llama/Llama-3.1-8B-Instruct,watercraft,en,generic,canoe,One example of a watercraft is ___.,-13.25,-13.25
4540,meta-llama/Llama-3.1-8B-Instruct,watercraft,en,generic,cruise ship,One example of a watercraft is ___.,-12.296875,-6.1484375
4541,meta-llama/Llama-3.1-8B-Instruct,watercraft,en,generic,ferry,One example of a watercraft is ___.,-13.1875,-13.1875
4542,meta-llama/Llama-3.1-8B-Instruct,watercraft,en,generic,gondola,One example of a watercraft is ___.,-12.20068359375,-4.06689453125
4543,meta-llama/Llama-3.1-8B-Instruct,watercraft,en,generic,hovercraft,One example of a watercraft is ___.,-14.0263671875,-7.01318359375
4544,meta-llama/Llama-3.1-8B-Instruct,watercraft,en,generic,jetski,One example of a watercraft is ___.,-13.4296875,-6.71484375
4545,meta-llama/Llama-3.1-8B-Instruct,watercraft,en,generic,kayak,One example of a watercraft is ___.,-10.875,-10.875
4546,meta-llama/Llama-3.1-8B-Instruct,watercraft,en,generic,raft,One example of a watercraft is ___.,-13.75,-13.75
4547,meta-llama/Llama-3.1-8B-Instruct,watercraft,en,generic,sailboat,One example of a watercraft is ___.,-10.21875,-5.109375
4548,meta-llama/Llama-3.1-8B-Instruct,watercraft,en,generic,seaplane,One example of a watercraft is ___.,-11.24609375,-3.7486979166666665
4549,meta-llama/Llama-3.1-8B-Instruct,watercraft,en,generic,ship,One example of a watercraft is ___.,-11.25,-11.25
4550,meta-llama/Llama-3.1-8B-Instruct,watercraft,en,generic,speedboat,One example of a watercraft is ___.,-13.62890625,-6.814453125
4551,meta-llama/Llama-3.1-8B-Instruct,watercraft,en,generic,submarine,One example of a watercraft is ___.,-11.4375,-11.4375
4552,meta-llama/Llama-3.1-8B-Instruct,watercraft,en,generic,torpedo,One example of a watercraft is ___.,-12.0,-12.0
4553,meta-llama/Llama-3.1-8B-Instruct,watercraft,en,generic,tugboat,One example of a watercraft is ___.,-14.10546875,-7.052734375
4554,meta-llama/Llama-3.1-8B-Instruct,watercraft,en,generic,yacht,One example of a watercraft is ___.,-9.375,-9.375
4555,meta-llama/Llama-3.1-8B-Instruct,watercraft,en,indefinite_prod,airboat,Name an example of a watercraft: ___,-9.6484375,-4.82421875
4556,meta-llama/Llama-3.1-8B-Instruct,watercraft,en,indefinite_prod,aircraft carrier,Name an example of a watercraft: ___,-13.1953125,-6.59765625
4557,meta-llama/Llama-3.1-8B-Instruct,watercraft,en,indefinite_prod,boat,Name an example of a watercraft: ___,-5.8125,-5.8125
4558,meta-llama/Llama-3.1-8B-Instruct,watercraft,en,indefinite_prod,canoe,Name an example of a watercraft: ___,-5.5625,-5.5625
4559,meta-llama/Llama-3.1-8B-Instruct,watercraft,en,indefinite_prod,cruise ship,Name an example of a watercraft: ___,-11.6015625,-5.80078125
4560,meta-llama/Llama-3.1-8B-Instruct,watercraft,en,indefinite_prod,ferry,Name an example of a watercraft: ___,-10.25,-10.25
4561,meta-llama/Llama-3.1-8B-Instruct,watercraft,en,indefinite_prod,gondola,Name an example of a watercraft: ___,-9.671630859375,-3.223876953125
4562,meta-llama/Llama-3.1-8B-Instruct,watercraft,en,indefinite_prod,hovercraft,Name an example of a watercraft: ___,-13.8134765625,-6.90673828125
4563,meta-llama/Llama-3.1-8B-Instruct,watercraft,en,indefinite_prod,jetski,Name an example of a watercraft: ___,-10.9267578125,-5.46337890625
4564,meta-llama/Llama-3.1-8B-Instruct,watercraft,en,indefinite_prod,kayak,Name an example of a watercraft: ___,-3.75,-3.75
4565,meta-llama/Llama-3.1-8B-Instruct,watercraft,en,indefinite_prod,raft,Name an example of a watercraft: ___,-9.8125,-9.8125
4566,meta-llama/Llama-3.1-8B-Instruct,watercraft,en,indefinite_prod,sailboat,Name an example of a watercraft: ___,-5.686767578125,-2.8433837890625
4567,meta-llama/Llama-3.1-8B-Instruct,watercraft,en,indefinite_prod,seaplane,Name an example of a watercraft: ___,-9.10986328125,-3.03662109375
4568,meta-llama/Llama-3.1-8B-Instruct,watercraft,en,indefinite_prod,ship,Name an example of a watercraft: ___,-8.9375,-8.9375
4569,meta-llama/Llama-3.1-8B-Instruct,watercraft,en,indefinite_prod,speedboat,Name an example of a watercraft: ___,-7.51171875,-3.755859375
4570,meta-llama/Llama-3.1-8B-Instruct,watercraft,en,indefinite_prod,submarine,Name an example of a watercraft: ___,-5.1875,-5.1875
4571,meta-llama/Llama-3.1-8B-Instruct,watercraft,en,indefinite_prod,torpedo,Name an example of a watercraft: ___,-7.28125,-7.28125
4572,meta-llama/Llama-3.1-8B-Instruct,watercraft,en,indefinite_prod,tugboat,Name an example of a watercraft: ___,-7.86328125,-3.931640625
4573,meta-llama/Llama-3.1-8B-Instruct,watercraft,en,indefinite_prod,yacht,Name an example of a watercraft: ___,-4.875,-4.875
4574,meta-llama/Llama-3.1-8B-Instruct,weapon,en,generic,arrow,One example of a weapon is ___.,-11.0625,-11.0625
4575,meta-llama/Llama-3.1-8B-Instruct,weapon,en,generic,axe,One example of a weapon is ___.,-13.625,-13.625
4576,meta-llama/Llama-3.1-8B-Instruct,weapon,en,generic,baseball bat,One example of a weapon is ___.,-12.5546875,-6.27734375
4577,meta-llama/Llama-3.1-8B-Instruct,weapon,en,generic,bat,One example of a weapon is ___.,-13.75,-13.75
4578,meta-llama/Llama-3.1-8B-Instruct,weapon,en,generic,baton,One example of a weapon is ___.,-15.84375,-7.921875
4579,meta-llama/Llama-3.1-8B-Instruct,weapon,en,generic,bazooka,One example of a weapon is ___.,-13.5958251953125,-4.531941731770833
4580,meta-llama/Llama-3.1-8B-Instruct,weapon,en,generic,blowgun,One example of a weapon is ___.,-17.171875,-8.5859375
4581,meta-llama/Llama-3.1-8B-Instruct,weapon,en,generic,blowtorch,One example of a weapon is ___.,-16.734375,-8.3671875
4582,meta-llama/Llama-3.1-8B-Instruct,weapon,en,generic,bomb,One example of a weapon is ___.,-12.0,-12.0
4583,meta-llama/Llama-3.1-8B-Instruct,weapon,en,generic,boomerang,One example of a weapon is ___.,-13.60009765625,-4.533365885416667
4584,meta-llama/Llama-3.1-8B-Instruct,weapon,en,generic,bow,One example of a weapon is ___.,-13.5,-13.5
4585,meta-llama/Llama-3.1-8B-Instruct,weapon,en,generic,brass knuckles,One example of a weapon is ___.,-15.5142822265625,-5.171427408854167
4586,meta-llama/Llama-3.1-8B-Instruct,weapon,en,generic,bullet,One example of a weapon is ___.,-11.9375,-11.9375
4587,meta-llama/Llama-3.1-8B-Instruct,weapon,en,generic,cannon,One example of a weapon is ___.,-14.0625,-14.0625
4588,meta-llama/Llama-3.1-8B-Instruct,weapon,en,generic,cannonball,One example of a weapon is ___.,-17.234375,-8.6171875
4589,meta-llama/Llama-3.1-8B-Instruct,weapon,en,generic,catapult,One example of a weapon is ___.,-13.8125,-13.8125
4590,meta-llama/Llama-3.1-8B-Instruct,weapon,en,generic,chainsaw,One example of a weapon is ___.,-15.375,-7.6875
4591,meta-llama/Llama-3.1-8B-Instruct,weapon,en,generic,cleaver,One example of a weapon is ___.,-12.93359375,-6.466796875
4592,meta-llama/Llama-3.1-8B-Instruct,weapon,en,generic,crossbow,One example of a weapon is ___.,-11.939453125,-5.9697265625
4593,meta-llama/Llama-3.1-8B-Instruct,weapon,en,generic,crowbar,One example of a weapon is ___.,-15.47265625,-7.736328125
4594,meta-llama/Llama-3.1-8B-Instruct,weapon,en,generic,dagger,One example of a weapon is ___.,-13.0,-13.0
4595,meta-llama/Llama-3.1-8B-Instruct,weapon,en,generic,dart,One example of a weapon is ___.,-13.5625,-13.5625
4596,meta-llama/Llama-3.1-8B-Instruct,weapon,en,generic,dynamite,One example of a weapon is ___.,-15.4384765625,-7.71923828125
4597,meta-llama/Llama-3.1-8B-Instruct,weapon,en,generic,flamethrower,One example of a weapon is ___.,-15.23004150390625,-3.8075103759765625
4598,meta-llama/Llama-3.1-8B-Instruct,weapon,en,generic,grenade,One example of a weapon is ___.,-11.625,-11.625
4599,meta-llama/Llama-3.1-8B-Instruct,weapon,en,generic,gun,One example of a weapon is ___.,-7.84375,-7.84375
4600,meta-llama/Llama-3.1-8B-Instruct,weapon,en,generic,hammer,One example of a weapon is ___.,-12.4375,-12.4375
4601,meta-llama/Llama-3.1-8B-Instruct,weapon,en,generic,icepick,One example of a weapon is ___.,-15.921875,-7.9609375
4602,meta-llama/Llama-3.1-8B-Instruct,weapon,en,generic,knife,One example of a weapon is ___.,-10.75,-10.75
4603,meta-llama/Llama-3.1-8B-Instruct,weapon,en,generic,landmine,One example of a weapon is ___.,-15.15625,-7.578125
4604,meta-llama/Llama-3.1-8B-Instruct,weapon,en,generic,machete,One example of a weapon is ___.,-13.140625,-6.5703125
4605,meta-llama/Llama-3.1-8B-Instruct,weapon,en,generic,machine gun,One example of a weapon is ___.,-11.3095703125,-5.65478515625
4606,meta-llama/Llama-3.1-8B-Instruct,weapon,en,generic,missile,One example of a weapon is ___.,-9.875,-9.875
4607,meta-llama/Llama-3.1-8B-Instruct,weapon,en,generic,pickax,One example of a weapon is ___.,-19.1875,-9.59375
4608,meta-llama/Llama-3.1-8B-Instruct,weapon,en,generic,pitchfork,One example of a weapon is ___.,-14.46875,-7.234375
4609,meta-llama/Llama-3.1-8B-Instruct,weapon,en,generic,pocketknife,One example of a weapon is ___.,-15.53125,-7.765625
4610,meta-llama/Llama-3.1-8B-Instruct,weapon,en,generic,razor blade,One example of a weapon is ___.,-17.3125,-8.65625
4611,meta-llama/Llama-3.1-8B-Instruct,weapon,en,generic,revolver,One example of a weapon is ___.,-11.5,-11.5
4612,meta-llama/Llama-3.1-8B-Instruct,weapon,en,generic,rifle,One example of a weapon is ___.,-10.0,-10.0
4613,meta-llama/Llama-3.1-8B-Instruct,weapon,en,generic,scalpel,One example of a weapon is ___.,-12.44873046875,-6.224365234375
4614,meta-llama/Llama-3.1-8B-Instruct,weapon,en,generic,scissors,One example of a weapon is ___.,-14.4375,-14.4375
4615,meta-llama/Llama-3.1-8B-Instruct,weapon,en,generic,slingshot,One example of a weapon is ___.,-13.785888671875,-4.595296223958333
4616,meta-llama/Llama-3.1-8B-Instruct,weapon,en,generic,spear,One example of a weapon is ___.,-12.25,-12.25
4617,meta-llama/Llama-3.1-8B-Instruct,weapon,en,generic,sword,One example of a weapon is ___.,-10.375,-10.375
4618,meta-llama/Llama-3.1-8B-Instruct,weapon,en,generic,tank,One example of a weapon is ___.,-11.6875,-11.6875
4619,meta-llama/Llama-3.1-8B-Instruct,weapon,en,generic,torpedo,One example of a weapon is ___.,-12.5625,-12.5625
4620,meta-llama/Llama-3.1-8B-Instruct,weapon,en,generic,trident,One example of a weapon is ___.,-14.0,-7.0
4621,meta-llama/Llama-3.1-8B-Instruct,weapon,en,generic,whip,One example of a weapon is ___.,-14.75,-14.75
4622,meta-llama/Llama-3.1-8B-Instruct,weapon,en,indefinite_prod,arrow,Name an example of a weapon: ___,-10.4375,-10.4375
4623,meta-llama/Llama-3.1-8B-Instruct,weapon,en,indefinite_prod,axe,Name an example of a weapon: ___,-9.0625,-9.0625
4624,meta-llama/Llama-3.1-8B-Instruct,weapon,en,indefinite_prod,baseball bat,Name an example of a weapon: ___,-9.6630859375,-4.83154296875
4625,meta-llama/Llama-3.1-8B-Instruct,weapon,en,indefinite_prod,bat,Name an example of a weapon: ___,-9.375,-9.375
4626,meta-llama/Llama-3.1-8B-Instruct,weapon,en,indefinite_prod,baton,Name an example of a weapon: ___,-11.828125,-5.9140625
4627,meta-llama/Llama-3.1-8B-Instruct,weapon,en,indefinite_prod,bazooka,Name an example of a weapon: ___,-11.34161376953125,-3.7805379231770835
4628,meta-llama/Llama-3.1-8B-Instruct,weapon,en,indefinite_prod,blowgun,Name an example of a weapon: ___,-16.1875,-8.09375
4629,meta-llama/Llama-3.1-8B-Instruct,weapon,en,indefinite_prod,blowtorch,Name an example of a weapon: ___,-16.0,-8.0
4630,meta-llama/Llama-3.1-8B-Instruct,weapon,en,indefinite_prod,bomb,Name an example of a weapon: ___,-10.3125,-10.3125
4631,meta-llama/Llama-3.1-8B-Instruct,weapon,en,indefinite_prod,boomerang,Name an example of a weapon: ___,-13.0748291015625,-4.3582763671875
4632,meta-llama/Llama-3.1-8B-Instruct,weapon,en,indefinite_prod,bow,Name an example of a weapon: ___,-9.75,-9.75
4633,meta-llama/Llama-3.1-8B-Instruct,weapon,en,indefinite_prod,brass knuckles,Name an example of a weapon: ___,-14.3310546875,-4.777018229166667
4634,meta-llama/Llama-3.1-8B-Instruct,weapon,en,indefinite_prod,bullet,Name an example of a weapon: ___,-10.0,-10.0
4635,meta-llama/Llama-3.1-8B-Instruct,weapon,en,indefinite_prod,cannon,Name an example of a weapon: ___,-9.75,-9.75
4636,meta-llama/Llama-3.1-8B-Instruct,weapon,en,indefinite_prod,cannonball,Name an example of a weapon: ___,-13.421875,-6.7109375
4637,meta-llama/Llama-3.1-8B-Instruct,weapon,en,indefinite_prod,catapult,Name an example of a weapon: ___,-11.0,-11.0
4638,meta-llama/Llama-3.1-8B-Instruct,weapon,en,indefinite_prod,chainsaw,Name an example of a weapon: ___,-11.814453125,-5.9072265625
4639,meta-llama/Llama-3.1-8B-Instruct,weapon,en,indefinite_prod,cleaver,Name an example of a weapon: ___,-12.285400390625,-6.1427001953125
4640,meta-llama/Llama-3.1-8B-Instruct,weapon,en,indefinite_prod,crossbow,Name an example of a weapon: ___,-10.2747802734375,-5.13739013671875
4641,meta-llama/Llama-3.1-8B-Instruct,weapon,en,indefinite_prod,crowbar,Name an example of a weapon: ___,-11.673828125,-5.8369140625
4642,meta-llama/Llama-3.1-8B-Instruct,weapon,en,indefinite_prod,dagger,Name an example of a weapon: ___,-9.0,-9.0
4643,meta-llama/Llama-3.1-8B-Instruct,weapon,en,indefinite_prod,dart,Name an example of a weapon: ___,-10.625,-10.625
4644,meta-llama/Llama-3.1-8B-Instruct,weapon,en,indefinite_prod,dynamite,Name an example of a weapon: ___,-12.36328125,-6.181640625
4645,meta-llama/Llama-3.1-8B-Instruct,weapon,en,indefinite_prod,flamethrower,Name an example of a weapon: ___,-11.609344482421875,-2.9023361206054688
4646,meta-llama/Llama-3.1-8B-Instruct,weapon,en,indefinite_prod,grenade,Name an example of a weapon: ___,-8.4375,-8.4375
4647,meta-llama/Llama-3.1-8B-Instruct,weapon,en,indefinite_prod,gun,Name an example of a weapon: ___,-6.6875,-6.6875
4648,meta-llama/Llama-3.1-8B-Instruct,weapon,en,indefinite_prod,hammer,Name an example of a weapon: ___,-9.125,-9.125
4649,meta-llama/Llama-3.1-8B-Instruct,weapon,en,indefinite_prod,icepick,Name an example of a weapon: ___,-15.1328125,-7.56640625
4650,meta-llama/Llama-3.1-8B-Instruct,weapon,en,indefinite_prod,knife,Name an example of a weapon: ___,-6.5,-6.5
4651,meta-llama/Llama-3.1-8B-Instruct,weapon,en,indefinite_prod,landmine,Name an example of a weapon: ___,-13.875,-6.9375
4652,meta-llama/Llama-3.1-8B-Instruct,weapon,en,indefinite_prod,machete,Name an example of a weapon: ___,-7.4486083984375,-3.72430419921875
4653,meta-llama/Llama-3.1-8B-Instruct,weapon,en,indefinite_prod,machine gun,Name an example of a weapon: ___,-9.30078125,-4.650390625
4654,meta-llama/Llama-3.1-8B-Instruct,weapon,en,indefinite_prod,missile,Name an example of a weapon: ___,-8.875,-8.875
4655,meta-llama/Llama-3.1-8B-Instruct,weapon,en,indefinite_prod,pickax,Name an example of a weapon: ___,-13.59375,-6.796875
4656,meta-llama/Llama-3.1-8B-Instruct,weapon,en,indefinite_prod,pitchfork,Name an example of a weapon: ___,-12.69580078125,-6.347900390625
4657,meta-llama/Llama-3.1-8B-Instruct,weapon,en,indefinite_prod,pocketknife,Name an example of a weapon: ___,-14.296875,-7.1484375
4658,meta-llama/Llama-3.1-8B-Instruct,weapon,en,indefinite_prod,razor blade,Name an example of a weapon: ___,-15.4375,-7.71875
4659,meta-llama/Llama-3.1-8B-Instruct,weapon,en,indefinite_prod,revolver,Name an example of a weapon: ___,-7.6875,-7.6875
4660,meta-llama/Llama-3.1-8B-Instruct,weapon,en,indefinite_prod,rifle,Name an example of a weapon: ___,-6.5,-6.5
4661,meta-llama/Llama-3.1-8B-Instruct,weapon,en,indefinite_prod,scalpel,Name an example of a weapon: ___,-11.3955078125,-5.69775390625
4662,meta-llama/Llama-3.1-8B-Instruct,weapon,en,indefinite_prod,scissors,Name an example of a weapon: ___,-10.75,-10.75
4663,meta-llama/Llama-3.1-8B-Instruct,weapon,en,indefinite_prod,slingshot,Name an example of a weapon: ___,-12.54345703125,-4.18115234375
4664,meta-llama/Llama-3.1-8B-Instruct,weapon,en,indefinite_prod,spear,Name an example of a weapon: ___,-9.1875,-9.1875
4665,meta-llama/Llama-3.1-8B-Instruct,weapon,en,indefinite_prod,sword,Name an example of a weapon: ___,-6.75,-6.75
4666,meta-llama/Llama-3.1-8B-Instruct,weapon,en,indefinite_prod,tank,Name an example of a weapon: ___,-10.875,-10.875
4667,meta-llama/Llama-3.1-8B-Instruct,weapon,en,indefinite_prod,torpedo,Name an example of a weapon: ___,-8.9375,-8.9375
4668,meta-llama/Llama-3.1-8B-Instruct,weapon,en,indefinite_prod,trident,Name an example of a weapon: ___,-12.5234375,-6.26171875
4669,meta-llama/Llama-3.1-8B-Instruct,weapon,en,indefinite_prod,whip,Name an example of a weapon: ___,-11.25,-11.25
4670,meta-llama/Llama-3.1-8B-Instruct,women's clothing,en,generic,bikini,One example of a women's clothing is ___.,-11.0625,-11.0625
4671,meta-llama/Llama-3.1-8B-Instruct,women's clothing,en,generic,blouse,One example of a women's clothing is ___.,-8.5,-8.5
4672,meta-llama/Llama-3.1-8B-Instruct,women's clothing,en,generic,boa,One example of a women's clothing is ___.,-15.6875,-15.6875
4673,meta-llama/Llama-3.1-8B-Instruct,women's clothing,en,generic,bra,One example of a women's clothing is ___.,-10.375,-10.375
4674,meta-llama/Llama-3.1-8B-Instruct,women's clothing,en,generic,corset,One example of a women's clothing is ___.,-11.6328125,-5.81640625
4675,meta-llama/Llama-3.1-8B-Instruct,women's clothing,en,generic,dress,One example of a women's clothing is ___.,-7.53125,-7.53125
4676,meta-llama/Llama-3.1-8B-Instruct,women's clothing,en,generic,fishnet stockings,One example of a women's clothing is ___.,-14.23828125,-4.74609375
4677,meta-llama/Llama-3.1-8B-Instruct,women's clothing,en,generic,garter,One example of a women's clothing is ___.,-14.015625,-7.0078125
4678,meta-llama/Llama-3.1-8B-Instruct,women's clothing,en,generic,headscarf,One example of a women's clothing is ___.,-12.962890625,-4.320963541666667
4679,meta-llama/Llama-3.1-8B-Instruct,women's clothing,en,generic,kimono,One example of a women's clothing is ___.,-11.527587890625,-5.7637939453125
4680,meta-llama/Llama-3.1-8B-Instruct,women's clothing,en,generic,leggings,One example of a women's clothing is ___.,-10.5625,-10.5625
4681,meta-llama/Llama-3.1-8B-Instruct,women's clothing,en,generic,lingerie,One example of a women's clothing is ___.,-10.0,-10.0
4682,meta-llama/Llama-3.1-8B-Instruct,women's clothing,en,generic,pantsuit,One example of a women's clothing is ___.,-17.03125,-8.515625
4683,meta-llama/Llama-3.1-8B-Instruct,women's clothing,en,generic,pantyhose,One example of a women's clothing is ___.,-11.529075622558594,-3.8430252075195312
4684,meta-llama/Llama-3.1-8B-Instruct,women's clothing,en,generic,skirt,One example of a women's clothing is ___.,-8.5,-8.5
4685,meta-llama/Llama-3.1-8B-Instruct,women's clothing,en,generic,stiletto,One example of a women's clothing is ___.,-14.956390380859375,-4.985463460286458
4686,meta-llama/Llama-3.1-8B-Instruct,women's clothing,en,generic,stockings,One example of a women's clothing is ___.,-12.0,-12.0
4687,meta-llama/Llama-3.1-8B-Instruct,women's clothing,en,generic,tiara,One example of a women's clothing is ___.,-14.0703125,-7.03515625
4688,meta-llama/Llama-3.1-8B-Instruct,women's clothing,en,generic,tube top,One example of a women's clothing is ___.,-13.890625,-6.9453125
4689,meta-llama/Llama-3.1-8B-Instruct,women's clothing,en,generic,veil,One example of a women's clothing is ___.,-13.75,-13.75
4690,meta-llama/Llama-3.1-8B-Instruct,women's clothing,en,indefinite_prod,bikini,Name an example of a women's clothing: ___,-8.4375,-8.4375
4691,meta-llama/Llama-3.1-8B-Instruct,women's clothing,en,indefinite_prod,blouse,Name an example of a women's clothing: ___,-5.21875,-5.21875
4692,meta-llama/Llama-3.1-8B-Instruct,women's clothing,en,indefinite_prod,boa,Name an example of a women's clothing: ___,-12.6875,-12.6875
4693,meta-llama/Llama-3.1-8B-Instruct,women's clothing,en,indefinite_prod,bra,Name an example of a women's clothing: ___,-7.5,-7.5
4694,meta-llama/Llama-3.1-8B-Instruct,women's clothing,en,indefinite_prod,corset,Name an example of a women's clothing: ___,-9.400390625,-4.7001953125
4695,meta-llama/Llama-3.1-8B-Instruct,women's clothing,en,indefinite_prod,dress,Name an example of a women's clothing: ___,-5.40625,-5.40625
4696,meta-llama/Llama-3.1-8B-Instruct,women's clothing,en,indefinite_prod,fishnet stockings,Name an example of a women's clothing: ___,-14.109375,-4.703125
4697,meta-llama/Llama-3.1-8B-Instruct,women's clothing,en,indefinite_prod,garter,Name an example of a women's clothing: ___,-12.75,-6.375
4698,meta-llama/Llama-3.1-8B-Instruct,women's clothing,en,indefinite_prod,headscarf,Name an example of a women's clothing: ___,-11.26416015625,-3.7547200520833335
4699,meta-llama/Llama-3.1-8B-Instruct,women's clothing,en,indefinite_prod,kimono,Name an example of a women's clothing: ___,-10.56707763671875,-5.283538818359375
4700,meta-llama/Llama-3.1-8B-Instruct,women's clothing,en,indefinite_prod,leggings,Name an example of a women's clothing: ___,-8.9375,-8.9375
4701,meta-llama/Llama-3.1-8B-Instruct,women's clothing,en,indefinite_prod,lingerie,Name an example of a women's clothing: ___,-8.8125,-8.8125
4702,meta-llama/Llama-3.1-8B-Instruct,women's clothing,en,indefinite_prod,pantsuit,Name an example of a women's clothing: ___,-15.59375,-7.796875
4703,meta-llama/Llama-3.1-8B-Instruct,women's clothing,en,indefinite_prod,pantyhose,Name an example of a women's clothing: ___,-8.853103637695312,-2.9510345458984375
4704,meta-llama/Llama-3.1-8B-Instruct,women's clothing,en,indefinite_prod,skirt,Name an example of a women's clothing: ___,-5.71875,-5.71875
4705,meta-llama/Llama-3.1-8B-Instruct,women's clothing,en,indefinite_prod,stiletto,Name an example of a women's clothing: ___,-12.89605712890625,-4.298685709635417
4706,meta-llama/Llama-3.1-8B-Instruct,women's clothing,en,indefinite_prod,stockings,Name an example of a women's clothing: ___,-10.3125,-10.3125
4707,meta-llama/Llama-3.1-8B-Instruct,women's clothing,en,indefinite_prod,tiara,Name an example of a women's clothing: ___,-12.09765625,-6.048828125
4708,meta-llama/Llama-3.1-8B-Instruct,women's clothing,en,indefinite_prod,tube top,Name an example of a women's clothing: ___,-12.3671875,-6.18359375
4709,meta-llama/Llama-3.1-8B-Instruct,women's clothing,en,indefinite_prod,veil,Name an example of a women's clothing: ___,-10.25,-10.25
4710,meta-llama/Llama-3.1-8B-Instruct,Tier,ger,generic,Ameise,Ein Beispiel für Tier ist ___.,-16.90625,-5.635416666666667
4711,meta-llama/Llama-3.1-8B-Instruct,Tier,ger,generic,Biene,Ein Beispiel für Tier ist ___.,-14.78125,-7.390625
4712,meta-llama/Llama-3.1-8B-Instruct,Tier,ger,generic,Schmetterling,Ein Beispiel für Tier ist ___.,-12.885330200195312,-3.221332550048828
4713,meta-llama/Llama-3.1-8B-Instruct,Tier,ger,generic,Krähe,Ein Beispiel für Tier ist ___.,-13.640625,-4.546875
4714,meta-llama/Llama-3.1-8B-Instruct,Tier,ger,generic,Ente,Ein Beispiel für Tier ist ___.,-14.875,-7.4375
4715,meta-llama/Llama-3.1-8B-Instruct,Tier,ger,generic,Adler,Ein Beispiel für Tier ist ___.,-11.5625,-11.5625
4716,meta-llama/Llama-3.1-8B-Instruct,Tier,ger,generic,Frosch,Ein Beispiel für Tier ist ___.,-13.96533203125,-4.655110677083333
4717,meta-llama/Llama-3.1-8B-Instruct,Tier,ger,generic,Kolibri,Ein Beispiel für Tier ist ___.,-18.5,-9.25
4718,meta-llama/Llama-3.1-8B-Instruct,Tier,ger,generic,Leguan,Ein Beispiel für Tier ist ___.,-19.6875,-9.84375
4719,meta-llama/Llama-3.1-8B-Instruct,Tier,ger,generic,Eidechse,Ein Beispiel für Tier ist ___.,-15.0029296875,-3.750732421875
4720,meta-llama/Llama-3.1-8B-Instruct,Tier,ger,generic,Eule,Ein Beispiel für Tier ist ___.,-15.375,-7.6875
4721,meta-llama/Llama-3.1-8B-Instruct,Tier,ger,generic,Papagei,Ein Beispiel für Tier ist ___.,-12.310546875,-4.103515625
4722,meta-llama/Llama-3.1-8B-Instruct,Tier,ger,generic,Möwe,Ein Beispiel für Tier ist ___.,-20.375,-10.1875
4723,meta-llama/Llama-3.1-8B-Instruct,Tier,ger,generic,Schlange,Ein Beispiel für Tier ist ___.,-9.6328125,-4.81640625
4724,meta-llama/Llama-3.1-8B-Instruct,Tier,ger,generic,Spinne,Ein Beispiel für Tier ist ___.,-13.900390625,-6.9501953125
4725,meta-llama/Llama-3.1-8B-Instruct,Tier,ger,generic,Geier,Ein Beispiel für Tier ist ___.,-12.71875,-6.359375
4726,meta-llama/Llama-3.1-8B-Instruct,Tier,ger,generic,Wespe,Ein Beispiel für Tier ist ___.,-15.09375,-7.546875
4727,meta-llama/Llama-3.1-8B-Instruct,Tier,ger,generic,Wurm,Ein Beispiel für Tier ist ___.,-13.59375,-6.796875
4728,meta-llama/Llama-3.1-8B-Instruct,Tier,ger,generic,Käfer,Ein Beispiel für Tier ist ___.,-12.375,-4.125
4729,meta-llama/Llama-3.1-8B-Instruct,Tier,ger,generic,Libelle,Ein Beispiel für Tier ist ___.,-11.79296875,-5.896484375
4730,meta-llama/Llama-3.1-8B-Instruct,Tier,ger,generic,Flamingo,Ein Beispiel für Tier ist ___.,-11.3046875,-3.7682291666666665
4731,meta-llama/Llama-3.1-8B-Instruct,Tier,ger,generic,Falke,Ein Beispiel für Tier ist ___.,-13.546875,-6.7734375
4732,meta-llama/Llama-3.1-8B-Instruct,Tier,ger,generic,Marienkäfer,Ein Beispiel für Tier ist ___.,-16.41796875,-4.1044921875
4733,meta-llama/Llama-3.1-8B-Instruct,Tier,ger,generic,Pfau,Ein Beispiel für Tier ist ___.,-14.5625,-7.28125
4734,meta-llama/Llama-3.1-8B-Instruct,Tier,ger,generic,Pelikan,Ein Beispiel für Tier ist ___.,-14.046875,-7.0234375
4735,meta-llama/Llama-3.1-8B-Instruct,Tier,ger,generic,Pinguin,Ein Beispiel für Tier ist ___.,-12.6640625,-4.221354166666667
4736,meta-llama/Llama-3.1-8B-Instruct,Tier,ger,generic,Fasan,Ein Beispiel für Tier ist ___.,-15.90625,-7.953125
4737,meta-llama/Llama-3.1-8B-Instruct,Tier,ger,generic,Seepferdchen,Ein Beispiel für Tier ist ___.,-17.859130859375,-3.571826171875
4738,meta-llama/Llama-3.1-8B-Instruct,Tier,ger,generic,Seestern,Ein Beispiel für Tier ist ___.,-18.0810546875,-6.027018229166667
4739,meta-llama/Llama-3.1-8B-Instruct,Tier,ger,generic,Schwan,Ein Beispiel für Tier ist ___.,-12.71875,-6.359375
4740,meta-llama/Llama-3.1-8B-Instruct,Tier,ger,generic,Tarantel,Ein Beispiel für Tier ist ___.,-16.328125,-5.442708333333333
4741,meta-llama/Llama-3.1-8B-Instruct,Tier,ger,generic,Zecke,Ein Beispiel für Tier ist ___.,-14.78125,-7.390625
4742,meta-llama/Llama-3.1-8B-Instruct,Tier,ger,generic,Fliegen,Ein Beispiel für Tier ist ___.,-11.974609375,-3.9915364583333335
4743,meta-llama/Llama-3.1-8B-Instruct,Tier,ger,indefinite_prod,Ameise,Nenne ein Beispiel für Tier: ___,-11.71875,-3.90625
4744,meta-llama/Llama-3.1-8B-Instruct,Tier,ger,indefinite_prod,Biene,Nenne ein Beispiel für Tier: ___,-11.337890625,-5.6689453125
4745,meta-llama/Llama-3.1-8B-Instruct,Tier,ger,indefinite_prod,Schmetterling,Nenne ein Beispiel für Tier: ___,-9.541309356689453,-2.3853273391723633
4746,meta-llama/Llama-3.1-8B-Instruct,Tier,ger,indefinite_prod,Krähe,Nenne ein Beispiel für Tier: ___,-12.173828125,-4.057942708333333
4747,meta-llama/Llama-3.1-8B-Instruct,Tier,ger,indefinite_prod,Ente,Nenne ein Beispiel für Tier: ___,-11.1953125,-5.59765625
4748,meta-llama/Llama-3.1-8B-Instruct,Tier,ger,indefinite_prod,Adler,Nenne ein Beispiel für Tier: ___,-10.1875,-10.1875
4749,meta-llama/Llama-3.1-8B-Instruct,Tier,ger,indefinite_prod,Frosch,Nenne ein Beispiel für Tier: ___,-9.78515625,-3.26171875
4750,meta-llama/Llama-3.1-8B-Instruct,Tier,ger,indefinite_prod,Kolibri,Nenne ein Beispiel für Tier: ___,-13.0,-6.5
4751,meta-llama/Llama-3.1-8B-Instruct,Tier,ger,indefinite_prod,Leguan,Nenne ein Beispiel für Tier: ___,-11.5703125,-5.78515625
4752,meta-llama/Llama-3.1-8B-Instruct,Tier,ger,indefinite_prod,Eidechse,Nenne ein Beispiel für Tier: ___,-9.53839111328125,-2.3845977783203125
4753,meta-llama/Llama-3.1-8B-Instruct,Tier,ger,indefinite_prod,Eule,Nenne ein Beispiel für Tier: ___,-9.0,-4.5
4754,meta-llama/Llama-3.1-8B-Instruct,Tier,ger,indefinite_prod,Papagei,Nenne ein Beispiel für Tier: ___,-10.29296875,-3.4309895833333335
4755,meta-llama/Llama-3.1-8B-Instruct,Tier,ger,indefinite_prod,Möwe,Nenne ein Beispiel für Tier: ___,-11.5625,-5.78125
4756,meta-llama/Llama-3.1-8B-Instruct,Tier,ger,indefinite_prod,Schlange,Nenne ein Beispiel für Tier: ___,-10.205078125,-5.1025390625
4757,meta-llama/Llama-3.1-8B-Instruct,Tier,ger,indefinite_prod,Spinne,Nenne ein Beispiel für Tier: ___,-12.40478515625,-6.202392578125
4758,meta-llama/Llama-3.1-8B-Instruct,Tier,ger,indefinite_prod,Geier,Nenne ein Beispiel für Tier: ___,-9.57421875,-4.787109375
4759,meta-llama/Llama-3.1-8B-Instruct,Tier,ger,indefinite_prod,Wespe,Nenne ein Beispiel für Tier: ___,-12.7578125,-6.37890625
4760,meta-llama/Llama-3.1-8B-Instruct,Tier,ger,indefinite_prod,Wurm,Nenne ein Beispiel für Tier: ___,-10.3125,-5.15625
4761,meta-llama/Llama-3.1-8B-Instruct,Tier,ger,indefinite_prod,Käfer,Nenne ein Beispiel für Tier: ___,-11.17578125,-3.7252604166666665
4762,meta-llama/Llama-3.1-8B-Instruct,Tier,ger,indefinite_prod,Libelle,Nenne ein Beispiel für Tier: ___,-12.142578125,-6.0712890625
4763,meta-llama/Llama-3.1-8B-Instruct,Tier,ger,indefinite_prod,Flamingo,Nenne ein Beispiel für Tier: ___,-8.376953125,-2.7923177083333335
4764,meta-llama/Llama-3.1-8B-Instruct,Tier,ger,indefinite_prod,Falke,Nenne ein Beispiel für Tier: ___,-9.568359375,-4.7841796875
4765,meta-llama/Llama-3.1-8B-Instruct,Tier,ger,indefinite_prod,Marienkäfer,Nenne ein Beispiel für Tier: ___,-13.5382080078125,-3.384552001953125
4766,meta-llama/Llama-3.1-8B-Instruct,Tier,ger,indefinite_prod,Pfau,Nenne ein Beispiel für Tier: ___,-11.0390625,-5.51953125
4767,meta-llama/Llama-3.1-8B-Instruct,Tier,ger,indefinite_prod,Pelikan,Nenne ein Beispiel für Tier: ___,-12.15625,-6.078125
4768,meta-llama/Llama-3.1-8B-Instruct,Tier,ger,indefinite_prod,Pinguin,Nenne ein Beispiel für Tier: ___,-9.7109375,-3.2369791666666665
4769,meta-llama/Llama-3.1-8B-Instruct,Tier,ger,indefinite_prod,Fasan,Nenne ein Beispiel für Tier: ___,-13.03125,-6.515625
4770,meta-llama/Llama-3.1-8B-Instruct,Tier,ger,indefinite_prod,Seepferdchen,Nenne ein Beispiel für Tier: ___,-13.93682861328125,-2.78736572265625
4771,meta-llama/Llama-3.1-8B-Instruct,Tier,ger,indefinite_prod,Seestern,Nenne ein Beispiel für Tier: ___,-13.566162109375,-4.522054036458333
4772,meta-llama/Llama-3.1-8B-Instruct,Tier,ger,indefinite_prod,Schwan,Nenne ein Beispiel für Tier: ___,-10.8125,-5.40625
4773,meta-llama/Llama-3.1-8B-Instruct,Tier,ger,indefinite_prod,Tarantel,Nenne ein Beispiel für Tier: ___,-12.61328125,-4.204427083333333
4774,meta-llama/Llama-3.1-8B-Instruct,Tier,ger,indefinite_prod,Zecke,Nenne ein Beispiel für Tier: ___,-12.5,-6.25
4775,meta-llama/Llama-3.1-8B-Instruct,Tier,ger,indefinite_prod,Fliegen,Nenne ein Beispiel für Tier: ___,-10.49609375,-3.4986979166666665
4776,meta-llama/Llama-3.1-8B-Instruct,Kleidung,ger,generic,Bluse,Ein Beispiel für Kleidung ist ___.,-13.625,-6.8125
4777,meta-llama/Llama-3.1-8B-Instruct,Kleidung,ger,generic,Umhang,Ein Beispiel für Kleidung ist ___.,-17.40625,-8.703125
4778,meta-llama/Llama-3.1-8B-Instruct,Kleidung,ger,generic,Mantel,Ein Beispiel für Kleidung ist ___.,-10.8917236328125,-5.44586181640625
4779,meta-llama/Llama-3.1-8B-Instruct,Kleidung,ger,generic,Kleid,Ein Beispiel für Kleidung ist ___.,-5.1177978515625,-2.55889892578125
4780,meta-llama/Llama-3.1-8B-Instruct,Kleidung,ger,generic,Handschuh,Ein Beispiel für Kleidung ist ___.,-14.75,-4.916666666666667
4781,meta-llama/Llama-3.1-8B-Instruct,Kleidung,ger,generic,Jacke,Ein Beispiel für Kleidung ist ___.,-10.81640625,-5.408203125
4782,meta-llama/Llama-3.1-8B-Instruct,Kleidung,ger,generic,Regenjacke,Ein Beispiel für Kleidung ist ___.,-12.44140625,-3.1103515625
4783,meta-llama/Llama-3.1-8B-Instruct,Kleidung,ger,generic,Schal,Ein Beispiel für Kleidung ist ___.,-14.53125,-7.265625
4784,meta-llama/Llama-3.1-8B-Instruct,Kleidung,ger,generic,Hemd,Ein Beispiel für Kleidung ist ___.,-10.46875,-5.234375
4785,meta-llama/Llama-3.1-8B-Instruct,Kleidung,ger,generic,Rock,Ein Beispiel für Kleidung ist ___.,-12.0,-12.0
4786,meta-llama/Llama-3.1-8B-Instruct,Kleidung,ger,generic,Socke,Ein Beispiel für Kleidung ist ___.,-17.46875,-5.822916666666667
4787,meta-llama/Llama-3.1-8B-Instruct,Kleidung,ger,generic,Pullover,Ein Beispiel für Kleidung ist ___.,-12.1591796875,-6.07958984375
4788,meta-llama/Llama-3.1-8B-Instruct,Kleidung,ger,generic,Stirnband,Ein Beispiel für Kleidung ist ___.,-15.875,-5.291666666666667
4789,meta-llama/Llama-3.1-8B-Instruct,Kleidung,ger,generic,Krawatte,Ein Beispiel für Kleidung ist ___.,-14.140625,-4.713541666666667
4790,meta-llama/Llama-3.1-8B-Instruct,Kleidung,ger,indefinite_prod,Bluse,Nenne ein Beispiel für Kleidung: ___,-8.65625,-4.328125
4791,meta-llama/Llama-3.1-8B-Instruct,Kleidung,ger,indefinite_prod,Umhang,Nenne ein Beispiel für Kleidung: ___,-11.796875,-5.8984375
4792,meta-llama/Llama-3.1-8B-Instruct,Kleidung,ger,indefinite_prod,Mantel,Nenne ein Beispiel für Kleidung: ___,-8.69573974609375,-4.347869873046875
4793,meta-llama/Llama-3.1-8B-Instruct,Kleidung,ger,indefinite_prod,Kleid,Nenne ein Beispiel für Kleidung: ___,-7.0439453125,-3.52197265625
4794,meta-llama/Llama-3.1-8B-Instruct,Kleidung,ger,indefinite_prod,Handschuh,Nenne ein Beispiel für Kleidung: ___,-12.69140625,-4.23046875
4795,meta-llama/Llama-3.1-8B-Instruct,Kleidung,ger,indefinite_prod,Jacke,Nenne ein Beispiel für Kleidung: ___,-9.6689453125,-4.83447265625
4796,meta-llama/Llama-3.1-8B-Instruct,Kleidung,ger,indefinite_prod,Regenjacke,Nenne ein Beispiel für Kleidung: ___,-10.5537109375,-2.638427734375
4797,meta-llama/Llama-3.1-8B-Instruct,Kleidung,ger,indefinite_prod,Schal,Nenne ein Beispiel für Kleidung: ___,-11.125,-5.5625
4798,meta-llama/Llama-3.1-8B-Instruct,Kleidung,ger,indefinite_prod,Hemd,Nenne ein Beispiel für Kleidung: ___,-9.59765625,-4.798828125
4799,meta-llama/Llama-3.1-8B-Instruct,Kleidung,ger,indefinite_prod,Rock,Nenne ein Beispiel für Kleidung: ___,-10.3125,-10.3125
4800,meta-llama/Llama-3.1-8B-Instruct,Kleidung,ger,indefinite_prod,Socke,Nenne ein Beispiel für Kleidung: ___,-11.5625,-3.8541666666666665
4801,meta-llama/Llama-3.1-8B-Instruct,Kleidung,ger,indefinite_prod,Pullover,Nenne ein Beispiel für Kleidung: ___,-9.189788818359375,-4.5948944091796875
4802,meta-llama/Llama-3.1-8B-Instruct,Kleidung,ger,indefinite_prod,Stirnband,Nenne ein Beispiel für Kleidung: ___,-12.3359375,-4.111979166666667
4803,meta-llama/Llama-3.1-8B-Instruct,Kleidung,ger,indefinite_prod,Krawatte,Nenne ein Beispiel für Kleidung: ___,-9.59765625,-3.19921875
4804,meta-llama/Llama-3.1-8B-Instruct,Baumaschinen,ger,generic,Kranich,Ein Beispiel für Baumaschinen ist ___.,-24.8125,-8.270833333333334
4805,meta-llama/Llama-3.1-8B-Instruct,Baumaschinen,ger,indefinite_prod,Kranich,Nenne ein Beispiel für Baumaschinen: ___,-20.75,-6.916666666666667
4806,meta-llama/Llama-3.1-8B-Instruct,Essen,ger,generic,Huhn,Ein Beispiel für Essen ist ___.,-11.96875,-5.984375
4807,meta-llama/Llama-3.1-8B-Instruct,Essen,ger,generic,Apfel,Ein Beispiel für Essen ist ___.,-9.97265625,-4.986328125
4808,meta-llama/Llama-3.1-8B-Instruct,Essen,ger,generic,Avocado,Ein Beispiel für Essen ist ___.,-11.25,-5.625
4809,meta-llama/Llama-3.1-8B-Instruct,Essen,ger,generic,Banane,Ein Beispiel für Essen ist ___.,-13.2578125,-6.62890625
4810,meta-llama/Llama-3.1-8B-Instruct,Essen,ger,generic,Bohne,Ein Beispiel für Essen ist ___.,-14.703125,-7.3515625
4811,meta-llama/Llama-3.1-8B-Instruct,Essen,ger,generic,Blaubeere,Ein Beispiel für Essen ist ___.,-15.484375,-3.87109375
4812,meta-llama/Llama-3.1-8B-Instruct,Essen,ger,generic,Mohrrübe,Ein Beispiel für Essen ist ___.,-16.9453125,-4.236328125
4813,meta-llama/Llama-3.1-8B-Instruct,Essen,ger,generic,Blumenkohl,Ein Beispiel für Essen ist ___.,-13.6953125,-3.423828125
4814,meta-llama/Llama-3.1-8B-Instruct,Essen,ger,generic,Sellerie,Ein Beispiel für Essen ist ___.,-12.8544921875,-6.42724609375
4815,meta-llama/Llama-3.1-8B-Instruct,Essen,ger,generic,Kirsche,Ein Beispiel für Essen ist ___.,-14.5859375,-4.861979166666667
4816,meta-llama/Llama-3.1-8B-Instruct,Essen,ger,generic,Preiselbeere,Ein Beispiel für Essen ist ___.,-19.30126953125,-4.8253173828125
4817,meta-llama/Llama-3.1-8B-Instruct,Essen,ger,generic,Gurke,Ein Beispiel für Essen ist ___.,-13.609375,-6.8046875
4818,meta-llama/Llama-3.1-8B-Instruct,Essen,ger,generic,Feige,Ein Beispiel für Essen ist ___.,-17.15625,-8.578125
4819,meta-llama/Llama-3.1-8B-Instruct,Essen,ger,generic,Ingwer,Ein Beispiel für Essen ist ___.,-9.44921875,-4.724609375
4820,meta-llama/Llama-3.1-8B-Instruct,Essen,ger,generic,Gans,Ein Beispiel für Essen ist ___.,-15.78125,-7.890625
4821,meta-llama/Llama-3.1-8B-Instruct,Essen,ger,generic,Weintraube,Ein Beispiel für Essen ist ___.,-16.3125,-5.4375
4822,meta-llama/Llama-3.1-8B-Instruct,Essen,ger,generic,Zitrone,Ein Beispiel für Essen ist ___.,-12.539031982421875,-4.179677327473958
4823,meta-llama/Llama-3.1-8B-Instruct,Essen,ger,generic,Mango,Ein Beispiel für Essen ist ___.,-11.125,-11.125
4824,meta-llama/Llama-3.1-8B-Instruct,Essen,ger,generic,Melone,Ein Beispiel für Essen ist ___.,-15.84375,-7.921875
4825,meta-llama/Llama-3.1-8B-Instruct,Essen,ger,generic,Olive,Ein Beispiel für Essen ist ___.,-13.0625,-13.0625
4826,meta-llama/Llama-3.1-8B-Instruct,Essen,ger,generic,Zwiebel,Ein Beispiel für Essen ist ___.,-10.6904296875,-3.5634765625
4827,meta-llama/Llama-3.1-8B-Instruct,Essen,ger,generic,Papaya,Ein Beispiel für Essen ist ___.,-15.0,-7.5
4828,meta-llama/Llama-3.1-8B-Instruct,Essen,ger,generic,Erbse,Ein Beispiel für Essen ist ___.,-13.71875,-4.572916666666667
4829,meta-llama/Llama-3.1-8B-Instruct,Essen,ger,generic,Pfirsich,Ein Beispiel für Essen ist ___.,-13.265625,-4.421875
4830,meta-llama/Llama-3.1-8B-Instruct,Essen,ger,generic,Birne,Ein Beispiel für Essen ist ___.,-13.484375,-6.7421875
4831,meta-llama/Llama-3.1-8B-Instruct,Essen,ger,generic,Ananas,Ein Beispiel für Essen ist ___.,-12.8125,-6.40625
4832,meta-llama/Llama-3.1-8B-Instruct,Essen,ger,generic,Granatapfel,Ein Beispiel für Essen ist ___.,-14.4658203125,-3.616455078125
4833,meta-llama/Llama-3.1-8B-Instruct,Essen,ger,generic,Kartoffel,Ein Beispiel für Essen ist ___.,-12.5810546875,-4.193684895833333
4834,meta-llama/Llama-3.1-8B-Instruct,Essen,ger,generic,Kürbis,Ein Beispiel für Essen ist ___.,-13.125,-6.5625
4835,meta-llama/Llama-3.1-8B-Instruct,Essen,ger,generic,Radieschen,Ein Beispiel für Essen ist ___.,-15.484375,-5.161458333333333
4836,meta-llama/Llama-3.1-8B-Instruct,Essen,ger,generic,Himbeere,Ein Beispiel für Essen ist ___.,-17.0,-5.666666666666667
4837,meta-llama/Llama-3.1-8B-Instruct,Essen,ger,generic,Erdbeere,Ein Beispiel für Essen ist ___.,-13.5859375,-4.528645833333333
4838,meta-llama/Llama-3.1-8B-Instruct,Essen,ger,generic,Tomate,Ein Beispiel für Essen ist ___.,-12.25,-6.125
4839,meta-llama/Llama-3.1-8B-Instruct,Essen,ger,generic,Pute,Ein Beispiel für Essen ist ___.,-13.8125,-6.90625
4840,meta-llama/Llama-3.1-8B-Instruct,Essen,ger,generic,Limette,Ein Beispiel für Essen ist ___.,-15.53125,-7.765625
4841,meta-llama/Llama-3.1-8B-Instruct,Essen,ger,generic,Orange,Ein Beispiel für Essen ist ___.,-12.4375,-12.4375
4842,meta-llama/Llama-3.1-8B-Instruct,Essen,ger,generic,Paprika,Ein Beispiel für Essen ist ___.,-11.0078125,-5.50390625
4843,meta-llama/Llama-3.1-8B-Instruct,Essen,ger,indefinite_prod,Huhn,Nenne ein Beispiel für Essen: ___,-9.375,-4.6875
4844,meta-llama/Llama-3.1-8B-Instruct,Essen,ger,indefinite_prod,Apfel,Nenne ein Beispiel für Essen: ___,-9.470703125,-4.7353515625
4845,meta-llama/Llama-3.1-8B-Instruct,Essen,ger,indefinite_prod,Avocado,Nenne ein Beispiel für Essen: ___,-10.6025390625,-5.30126953125
4846,meta-llama/Llama-3.1-8B-Instruct,Essen,ger,indefinite_prod,Banane,Nenne ein Beispiel für Essen: ___,-10.3203125,-5.16015625
4847,meta-llama/Llama-3.1-8B-Instruct,Essen,ger,indefinite_prod,Bohne,Nenne ein Beispiel für Essen: ___,-13.099609375,-6.5498046875
4848,meta-llama/Llama-3.1-8B-Instruct,Essen,ger,indefinite_prod,Blaubeere,Nenne ein Beispiel für Essen: ___,-12.005859375,-3.00146484375
4849,meta-llama/Llama-3.1-8B-Instruct,Essen,ger,indefinite_prod,Mohrrübe,Nenne ein Beispiel für Essen: ___,-14.50390625,-3.6259765625
4850,meta-llama/Llama-3.1-8B-Instruct,Essen,ger,indefinite_prod,Blumenkohl,Nenne ein Beispiel für Essen: ___,-10.92578125,-2.7314453125
4851,meta-llama/Llama-3.1-8B-Instruct,Essen,ger,indefinite_prod,Sellerie,Nenne ein Beispiel für Essen: ___,-12.267333984375,-6.1336669921875
4852,meta-llama/Llama-3.1-8B-Instruct,Essen,ger,indefinite_prod,Kirsche,Nenne ein Beispiel für Essen: ___,-12.71875,-4.239583333333333
4853,meta-llama/Llama-3.1-8B-Instruct,Essen,ger,indefinite_prod,Preiselbeere,Nenne ein Beispiel für Essen: ___,-17.9677734375,-4.491943359375
4854,meta-llama/Llama-3.1-8B-Instruct,Essen,ger,indefinite_prod,Gurke,Nenne ein Beispiel für Essen: ___,-12.3203125,-6.16015625
4855,meta-llama/Llama-3.1-8B-Instruct,Essen,ger,indefinite_prod,Feige,Nenne ein Beispiel für Essen: ___,-14.4375,-7.21875
4856,meta-llama/Llama-3.1-8B-Instruct,Essen,ger,indefinite_prod,Ingwer,Nenne ein Beispiel für Essen: ___,-10.4375,-5.21875
4857,meta-llama/Llama-3.1-8B-Instruct,Essen,ger,indefinite_prod,Gans,Nenne ein Beispiel für Essen: ___,-12.03125,-6.015625
4858,meta-llama/Llama-3.1-8B-Instruct,Essen,ger,indefinite_prod,Weintraube,Nenne ein Beispiel für Essen: ___,-13.171875,-4.390625
4859,meta-llama/Llama-3.1-8B-Instruct,Essen,ger,indefinite_prod,Zitrone,Nenne ein Beispiel für Essen: ___,-11.78485107421875,-3.92828369140625
4860,meta-llama/Llama-3.1-8B-Instruct,Essen,ger,indefinite_prod,Mango,Nenne ein Beispiel für Essen: ___,-9.5625,-9.5625
4861,meta-llama/Llama-3.1-8B-Instruct,Essen,ger,indefinite_prod,Melone,Nenne ein Beispiel für Essen: ___,-13.296875,-6.6484375
4862,meta-llama/Llama-3.1-8B-Instruct,Essen,ger,indefinite_prod,Olive,Nenne ein Beispiel für Essen: ___,-11.625,-11.625
4863,meta-llama/Llama-3.1-8B-Instruct,Essen,ger,indefinite_prod,Zwiebel,Nenne ein Beispiel für Essen: ___,-9.51171875,-3.1705729166666665
4864,meta-llama/Llama-3.1-8B-Instruct,Essen,ger,indefinite_prod,Papaya,Nenne ein Beispiel für Essen: ___,-11.65625,-5.828125
4865,meta-llama/Llama-3.1-8B-Instruct,Essen,ger,indefinite_prod,Erbse,Nenne ein Beispiel für Essen: ___,-10.76171875,-3.5872395833333335
4866,meta-llama/Llama-3.1-8B-Instruct,Essen,ger,indefinite_prod,Pfirsich,Nenne ein Beispiel für Essen: ___,-11.953125,-3.984375
4867,meta-llama/Llama-3.1-8B-Instruct,Essen,ger,indefinite_prod,Birne,Nenne ein Beispiel für Essen: ___,-10.890625,-5.4453125
4868,meta-llama/Llama-3.1-8B-Instruct,Essen,ger,indefinite_prod,Ananas,Nenne ein Beispiel für Essen: ___,-8.76953125,-4.384765625
4869,meta-llama/Llama-3.1-8B-Instruct,Essen,ger,indefinite_prod,Granatapfel,Nenne ein Beispiel für Essen: ___,-13.92724609375,-3.4818115234375
4870,meta-llama/Llama-3.1-8B-Instruct,Essen,ger,indefinite_prod,Kartoffel,Nenne ein Beispiel für Essen: ___,-10.37091064453125,-3.45697021484375
4871,meta-llama/Llama-3.1-8B-Instruct,Essen,ger,indefinite_prod,Kürbis,Nenne ein Beispiel für Essen: ___,-11.59765625,-5.798828125
4872,meta-llama/Llama-3.1-8B-Instruct,Essen,ger,indefinite_prod,Radieschen,Nenne ein Beispiel für Essen: ___,-12.9404296875,-4.3134765625
4873,meta-llama/Llama-3.1-8B-Instruct,Essen,ger,indefinite_prod,Himbeere,Nenne ein Beispiel für Essen: ___,-16.16796875,-5.389322916666667
4874,meta-llama/Llama-3.1-8B-Instruct,Essen,ger,indefinite_prod,Erdbeere,Nenne ein Beispiel für Essen: ___,-11.30859375,-3.76953125
4875,meta-llama/Llama-3.1-8B-Instruct,Essen,ger,indefinite_prod,Tomate,Nenne ein Beispiel für Essen: ___,-10.125,-5.0625
4876,meta-llama/Llama-3.1-8B-Instruct,Essen,ger,indefinite_prod,Pute,Nenne ein Beispiel für Essen: ___,-12.3125,-6.15625
4877,meta-llama/Llama-3.1-8B-Instruct,Essen,ger,indefinite_prod,Limette,Nenne ein Beispiel für Essen: ___,-13.84375,-6.921875
4878,meta-llama/Llama-3.1-8B-Instruct,Essen,ger,indefinite_prod,Orange,Nenne ein Beispiel für Essen: ___,-10.8125,-10.8125
4879,meta-llama/Llama-3.1-8B-Instruct,Essen,ger,indefinite_prod,Paprika,Nenne ein Beispiel für Essen: ___,-7.7158203125,-3.85791015625
4880,meta-llama/Llama-3.1-8B-Instruct,Möbel,ger,generic,Bett,Ein Beispiel für Möbel ist ___.,-9.8125,-9.8125
4881,meta-llama/Llama-3.1-8B-Instruct,Möbel,ger,generic,Bank,Ein Beispiel für Möbel ist ___.,-11.8125,-11.8125
4882,meta-llama/Llama-3.1-8B-Instruct,Möbel,ger,generic,Stuhl,Ein Beispiel für Möbel ist ___.,-10.1015625,-5.05078125
4883,meta-llama/Llama-3.1-8B-Instruct,Möbel,ger,generic,Schaukelstuhl,Ein Beispiel für Möbel ist ___.,-19.9052734375,-3.9810546875
4884,meta-llama/Llama-3.1-8B-Instruct,Möbel,ger,generic,Regal,Ein Beispiel für Möbel ist ___.,-14.78125,-7.390625
4885,meta-llama/Llama-3.1-8B-Instruct,Möbel,ger,generic,Hocker,Ein Beispiel für Möbel ist ___.,-13.40625,-6.703125
4886,meta-llama/Llama-3.1-8B-Instruct,Möbel,ger,generic,Tisch,Ein Beispiel für Möbel ist ___.,-8.8046875,-4.40234375
4887,meta-llama/Llama-3.1-8B-Instruct,Möbel,ger,indefinite_prod,Bett,Nenne ein Beispiel für Möbel: ___,-6.625,-6.625
4888,meta-llama/Llama-3.1-8B-Instruct,Möbel,ger,indefinite_prod,Bank,Nenne ein Beispiel für Möbel: ___,-10.25,-10.25
4889,meta-llama/Llama-3.1-8B-Instruct,Möbel,ger,indefinite_prod,Stuhl,Nenne ein Beispiel für Möbel: ___,-6.275390625,-3.1376953125
4890,meta-llama/Llama-3.1-8B-Instruct,Möbel,ger,indefinite_prod,Schaukelstuhl,Nenne ein Beispiel für Möbel: ___,-13.474853515625,-2.694970703125
4891,meta-llama/Llama-3.1-8B-Instruct,Möbel,ger,indefinite_prod,Regal,Nenne ein Beispiel für Möbel: ___,-9.921875,-4.9609375
4892,meta-llama/Llama-3.1-8B-Instruct,Möbel,ger,indefinite_prod,Hocker,Nenne ein Beispiel für Möbel: ___,-8.51953125,-4.259765625
4893,meta-llama/Llama-3.1-8B-Instruct,Möbel,ger,indefinite_prod,Tisch,Nenne ein Beispiel für Möbel: ___,-5.5869140625,-2.79345703125
4894,meta-llama/Llama-3.1-8B-Instruct,Säugetier,ger,generic,Bär,Ein Beispiel für Säugetier ist ___.,-11.96875,-5.984375
4895,meta-llama/Llama-3.1-8B-Instruct,Säugetier,ger,generic,Stier,Ein Beispiel für Säugetier ist ___.,-17.9375,-8.96875
4896,meta-llama/Llama-3.1-8B-Instruct,Säugetier,ger,generic,Kamel,Ein Beispiel für Säugetier ist ___.,-12.1875,-6.09375
4897,meta-llama/Llama-3.1-8B-Instruct,Säugetier,ger,generic,Katze,Ein Beispiel für Säugetier ist ___.,-9.2978515625,-4.64892578125
4898,meta-llama/Llama-3.1-8B-Instruct,Säugetier,ger,generic,Gepard,Ein Beispiel für Säugetier ist ___.,-13.1640625,-4.388020833333333
4899,meta-llama/Llama-3.1-8B-Instruct,Säugetier,ger,generic,Kuh,Ein Beispiel für Säugetier ist ___.,-10.875,-5.4375
4900,meta-llama/Llama-3.1-8B-Instruct,Säugetier,ger,generic,Hirsch,Ein Beispiel für Säugetier ist ___.,-12.1875,-6.09375
4901,meta-llama/Llama-3.1-8B-Instruct,Säugetier,ger,generic,Hund,Ein Beispiel für Säugetier ist ___.,-10.75,-10.75
4902,meta-llama/Llama-3.1-8B-Instruct,Säugetier,ger,generic,Delphin,Ein Beispiel für Säugetier ist ___.,-12.333984375,-6.1669921875
4903,meta-llama/Llama-3.1-8B-Instruct,Säugetier,ger,generic,Elefant,Ein Beispiel für Säugetier ist ___.,-10.5546875,-5.27734375
4904,meta-llama/Llama-3.1-8B-Instruct,Säugetier,ger,generic,Fuchs,Ein Beispiel für Säugetier ist ___.,-10.125,-5.0625
4905,meta-llama/Llama-3.1-8B-Instruct,Säugetier,ger,generic,Giraffe,Ein Beispiel für Säugetier ist ___.,-13.6171875,-6.80859375
4906,meta-llama/Llama-3.1-8B-Instruct,Säugetier,ger,generic,Ziege,Ein Beispiel für Säugetier ist ___.,-12.2890625,-4.096354166666667
4907,meta-llama/Llama-3.1-8B-Instruct,Säugetier,ger,generic,Hamster,Ein Beispiel für Säugetier ist ___.,-12.146484375,-6.0732421875
4908,meta-llama/Llama-3.1-8B-Instruct,Säugetier,ger,generic,Nilpferd,Ein Beispiel für Säugetier ist ___.,-14.116470336914062,-3.5291175842285156
4909,meta-llama/Llama-3.1-8B-Instruct,Säugetier,ger,generic,Pferd,Ein Beispiel für Säugetier ist ___.,-10.33203125,-3.4440104166666665
4910,meta-llama/Llama-3.1-8B-Instruct,Säugetier,ger,generic,Känguru,Ein Beispiel für Säugetier ist ___.,-10.662109375,-3.5540364583333335
4911,meta-llama/Llama-3.1-8B-Instruct,Säugetier,ger,generic,Leopard,Ein Beispiel für Säugetier ist ___.,-8.4375,-8.4375
4912,meta-llama/Llama-3.1-8B-Instruct,Säugetier,ger,generic,Löwe,Ein Beispiel für Säugetier ist ___.,-9.1484375,-3.0494791666666665
4913,meta-llama/Llama-3.1-8B-Instruct,Säugetier,ger,generic,Affe,Ein Beispiel für Säugetier ist ___.,-10.7109375,-5.35546875
4914,meta-llama/Llama-3.1-8B-Instruct,Säugetier,ger,generic,Maus,Ein Beispiel für Säugetier ist ___.,-10.134765625,-5.0673828125
4915,meta-llama/Llama-3.1-8B-Instruct,Säugetier,ger,generic,Schwein,Ein Beispiel für Säugetier ist ___.,-12.3828125,-6.19140625
4916,meta-llama/Llama-3.1-8B-Instruct,Säugetier,ger,generic,Ratte,Ein Beispiel für Säugetier ist ___.,-15.40625,-7.703125
4917,meta-llama/Llama-3.1-8B-Instruct,Säugetier,ger,generic,Nashorn,Ein Beispiel für Säugetier ist ___.,-15.4375,-7.71875
4918,meta-llama/Llama-3.1-8B-Instruct,Säugetier,ger,generic,Seehund,Ein Beispiel für Säugetier ist ___.,-15.224609375,-5.074869791666667
4919,meta-llama/Llama-3.1-8B-Instruct,Säugetier,ger,generic,Schaf,Ein Beispiel für Säugetier ist ___.,-11.453125,-5.7265625
4920,meta-llama/Llama-3.1-8B-Instruct,Säugetier,ger,generic,Eichhörnchen,Ein Beispiel für Säugetier ist ___.,-13.53662109375,-2.256103515625
4921,meta-llama/Llama-3.1-8B-Instruct,Säugetier,ger,generic,Tiger,Ein Beispiel für Säugetier ist ___.,-8.8125,-8.8125
4922,meta-llama/Llama-3.1-8B-Instruct,Säugetier,ger,generic,Wal,Ein Beispiel für Säugetier ist ___.,-11.125,-11.125
4923,meta-llama/Llama-3.1-8B-Instruct,Säugetier,ger,generic,Wolf,Ein Beispiel für Säugetier ist ___.,-10.1875,-10.1875
4924,meta-llama/Llama-3.1-8B-Instruct,Säugetier,ger,generic,Zebra,Ein Beispiel für Säugetier ist ___.,-11.75,-5.875
4925,meta-llama/Llama-3.1-8B-Instruct,Säugetier,ger,generic,Antilope,Ein Beispiel für Säugetier ist ___.,-14.216796875,-4.738932291666667
4926,meta-llama/Llama-3.1-8B-Instruct,Säugetier,ger,generic,Dachs,Ein Beispiel für Säugetier ist ___.,-15.1875,-7.59375
4927,meta-llama/Llama-3.1-8B-Instruct,Säugetier,ger,generic,Fledermaus,Ein Beispiel für Säugetier ist ___.,-14.71923828125,-2.94384765625
4928,meta-llama/Llama-3.1-8B-Instruct,Säugetier,ger,generic,Biber,Ein Beispiel für Säugetier ist ___.,-12.96875,-6.484375
4929,meta-llama/Llama-3.1-8B-Instruct,Säugetier,ger,generic,Bison,Ein Beispiel für Säugetier ist ___.,-11.25,-11.25
4930,meta-llama/Llama-3.1-8B-Instruct,Säugetier,ger,generic,Kojote,Ein Beispiel für Säugetier ist ___.,-13.5703125,-4.5234375
4931,meta-llama/Llama-3.1-8B-Instruct,Säugetier,ger,generic,Gazelle,Ein Beispiel für Säugetier ist ___.,-12.8984375,-6.44921875
4932,meta-llama/Llama-3.1-8B-Instruct,Säugetier,ger,generic,Meerschweinchen,Ein Beispiel für Säugetier ist ___.,-12.031929016113281,-2.005321502685547
4933,meta-llama/Llama-3.1-8B-Instruct,Säugetier,ger,generic,Igel,Ein Beispiel für Säugetier ist ___.,-12.3125,-6.15625
4934,meta-llama/Llama-3.1-8B-Instruct,Säugetier,ger,generic,Maulwurf,Ein Beispiel für Säugetier ist ___.,-10.4193115234375,-3.4731038411458335
4935,meta-llama/Llama-3.1-8B-Instruct,Säugetier,ger,generic,Eisbär,Ein Beispiel für Säugetier ist ___.,-10.0126953125,-3.3375651041666665
4936,meta-llama/Llama-3.1-8B-Instruct,Säugetier,ger,generic,Rentier,Ein Beispiel für Säugetier ist ___.,-13.8828125,-6.94140625
4937,meta-llama/Llama-3.1-8B-Instruct,Säugetier,ger,indefinite_prod,Bär,Nenne ein Beispiel für Säugetier: ___,-7.421875,-3.7109375
4938,meta-llama/Llama-3.1-8B-Instruct,Säugetier,ger,indefinite_prod,Stier,Nenne ein Beispiel für Säugetier: ___,-12.234375,-6.1171875
4939,meta-llama/Llama-3.1-8B-Instruct,Säugetier,ger,indefinite_prod,Kamel,Nenne ein Beispiel für Säugetier: ___,-9.734375,-4.8671875
4940,meta-llama/Llama-3.1-8B-Instruct,Säugetier,ger,indefinite_prod,Katze,Nenne ein Beispiel für Säugetier: ___,-6.055908203125,-3.0279541015625
4941,meta-llama/Llama-3.1-8B-Instruct,Säugetier,ger,indefinite_prod,Gepard,Nenne ein Beispiel für Säugetier: ___,-8.4375,-2.8125
4942,meta-llama/Llama-3.1-8B-Instruct,Säugetier,ger,indefinite_prod,Kuh,Nenne ein Beispiel für Säugetier: ___,-9.453125,-4.7265625
4943,meta-llama/Llama-3.1-8B-Instruct,Säugetier,ger,indefinite_prod,Hirsch,Nenne ein Beispiel für Säugetier: ___,-7.0625,-3.53125
4944,meta-llama/Llama-3.1-8B-Instruct,Säugetier,ger,indefinite_prod,Hund,Nenne ein Beispiel für Säugetier: ___,-8.4375,-8.4375
4945,meta-llama/Llama-3.1-8B-Instruct,Säugetier,ger,indefinite_prod,Delphin,Nenne ein Beispiel für Säugetier: ___,-11.83203125,-5.916015625
4946,meta-llama/Llama-3.1-8B-Instruct,Säugetier,ger,indefinite_prod,Elefant,Nenne ein Beispiel für Säugetier: ___,-5.6328125,-2.81640625
4947,meta-llama/Llama-3.1-8B-Instruct,Säugetier,ger,indefinite_prod,Fuchs,Nenne ein Beispiel für Säugetier: ___,-6.6953125,-3.34765625
4948,meta-llama/Llama-3.1-8B-Instruct,Säugetier,ger,indefinite_prod,Giraffe,Nenne ein Beispiel für Säugetier: ___,-9.0712890625,-4.53564453125
4949,meta-llama/Llama-3.1-8B-Instruct,Säugetier,ger,indefinite_prod,Ziege,Nenne ein Beispiel für Säugetier: ___,-9.569091796875,-3.189697265625
4950,meta-llama/Llama-3.1-8B-Instruct,Säugetier,ger,indefinite_prod,Hamster,Nenne ein Beispiel für Säugetier: ___,-8.307861328125,-4.1539306640625
4951,meta-llama/Llama-3.1-8B-Instruct,Säugetier,ger,indefinite_prod,Nilpferd,Nenne ein Beispiel für Säugetier: ___,-10.317352294921875,-2.5793380737304688
4952,meta-llama/Llama-3.1-8B-Instruct,Säugetier,ger,indefinite_prod,Pferd,Nenne ein Beispiel für Säugetier: ___,-8.45703125,-2.8190104166666665
4953,meta-llama/Llama-3.1-8B-Instruct,Säugetier,ger,indefinite_prod,Känguru,Nenne ein Beispiel für Säugetier: ___,-7.1318359375,-2.3772786458333335
4954,meta-llama/Llama-3.1-8B-Instruct,Säugetier,ger,indefinite_prod,Leopard,Nenne ein Beispiel für Säugetier: ___,-7.0625,-7.0625
4955,meta-llama/Llama-3.1-8B-Instruct,Säugetier,ger,indefinite_prod,Löwe,Nenne ein Beispiel für Säugetier: ___,-6.77001953125,-2.2566731770833335
4956,meta-llama/Llama-3.1-8B-Instruct,Säugetier,ger,indefinite_prod,Affe,Nenne ein Beispiel für Säugetier: ___,-8.078125,-4.0390625
4957,meta-llama/Llama-3.1-8B-Instruct,Säugetier,ger,indefinite_prod,Maus,Nenne ein Beispiel für Säugetier: ___,-8.4296875,-4.21484375
4958,meta-llama/Llama-3.1-8B-Instruct,Säugetier,ger,indefinite_prod,Schwein,Nenne ein Beispiel für Säugetier: ___,-9.01953125,-4.509765625
4959,meta-llama/Llama-3.1-8B-Instruct,Säugetier,ger,indefinite_prod,Ratte,Nenne ein Beispiel für Säugetier: ___,-8.0947265625,-4.04736328125
4960,meta-llama/Llama-3.1-8B-Instruct,Säugetier,ger,indefinite_prod,Nashorn,Nenne ein Beispiel für Säugetier: ___,-11.65234375,-5.826171875
4961,meta-llama/Llama-3.1-8B-Instruct,Säugetier,ger,indefinite_prod,Seehund,Nenne ein Beispiel für Säugetier: ___,-10.1923828125,-3.3974609375
4962,meta-llama/Llama-3.1-8B-Instruct,Säugetier,ger,indefinite_prod,Schaf,Nenne ein Beispiel für Säugetier: ___,-9.546875,-4.7734375
4963,meta-llama/Llama-3.1-8B-Instruct,Säugetier,ger,indefinite_prod,Eichhörnchen,Nenne ein Beispiel für Säugetier: ___,-8.917526245117188,-1.486254374186198
4964,meta-llama/Llama-3.1-8B-Instruct,Säugetier,ger,indefinite_prod,Tiger,Nenne ein Beispiel für Säugetier: ___,-3.984375,-3.984375
4965,meta-llama/Llama-3.1-8B-Instruct,Säugetier,ger,indefinite_prod,Wal,Nenne ein Beispiel für Säugetier: ___,-8.5625,-8.5625
4966,meta-llama/Llama-3.1-8B-Instruct,Säugetier,ger,indefinite_prod,Wolf,Nenne ein Beispiel für Säugetier: ___,-7.09375,-7.09375
4967,meta-llama/Llama-3.1-8B-Instruct,Säugetier,ger,indefinite_prod,Zebra,Nenne ein Beispiel für Säugetier: ___,-9.26171875,-4.630859375
4968,meta-llama/Llama-3.1-8B-Instruct,Säugetier,ger,indefinite_prod,Antilope,Nenne ein Beispiel für Säugetier: ___,-8.4501953125,-2.8167317708333335
4969,meta-llama/Llama-3.1-8B-Instruct,Säugetier,ger,indefinite_prod,Dachs,Nenne ein Beispiel für Säugetier: ___,-10.359375,-5.1796875
4970,meta-llama/Llama-3.1-8B-Instruct,Säugetier,ger,indefinite_prod,Fledermaus,Nenne ein Beispiel für Säugetier: ___,-10.6275634765625,-2.1255126953125
4971,meta-llama/Llama-3.1-8B-Instruct,Säugetier,ger,indefinite_prod,Biber,Nenne ein Beispiel für Säugetier: ___,-8.921875,-4.4609375
4972,meta-llama/Llama-3.1-8B-Instruct,Säugetier,ger,indefinite_prod,Bison,Nenne ein Beispiel für Säugetier: ___,-8.8125,-8.8125
4973,meta-llama/Llama-3.1-8B-Instruct,Säugetier,ger,indefinite_prod,Kojote,Nenne ein Beispiel für Säugetier: ___,-11.36328125,-3.7877604166666665
4974,meta-llama/Llama-3.1-8B-Instruct,Säugetier,ger,indefinite_prod,Gazelle,Nenne ein Beispiel für Säugetier: ___,-11.00439453125,-5.502197265625
4975,meta-llama/Llama-3.1-8B-Instruct,Säugetier,ger,indefinite_prod,Meerschweinchen,Nenne ein Beispiel für Säugetier: ___,-9.203636169433594,-1.5339393615722656
4976,meta-llama/Llama-3.1-8B-Instruct,Säugetier,ger,indefinite_prod,Igel,Nenne ein Beispiel für Säugetier: ___,-8.703125,-4.3515625
4977,meta-llama/Llama-3.1-8B-Instruct,Säugetier,ger,indefinite_prod,Maulwurf,Nenne ein Beispiel für Säugetier: ___,-8.77923583984375,-2.9264119466145835
4978,meta-llama/Llama-3.1-8B-Instruct,Säugetier,ger,indefinite_prod,Eisbär,Nenne ein Beispiel für Säugetier: ___,-7.7451171875,-2.5817057291666665
4979,meta-llama/Llama-3.1-8B-Instruct,Säugetier,ger,indefinite_prod,Rentier,Nenne ein Beispiel für Säugetier: ___,-12.951171875,-6.4755859375
4980,meta-llama/Llama-3.1-8B-Instruct,Musikinstrument,ger,generic,Akkordeon,Ein Beispiel für Musikinstrument ist ___.,-10.524459838867188,-2.631114959716797
4981,meta-llama/Llama-3.1-8B-Instruct,Musikinstrument,ger,generic,Trommel,Ein Beispiel für Musikinstrument ist ___.,-14.53125,-7.265625
4982,meta-llama/Llama-3.1-8B-Instruct,Musikinstrument,ger,generic,Flöte,Ein Beispiel für Musikinstrument ist ___.,-10.26904296875,-3.4230143229166665
4983,meta-llama/Llama-3.1-8B-Instruct,Musikinstrument,ger,generic,Gitarre,Ein Beispiel für Musikinstrument ist ___.,-10.558837890625,-3.5196126302083335
4984,meta-llama/Llama-3.1-8B-Instruct,Musikinstrument,ger,generic,Mundharmonika,Ein Beispiel für Musikinstrument ist ___.,-13.346092224121094,-3.3365230560302734
4985,meta-llama/Llama-3.1-8B-Instruct,Musikinstrument,ger,generic,Harfe,Ein Beispiel für Musikinstrument ist ___.,-11.9375,-5.96875
4986,meta-llama/Llama-3.1-8B-Instruct,Musikinstrument,ger,generic,Klavier,Ein Beispiel für Musikinstrument ist ___.,-7.44921875,-3.724609375
4987,meta-llama/Llama-3.1-8B-Instruct,Musikinstrument,ger,generic,Saxophon,Ein Beispiel für Musikinstrument ist ___.,-10.46435546875,-5.232177734375
4988,meta-llama/Llama-3.1-8B-Instruct,Musikinstrument,ger,generic,Tamburin,Ein Beispiel für Musikinstrument ist ___.,-15.04296875,-5.014322916666667
4989,meta-llama/Llama-3.1-8B-Instruct,Musikinstrument,ger,generic,Trompete,Ein Beispiel für Musikinstrument ist ___.,-10.1832275390625,-3.3944091796875
4990,meta-llama/Llama-3.1-8B-Instruct,Musikinstrument,ger,generic,Geige,Ein Beispiel für Musikinstrument ist ___.,-11.4375,-5.71875
4991,meta-llama/Llama-3.1-8B-Instruct,Musikinstrument,ger,indefinite_prod,Akkordeon,Nenne ein Beispiel für Musikinstrument: ___,-7.6522674560546875,-1.9130668640136719
4992,meta-llama/Llama-3.1-8B-Instruct,Musikinstrument,ger,indefinite_prod,Trommel,Nenne ein Beispiel für Musikinstrument: ___,-10.65625,-5.328125
4993,meta-llama/Llama-3.1-8B-Instruct,Musikinstrument,ger,indefinite_prod,Flöte,Nenne ein Beispiel für Musikinstrument: ___,-5.8536376953125,-1.9512125651041667
4994,meta-llama/Llama-3.1-8B-Instruct,Musikinstrument,ger,indefinite_prod,Gitarre,Nenne ein Beispiel für Musikinstrument: ___,-5.25006103515625,-1.7500203450520833
4995,meta-llama/Llama-3.1-8B-Instruct,Musikinstrument,ger,indefinite_prod,Mundharmonika,Nenne ein Beispiel für Musikinstrument: ___,-10.851104736328125,-2.7127761840820312
4996,meta-llama/Llama-3.1-8B-Instruct,Musikinstrument,ger,indefinite_prod,Harfe,Nenne ein Beispiel für Musikinstrument: ___,-7.58203125,-3.791015625
4997,meta-llama/Llama-3.1-8B-Instruct,Musikinstrument,ger,indefinite_prod,Klavier,Nenne ein Beispiel für Musikinstrument: ___,-5.7890625,-2.89453125
4998,meta-llama/Llama-3.1-8B-Instruct,Musikinstrument,ger,indefinite_prod,Saxophon,Nenne ein Beispiel für Musikinstrument: ___,-6.70068359375,-3.350341796875
4999,meta-llama/Llama-3.1-8B-Instruct,Musikinstrument,ger,indefinite_prod,Tamburin,Nenne ein Beispiel für Musikinstrument: ___,-11.126953125,-3.708984375
5000,meta-llama/Llama-3.1-8B-Instruct,Musikinstrument,ger,indefinite_prod,Trompete,Nenne ein Beispiel für Musikinstrument: ___,-6.1676025390625,-2.0558675130208335
5001,meta-llama/Llama-3.1-8B-Instruct,Musikinstrument,ger,indefinite_prod,Geige,Nenne ein Beispiel für Musikinstrument: ___,-8.14892578125,-4.074462890625
5002,meta-llama/Llama-3.1-8B-Instruct,Pflanze,ger,generic,Spargel,Ein Beispiel für Pflanze ist ___.,-15.750244140625,-5.250081380208333
5003,meta-llama/Llama-3.1-8B-Instruct,Pflanze,ger,generic,Brokkoli,Ein Beispiel für Pflanze ist ___.,-12.990966796875,-4.330322265625
5004,meta-llama/Llama-3.1-8B-Instruct,Pflanze,ger,generic,Salat,Ein Beispiel für Pflanze ist ___.,-11.046875,-5.5234375
5005,meta-llama/Llama-3.1-8B-Instruct,Pflanze,ger,generic,Spinat,Ein Beispiel für Pflanze ist ___.,-14.16015625,-7.080078125
5006,meta-llama/Llama-3.1-8B-Instruct,Pflanze,ger,indefinite_prod,Spargel,Nenne ein Beispiel für Pflanze: ___,-12.316162109375,-4.105387369791667
5007,meta-llama/Llama-3.1-8B-Instruct,Pflanze,ger,indefinite_prod,Brokkoli,Nenne ein Beispiel für Pflanze: ___,-10.778076171875,-3.5926920572916665
5008,meta-llama/Llama-3.1-8B-Instruct,Pflanze,ger,indefinite_prod,Salat,Nenne ein Beispiel für Pflanze: ___,-10.234375,-5.1171875
5009,meta-llama/Llama-3.1-8B-Instruct,Pflanze,ger,indefinite_prod,Spinat,Nenne ein Beispiel für Pflanze: ___,-10.05078125,-5.025390625
5010,meta-llama/Llama-3.1-8B-Instruct,Meeresfrüchte,ger,generic,Krebs,Ein Beispiel für Meeresfrüchte ist ___.,-12.203125,-6.1015625
5011,meta-llama/Llama-3.1-8B-Instruct,Meeresfrüchte,ger,generic,Fisch,Ein Beispiel für Meeresfrüchte ist ___.,-6.078125,-3.0390625
5012,meta-llama/Llama-3.1-8B-Instruct,Meeresfrüchte,ger,generic,Schnecke,Ein Beispiel für Meeresfrüchte ist ___.,-14.5,-4.833333333333333
5013,meta-llama/Llama-3.1-8B-Instruct,Meeresfrüchte,ger,indefinite_prod,Krebs,Nenne ein Beispiel für Meeresfrüchte: ___,-9.23046875,-4.615234375
5014,meta-llama/Llama-3.1-8B-Instruct,Meeresfrüchte,ger,indefinite_prod,Fisch,Nenne ein Beispiel für Meeresfrüchte: ___,-6.203125,-3.1015625
5015,meta-llama/Llama-3.1-8B-Instruct,Meeresfrüchte,ger,indefinite_prod,Schnecke,Nenne ein Beispiel für Meeresfrüchte: ___,-9.1640625,-3.0546875
5016,meta-llama/Llama-3.1-8B-Instruct,Werkzeug,ger,generic,Axt,Ein Beispiel für Werkzeug ist ___.,-16.09375,-8.046875
5017,meta-llama/Llama-3.1-8B-Instruct,Werkzeug,ger,generic,Bürste,Ein Beispiel für Werkzeug ist ___.,-14.60546875,-4.868489583333333
5018,meta-llama/Llama-3.1-8B-Instruct,Werkzeug,ger,generic,Meißel,Ein Beispiel für Werkzeug ist ___.,-15.039794921875,-5.013264973958333
5019,meta-llama/Llama-3.1-8B-Instruct,Werkzeug,ger,generic,Bohrmaschine,Ein Beispiel für Werkzeug ist ___.,-13.0732421875,-3.268310546875
5020,meta-llama/Llama-3.1-8B-Instruct,Werkzeug,ger,generic,Hammer,Ein Beispiel für Werkzeug ist ___.,-11.75,-11.75
5021,meta-llama/Llama-3.1-8B-Instruct,Werkzeug,ger,generic,Messer,Ein Beispiel für Werkzeug ist ___.,-14.109375,-7.0546875
5022,meta-llama/Llama-3.1-8B-Instruct,Werkzeug,ger,generic,Zange,Ein Beispiel für Werkzeug ist ___.,-15.5,-7.75
5023,meta-llama/Llama-3.1-8B-Instruct,Werkzeug,ger,generic,Rechen,Ein Beispiel für Werkzeug ist ___.,-11.71875,-5.859375
5024,meta-llama/Llama-3.1-8B-Instruct,Werkzeug,ger,generic,Säge,Ein Beispiel für Werkzeug ist ___.,-12.8125,-6.40625
5025,meta-llama/Llama-3.1-8B-Instruct,Werkzeug,ger,generic,Schraubenzieher,Ein Beispiel für Werkzeug ist ___.,-14.9930419921875,-2.9986083984375
5026,meta-llama/Llama-3.1-8B-Instruct,Werkzeug,ger,generic,Schaufel,Ein Beispiel für Werkzeug ist ___.,-15.12109375,-5.040364583333333
5027,meta-llama/Llama-3.1-8B-Instruct,Werkzeug,ger,generic,Sichel,Ein Beispiel für Werkzeug ist ___.,-17.125,-8.5625
5028,meta-llama/Llama-3.1-8B-Instruct,Werkzeug,ger,generic,Feile,Ein Beispiel für Werkzeug ist ___.,-17.03125,-8.515625
5029,meta-llama/Llama-3.1-8B-Instruct,Werkzeug,ger,indefinite_prod,Axt,Nenne ein Beispiel für Werkzeug: ___,-13.53125,-6.765625
5030,meta-llama/Llama-3.1-8B-Instruct,Werkzeug,ger,indefinite_prod,Bürste,Nenne ein Beispiel für Werkzeug: ___,-10.71484375,-3.5716145833333335
5031,meta-llama/Llama-3.1-8B-Instruct,Werkzeug,ger,indefinite_prod,Meißel,Nenne ein Beispiel für Werkzeug: ___,-11.9169921875,-3.9723307291666665
5032,meta-llama/Llama-3.1-8B-Instruct,Werkzeug,ger,indefinite_prod,Bohrmaschine,Nenne ein Beispiel für Werkzeug: ___,-12.36767578125,-3.0919189453125
5033,meta-llama/Llama-3.1-8B-Instruct,Werkzeug,ger,indefinite_prod,Hammer,Nenne ein Beispiel für Werkzeug: ___,-7.71875,-7.71875
5034,meta-llama/Llama-3.1-8B-Instruct,Werkzeug,ger,indefinite_prod,Messer,Nenne ein Beispiel für Werkzeug: ___,-11.90625,-5.953125
5035,meta-llama/Llama-3.1-8B-Instruct,Werkzeug,ger,indefinite_prod,Zange,Nenne ein Beispiel für Werkzeug: ___,-10.390625,-5.1953125
5036,meta-llama/Llama-3.1-8B-Instruct,Werkzeug,ger,indefinite_prod,Rechen,Nenne ein Beispiel für Werkzeug: ___,-11.265625,-5.6328125
5037,meta-llama/Llama-3.1-8B-Instruct,Werkzeug,ger,indefinite_prod,Säge,Nenne ein Beispiel für Werkzeug: ___,-7.58203125,-3.791015625
5038,meta-llama/Llama-3.1-8B-Instruct,Werkzeug,ger,indefinite_prod,Schraubenzieher,Nenne ein Beispiel für Werkzeug: ___,-10.417572021484375,-2.083514404296875
5039,meta-llama/Llama-3.1-8B-Instruct,Werkzeug,ger,indefinite_prod,Schaufel,Nenne ein Beispiel für Werkzeug: ___,-11.115234375,-3.705078125
5040,meta-llama/Llama-3.1-8B-Instruct,Werkzeug,ger,indefinite_prod,Sichel,Nenne ein Beispiel für Werkzeug: ___,-11.40625,-5.703125
5041,meta-llama/Llama-3.1-8B-Instruct,Werkzeug,ger,indefinite_prod,Feile,Nenne ein Beispiel für Werkzeug: ___,-10.9296875,-5.46484375
5042,meta-llama/Llama-3.1-8B-Instruct,Spielzeug,ger,generic,Rassel,Ein Beispiel für Spielzeug ist ___.,-16.71875,-8.359375
5043,meta-llama/Llama-3.1-8B-Instruct,Spielzeug,ger,indefinite_prod,Rassel,Nenne ein Beispiel für Spielzeug: ___,-12.625,-6.3125
5044,meta-llama/Llama-3.1-8B-Instruct,Fahrzeug,ger,generic,Hobel,Ein Beispiel für Fahrzeug ist ___.,-16.765625,-8.3828125
5045,meta-llama/Llama-3.1-8B-Instruct,Fahrzeug,ger,generic,Boot,Ein Beispiel für Fahrzeug ist ___.,-12.75,-12.75
5046,meta-llama/Llama-3.1-8B-Instruct,Fahrzeug,ger,generic,Bus,Ein Beispiel für Fahrzeug ist ___.,-9.9375,-9.9375
5047,meta-llama/Llama-3.1-8B-Instruct,Fahrzeug,ger,generic,Kanu,Ein Beispiel für Fahrzeug ist ___.,-15.375,-7.6875
5048,meta-llama/Llama-3.1-8B-Instruct,Fahrzeug,ger,generic,Auto,Ein Beispiel für Fahrzeug ist ___.,-7.0625,-7.0625
5049,meta-llama/Llama-3.1-8B-Instruct,Fahrzeug,ger,generic,Kutsche,Ein Beispiel für Fahrzeug ist ___.,-14.6875,-7.34375
5050,meta-llama/Llama-3.1-8B-Instruct,Fahrzeug,ger,generic,Fähre,Ein Beispiel für Fahrzeug ist ___.,-13.9375,-4.645833333333333
5051,meta-llama/Llama-3.1-8B-Instruct,Fahrzeug,ger,generic,Hubschrauber,Ein Beispiel für Fahrzeug ist ___.,-12.0888671875,-2.4177734375
5052,meta-llama/Llama-3.1-8B-Instruct,Fahrzeug,ger,generic,Motorrad,Ein Beispiel für Fahrzeug ist ___.,-9.8359375,-4.91796875
5053,meta-llama/Llama-3.1-8B-Instruct,Fahrzeug,ger,generic,Floß,Ein Beispiel für Fahrzeug ist ___.,-13.3046875,-6.65234375
5054,meta-llama/Llama-3.1-8B-Instruct,Fahrzeug,ger,generic,Schiff,Ein Beispiel für Fahrzeug ist ___.,-9.6875,-9.6875
5055,meta-llama/Llama-3.1-8B-Instruct,Fahrzeug,ger,generic,Schlitten,Ein Beispiel für Fahrzeug ist ___.,-11.578125,-5.7890625
5056,meta-llama/Llama-3.1-8B-Instruct,Fahrzeug,ger,generic,U-Boot,Ein Beispiel für Fahrzeug ist ___.,-13.53515625,-4.51171875
5057,meta-llama/Llama-3.1-8B-Instruct,Fahrzeug,ger,generic,Zug,Ein Beispiel für Fahrzeug ist ___.,-8.0625,-8.0625
5058,meta-llama/Llama-3.1-8B-Instruct,Fahrzeug,ger,indefinite_prod,Hobel,Nenne ein Beispiel für Fahrzeug: ___,-17.8125,-8.90625
5059,meta-llama/Llama-3.1-8B-Instruct,Fahrzeug,ger,indefinite_prod,Boot,Nenne ein Beispiel für Fahrzeug: ___,-11.5625,-11.5625
5060,meta-llama/Llama-3.1-8B-Instruct,Fahrzeug,ger,indefinite_prod,Bus,Nenne ein Beispiel für Fahrzeug: ___,-7.71875,-7.71875
5061,meta-llama/Llama-3.1-8B-Instruct,Fahrzeug,ger,indefinite_prod,Kanu,Nenne ein Beispiel für Fahrzeug: ___,-13.546875,-6.7734375
5062,meta-llama/Llama-3.1-8B-Instruct,Fahrzeug,ger,indefinite_prod,Auto,Nenne ein Beispiel für Fahrzeug: ___,-6.84375,-6.84375
5063,meta-llama/Llama-3.1-8B-Instruct,Fahrzeug,ger,indefinite_prod,Kutsche,Nenne ein Beispiel für Fahrzeug: ___,-12.375,-6.1875
5064,meta-llama/Llama-3.1-8B-Instruct,Fahrzeug,ger,indefinite_prod,Fähre,Nenne ein Beispiel für Fahrzeug: ___,-12.515625,-4.171875
5065,meta-llama/Llama-3.1-8B-Instruct,Fahrzeug,ger,indefinite_prod,Hubschrauber,Nenne ein Beispiel für Fahrzeug: ___,-10.74462890625,-2.14892578125
5066,meta-llama/Llama-3.1-8B-Instruct,Fahrzeug,ger,indefinite_prod,Motorrad,Nenne ein Beispiel für Fahrzeug: ___,-8.26953125,-4.134765625
5067,meta-llama/Llama-3.1-8B-Instruct,Fahrzeug,ger,indefinite_prod,Floß,Nenne ein Beispiel für Fahrzeug: ___,-12.546875,-6.2734375
5068,meta-llama/Llama-3.1-8B-Instruct,Fahrzeug,ger,indefinite_prod,Schiff,Nenne ein Beispiel für Fahrzeug: ___,-9.0625,-9.0625
5069,meta-llama/Llama-3.1-8B-Instruct,Fahrzeug,ger,indefinite_prod,Schlitten,Nenne ein Beispiel für Fahrzeug: ___,-10.23828125,-5.119140625
5070,meta-llama/Llama-3.1-8B-Instruct,Fahrzeug,ger,indefinite_prod,U-Boot,Nenne ein Beispiel für Fahrzeug: ___,-11.265625,-3.7552083333333335
5071,meta-llama/Llama-3.1-8B-Instruct,Fahrzeug,ger,indefinite_prod,Zug,Nenne ein Beispiel für Fahrzeug: ___,-9.1875,-9.1875
5072,meta-llama/Llama-3.1-8B-Instruct,animal,sp,generic,Hormiga,Un ejemplo de animal es ___.,-15.03125,-7.515625
5073,meta-llama/Llama-3.1-8B-Instruct,animal,sp,generic,Abeja,Un ejemplo de animal es ___.,-14.0234375,-7.01171875
5074,meta-llama/Llama-3.1-8B-Instruct,animal,sp,generic,Mariposa,Un ejemplo de animal es ___.,-15.583984375,-5.194661458333333
5075,meta-llama/Llama-3.1-8B-Instruct,animal,sp,generic,Cuervo,Un ejemplo de animal es ___.,-16.03125,-8.015625
5076,meta-llama/Llama-3.1-8B-Instruct,animal,sp,generic,Pato,Un ejemplo de animal es ___.,-13.8125,-6.90625
5077,meta-llama/Llama-3.1-8B-Instruct,animal,sp,generic,Águila,Un ejemplo de animal es ___.,-11.1923828125,-3.7307942708333335
5078,meta-llama/Llama-3.1-8B-Instruct,animal,sp,generic,Rana,Un ejemplo de animal es ___.,-15.1875,-7.59375
5079,meta-llama/Llama-3.1-8B-Instruct,animal,sp,generic,Colibrí,Un ejemplo de animal es ___.,-16.706298828125,-5.568766276041667
5080,meta-llama/Llama-3.1-8B-Instruct,animal,sp,generic,Iguana,Un ejemplo de animal es ___.,-12.5078125,-4.169270833333333
5081,meta-llama/Llama-3.1-8B-Instruct,animal,sp,generic,Lagartija,Un ejemplo de animal es ___.,-14.22265625,-4.740885416666667
5082,meta-llama/Llama-3.1-8B-Instruct,animal,sp,generic,Búho,Un ejemplo de animal es ___.,-19.6875,-6.5625
5083,meta-llama/Llama-3.1-8B-Instruct,animal,sp,generic,Loro,Un ejemplo de animal es ___.,-16.78125,-8.390625
5084,meta-llama/Llama-3.1-8B-Instruct,animal,sp,generic,Gaviota,Un ejemplo de animal es ___.,-16.9140625,-5.638020833333333
5085,meta-llama/Llama-3.1-8B-Instruct,animal,sp,generic,Culebra,Un ejemplo de animal es ___.,-15.0859375,-5.028645833333333
5086,meta-llama/Llama-3.1-8B-Instruct,animal,sp,generic,Araña,Un ejemplo de animal es ___.,-13.46875,-6.734375
5087,meta-llama/Llama-3.1-8B-Instruct,animal,sp,generic,Buitre,Un ejemplo de animal es ___.,-18.359375,-6.119791666666667
5088,meta-llama/Llama-3.1-8B-Instruct,animal,sp,generic,Avispa,Un ejemplo de animal es ___.,-15.8046875,-5.268229166666667
5089,meta-llama/Llama-3.1-8B-Instruct,animal,sp,generic,Gusano,Un ejemplo de animal es ___.,-12.533935546875,-6.2669677734375
5090,meta-llama/Llama-3.1-8B-Instruct,animal,sp,generic,Pájaro,Un ejemplo de animal es ___.,-15.315582275390625,-5.105194091796875
5091,meta-llama/Llama-3.1-8B-Instruct,animal,sp,generic,Cucaracha,Un ejemplo de animal es ___.,-15.646484375,-3.91162109375
5092,meta-llama/Llama-3.1-8B-Instruct,animal,sp,generic,Saltamontes,Un ejemplo de animal es ___.,-14.78076171875,-3.6951904296875
5093,meta-llama/Llama-3.1-8B-Instruct,animal,sp,generic,Mosquito,Un ejemplo de animal es ___.,-14.328125,-7.1640625
5094,meta-llama/Llama-3.1-8B-Instruct,animal,sp,generic,Avestruz,Un ejemplo de animal es ___.,-16.962890625,-5.654296875
5095,meta-llama/Llama-3.1-8B-Instruct,animal,sp,generic,Gallo,Un ejemplo de animal es ___.,-13.140625,-6.5703125
5096,meta-llama/Llama-3.1-8B-Instruct,animal,sp,generic,Sapo,Un ejemplo de animal es ___.,-14.5,-7.25
5097,meta-llama/Llama-3.1-8B-Instruct,animal,sp,generic,Tortuga,Un ejemplo de animal es ___.,-12.513671875,-6.2568359375
5098,meta-llama/Llama-3.1-8B-Instruct,animal,sp,generic,Mosca,Un ejemplo de animal es ___.,-13.6484375,-6.82421875
5099,meta-llama/Llama-3.1-8B-Instruct,animal,sp,indefinite_prod,Hormiga,Nombra un ejemplo de animal: ___,-12.6328125,-6.31640625
5100,meta-llama/Llama-3.1-8B-Instruct,animal,sp,indefinite_prod,Abeja,Nombra un ejemplo de animal: ___,-12.322265625,-6.1611328125
5101,meta-llama/Llama-3.1-8B-Instruct,animal,sp,indefinite_prod,Mariposa,Nombra un ejemplo de animal: ___,-9.384033203125,-3.1280110677083335
5102,meta-llama/Llama-3.1-8B-Instruct,animal,sp,indefinite_prod,Cuervo,Nombra un ejemplo de animal: ___,-11.25,-5.625
5103,meta-llama/Llama-3.1-8B-Instruct,animal,sp,indefinite_prod,Pato,Nombra un ejemplo de animal: ___,-9.328125,-4.6640625
5104,meta-llama/Llama-3.1-8B-Instruct,animal,sp,indefinite_prod,Águila,Nombra un ejemplo de animal: ___,-8.7471923828125,-2.9157307942708335
5105,meta-llama/Llama-3.1-8B-Instruct,animal,sp,indefinite_prod,Rana,Nombra un ejemplo de animal: ___,-9.234375,-4.6171875
5106,meta-llama/Llama-3.1-8B-Instruct,animal,sp,indefinite_prod,Colibrí,Nombra un ejemplo de animal: ___,-12.76702880859375,-4.25567626953125
5107,meta-llama/Llama-3.1-8B-Instruct,animal,sp,indefinite_prod,Iguana,Nombra un ejemplo de animal: ___,-8.0380859375,-2.6793619791666665
5108,meta-llama/Llama-3.1-8B-Instruct,animal,sp,indefinite_prod,Lagartija,Nombra un ejemplo de animal: ___,-11.560546875,-3.853515625
5109,meta-llama/Llama-3.1-8B-Instruct,animal,sp,indefinite_prod,Búho,Nombra un ejemplo de animal: ___,-11.828125,-3.9427083333333335
5110,meta-llama/Llama-3.1-8B-Instruct,animal,sp,indefinite_prod,Loro,Nombra un ejemplo de animal: ___,-10.265625,-5.1328125
5111,meta-llama/Llama-3.1-8B-Instruct,animal,sp,indefinite_prod,Gaviota,Nombra un ejemplo de animal: ___,-12.599609375,-4.199869791666667
5112,meta-llama/Llama-3.1-8B-Instruct,animal,sp,indefinite_prod,Culebra,Nombra un ejemplo de animal: ___,-10.919921875,-3.6399739583333335
5113,meta-llama/Llama-3.1-8B-Instruct,animal,sp,indefinite_prod,Araña,Nombra un ejemplo de animal: ___,-12.068359375,-6.0341796875
5114,meta-llama/Llama-3.1-8B-Instruct,animal,sp,indefinite_prod,Buitre,Nombra un ejemplo de animal: ___,-12.78515625,-4.26171875
5115,meta-llama/Llama-3.1-8B-Instruct,animal,sp,indefinite_prod,Avispa,Nombra un ejemplo de animal: ___,-11.625,-3.875
5116,meta-llama/Llama-3.1-8B-Instruct,animal,sp,indefinite_prod,Gusano,Nombra un ejemplo de animal: ___,-10.2696533203125,-5.13482666015625
5117,meta-llama/Llama-3.1-8B-Instruct,animal,sp,indefinite_prod,Pájaro,Nombra un ejemplo de animal: ___,-9.2999267578125,-3.0999755859375
5118,meta-llama/Llama-3.1-8B-Instruct,animal,sp,indefinite_prod,Cucaracha,Nombra un ejemplo de animal: ___,-13.65185546875,-3.4129638671875
5119,meta-llama/Llama-3.1-8B-Instruct,animal,sp,indefinite_prod,Saltamontes,Nombra un ejemplo de animal: ___,-13.46533203125,-3.3663330078125
5120,meta-llama/Llama-3.1-8B-Instruct,animal,sp,indefinite_prod,Mosquito,Nombra un ejemplo de animal: ___,-10.59765625,-5.298828125
5121,meta-llama/Llama-3.1-8B-Instruct,animal,sp,indefinite_prod,Avestruz,Nombra un ejemplo de animal: ___,-10.73779296875,-3.5792643229166665
5122,meta-llama/Llama-3.1-8B-Instruct,animal,sp,indefinite_prod,Gallo,Nombra un ejemplo de animal: ___,-10.4140625,-5.20703125
5123,meta-llama/Llama-3.1-8B-Instruct,animal,sp,indefinite_prod,Sapo,Nombra un ejemplo de animal: ___,-9.84375,-4.921875
5124,meta-llama/Llama-3.1-8B-Instruct,animal,sp,indefinite_prod,Tortuga,Nombra un ejemplo de animal: ___,-8.2589111328125,-4.12945556640625
5125,meta-llama/Llama-3.1-8B-Instruct,animal,sp,indefinite_prod,Mosca,Nombra un ejemplo de animal: ___,-10.96875,-5.484375
5126,meta-llama/Llama-3.1-8B-Instruct,parte del cuerpo,sp,generic,Tobillo,Un ejemplo de parte del cuerpo es ___.,-15.421875,-7.7109375
5127,meta-llama/Llama-3.1-8B-Instruct,parte del cuerpo,sp,generic,Brazo,Un ejemplo de parte del cuerpo es ___.,-10.79736328125,-5.398681640625
5128,meta-llama/Llama-3.1-8B-Instruct,parte del cuerpo,sp,generic,Barba,Un ejemplo de parte del cuerpo es ___.,-16.1875,-8.09375
5129,meta-llama/Llama-3.1-8B-Instruct,parte del cuerpo,sp,generic,Hueso,Un ejemplo de parte del cuerpo es ___.,-12.40625,-4.135416666666667
5130,meta-llama/Llama-3.1-8B-Instruct,parte del cuerpo,sp,generic,Arcón,Un ejemplo de parte del cuerpo es ___.,-16.34375,-8.171875
5131,meta-llama/Llama-3.1-8B-Instruct,parte del cuerpo,sp,generic,Barbilla,Un ejemplo de parte del cuerpo es ___.,-13.35546875,-6.677734375
5132,meta-llama/Llama-3.1-8B-Instruct,parte del cuerpo,sp,generic,Oído,Un ejemplo de parte del cuerpo es ___.,-15.25,-5.083333333333333
5133,meta-llama/Llama-3.1-8B-Instruct,parte del cuerpo,sp,generic,Codo,Un ejemplo de parte del cuerpo es ___.,-16.9375,-8.46875
5134,meta-llama/Llama-3.1-8B-Instruct,parte del cuerpo,sp,generic,Ojo,Un ejemplo de parte del cuerpo es ___.,-10.8125,-5.40625
5135,meta-llama/Llama-3.1-8B-Instruct,parte del cuerpo,sp,generic,Cara,Un ejemplo de parte del cuerpo es ___.,-13.0,-13.0
5136,meta-llama/Llama-3.1-8B-Instruct,parte del cuerpo,sp,generic,Dedo,Un ejemplo de parte del cuerpo es ___.,-15.25,-7.625
5137,meta-llama/Llama-3.1-8B-Instruct,parte del cuerpo,sp,generic,Pie,Un ejemplo de parte del cuerpo es ___.,-10.3125,-10.3125
5138,meta-llama/Llama-3.1-8B-Instruct,parte del cuerpo,sp,generic,Cabello,Un ejemplo de parte del cuerpo es ___.,-13.82684326171875,-4.60894775390625
5139,meta-llama/Llama-3.1-8B-Instruct,parte del cuerpo,sp,generic,Mano,Un ejemplo de parte del cuerpo es ___.,-13.140625,-6.5703125
5140,meta-llama/Llama-3.1-8B-Instruct,parte del cuerpo,sp,generic,Cadera,Un ejemplo de parte del cuerpo es ___.,-14.6875,-7.34375
5141,meta-llama/Llama-3.1-8B-Instruct,parte del cuerpo,sp,generic,Rodilla,Un ejemplo de parte del cuerpo es ___.,-14.1171875,-7.05859375
5142,meta-llama/Llama-3.1-8B-Instruct,parte del cuerpo,sp,generic,Pierna,Un ejemplo de parte del cuerpo es ___.,-17.3125,-8.65625
5143,meta-llama/Llama-3.1-8B-Instruct,parte del cuerpo,sp,generic,Boca,Un ejemplo de parte del cuerpo es ___.,-11.25,-11.25
5144,meta-llama/Llama-3.1-8B-Instruct,parte del cuerpo,sp,generic,Ombligo,Un ejemplo de parte del cuerpo es ___.,-13.9072265625,-4.6357421875
5145,meta-llama/Llama-3.1-8B-Instruct,parte del cuerpo,sp,generic,Cuello,Un ejemplo de parte del cuerpo es ___.,-13.091796875,-4.363932291666667
5146,meta-llama/Llama-3.1-8B-Instruct,parte del cuerpo,sp,generic,Nariz,Un ejemplo de parte del cuerpo es ___.,-13.165283203125,-6.5826416015625
5147,meta-llama/Llama-3.1-8B-Instruct,parte del cuerpo,sp,generic,Hombro,Un ejemplo de parte del cuerpo es ___.,-14.26171875,-4.75390625
5148,meta-llama/Llama-3.1-8B-Instruct,parte del cuerpo,sp,generic,Esqueleto,Un ejemplo de parte del cuerpo es ___.,-12.356239318847656,-3.089059829711914
5149,meta-llama/Llama-3.1-8B-Instruct,parte del cuerpo,sp,generic,Piel,Un ejemplo de parte del cuerpo es ___.,-12.65625,-6.328125
5150,meta-llama/Llama-3.1-8B-Instruct,parte del cuerpo,sp,generic,Estómago,Un ejemplo de parte del cuerpo es ___.,-15.187803268432617,-5.062601089477539
5151,meta-llama/Llama-3.1-8B-Instruct,parte del cuerpo,sp,generic,Lengua,Un ejemplo de parte del cuerpo es ___.,-14.57763671875,-4.859212239583333
5152,meta-llama/Llama-3.1-8B-Instruct,parte del cuerpo,sp,generic,Diente,Un ejemplo de parte del cuerpo es ___.,-14.09375,-7.046875
5153,meta-llama/Llama-3.1-8B-Instruct,parte del cuerpo,sp,generic,Tronco,Un ejemplo de parte del cuerpo es ___.,-12.4912109375,-4.163736979166667
5154,meta-llama/Llama-3.1-8B-Instruct,parte del cuerpo,sp,generic,muñeca/s,Un ejemplo de parte del cuerpo es ___.,-22.326171875,-5.58154296875
5155,meta-llama/Llama-3.1-8B-Instruct,parte del cuerpo,sp,indefinite_prod,Tobillo,Nombra un ejemplo de parte del cuerpo: ___,-12.111328125,-6.0556640625
5156,meta-llama/Llama-3.1-8B-Instruct,parte del cuerpo,sp,indefinite_prod,Brazo,Nombra un ejemplo de parte del cuerpo: ___,-8.732421875,-4.3662109375
5157,meta-llama/Llama-3.1-8B-Instruct,parte del cuerpo,sp,indefinite_prod,Barba,Nombra un ejemplo de parte del cuerpo: ___,-11.736328125,-5.8681640625
5158,meta-llama/Llama-3.1-8B-Instruct,parte del cuerpo,sp,indefinite_prod,Hueso,Nombra un ejemplo de parte del cuerpo: ___,-10.703125,-3.5677083333333335
5159,meta-llama/Llama-3.1-8B-Instruct,parte del cuerpo,sp,indefinite_prod,Arcón,Nombra un ejemplo de parte del cuerpo: ___,-16.0,-8.0
5160,meta-llama/Llama-3.1-8B-Instruct,parte del cuerpo,sp,indefinite_prod,Barbilla,Nombra un ejemplo de parte del cuerpo: ___,-9.471435546875,-4.7357177734375
5161,meta-llama/Llama-3.1-8B-Instruct,parte del cuerpo,sp,indefinite_prod,Oído,Nombra un ejemplo de parte del cuerpo: ___,-9.626220703125,-3.208740234375
5162,meta-llama/Llama-3.1-8B-Instruct,parte del cuerpo,sp,indefinite_prod,Codo,Nombra un ejemplo de parte del cuerpo: ___,-9.78125,-4.890625
5163,meta-llama/Llama-3.1-8B-Instruct,parte del cuerpo,sp,indefinite_prod,Ojo,Nombra un ejemplo de parte del cuerpo: ___,-6.890625,-3.4453125
5164,meta-llama/Llama-3.1-8B-Instruct,parte del cuerpo,sp,indefinite_prod,Cara,Nombra un ejemplo de parte del cuerpo: ___,-9.75,-9.75
5165,meta-llama/Llama-3.1-8B-Instruct,parte del cuerpo,sp,indefinite_prod,Dedo,Nombra un ejemplo de parte del cuerpo: ___,-11.984375,-5.9921875
5166,meta-llama/Llama-3.1-8B-Instruct,parte del cuerpo,sp,indefinite_prod,Pie,Nombra un ejemplo de parte del cuerpo: ___,-9.375,-9.375
5167,meta-llama/Llama-3.1-8B-Instruct,parte del cuerpo,sp,indefinite_prod,Cabello,Nombra un ejemplo de parte del cuerpo: ___,-9.74200439453125,-3.2473347981770835
5168,meta-llama/Llama-3.1-8B-Instruct,parte del cuerpo,sp,indefinite_prod,Mano,Nombra un ejemplo de parte del cuerpo: ___,-7.99609375,-3.998046875
5169,meta-llama/Llama-3.1-8B-Instruct,parte del cuerpo,sp,indefinite_prod,Cadera,Nombra un ejemplo de parte del cuerpo: ___,-11.21875,-5.609375
5170,meta-llama/Llama-3.1-8B-Instruct,parte del cuerpo,sp,indefinite_prod,Rodilla,Nombra un ejemplo de parte del cuerpo: ___,-11.0478515625,-5.52392578125
5171,meta-llama/Llama-3.1-8B-Instruct,parte del cuerpo,sp,indefinite_prod,Pierna,Nombra un ejemplo de parte del cuerpo: ___,-12.0234375,-6.01171875
5172,meta-llama/Llama-3.1-8B-Instruct,parte del cuerpo,sp,indefinite_prod,Boca,Nombra un ejemplo de parte del cuerpo: ___,-9.375,-9.375
5173,meta-llama/Llama-3.1-8B-Instruct,parte del cuerpo,sp,indefinite_prod,Ombligo,Nombra un ejemplo de parte del cuerpo: ___,-11.4404296875,-3.8134765625
5174,meta-llama/Llama-3.1-8B-Instruct,parte del cuerpo,sp,indefinite_prod,Cuello,Nombra un ejemplo de parte del cuerpo: ___,-8.423812866210938,-2.8079376220703125
5175,meta-llama/Llama-3.1-8B-Instruct,parte del cuerpo,sp,indefinite_prod,Nariz,Nombra un ejemplo de parte del cuerpo: ___,-10.69781494140625,-5.348907470703125
5176,meta-llama/Llama-3.1-8B-Instruct,parte del cuerpo,sp,indefinite_prod,Hombro,Nombra un ejemplo de parte del cuerpo: ___,-8.99609375,-2.9986979166666665
5177,meta-llama/Llama-3.1-8B-Instruct,parte del cuerpo,sp,indefinite_prod,Esqueleto,Nombra un ejemplo de parte del cuerpo: ___,-11.800445556640625,-2.9501113891601562
5178,meta-llama/Llama-3.1-8B-Instruct,parte del cuerpo,sp,indefinite_prod,Piel,Nombra un ejemplo de parte del cuerpo: ___,-7.8125,-3.90625
5179,meta-llama/Llama-3.1-8B-Instruct,parte del cuerpo,sp,indefinite_prod,Estómago,Nombra un ejemplo de parte del cuerpo: ___,-9.539138317108154,-3.1797127723693848
5180,meta-llama/Llama-3.1-8B-Instruct,parte del cuerpo,sp,indefinite_prod,Lengua,Nombra un ejemplo de parte del cuerpo: ___,-9.9404296875,-3.3134765625
5181,meta-llama/Llama-3.1-8B-Instruct,parte del cuerpo,sp,indefinite_prod,Diente,Nombra un ejemplo de parte del cuerpo: ___,-8.8984375,-4.44921875
5182,meta-llama/Llama-3.1-8B-Instruct,parte del cuerpo,sp,indefinite_prod,Tronco,Nombra un ejemplo de parte del cuerpo: ___,-10.87890625,-3.6263020833333335
5183,meta-llama/Llama-3.1-8B-Instruct,parte del cuerpo,sp,indefinite_prod,muñeca/s,Nombra un ejemplo de parte del cuerpo: ___,-19.224609375,-4.80615234375
5184,meta-llama/Llama-3.1-8B-Instruct,ropa,sp,generic,Blusa,Un ejemplo de ropa es ___.,-12.375,-6.1875
5185,meta-llama/Llama-3.1-8B-Instruct,ropa,sp,generic,Capa,Un ejemplo de ropa es ___.,-13.53125,-6.765625
5186,meta-llama/Llama-3.1-8B-Instruct,ropa,sp,generic,Abrigo,Un ejemplo de ropa es ___.,-13.984375,-6.9921875
5187,meta-llama/Llama-3.1-8B-Instruct,ropa,sp,generic,Vestido,Un ejemplo de ropa es ___.,-13.8125,-6.90625
5188,meta-llama/Llama-3.1-8B-Instruct,ropa,sp,generic,Guante,Un ejemplo de ropa es ___.,-10.828125,-5.4140625
5189,meta-llama/Llama-3.1-8B-Instruct,ropa,sp,generic,Chaqueta,Un ejemplo de ropa es ___.,-12.64157485961914,-4.213858286539714
5190,meta-llama/Llama-3.1-8B-Instruct,ropa,sp,generic,Impermeable,Un ejemplo de ropa es ___.,-14.181884765625,-4.727294921875
5191,meta-llama/Llama-3.1-8B-Instruct,ropa,sp,generic,Chal,Un ejemplo de ropa es ___.,-15.21875,-7.609375
5192,meta-llama/Llama-3.1-8B-Instruct,ropa,sp,generic,Camisa,Un ejemplo de ropa es ___.,-12.765625,-6.3828125
5193,meta-llama/Llama-3.1-8B-Instruct,ropa,sp,generic,Falda,Un ejemplo de ropa es ___.,-14.90625,-7.453125
5194,meta-llama/Llama-3.1-8B-Instruct,ropa,sp,generic,Calcetines,Un ejemplo de ropa es ___.,-12.4755859375,-4.158528645833333
5195,meta-llama/Llama-3.1-8B-Instruct,ropa,sp,generic,Sudadera,Un ejemplo de ropa es ___.,-15.90625,-7.953125
5196,meta-llama/Llama-3.1-8B-Instruct,ropa,sp,generic,Cinturón,Un ejemplo de ropa es ___.,-14.705078125,-3.67626953125
5197,meta-llama/Llama-3.1-8B-Instruct,ropa,sp,generic,Bota,Un ejemplo de ropa es ___.,-15.53125,-7.765625
5198,meta-llama/Llama-3.1-8B-Instruct,ropa,sp,generic,Pulsera,Un ejemplo de ropa es ___.,-13.6640625,-4.5546875
5199,meta-llama/Llama-3.1-8B-Instruct,ropa,sp,generic,Gorro,Un ejemplo de ropa es ___.,-13.0078125,-6.50390625
5200,meta-llama/Llama-3.1-8B-Instruct,ropa,sp,generic,Zapato,Un ejemplo de ropa es ___.,-14.390625,-7.1953125
5201,meta-llama/Llama-3.1-8B-Instruct,ropa,sp,generic,Corbata,Un ejemplo de ropa es ___.,-15.6044921875,-5.201497395833333
5202,meta-llama/Llama-3.1-8B-Instruct,ropa,sp,generic,Chaleco,Un ejemplo de ropa es ___.,-14.7001953125,-4.900065104166667
5203,meta-llama/Llama-3.1-8B-Instruct,ropa,sp,indefinite_prod,Blusa,Nombra un ejemplo de ropa: ___,-10.390625,-5.1953125
5204,meta-llama/Llama-3.1-8B-Instruct,ropa,sp,indefinite_prod,Capa,Nombra un ejemplo de ropa: ___,-11.09375,-5.546875
5205,meta-llama/Llama-3.1-8B-Instruct,ropa,sp,indefinite_prod,Abrigo,Nombra un ejemplo de ropa: ___,-8.56640625,-4.283203125
5206,meta-llama/Llama-3.1-8B-Instruct,ropa,sp,indefinite_prod,Vestido,Nombra un ejemplo de ropa: ___,-9.4853515625,-4.74267578125
5207,meta-llama/Llama-3.1-8B-Instruct,ropa,sp,indefinite_prod,Guante,Nombra un ejemplo de ropa: ___,-9.5625,-4.78125
5208,meta-llama/Llama-3.1-8B-Instruct,ropa,sp,indefinite_prod,Chaqueta,Nombra un ejemplo de ropa: ___,-10.1021728515625,-3.3673909505208335
5209,meta-llama/Llama-3.1-8B-Instruct,ropa,sp,indefinite_prod,Impermeable,Nombra un ejemplo de ropa: ___,-10.7041015625,-3.5680338541666665
5210,meta-llama/Llama-3.1-8B-Instruct,ropa,sp,indefinite_prod,Chal,Nombra un ejemplo de ropa: ___,-11.0625,-5.53125
5211,meta-llama/Llama-3.1-8B-Instruct,ropa,sp,indefinite_prod,Camisa,Nombra un ejemplo de ropa: ___,-9.875,-4.9375
5212,meta-llama/Llama-3.1-8B-Instruct,ropa,sp,indefinite_prod,Falda,Nombra un ejemplo de ropa: ___,-9.16552734375,-4.582763671875
5213,meta-llama/Llama-3.1-8B-Instruct,ropa,sp,indefinite_prod,Calcetines,Nombra un ejemplo de ropa: ___,-12.1064453125,-4.035481770833333
5214,meta-llama/Llama-3.1-8B-Instruct,ropa,sp,indefinite_prod,Sudadera,Nombra un ejemplo de ropa: ___,-12.28515625,-6.142578125
5215,meta-llama/Llama-3.1-8B-Instruct,ropa,sp,indefinite_prod,Cinturón,Nombra un ejemplo de ropa: ___,-10.43212890625,-2.6080322265625
5216,meta-llama/Llama-3.1-8B-Instruct,ropa,sp,indefinite_prod,Bota,Nombra un ejemplo de ropa: ___,-11.90625,-5.953125
5217,meta-llama/Llama-3.1-8B-Instruct,ropa,sp,indefinite_prod,Pulsera,Nombra un ejemplo de ropa: ___,-11.95703125,-3.9856770833333335
5218,meta-llama/Llama-3.1-8B-Instruct,ropa,sp,indefinite_prod,Gorro,Nombra un ejemplo de ropa: ___,-10.07421875,-5.037109375
5219,meta-llama/Llama-3.1-8B-Instruct,ropa,sp,indefinite_prod,Zapato,Nombra un ejemplo de ropa: ___,-10.5625,-5.28125
5220,meta-llama/Llama-3.1-8B-Instruct,ropa,sp,indefinite_prod,Corbata,Nombra un ejemplo de ropa: ___,-11.390380859375,-3.7967936197916665
5221,meta-llama/Llama-3.1-8B-Instruct,ropa,sp,indefinite_prod,Chaleco,Nombra un ejemplo de ropa: ___,-8.94580078125,-2.98193359375
5222,meta-llama/Llama-3.1-8B-Instruct,accesorio de vestir,sp,generic,Pañuelo,Un ejemplo de accesorio de vestir es ___.,-11.205078125,-2.80126953125
5223,meta-llama/Llama-3.1-8B-Instruct,accesorio de vestir,sp,indefinite_prod,Pañuelo,Nombra un ejemplo de accesorio de vestir: ___,-10.39013671875,-2.5975341796875
5224,meta-llama/Llama-3.1-8B-Instruct,recipiente,sp,generic,Bolsa,Un ejemplo de recipiente es ___.,-11.4609375,-5.73046875
5225,meta-llama/Llama-3.1-8B-Instruct,recipiente,sp,indefinite_prod,Bolsa,Nombra un ejemplo de recipiente: ___,-9.3291015625,-4.66455078125
5226,meta-llama/Llama-3.1-8B-Instruct,dispositivo electrónico,sp,generic,Radio,Un ejemplo de dispositivo electrónico es ___.,-10.625,-10.625
5227,meta-llama/Llama-3.1-8B-Instruct,dispositivo electrónico,sp,indefinite_prod,Radio,Nombra un ejemplo de dispositivo electrónico: ___,-6.71875,-6.71875
5228,meta-llama/Llama-3.1-8B-Instruct,asegurador,sp,generic,Botón,Un ejemplo de asegurador es ___.,-12.203125,-6.1015625
5229,meta-llama/Llama-3.1-8B-Instruct,asegurador,sp,indefinite_prod,Botón,Nombra un ejemplo de asegurador: ___,-13.3515625,-6.67578125
5230,meta-llama/Llama-3.1-8B-Instruct,comida,sp,generic,Pollo,Un ejemplo de comida es ___.,-10.7265625,-5.36328125
5231,meta-llama/Llama-3.1-8B-Instruct,comida,sp,indefinite_prod,Pollo,Nombra un ejemplo de comida: ___,-8.416015625,-4.2080078125
5232,meta-llama/Llama-3.1-8B-Instruct,muebles,sp,generic,Cama,Un ejemplo de muebles es ___.,-13.0625,-6.53125
5233,meta-llama/Llama-3.1-8B-Instruct,muebles,sp,generic,Banco,Un ejemplo de muebles es ___.,-11.1875,-11.1875
5234,meta-llama/Llama-3.1-8B-Instruct,muebles,sp,generic,Silla,Un ejemplo de muebles es ___.,-10.4375,-5.21875
5235,meta-llama/Llama-3.1-8B-Instruct,muebles,sp,generic,Mecedora,Un ejemplo de muebles es ___.,-17.6875,-5.895833333333333
5236,meta-llama/Llama-3.1-8B-Instruct,muebles,sp,generic,Estante,Un ejemplo de muebles es ___.,-14.5703125,-4.856770833333333
5237,meta-llama/Llama-3.1-8B-Instruct,muebles,sp,generic,Banqueta,Un ejemplo de muebles es ___.,-16.01953125,-5.33984375
5238,meta-llama/Llama-3.1-8B-Instruct,muebles,sp,generic,Escritor,Un ejemplo de muebles es ___.,-13.4609375,-4.486979166666667
5239,meta-llama/Llama-3.1-8B-Instruct,muebles,sp,generic,Hamaca,Un ejemplo de muebles es ___.,-16.65625,-8.328125
5240,meta-llama/Llama-3.1-8B-Instruct,muebles,sp,indefinite_prod,Cama,Nombra un ejemplo de muebles: ___,-7.587890625,-3.7939453125
5241,meta-llama/Llama-3.1-8B-Instruct,muebles,sp,indefinite_prod,Banco,Nombra un ejemplo de muebles: ___,-10.3125,-10.3125
5242,meta-llama/Llama-3.1-8B-Instruct,muebles,sp,indefinite_prod,Silla,Nombra un ejemplo de muebles: ___,-5.9609375,-2.98046875
5243,meta-llama/Llama-3.1-8B-Instruct,muebles,sp,indefinite_prod,Mecedora,Nombra un ejemplo de muebles: ___,-15.5849609375,-5.194986979166667
5244,meta-llama/Llama-3.1-8B-Instruct,muebles,sp,indefinite_prod,Estante,Nombra un ejemplo de muebles: ___,-11.6015625,-3.8671875
5245,meta-llama/Llama-3.1-8B-Instruct,muebles,sp,indefinite_prod,Banqueta,Nombra un ejemplo de muebles: ___,-15.181640625,-5.060546875
5246,meta-llama/Llama-3.1-8B-Instruct,muebles,sp,indefinite_prod,Escritor,Nombra un ejemplo de muebles: ___,-10.01171875,-3.3372395833333335
5247,meta-llama/Llama-3.1-8B-Instruct,muebles,sp,indefinite_prod,Hamaca,Nombra un ejemplo de muebles: ___,-14.015625,-7.0078125
5248,meta-llama/Llama-3.1-8B-Instruct,juego,sp,generic,Ordenador,Un ejemplo de juego es ___.,-12.3125,-6.15625
5249,meta-llama/Llama-3.1-8B-Instruct,juego,sp,indefinite_prod,Ordenador,Nombra un ejemplo de juego: ___,-13.296875,-6.6484375
5250,meta-llama/Llama-3.1-8B-Instruct,electrodoméstico,sp,generic,Televisión,Un ejemplo de electrodoméstico es ___.,-11.4609375,-3.8203125
5251,meta-llama/Llama-3.1-8B-Instruct,electrodoméstico,sp,indefinite_prod,Televisión,Nombra un ejemplo de electrodoméstico: ___,-10.845703125,-3.615234375
5252,meta-llama/Llama-3.1-8B-Instruct,decoración del hogar,sp,generic,Cortina,Un ejemplo de decoración del hogar es ___.,-14.328125,-7.1640625
5253,meta-llama/Llama-3.1-8B-Instruct,decoración del hogar,sp,generic,Lámpara,Un ejemplo de decoración del hogar es ___.,-14.53515625,-3.6337890625
5254,meta-llama/Llama-3.1-8B-Instruct,decoración del hogar,sp,generic,Espejo,Un ejemplo de decoración del hogar es ___.,-12.623046875,-4.207682291666667
5255,meta-llama/Llama-3.1-8B-Instruct,decoración del hogar,sp,generic,Alfombra,Un ejemplo de decoración del hogar es ___.,-12.33642578125,-4.112141927083333
5256,meta-llama/Llama-3.1-8B-Instruct,decoración del hogar,sp,indefinite_prod,Cortina,Nombra un ejemplo de decoración del hogar: ___,-13.8125,-6.90625
5257,meta-llama/Llama-3.1-8B-Instruct,decoración del hogar,sp,indefinite_prod,Lámpara,Nombra un ejemplo de decoración del hogar: ___,-10.734619140625,-2.68365478515625
5258,meta-llama/Llama-3.1-8B-Instruct,decoración del hogar,sp,indefinite_prod,Espejo,Nombra un ejemplo de decoración del hogar: ___,-12.33984375,-4.11328125
5259,meta-llama/Llama-3.1-8B-Instruct,decoración del hogar,sp,indefinite_prod,Alfombra,Nombra un ejemplo de decoración del hogar: ___,-11.50341796875,-3.83447265625
5260,meta-llama/Llama-3.1-8B-Instruct,joyas,sp,generic,Collares,Un ejemplo de joyas es ___.,-13.53125,-6.765625
5261,meta-llama/Llama-3.1-8B-Instruct,joyas,sp,generic,Anillo,Un ejemplo de joyas es ___.,-11.1875,-5.59375
5262,meta-llama/Llama-3.1-8B-Instruct,joyas,sp,indefinite_prod,Collares,Nombra un ejemplo de joyas: ___,-11.9375,-5.96875
5263,meta-llama/Llama-3.1-8B-Instruct,joyas,sp,indefinite_prod,Anillo,Nombra un ejemplo de joyas: ___,-7.171875,-3.5859375
5264,meta-llama/Llama-3.1-8B-Instruct,electrodoméstico de cocina,sp,generic,Horno,Un ejemplo de electrodoméstico de cocina es ___.,-8.63671875,-4.318359375
5265,meta-llama/Llama-3.1-8B-Instruct,electrodoméstico de cocina,sp,indefinite_prod,Horno,Nombra un ejemplo de electrodoméstico de cocina: ___,-7.2470703125,-3.62353515625
5266,meta-llama/Llama-3.1-8B-Instruct,mamífero,sp,generic,Oso,Un ejemplo de mamífero es ___.,-8.03125,-4.015625
5267,meta-llama/Llama-3.1-8B-Instruct,mamífero,sp,generic,Toro,Un ejemplo de mamífero es ___.,-13.375,-13.375
5268,meta-llama/Llama-3.1-8B-Instruct,mamífero,sp,generic,Camello,Un ejemplo de mamífero es ___.,-15.40625,-7.703125
5269,meta-llama/Llama-3.1-8B-Instruct,mamífero,sp,generic,Gato,Un ejemplo de mamífero es ___.,-9.890625,-4.9453125
5270,meta-llama/Llama-3.1-8B-Instruct,mamífero,sp,generic,Guepardo,Un ejemplo de mamífero es ___.,-15.61083984375,-3.9027099609375
5271,meta-llama/Llama-3.1-8B-Instruct,mamífero,sp,generic,Vaca,Un ejemplo de mamífero es ___.,-14.3125,-7.15625
5272,meta-llama/Llama-3.1-8B-Instruct,mamífero,sp,generic,Ciervo,Un ejemplo de mamífero es ___.,-10.8828125,-5.44140625
5273,meta-llama/Llama-3.1-8B-Instruct,mamífero,sp,generic,Perro,Un ejemplo de mamífero es ___.,-10.3515625,-5.17578125
5274,meta-llama/Llama-3.1-8B-Instruct,mamífero,sp,generic,Delfín,Un ejemplo de mamífero es ___.,-18.01171875,-6.00390625
5275,meta-llama/Llama-3.1-8B-Instruct,mamífero,sp,generic,Elefante,Un ejemplo de mamífero es ___.,-8.90234375,-2.9674479166666665
5276,meta-llama/Llama-3.1-8B-Instruct,mamífero,sp,generic,Zorro,Un ejemplo de mamífero es ___.,-12.453125,-6.2265625
5277,meta-llama/Llama-3.1-8B-Instruct,mamífero,sp,generic,Jirafa,Un ejemplo de mamífero es ___.,-15.609375,-5.203125
5278,meta-llama/Llama-3.1-8B-Instruct,mamífero,sp,generic,Cabra,Un ejemplo de mamífero es ___.,-11.5703125,-5.78515625
5279,meta-llama/Llama-3.1-8B-Instruct,mamífero,sp,generic,Hamster,Un ejemplo de mamífero es ___.,-13.38671875,-6.693359375
5280,meta-llama/Llama-3.1-8B-Instruct,mamífero,sp,generic,Hipopótamo,Un ejemplo de mamífero es ___.,-12.549243927001953,-3.1373109817504883
5281,meta-llama/Llama-3.1-8B-Instruct,mamífero,sp,generic,Caballo,Un ejemplo de mamífero es ___.,-11.9375,-5.96875
5282,meta-llama/Llama-3.1-8B-Instruct,mamífero,sp,generic,Canguro,Un ejemplo de mamífero es ___.,-14.2578125,-4.752604166666667
5283,meta-llama/Llama-3.1-8B-Instruct,mamífero,sp,generic,Leopardo,Un ejemplo de mamífero es ___.,-13.85186767578125,-4.617289225260417
5284,meta-llama/Llama-3.1-8B-Instruct,mamífero,sp,generic,León,Un ejemplo de mamífero es ___.,-12.15625,-6.078125
5285,meta-llama/Llama-3.1-8B-Instruct,mamífero,sp,generic,mono/s,Un ejemplo de mamífero es ___.,-21.625,-10.8125
5286,meta-llama/Llama-3.1-8B-Instruct,mamífero,sp,generic,Ratón,Un ejemplo de mamífero es ___.,-13.1708984375,-6.58544921875
5287,meta-llama/Llama-3.1-8B-Instruct,mamífero,sp,generic,Cerdo,Un ejemplo de mamífero es ___.,-14.9140625,-7.45703125
5288,meta-llama/Llama-3.1-8B-Instruct,mamífero,sp,generic,Rata,Un ejemplo de mamífero es ___.,-11.5625,-5.78125
5289,meta-llama/Llama-3.1-8B-Instruct,mamífero,sp,generic,Rinoceronte,Un ejemplo de mamífero es ___.,-15.2628173828125,-3.815704345703125
5290,meta-llama/Llama-3.1-8B-Instruct,mamífero,sp,generic,Foca,Un ejemplo de mamífero es ___.,-16.0,-8.0
5291,meta-llama/Llama-3.1-8B-Instruct,mamífero,sp,generic,Oveja,Un ejemplo de mamífero es ___.,-10.916015625,-3.638671875
5292,meta-llama/Llama-3.1-8B-Instruct,mamífero,sp,generic,Ardilla,Un ejemplo de mamífero es ___.,-14.6953125,-7.34765625
5293,meta-llama/Llama-3.1-8B-Instruct,mamífero,sp,generic,Tigre,Un ejemplo de mamífero es ___.,-10.912109375,-5.4560546875
5294,meta-llama/Llama-3.1-8B-Instruct,mamífero,sp,generic,Ballena,Un ejemplo de mamífero es ___.,-14.3671875,-7.18359375
5295,meta-llama/Llama-3.1-8B-Instruct,mamífero,sp,generic,Lobo,Un ejemplo de mamífero es ___.,-14.28125,-7.140625
5296,meta-llama/Llama-3.1-8B-Instruct,mamífero,sp,generic,Cebra,Un ejemplo de mamífero es ___.,-16.0625,-8.03125
5297,meta-llama/Llama-3.1-8B-Instruct,mamífero,sp,generic,Burro,Un ejemplo de mamífero es ___.,-12.62109375,-6.310546875
5298,meta-llama/Llama-3.1-8B-Instruct,mamífero,sp,generic,Gorila,Un ejemplo de mamífero es ___.,-12.703125,-6.3515625
5299,meta-llama/Llama-3.1-8B-Instruct,mamífero,sp,generic,Hiena,Un ejemplo de mamífero es ___.,-15.21875,-7.609375
5300,meta-llama/Llama-3.1-8B-Instruct,mamífero,sp,generic,Cordero,Un ejemplo de mamífero es ___.,-14.984375,-4.994791666666667
5301,meta-llama/Llama-3.1-8B-Instruct,mamífero,sp,generic,Conejo,Un ejemplo de mamífero es ___.,-11.35546875,-5.677734375
5302,meta-llama/Llama-3.1-8B-Instruct,mamífero,sp,indefinite_prod,Oso,Nombra un ejemplo de mamífero: ___,-8.39453125,-4.197265625
5303,meta-llama/Llama-3.1-8B-Instruct,mamífero,sp,indefinite_prod,Toro,Nombra un ejemplo de mamífero: ___,-9.375,-9.375
5304,meta-llama/Llama-3.1-8B-Instruct,mamífero,sp,indefinite_prod,Camello,Nombra un ejemplo de mamífero: ___,-11.66015625,-5.830078125
5305,meta-llama/Llama-3.1-8B-Instruct,mamífero,sp,indefinite_prod,Gato,Nombra un ejemplo de mamífero: ___,-5.861328125,-2.9306640625
5306,meta-llama/Llama-3.1-8B-Instruct,mamífero,sp,indefinite_prod,Guepardo,Nombra un ejemplo de mamífero: ___,-9.78240966796875,-2.4456024169921875
5307,meta-llama/Llama-3.1-8B-Instruct,mamífero,sp,indefinite_prod,Vaca,Nombra un ejemplo de mamífero: ___,-10.984375,-5.4921875
5308,meta-llama/Llama-3.1-8B-Instruct,mamífero,sp,indefinite_prod,Ciervo,Nombra un ejemplo de mamífero: ___,-11.65234375,-5.826171875
5309,meta-llama/Llama-3.1-8B-Instruct,mamífero,sp,indefinite_prod,Perro,Nombra un ejemplo de mamífero: ___,-9.00390625,-4.501953125
5310,meta-llama/Llama-3.1-8B-Instruct,mamífero,sp,indefinite_prod,Delfín,Nombra un ejemplo de mamífero: ___,-9.080078125,-3.0266927083333335
5311,meta-llama/Llama-3.1-8B-Instruct,mamífero,sp,indefinite_prod,Elefante,Nombra un ejemplo de mamífero: ___,-6.0791015625,-2.0263671875
5312,meta-llama/Llama-3.1-8B-Instruct,mamífero,sp,indefinite_prod,Zorro,Nombra un ejemplo de mamífero: ___,-10.6875,-5.34375
5313,meta-llama/Llama-3.1-8B-Instruct,mamífero,sp,indefinite_prod,Jirafa,Nombra un ejemplo de mamífero: ___,-10.068359375,-3.3561197916666665
5314,meta-llama/Llama-3.1-8B-Instruct,mamífero,sp,indefinite_prod,Cabra,Nombra un ejemplo de mamífero: ___,-8.91796875,-4.458984375
5315,meta-llama/Llama-3.1-8B-Instruct,mamífero,sp,indefinite_prod,Hamster,Nombra un ejemplo de mamífero: ___,-11.41015625,-5.705078125
5316,meta-llama/Llama-3.1-8B-Instruct,mamífero,sp,indefinite_prod,Hipopótamo,Nombra un ejemplo de mamífero: ___,-13.427742004394531,-3.356935501098633
5317,meta-llama/Llama-3.1-8B-Instruct,mamífero,sp,indefinite_prod,Caballo,Nombra un ejemplo de mamífero: ___,-9.421875,-4.7109375
5318,meta-llama/Llama-3.1-8B-Instruct,mamífero,sp,indefinite_prod,Canguro,Nombra un ejemplo de mamífero: ___,-8.6064453125,-2.8688151041666665
5319,meta-llama/Llama-3.1-8B-Instruct,mamífero,sp,indefinite_prod,Leopardo,Nombra un ejemplo de mamífero: ___,-9.487197875976562,-3.1623992919921875
5320,meta-llama/Llama-3.1-8B-Instruct,mamífero,sp,indefinite_prod,León,Nombra un ejemplo de mamífero: ___,-7.17578125,-3.587890625
5321,meta-llama/Llama-3.1-8B-Instruct,mamífero,sp,indefinite_prod,mono/s,Nombra un ejemplo de mamífero: ___,-19.5625,-9.78125
5322,meta-llama/Llama-3.1-8B-Instruct,mamífero,sp,indefinite_prod,Ratón,Nombra un ejemplo de mamífero: ___,-9.85302734375,-4.926513671875
5323,meta-llama/Llama-3.1-8B-Instruct,mamífero,sp,indefinite_prod,Cerdo,Nombra un ejemplo de mamífero: ___,-11.865234375,-5.9326171875
5324,meta-llama/Llama-3.1-8B-Instruct,mamífero,sp,indefinite_prod,Rata,Nombra un ejemplo de mamífero: ___,-10.59375,-5.296875
5325,meta-llama/Llama-3.1-8B-Instruct,mamífero,sp,indefinite_prod,Rinoceronte,Nombra un ejemplo de mamífero: ___,-11.4315185546875,-2.857879638671875
5326,meta-llama/Llama-3.1-8B-Instruct,mamífero,sp,indefinite_prod,Foca,Nombra un ejemplo de mamífero: ___,-8.3359375,-4.16796875
5327,meta-llama/Llama-3.1-8B-Instruct,mamífero,sp,indefinite_prod,Oveja,Nombra un ejemplo de mamífero: ___,-11.13134765625,-3.71044921875
5328,meta-llama/Llama-3.1-8B-Instruct,mamífero,sp,indefinite_prod,Ardilla,Nombra un ejemplo de mamífero: ___,-12.86328125,-6.431640625
5329,meta-llama/Llama-3.1-8B-Instruct,mamífero,sp,indefinite_prod,Tigre,Nombra un ejemplo de mamífero: ___,-6.754638671875,-3.3773193359375
5330,meta-llama/Llama-3.1-8B-Instruct,mamífero,sp,indefinite_prod,Ballena,Nombra un ejemplo de mamífero: ___,-9.60546875,-4.802734375
5331,meta-llama/Llama-3.1-8B-Instruct,mamífero,sp,indefinite_prod,Lobo,Nombra un ejemplo de mamífero: ___,-8.2890625,-4.14453125
5332,meta-llama/Llama-3.1-8B-Instruct,mamífero,sp,indefinite_prod,Cebra,Nombra un ejemplo de mamífero: ___,-10.234375,-5.1171875
5333,meta-llama/Llama-3.1-8B-Instruct,mamífero,sp,indefinite_prod,Burro,Nombra un ejemplo de mamífero: ___,-11.484375,-5.7421875
5334,meta-llama/Llama-3.1-8B-Instruct,mamífero,sp,indefinite_prod,Gorila,Nombra un ejemplo de mamífero: ___,-6.830078125,-3.4150390625
5335,meta-llama/Llama-3.1-8B-Instruct,mamífero,sp,indefinite_prod,Hiena,Nombra un ejemplo de mamífero: ___,-9.8125,-4.90625
5336,meta-llama/Llama-3.1-8B-Instruct,mamífero,sp,indefinite_prod,Cordero,Nombra un ejemplo de mamífero: ___,-10.71630859375,-3.5721028645833335
5337,meta-llama/Llama-3.1-8B-Instruct,mamífero,sp,indefinite_prod,Conejo,Nombra un ejemplo de mamífero: ___,-10.521484375,-5.2607421875
5338,meta-llama/Llama-3.1-8B-Instruct,instrumento musical,sp,generic,Piano,Un ejemplo de instrumento musical es ___.,-11.375,-11.375
5339,meta-llama/Llama-3.1-8B-Instruct,instrumento musical,sp,indefinite_prod,Piano,Nombra un ejemplo de instrumento musical: ___,-7.84375,-7.84375
5340,meta-llama/Llama-3.1-8B-Instruct,material escolar,sp,generic,Libro,Un ejemplo de material escolar es ___.,-11.7109375,-5.85546875
5341,meta-llama/Llama-3.1-8B-Instruct,material escolar,sp,indefinite_prod,Libro,Nombra un ejemplo de material escolar: ___,-7.7578125,-3.87890625
5342,meta-llama/Llama-3.1-8B-Instruct,mariscos,sp,generic,Cangrejo,Un ejemplo de mariscos es ___.,-14.3087158203125,-3.577178955078125
5343,meta-llama/Llama-3.1-8B-Instruct,mariscos,sp,generic,Pez,Un ejemplo de mariscos es ___.,-9.0703125,-4.53515625
5344,meta-llama/Llama-3.1-8B-Instruct,mariscos,sp,generic,Sardina,Un ejemplo de mariscos es ___.,-17.65625,-5.885416666666667
5345,meta-llama/Llama-3.1-8B-Instruct,mariscos,sp,generic,Tiburón,Un ejemplo de mariscos es ___.,-14.697265625,-4.899088541666667
5346,meta-llama/Llama-3.1-8B-Instruct,mariscos,sp,indefinite_prod,Cangrejo,Nombra un ejemplo de mariscos: ___,-7.69329833984375,-1.9233245849609375
5347,meta-llama/Llama-3.1-8B-Instruct,mariscos,sp,indefinite_prod,Pez,Nombra un ejemplo de mariscos: ___,-8.875,-4.4375
5348,meta-llama/Llama-3.1-8B-Instruct,mariscos,sp,indefinite_prod,Sardina,Nombra un ejemplo de mariscos: ___,-11.1875,-3.7291666666666665
5349,meta-llama/Llama-3.1-8B-Instruct,mariscos,sp,indefinite_prod,Tiburón,Nombra un ejemplo de mariscos: ___,-11.97216796875,-3.99072265625
