,model,category,language,frame_type,instance,prompt,total_logprob,avg_logprob
0,google/gemma-3-12b-it,animal,en,generic,ant,One example of a animal is ___.,-17.25,-17.25
1,google/gemma-3-12b-it,animal,en,generic,bee,One example of a animal is ___.,-18.875,-18.875
2,google/gemma-3-12b-it,animal,en,generic,butterfly,One example of a animal is ___.,-19.125,-19.125
3,google/gemma-3-12b-it,animal,en,generic,crow,One example of a animal is ___.,-20.0,-20.0
4,google/gemma-3-12b-it,animal,en,generic,duck,One example of a animal is ___.,-18.0,-18.0
5,google/gemma-3-12b-it,animal,en,generic,eagle,One example of a animal is ___.,-20.5,-20.5
6,google/gemma-3-12b-it,animal,en,generic,frog,One example of a animal is ___.,-17.75,-17.75
7,google/gemma-3-12b-it,animal,en,generic,hummingbird,One example of a animal is ___.,-18.75,-18.75
8,google/gemma-3-12b-it,animal,en,generic,iguana,One example of a animal is ___.,-20.375755310058594,-10.187877655029297
9,google/gemma-3-12b-it,animal,en,generic,lizard,One example of a animal is ___.,-16.375,-16.375
10,google/gemma-3-12b-it,animal,en,generic,owl,One example of a animal is ___.,-18.25,-18.25
11,google/gemma-3-12b-it,animal,en,generic,parrot,One example of a animal is ___.,-17.25,-17.25
12,google/gemma-3-12b-it,animal,en,generic,seagull,One example of a animal is ___.,-20.13262939453125,-10.066314697265625
13,google/gemma-3-12b-it,animal,en,generic,snake,One example of a animal is ___.,-15.6875,-15.6875
14,google/gemma-3-12b-it,animal,en,generic,spider,One example of a animal is ___.,-19.875,-19.875
15,google/gemma-3-12b-it,animal,en,generic,vulture,One example of a animal is ___.,-22.375,-22.375
16,google/gemma-3-12b-it,animal,en,generic,wasp,One example of a animal is ___.,-22.25,-22.25
17,google/gemma-3-12b-it,animal,en,generic,worm,One example of a animal is ___.,-20.125,-20.125
18,google/gemma-3-12b-it,animal,en,generic,beetle,One example of a animal is ___.,-19.75,-19.75
19,google/gemma-3-12b-it,animal,en,generic,bird,One example of a animal is ___.,-14.625,-14.625
20,google/gemma-3-12b-it,animal,en,generic,cockroach,One example of a animal is ___.,-20.376327514648438,-10.188163757324219
21,google/gemma-3-12b-it,animal,en,generic,dragonfly,One example of a animal is ___.,-20.5,-20.5
22,google/gemma-3-12b-it,animal,en,generic,flamingo,One example of a animal is ___.,-19.25,-19.25
23,google/gemma-3-12b-it,animal,en,generic,grasshopper,One example of a animal is ___.,-18.74609375,-9.373046875
24,google/gemma-3-12b-it,animal,en,generic,hawk,One example of a animal is ___.,-19.75,-19.75
25,google/gemma-3-12b-it,animal,en,generic,ladybug,One example of a animal is ___.,-22.02734375,-11.013671875
26,google/gemma-3-12b-it,animal,en,generic,mosquito,One example of a animal is ___.,-20.625,-20.625
27,google/gemma-3-12b-it,animal,en,generic,ostrich,One example of a animal is ___.,-20.375,-20.375
28,google/gemma-3-12b-it,animal,en,generic,peacock,One example of a animal is ___.,-21.125,-21.125
29,google/gemma-3-12b-it,animal,en,generic,pelican,One example of a animal is ___.,-20.275390625,-10.1376953125
30,google/gemma-3-12b-it,animal,en,generic,penguin,One example of a animal is ___.,-16.875,-16.875
31,google/gemma-3-12b-it,animal,en,generic,pheasant,One example of a animal is ___.,-23.375,-23.375
32,google/gemma-3-12b-it,animal,en,generic,rooster,One example of a animal is ___.,-20.625,-20.625
33,google/gemma-3-12b-it,animal,en,generic,seahorse,One example of a animal is ___.,-20.0859375,-10.04296875
34,google/gemma-3-12b-it,animal,en,generic,starfish,One example of a animal is ___.,-19.5,-19.5
35,google/gemma-3-12b-it,animal,en,generic,swan,One example of a animal is ___.,-21.0,-21.0
36,google/gemma-3-12b-it,animal,en,generic,tarantula,One example of a animal is ___.,-17.8046875,-5.934895833333333
37,google/gemma-3-12b-it,animal,en,generic,tick,One example of a animal is ___.,-16.375,-16.375
38,google/gemma-3-12b-it,animal,en,generic,toad,One example of a animal is ___.,-21.75,-21.75
39,google/gemma-3-12b-it,animal,en,generic,turtle,One example of a animal is ___.,-15.8125,-15.8125
40,google/gemma-3-12b-it,animal,en,generic,aardvark,One example of a animal is ___.,-19.065834045410156,-6.355278015136719
41,google/gemma-3-12b-it,animal,en,generic,alligator,One example of a animal is ___.,-17.625,-17.625
42,google/gemma-3-12b-it,animal,en,generic,alpaca,One example of a animal is ___.,-22.37609100341797,-11.188045501708984
43,google/gemma-3-12b-it,animal,en,generic,anteater,One example of a animal is ___.,-19.0299072265625,-9.51495361328125
44,google/gemma-3-12b-it,animal,en,generic,antelope,One example of a animal is ___.,-16.25,-16.25
45,google/gemma-3-12b-it,animal,en,generic,badger,One example of a animal is ___.,-20.5,-20.5
46,google/gemma-3-12b-it,animal,en,generic,barnacle,One example of a animal is ___.,-21.359375,-10.6796875
47,google/gemma-3-12b-it,animal,en,generic,bat,One example of a animal is ___.,-18.5,-18.5
48,google/gemma-3-12b-it,animal,en,generic,bear,One example of a animal is ___.,-16.375,-16.375
49,google/gemma-3-12b-it,animal,en,generic,beaver,One example of a animal is ___.,-18.0,-18.0
50,google/gemma-3-12b-it,animal,en,generic,bison,One example of a animal is ___.,-18.75,-18.75
51,google/gemma-3-12b-it,animal,en,generic,blowfish,One example of a animal is ___.,-24.029296875,-12.0146484375
52,google/gemma-3-12b-it,animal,en,generic,boar,One example of a animal is ___.,-22.5,-22.5
53,google/gemma-3-12b-it,animal,en,generic,bug,One example of a animal is ___.,-22.25,-22.25
54,google/gemma-3-12b-it,animal,en,generic,bull,One example of a animal is ___.,-19.75,-19.75
55,google/gemma-3-12b-it,animal,en,generic,calf,One example of a animal is ___.,-23.75,-23.75
56,google/gemma-3-12b-it,animal,en,generic,camel,One example of a animal is ___.,-17.125,-17.125
57,google/gemma-3-12b-it,animal,en,generic,cardinal,One example of a animal is ___.,-21.875,-21.875
58,google/gemma-3-12b-it,animal,en,generic,cat,One example of a animal is ___.,-14.5625,-14.5625
59,google/gemma-3-12b-it,animal,en,generic,caterpillar,One example of a animal is ___.,-21.0,-21.0
60,google/gemma-3-12b-it,animal,en,generic,catfish,One example of a animal is ___.,-18.0,-18.0
61,google/gemma-3-12b-it,animal,en,generic,cheetah,One example of a animal is ___.,-15.875,-15.875
62,google/gemma-3-12b-it,animal,en,generic,chick,One example of a animal is ___.,-19.125,-19.125
63,google/gemma-3-12b-it,animal,en,generic,chicken,One example of a animal is ___.,-16.5,-16.5
64,google/gemma-3-12b-it,animal,en,generic,chihuahua,One example of a animal is ___.,-19.625,-19.625
65,google/gemma-3-12b-it,animal,en,generic,chinchilla,One example of a animal is ___.,-19.712890625,-6.570963541666667
66,google/gemma-3-12b-it,animal,en,generic,chipmunk,One example of a animal is ___.,-21.2626953125,-10.63134765625
67,google/gemma-3-12b-it,animal,en,generic,clam,One example of a animal is ___.,-21.875,-21.875
68,google/gemma-3-12b-it,animal,en,generic,cobra,One example of a animal is ___.,-20.875,-20.875
69,google/gemma-3-12b-it,animal,en,generic,cockatoo,One example of a animal is ___.,-18.7801513671875,-6.260050455729167
70,google/gemma-3-12b-it,animal,en,generic,coral,One example of a animal is ___.,-17.25,-17.25
71,google/gemma-3-12b-it,animal,en,generic,cougar,One example of a animal is ___.,-18.5263671875,-9.26318359375
72,google/gemma-3-12b-it,animal,en,generic,cow,One example of a animal is ___.,-16.5,-16.5
73,google/gemma-3-12b-it,animal,en,generic,coyote,One example of a animal is ___.,-18.375,-18.375
74,google/gemma-3-12b-it,animal,en,generic,crab,One example of a animal is ___.,-21.375,-21.375
75,google/gemma-3-12b-it,animal,en,generic,crayfish,One example of a animal is ___.,-21.0,-21.0
76,google/gemma-3-12b-it,animal,en,generic,dalmatian,One example of a animal is ___.,-22.011070251464844,-7.337023417154948
77,google/gemma-3-12b-it,animal,en,generic,deer,One example of a animal is ___.,-13.9375,-13.9375
78,google/gemma-3-12b-it,animal,en,generic,dog,One example of a animal is ___.,-13.6875,-13.6875
79,google/gemma-3-12b-it,animal,en,generic,dolphin,One example of a animal is ___.,-16.125,-16.125
80,google/gemma-3-12b-it,animal,en,generic,donkey,One example of a animal is ___.,-20.25,-20.25
81,google/gemma-3-12b-it,animal,en,generic,duckling,One example of a animal is ___.,-24.875,-12.4375
82,google/gemma-3-12b-it,animal,en,generic,earwig,One example of a animal is ___.,-26.78125,-13.390625
83,google/gemma-3-12b-it,animal,en,generic,eel,One example of a animal is ___.,-20.875,-20.875
84,google/gemma-3-12b-it,animal,en,generic,elephant,One example of a animal is ___.,-14.5625,-14.5625
85,google/gemma-3-12b-it,animal,en,generic,ferret,One example of a animal is ___.,-21.125,-21.125
86,google/gemma-3-12b-it,animal,en,generic,fish,One example of a animal is ___.,-12.125,-12.125
87,google/gemma-3-12b-it,animal,en,generic,fly,One example of a animal is ___.,-21.0,-21.0
88,google/gemma-3-12b-it,animal,en,generic,fox,One example of a animal is ___.,-16.75,-16.75
89,google/gemma-3-12b-it,animal,en,generic,gazelle,One example of a animal is ___.,-21.4609375,-10.73046875
90,google/gemma-3-12b-it,animal,en,generic,giraffe,One example of a animal is ___.,-17.375,-17.375
91,google/gemma-3-12b-it,animal,en,generic,goat,One example of a animal is ___.,-19.5,-19.5
92,google/gemma-3-12b-it,animal,en,generic,goldfish,One example of a animal is ___.,-15.9375,-15.9375
93,google/gemma-3-12b-it,animal,en,generic,goose,One example of a animal is ___.,-21.375,-21.375
94,google/gemma-3-12b-it,animal,en,generic,gopher,One example of a animal is ___.,-19.71875,-9.859375
95,google/gemma-3-12b-it,animal,en,generic,gorilla,One example of a animal is ___.,-20.75,-20.75
96,google/gemma-3-12b-it,animal,en,generic,groundhog,One example of a animal is ___.,-18.8154296875,-9.40771484375
97,google/gemma-3-12b-it,animal,en,generic,guinea pig,One example of a animal is ___.,-18.901611328125,-9.4508056640625
98,google/gemma-3-12b-it,animal,en,generic,hamster,One example of a animal is ___.,-19.125,-19.125
99,google/gemma-3-12b-it,animal,en,generic,hedgehog,One example of a animal is ___.,-22.125,-22.125
100,google/gemma-3-12b-it,animal,en,generic,hippopotamus,One example of a animal is ___.,-17.898712158203125,-5.966237386067708
101,google/gemma-3-12b-it,animal,en,generic,horse,One example of a animal is ___.,-17.875,-17.875
102,google/gemma-3-12b-it,animal,en,generic,hyena,One example of a animal is ___.,-18.5111083984375,-9.25555419921875
103,google/gemma-3-12b-it,animal,en,generic,jellyfish,One example of a animal is ___.,-18.875,-18.875
104,google/gemma-3-12b-it,animal,en,generic,kangaroo,One example of a animal is ___.,-17.875,-17.875
105,google/gemma-3-12b-it,animal,en,generic,kitten,One example of a animal is ___.,-20.25,-20.25
106,google/gemma-3-12b-it,animal,en,generic,koala,One example of a animal is ___.,-13.69921875,-6.849609375
107,google/gemma-3-12b-it,animal,en,generic,lamb,One example of a animal is ___.,-20.875,-20.875
108,google/gemma-3-12b-it,animal,en,generic,leech,One example of a animal is ___.,-23.625,-23.625
109,google/gemma-3-12b-it,animal,en,generic,leopard,One example of a animal is ___.,-16.75,-16.75
110,google/gemma-3-12b-it,animal,en,generic,lightning bug,One example of a animal is ___.,-24.4375,-12.21875
111,google/gemma-3-12b-it,animal,en,generic,lion,One example of a animal is ___.,-14.8125,-14.8125
112,google/gemma-3-12b-it,animal,en,generic,llama,One example of a animal is ___.,-21.0,-21.0
113,google/gemma-3-12b-it,animal,en,generic,lobster,One example of a animal is ___.,-22.125,-22.125
114,google/gemma-3-12b-it,animal,en,generic,maggot,One example of a animal is ___.,-26.96875,-13.484375
115,google/gemma-3-12b-it,animal,en,generic,manatee,One example of a animal is ___.,-20.40625,-10.203125
116,google/gemma-3-12b-it,animal,en,generic,meerkat,One example of a animal is ___.,-22.253814697265625,-11.126907348632812
117,google/gemma-3-12b-it,animal,en,generic,mole,One example of a animal is ___.,-19.875,-19.875
118,google/gemma-3-12b-it,animal,en,generic,mongoose,One example of a animal is ___.,-20.625,-20.625
119,google/gemma-3-12b-it,animal,en,generic,monkey,One example of a animal is ___.,-18.125,-18.125
120,google/gemma-3-12b-it,animal,en,generic,moose,One example of a animal is ___.,-17.25,-17.25
121,google/gemma-3-12b-it,animal,en,generic,moth,One example of a animal is ___.,-20.25,-20.25
122,google/gemma-3-12b-it,animal,en,generic,mouse,One example of a animal is ___.,-16.5,-16.5
123,google/gemma-3-12b-it,animal,en,generic,mussel,One example of a animal is ___.,-22.9058837890625,-11.45294189453125
124,google/gemma-3-12b-it,animal,en,generic,octopus,One example of a animal is ___.,-17.25,-17.25
125,google/gemma-3-12b-it,animal,en,generic,orangutan,One example of a animal is ___.,-18.432861328125,-9.2164306640625
126,google/gemma-3-12b-it,animal,en,generic,otter,One example of a animal is ___.,-19.125,-19.125
127,google/gemma-3-12b-it,animal,en,generic,oyster,One example of a animal is ___.,-22.25,-22.25
128,google/gemma-3-12b-it,animal,en,generic,panda,One example of a animal is ___.,-18.625,-18.625
129,google/gemma-3-12b-it,animal,en,generic,panther,One example of a animal is ___.,-19.75,-19.75
130,google/gemma-3-12b-it,animal,en,generic,pig,One example of a animal is ___.,-16.25,-16.25
131,google/gemma-3-12b-it,animal,en,generic,pigeon,One example of a animal is ___.,-19.5,-19.5
132,google/gemma-3-12b-it,animal,en,generic,piglet,One example of a animal is ___.,-23.34375,-11.671875
133,google/gemma-3-12b-it,animal,en,generic,platypus,One example of a animal is ___.,-20.52679443359375,-6.842264811197917
134,google/gemma-3-12b-it,animal,en,generic,polar bear,One example of a animal is ___.,-15.3203125,-7.66015625
135,google/gemma-3-12b-it,animal,en,generic,pony,One example of a animal is ___.,-21.625,-21.625
136,google/gemma-3-12b-it,animal,en,generic,poodle,One example of a animal is ___.,-19.5,-19.5
137,google/gemma-3-12b-it,animal,en,generic,porcupine,One example of a animal is ___.,-20.640625,-10.3203125
138,google/gemma-3-12b-it,animal,en,generic,possum,One example of a animal is ___.,-20.6875,-10.34375
139,google/gemma-3-12b-it,animal,en,generic,praying mantis,One example of a animal is ___.,-21.33087158203125,-7.11029052734375
140,google/gemma-3-12b-it,animal,en,generic,puffin,One example of a animal is ___.,-20.78125,-10.390625
141,google/gemma-3-12b-it,animal,en,generic,pug,One example of a animal is ___.,-21.375,-21.375
142,google/gemma-3-12b-it,animal,en,generic,puppy,One example of a animal is ___.,-18.25,-18.25
143,google/gemma-3-12b-it,animal,en,generic,rabbit,One example of a animal is ___.,-17.375,-17.375
144,google/gemma-3-12b-it,animal,en,generic,raccoon,One example of a animal is ___.,-19.625,-19.625
145,google/gemma-3-12b-it,animal,en,generic,ram,One example of a animal is ___.,-24.5,-24.5
146,google/gemma-3-12b-it,animal,en,generic,rat,One example of a animal is ___.,-19.5,-19.5
147,google/gemma-3-12b-it,animal,en,generic,rattlesnake,One example of a animal is ___.,-20.8919677734375,-10.44598388671875
148,google/gemma-3-12b-it,animal,en,generic,reindeer,One example of a animal is ___.,-19.75,-19.75
149,google/gemma-3-12b-it,animal,en,generic,rhinoceros,One example of a animal is ___.,-18.125,-18.125
150,google/gemma-3-12b-it,animal,en,generic,sardine,One example of a animal is ___.,-22.255218505859375,-11.127609252929688
151,google/gemma-3-12b-it,animal,en,generic,scallop,One example of a animal is ___.,-26.125,-26.125
152,google/gemma-3-12b-it,animal,en,generic,scorpion,One example of a animal is ___.,-22.875,-22.875
153,google/gemma-3-12b-it,animal,en,generic,sea urchin,One example of a animal is ___.,-20.845703125,-6.948567708333333
154,google/gemma-3-12b-it,animal,en,generic,seal,One example of a animal is ___.,-19.0,-19.0
155,google/gemma-3-12b-it,animal,en,generic,shark,One example of a animal is ___.,-15.9375,-15.9375
156,google/gemma-3-12b-it,animal,en,generic,sheep,One example of a animal is ___.,-14.4375,-14.4375
157,google/gemma-3-12b-it,animal,en,generic,shrimp,One example of a animal is ___.,-19.5,-19.5
158,google/gemma-3-12b-it,animal,en,generic,skunk,One example of a animal is ___.,-20.73046875,-10.365234375
159,google/gemma-3-12b-it,animal,en,generic,sloth,One example of a animal is ___.,-19.625,-19.625
160,google/gemma-3-12b-it,animal,en,generic,slug,One example of a animal is ___.,-20.875,-20.875
161,google/gemma-3-12b-it,animal,en,generic,snail,One example of a animal is ___.,-18.5,-18.5
162,google/gemma-3-12b-it,animal,en,generic,squid,One example of a animal is ___.,-18.625,-18.625
163,google/gemma-3-12b-it,animal,en,generic,squirrel,One example of a animal is ___.,-15.8125,-15.8125
164,google/gemma-3-12b-it,animal,en,generic,stingray,One example of a animal is ___.,-23.2890625,-11.64453125
165,google/gemma-3-12b-it,animal,en,generic,swordfish,One example of a animal is ___.,-24.0888671875,-12.04443359375
166,google/gemma-3-12b-it,animal,en,generic,tadpole,One example of a animal is ___.,-18.984375,-9.4921875
167,google/gemma-3-12b-it,animal,en,generic,tiger,One example of a animal is ___.,-15.0625,-15.0625
168,google/gemma-3-12b-it,animal,en,generic,toucan,One example of a animal is ___.,-20.3076171875,-10.15380859375
169,google/gemma-3-12b-it,animal,en,generic,turkey,One example of a animal is ___.,-20.625,-20.625
170,google/gemma-3-12b-it,animal,en,generic,walrus,One example of a animal is ___.,-20.5380859375,-10.26904296875
171,google/gemma-3-12b-it,animal,en,generic,warthog,One example of a animal is ___.,-23.3271484375,-7.775716145833333
172,google/gemma-3-12b-it,animal,en,generic,weasel,One example of a animal is ___.,-25.3125,-12.65625
173,google/gemma-3-12b-it,animal,en,generic,whale,One example of a animal is ___.,-15.5,-15.5
174,google/gemma-3-12b-it,animal,en,generic,wolf,One example of a animal is ___.,-16.875,-16.875
175,google/gemma-3-12b-it,animal,en,generic,yak,One example of a animal is ___.,-21.375,-21.375
176,google/gemma-3-12b-it,animal,en,generic,zebra,One example of a animal is ___.,-15.5625,-15.5625
177,google/gemma-3-12b-it,animal,en,indefinite_prod,ant,Name an example of a animal: ___,-12.8125,-12.8125
178,google/gemma-3-12b-it,animal,en,indefinite_prod,bee,Name an example of a animal: ___,-12.375,-12.375
179,google/gemma-3-12b-it,animal,en,indefinite_prod,butterfly,Name an example of a animal: ___,-13.9375,-13.9375
180,google/gemma-3-12b-it,animal,en,indefinite_prod,crow,Name an example of a animal: ___,-14.6875,-14.6875
181,google/gemma-3-12b-it,animal,en,indefinite_prod,duck,Name an example of a animal: ___,-12.25,-12.25
182,google/gemma-3-12b-it,animal,en,indefinite_prod,eagle,Name an example of a animal: ___,-12.1875,-12.1875
183,google/gemma-3-12b-it,animal,en,indefinite_prod,frog,Name an example of a animal: ___,-11.5,-11.5
184,google/gemma-3-12b-it,animal,en,indefinite_prod,hummingbird,Name an example of a animal: ___,-13.625,-13.625
185,google/gemma-3-12b-it,animal,en,indefinite_prod,iguana,Name an example of a animal: ___,-15.562610149383545,-7.7813050746917725
186,google/gemma-3-12b-it,animal,en,indefinite_prod,lizard,Name an example of a animal: ___,-12.375,-12.375
187,google/gemma-3-12b-it,animal,en,indefinite_prod,owl,Name an example of a animal: ___,-13.5,-13.5
188,google/gemma-3-12b-it,animal,en,indefinite_prod,parrot,Name an example of a animal: ___,-10.3125,-10.3125
189,google/gemma-3-12b-it,animal,en,indefinite_prod,seagull,Name an example of a animal: ___,-16.25201416015625,-8.126007080078125
190,google/gemma-3-12b-it,animal,en,indefinite_prod,snake,Name an example of a animal: ___,-10.0625,-10.0625
191,google/gemma-3-12b-it,animal,en,indefinite_prod,spider,Name an example of a animal: ___,-13.75,-13.75
192,google/gemma-3-12b-it,animal,en,indefinite_prod,vulture,Name an example of a animal: ___,-16.75,-16.75
193,google/gemma-3-12b-it,animal,en,indefinite_prod,wasp,Name an example of a animal: ___,-18.375,-18.375
194,google/gemma-3-12b-it,animal,en,indefinite_prod,worm,Name an example of a animal: ___,-15.5625,-15.5625
195,google/gemma-3-12b-it,animal,en,indefinite_prod,beetle,Name an example of a animal: ___,-14.4375,-14.4375
196,google/gemma-3-12b-it,animal,en,indefinite_prod,bird,Name an example of a animal: ___,-10.4375,-10.4375
197,google/gemma-3-12b-it,animal,en,indefinite_prod,cockroach,Name an example of a animal: ___,-16.125187873840332,-8.062593936920166
198,google/gemma-3-12b-it,animal,en,indefinite_prod,dragonfly,Name an example of a animal: ___,-15.1875,-15.1875
199,google/gemma-3-12b-it,animal,en,indefinite_prod,flamingo,Name an example of a animal: ___,-12.75,-12.75
200,google/gemma-3-12b-it,animal,en,indefinite_prod,grasshopper,Name an example of a animal: ___,-14.72216796875,-7.361083984375
201,google/gemma-3-12b-it,animal,en,indefinite_prod,hawk,Name an example of a animal: ___,-15.375,-15.375
202,google/gemma-3-12b-it,animal,en,indefinite_prod,ladybug,Name an example of a animal: ___,-17.05126953125,-8.525634765625
203,google/gemma-3-12b-it,animal,en,indefinite_prod,mosquito,Name an example of a animal: ___,-17.375,-17.375
204,google/gemma-3-12b-it,animal,en,indefinite_prod,ostrich,Name an example of a animal: ___,-13.9375,-13.9375
205,google/gemma-3-12b-it,animal,en,indefinite_prod,peacock,Name an example of a animal: ___,-14.875,-14.875
206,google/gemma-3-12b-it,animal,en,indefinite_prod,pelican,Name an example of a animal: ___,-14.821044921875,-7.4105224609375
207,google/gemma-3-12b-it,animal,en,indefinite_prod,penguin,Name an example of a animal: ___,-10.0625,-10.0625
208,google/gemma-3-12b-it,animal,en,indefinite_prod,pheasant,Name an example of a animal: ___,-18.625,-18.625
209,google/gemma-3-12b-it,animal,en,indefinite_prod,rooster,Name an example of a animal: ___,-15.3125,-15.3125
210,google/gemma-3-12b-it,animal,en,indefinite_prod,seahorse,Name an example of a animal: ___,-17.02734375,-8.513671875
211,google/gemma-3-12b-it,animal,en,indefinite_prod,starfish,Name an example of a animal: ___,-16.125,-16.125
212,google/gemma-3-12b-it,animal,en,indefinite_prod,swan,Name an example of a animal: ___,-14.4375,-14.4375
213,google/gemma-3-12b-it,animal,en,indefinite_prod,tarantula,Name an example of a animal: ___,-17.42822265625,-5.809407552083333
214,google/gemma-3-12b-it,animal,en,indefinite_prod,tick,Name an example of a animal: ___,-16.125,-16.125
215,google/gemma-3-12b-it,animal,en,indefinite_prod,toad,Name an example of a animal: ___,-15.4375,-15.4375
216,google/gemma-3-12b-it,animal,en,indefinite_prod,turtle,Name an example of a animal: ___,-11.5,-11.5
217,google/gemma-3-12b-it,animal,en,indefinite_prod,aardvark,Name an example of a animal: ___,-15.19589614868164,-5.065298716227214
218,google/gemma-3-12b-it,animal,en,indefinite_prod,alligator,Name an example of a animal: ___,-11.8125,-11.8125
219,google/gemma-3-12b-it,animal,en,indefinite_prod,alpaca,Name an example of a animal: ___,-17.500168800354004,-8.750084400177002
220,google/gemma-3-12b-it,animal,en,indefinite_prod,anteater,Name an example of a animal: ___,-15.315765380859375,-7.6578826904296875
221,google/gemma-3-12b-it,animal,en,indefinite_prod,antelope,Name an example of a animal: ___,-13.1875,-13.1875
222,google/gemma-3-12b-it,animal,en,indefinite_prod,badger,Name an example of a animal: ___,-14.4375,-14.4375
223,google/gemma-3-12b-it,animal,en,indefinite_prod,barnacle,Name an example of a animal: ___,-23.15625,-11.578125
224,google/gemma-3-12b-it,animal,en,indefinite_prod,bat,Name an example of a animal: ___,-14.125,-14.125
225,google/gemma-3-12b-it,animal,en,indefinite_prod,bear,Name an example of a animal: ___,-9.0625,-9.0625
226,google/gemma-3-12b-it,animal,en,indefinite_prod,beaver,Name an example of a animal: ___,-11.8125,-11.8125
227,google/gemma-3-12b-it,animal,en,indefinite_prod,bison,Name an example of a animal: ___,-15.625,-15.625
228,google/gemma-3-12b-it,animal,en,indefinite_prod,blowfish,Name an example of a animal: ___,-20.7666015625,-10.38330078125
229,google/gemma-3-12b-it,animal,en,indefinite_prod,boar,Name an example of a animal: ___,-18.125,-18.125
230,google/gemma-3-12b-it,animal,en,indefinite_prod,bug,Name an example of a animal: ___,-18.625,-18.625
231,google/gemma-3-12b-it,animal,en,indefinite_prod,bull,Name an example of a animal: ___,-16.5,-16.5
232,google/gemma-3-12b-it,animal,en,indefinite_prod,calf,Name an example of a animal: ___,-17.875,-17.875
233,google/gemma-3-12b-it,animal,en,indefinite_prod,camel,Name an example of a animal: ___,-12.6875,-12.6875
234,google/gemma-3-12b-it,animal,en,indefinite_prod,cardinal,Name an example of a animal: ___,-17.5,-17.5
235,google/gemma-3-12b-it,animal,en,indefinite_prod,cat,Name an example of a animal: ___,-8.8125,-8.8125
236,google/gemma-3-12b-it,animal,en,indefinite_prod,caterpillar,Name an example of a animal: ___,-15.4375,-15.4375
237,google/gemma-3-12b-it,animal,en,indefinite_prod,catfish,Name an example of a animal: ___,-15.125,-15.125
238,google/gemma-3-12b-it,animal,en,indefinite_prod,cheetah,Name an example of a animal: ___,-12.1875,-12.1875
239,google/gemma-3-12b-it,animal,en,indefinite_prod,chick,Name an example of a animal: ___,-16.25,-16.25
240,google/gemma-3-12b-it,animal,en,indefinite_prod,chicken,Name an example of a animal: ___,-14.0,-14.0
241,google/gemma-3-12b-it,animal,en,indefinite_prod,chihuahua,Name an example of a animal: ___,-15.5,-15.5
242,google/gemma-3-12b-it,animal,en,indefinite_prod,chinchilla,Name an example of a animal: ___,-17.170196533203125,-5.723398844401042
243,google/gemma-3-12b-it,animal,en,indefinite_prod,chipmunk,Name an example of a animal: ___,-16.130340576171875,-8.065170288085938
244,google/gemma-3-12b-it,animal,en,indefinite_prod,clam,Name an example of a animal: ___,-18.5,-18.5
245,google/gemma-3-12b-it,animal,en,indefinite_prod,cobra,Name an example of a animal: ___,-15.6875,-15.6875
246,google/gemma-3-12b-it,animal,en,indefinite_prod,cockatoo,Name an example of a animal: ___,-15.75628662109375,-5.252095540364583
247,google/gemma-3-12b-it,animal,en,indefinite_prod,coral,Name an example of a animal: ___,-15.6875,-15.6875
248,google/gemma-3-12b-it,animal,en,indefinite_prod,cougar,Name an example of a animal: ___,-16.00049591064453,-8.000247955322266
249,google/gemma-3-12b-it,animal,en,indefinite_prod,cow,Name an example of a animal: ___,-11.25,-11.25
250,google/gemma-3-12b-it,animal,en,indefinite_prod,coyote,Name an example of a animal: ___,-14.125,-14.125
251,google/gemma-3-12b-it,animal,en,indefinite_prod,crab,Name an example of a animal: ___,-15.3125,-15.3125
252,google/gemma-3-12b-it,animal,en,indefinite_prod,crayfish,Name an example of a animal: ___,-18.25,-18.25
253,google/gemma-3-12b-it,animal,en,indefinite_prod,dalmatian,Name an example of a animal: ___,-18.525272369384766,-6.175090789794922
254,google/gemma-3-12b-it,animal,en,indefinite_prod,deer,Name an example of a animal: ___,-10.6875,-10.6875
255,google/gemma-3-12b-it,animal,en,indefinite_prod,dog,Name an example of a animal: ___,-8.75,-8.75
256,google/gemma-3-12b-it,animal,en,indefinite_prod,dolphin,Name an example of a animal: ___,-9.25,-9.25
257,google/gemma-3-12b-it,animal,en,indefinite_prod,donkey,Name an example of a animal: ___,-13.4375,-13.4375
258,google/gemma-3-12b-it,animal,en,indefinite_prod,duckling,Name an example of a animal: ___,-20.3125,-10.15625
259,google/gemma-3-12b-it,animal,en,indefinite_prod,earwig,Name an example of a animal: ___,-22.28125,-11.140625
260,google/gemma-3-12b-it,animal,en,indefinite_prod,eel,Name an example of a animal: ___,-14.75,-14.75
261,google/gemma-3-12b-it,animal,en,indefinite_prod,elephant,Name an example of a animal: ___,-8.9375,-8.9375
262,google/gemma-3-12b-it,animal,en,indefinite_prod,ferret,Name an example of a animal: ___,-15.875,-15.875
263,google/gemma-3-12b-it,animal,en,indefinite_prod,fish,Name an example of a animal: ___,-11.1875,-11.1875
264,google/gemma-3-12b-it,animal,en,indefinite_prod,fly,Name an example of a animal: ___,-15.8125,-15.8125
265,google/gemma-3-12b-it,animal,en,indefinite_prod,fox,Name an example of a animal: ___,-10.1875,-10.1875
266,google/gemma-3-12b-it,animal,en,indefinite_prod,gazelle,Name an example of a animal: ___,-18.152587890625,-9.0762939453125
267,google/gemma-3-12b-it,animal,en,indefinite_prod,giraffe,Name an example of a animal: ___,-11.0625,-11.0625
268,google/gemma-3-12b-it,animal,en,indefinite_prod,goat,Name an example of a animal: ___,-13.25,-13.25
269,google/gemma-3-12b-it,animal,en,indefinite_prod,goldfish,Name an example of a animal: ___,-14.4375,-14.4375
270,google/gemma-3-12b-it,animal,en,indefinite_prod,goose,Name an example of a animal: ___,-14.8125,-14.8125
271,google/gemma-3-12b-it,animal,en,indefinite_prod,gopher,Name an example of a animal: ___,-17.5625,-8.78125
272,google/gemma-3-12b-it,animal,en,indefinite_prod,gorilla,Name an example of a animal: ___,-13.3125,-13.3125
273,google/gemma-3-12b-it,animal,en,indefinite_prod,groundhog,Name an example of a animal: ___,-16.80224609375,-8.401123046875
274,google/gemma-3-12b-it,animal,en,indefinite_prod,guinea pig,Name an example of a animal: ___,-15.692108154296875,-7.8460540771484375
275,google/gemma-3-12b-it,animal,en,indefinite_prod,hamster,Name an example of a animal: ___,-14.0,-14.0
276,google/gemma-3-12b-it,animal,en,indefinite_prod,hedgehog,Name an example of a animal: ___,-15.875,-15.875
277,google/gemma-3-12b-it,animal,en,indefinite_prod,hippopotamus,Name an example of a animal: ___,-14.066627502441406,-4.688875834147136
278,google/gemma-3-12b-it,animal,en,indefinite_prod,horse,Name an example of a animal: ___,-10.875,-10.875
279,google/gemma-3-12b-it,animal,en,indefinite_prod,hyena,Name an example of a animal: ___,-16.001258850097656,-8.000629425048828
280,google/gemma-3-12b-it,animal,en,indefinite_prod,jellyfish,Name an example of a animal: ___,-14.4375,-14.4375
281,google/gemma-3-12b-it,animal,en,indefinite_prod,kangaroo,Name an example of a animal: ___,-10.1875,-10.1875
282,google/gemma-3-12b-it,animal,en,indefinite_prod,kitten,Name an example of a animal: ___,-14.625,-14.625
283,google/gemma-3-12b-it,animal,en,indefinite_prod,koala,Name an example of a animal: ___,-10.993408203125,-5.4967041015625
284,google/gemma-3-12b-it,animal,en,indefinite_prod,lamb,Name an example of a animal: ___,-16.125,-16.125
285,google/gemma-3-12b-it,animal,en,indefinite_prod,leech,Name an example of a animal: ___,-18.5,-18.5
286,google/gemma-3-12b-it,animal,en,indefinite_prod,leopard,Name an example of a animal: ___,-10.625,-10.625
287,google/gemma-3-12b-it,animal,en,indefinite_prod,lightning bug,Name an example of a animal: ___,-22.2734375,-11.13671875
288,google/gemma-3-12b-it,animal,en,indefinite_prod,lion,Name an example of a animal: ___,-8.75,-8.75
289,google/gemma-3-12b-it,animal,en,indefinite_prod,llama,Name an example of a animal: ___,-15.875,-15.875
290,google/gemma-3-12b-it,animal,en,indefinite_prod,lobster,Name an example of a animal: ___,-16.75,-16.75
291,google/gemma-3-12b-it,animal,en,indefinite_prod,maggot,Name an example of a animal: ___,-24.0,-12.0
292,google/gemma-3-12b-it,animal,en,indefinite_prod,manatee,Name an example of a animal: ___,-16.767822265625,-8.3839111328125
293,google/gemma-3-12b-it,animal,en,indefinite_prod,meerkat,Name an example of a animal: ___,-18.376373291015625,-9.188186645507812
294,google/gemma-3-12b-it,animal,en,indefinite_prod,mole,Name an example of a animal: ___,-16.5,-16.5
295,google/gemma-3-12b-it,animal,en,indefinite_prod,mongoose,Name an example of a animal: ___,-18.0,-18.0
296,google/gemma-3-12b-it,animal,en,indefinite_prod,monkey,Name an example of a animal: ___,-10.6875,-10.6875
297,google/gemma-3-12b-it,animal,en,indefinite_prod,moose,Name an example of a animal: ___,-14.375,-14.375
298,google/gemma-3-12b-it,animal,en,indefinite_prod,moth,Name an example of a animal: ___,-17.125,-17.125
299,google/gemma-3-12b-it,animal,en,indefinite_prod,mouse,Name an example of a animal: ___,-13.0,-13.0
300,google/gemma-3-12b-it,animal,en,indefinite_prod,mussel,Name an example of a animal: ___,-20.3931884765625,-10.19659423828125
301,google/gemma-3-12b-it,animal,en,indefinite_prod,octopus,Name an example of a animal: ___,-13.4375,-13.4375
302,google/gemma-3-12b-it,animal,en,indefinite_prod,orangutan,Name an example of a animal: ___,-15.887939453125,-7.9439697265625
303,google/gemma-3-12b-it,animal,en,indefinite_prod,otter,Name an example of a animal: ___,-13.4375,-13.4375
304,google/gemma-3-12b-it,animal,en,indefinite_prod,oyster,Name an example of a animal: ___,-18.0,-18.0
305,google/gemma-3-12b-it,animal,en,indefinite_prod,panda,Name an example of a animal: ___,-12.0,-12.0
306,google/gemma-3-12b-it,animal,en,indefinite_prod,panther,Name an example of a animal: ___,-13.25,-13.25
307,google/gemma-3-12b-it,animal,en,indefinite_prod,pig,Name an example of a animal: ___,-12.25,-12.25
308,google/gemma-3-12b-it,animal,en,indefinite_prod,pigeon,Name an example of a animal: ___,-14.0,-14.0
309,google/gemma-3-12b-it,animal,en,indefinite_prod,piglet,Name an example of a animal: ___,-23.4375,-11.71875
310,google/gemma-3-12b-it,animal,en,indefinite_prod,platypus,Name an example of a animal: ___,-16.880163192749023,-5.626721064249675
311,google/gemma-3-12b-it,animal,en,indefinite_prod,polar bear,Name an example of a animal: ___,-10.89453125,-5.447265625
312,google/gemma-3-12b-it,animal,en,indefinite_prod,pony,Name an example of a animal: ___,-17.25,-17.25
313,google/gemma-3-12b-it,animal,en,indefinite_prod,poodle,Name an example of a animal: ___,-14.875,-14.875
314,google/gemma-3-12b-it,animal,en,indefinite_prod,porcupine,Name an example of a animal: ___,-17.953125,-8.9765625
315,google/gemma-3-12b-it,animal,en,indefinite_prod,possum,Name an example of a animal: ___,-16.04931640625,-8.024658203125
316,google/gemma-3-12b-it,animal,en,indefinite_prod,praying mantis,Name an example of a animal: ___,-20.01885986328125,-6.672953287760417
317,google/gemma-3-12b-it,animal,en,indefinite_prod,puffin,Name an example of a animal: ___,-15.2294921875,-7.61474609375
318,google/gemma-3-12b-it,animal,en,indefinite_prod,pug,Name an example of a animal: ___,-15.9375,-15.9375
319,google/gemma-3-12b-it,animal,en,indefinite_prod,puppy,Name an example of a animal: ___,-13.5625,-13.5625
320,google/gemma-3-12b-it,animal,en,indefinite_prod,rabbit,Name an example of a animal: ___,-11.8125,-11.8125
321,google/gemma-3-12b-it,animal,en,indefinite_prod,raccoon,Name an example of a animal: ___,-12.75,-12.75
322,google/gemma-3-12b-it,animal,en,indefinite_prod,ram,Name an example of a animal: ___,-19.25,-19.25
323,google/gemma-3-12b-it,animal,en,indefinite_prod,rat,Name an example of a animal: ___,-14.625,-14.625
324,google/gemma-3-12b-it,animal,en,indefinite_prod,rattlesnake,Name an example of a animal: ___,-16.00567626953125,-8.002838134765625
325,google/gemma-3-12b-it,animal,en,indefinite_prod,reindeer,Name an example of a animal: ___,-16.0,-16.0
326,google/gemma-3-12b-it,animal,en,indefinite_prod,rhinoceros,Name an example of a animal: ___,-12.4375,-12.4375
327,google/gemma-3-12b-it,animal,en,indefinite_prod,sardine,Name an example of a animal: ___,-19.126846313476562,-9.563423156738281
328,google/gemma-3-12b-it,animal,en,indefinite_prod,scallop,Name an example of a animal: ___,-20.75,-20.75
329,google/gemma-3-12b-it,animal,en,indefinite_prod,scorpion,Name an example of a animal: ___,-17.125,-17.125
330,google/gemma-3-12b-it,animal,en,indefinite_prod,sea urchin,Name an example of a animal: ___,-20.151611328125,-6.717203776041667
331,google/gemma-3-12b-it,animal,en,indefinite_prod,seal,Name an example of a animal: ___,-12.9375,-12.9375
332,google/gemma-3-12b-it,animal,en,indefinite_prod,shark,Name an example of a animal: ___,-10.4375,-10.4375
333,google/gemma-3-12b-it,animal,en,indefinite_prod,sheep,Name an example of a animal: ___,-12.25,-12.25
334,google/gemma-3-12b-it,animal,en,indefinite_prod,shrimp,Name an example of a animal: ___,-15.4375,-15.4375
335,google/gemma-3-12b-it,animal,en,indefinite_prod,skunk,Name an example of a animal: ___,-17.63623046875,-8.818115234375
336,google/gemma-3-12b-it,animal,en,indefinite_prod,sloth,Name an example of a animal: ___,-13.625,-13.625
337,google/gemma-3-12b-it,animal,en,indefinite_prod,slug,Name an example of a animal: ___,-16.25,-16.25
338,google/gemma-3-12b-it,animal,en,indefinite_prod,snail,Name an example of a animal: ___,-13.0,-13.0
339,google/gemma-3-12b-it,animal,en,indefinite_prod,squid,Name an example of a animal: ___,-15.5625,-15.5625
340,google/gemma-3-12b-it,animal,en,indefinite_prod,squirrel,Name an example of a animal: ___,-10.6875,-10.6875
341,google/gemma-3-12b-it,animal,en,indefinite_prod,stingray,Name an example of a animal: ___,-20.18701171875,-10.093505859375
342,google/gemma-3-12b-it,animal,en,indefinite_prod,swordfish,Name an example of a animal: ___,-18.5302734375,-9.26513671875
343,google/gemma-3-12b-it,animal,en,indefinite_prod,tadpole,Name an example of a animal: ___,-16.784912109375,-8.3924560546875
344,google/gemma-3-12b-it,animal,en,indefinite_prod,tiger,Name an example of a animal: ___,-9.125,-9.125
345,google/gemma-3-12b-it,animal,en,indefinite_prod,toucan,Name an example of a animal: ___,-16.0064697265625,-8.00323486328125
346,google/gemma-3-12b-it,animal,en,indefinite_prod,turkey,Name an example of a animal: ___,-14.75,-14.75
347,google/gemma-3-12b-it,animal,en,indefinite_prod,walrus,Name an example of a animal: ___,-16.503204345703125,-8.251602172851562
348,google/gemma-3-12b-it,animal,en,indefinite_prod,warthog,Name an example of a animal: ___,-19.37005615234375,-6.456685384114583
349,google/gemma-3-12b-it,animal,en,indefinite_prod,weasel,Name an example of a animal: ___,-16.09765625,-8.048828125
350,google/gemma-3-12b-it,animal,en,indefinite_prod,whale,Name an example of a animal: ___,-9.8125,-9.8125
351,google/gemma-3-12b-it,animal,en,indefinite_prod,wolf,Name an example of a animal: ___,-10.875,-10.875
352,google/gemma-3-12b-it,animal,en,indefinite_prod,yak,Name an example of a animal: ___,-18.875,-18.875
353,google/gemma-3-12b-it,animal,en,indefinite_prod,zebra,Name an example of a animal: ___,-10.6875,-10.6875
354,google/gemma-3-12b-it,arts and crafts supply,en,generic,bead,One example of a arts and crafts supply is ___.,-14.625,-14.625
355,google/gemma-3-12b-it,arts and crafts supply,en,generic,button,One example of a arts and crafts supply is ___.,-18.25,-18.25
356,google/gemma-3-12b-it,arts and crafts supply,en,generic,canvas,One example of a arts and crafts supply is ___.,-12.375,-12.375
357,google/gemma-3-12b-it,arts and crafts supply,en,generic,cardboard,One example of a arts and crafts supply is ___.,-13.875,-13.875
358,google/gemma-3-12b-it,arts and crafts supply,en,generic,chalk,One example of a arts and crafts supply is ___.,-14.1875,-14.1875
359,google/gemma-3-12b-it,arts and crafts supply,en,generic,charcoal,One example of a arts and crafts supply is ___.,-14.125,-14.125
360,google/gemma-3-12b-it,arts and crafts supply,en,generic,chisel,One example of a arts and crafts supply is ___.,-19.125,-19.125
361,google/gemma-3-12b-it,arts and crafts supply,en,generic,clay,One example of a arts and crafts supply is ___.,-9.0625,-9.0625
362,google/gemma-3-12b-it,arts and crafts supply,en,generic,crayon,One example of a arts and crafts supply is ___.,-11.5,-11.5
363,google/gemma-3-12b-it,arts and crafts supply,en,generic,easel,One example of a arts and crafts supply is ___.,-17.375,-17.375
364,google/gemma-3-12b-it,arts and crafts supply,en,generic,eraser,One example of a arts and crafts supply is ___.,-17.75,-17.75
365,google/gemma-3-12b-it,arts and crafts supply,en,generic,fountain pen,One example of a arts and crafts supply is ___.,-21.36328125,-10.681640625
366,google/gemma-3-12b-it,arts and crafts supply,en,generic,glue,One example of a arts and crafts supply is ___.,-11.0,-11.0
367,google/gemma-3-12b-it,arts and crafts supply,en,generic,ink,One example of a arts and crafts supply is ___.,-16.5,-16.5
368,google/gemma-3-12b-it,arts and crafts supply,en,generic,knitting needle,One example of a arts and crafts supply is ___.,-20.9375,-10.46875
369,google/gemma-3-12b-it,arts and crafts supply,en,generic,loom,One example of a arts and crafts supply is ___.,-17.0,-17.0
370,google/gemma-3-12b-it,arts and crafts supply,en,generic,marble,One example of a arts and crafts supply is ___.,-14.4375,-14.4375
371,google/gemma-3-12b-it,arts and crafts supply,en,generic,marker,One example of a arts and crafts supply is ___.,-18.0,-18.0
372,google/gemma-3-12b-it,arts and crafts supply,en,generic,mold,One example of a arts and crafts supply is ___.,-18.0,-18.0
373,google/gemma-3-12b-it,arts and crafts supply,en,generic,needle,One example of a arts and crafts supply is ___.,-16.125,-16.125
374,google/gemma-3-12b-it,arts and crafts supply,en,generic,paint,One example of a arts and crafts supply is ___.,-9.0,-9.0
375,google/gemma-3-12b-it,arts and crafts supply,en,generic,paintbrush,One example of a arts and crafts supply is ___.,-14.3125,-14.3125
376,google/gemma-3-12b-it,arts and crafts supply,en,generic,palette,One example of a arts and crafts supply is ___.,-19.25,-19.25
377,google/gemma-3-12b-it,arts and crafts supply,en,generic,paper,One example of a arts and crafts supply is ___.,-10.25,-10.25
378,google/gemma-3-12b-it,arts and crafts supply,en,generic,patch,One example of a arts and crafts supply is ___.,-22.5,-22.5
379,google/gemma-3-12b-it,arts and crafts supply,en,generic,pen,One example of a arts and crafts supply is ___.,-16.25,-16.25
380,google/gemma-3-12b-it,arts and crafts supply,en,generic,pencil,One example of a arts and crafts supply is ___.,-13.0,-13.0
381,google/gemma-3-12b-it,arts and crafts supply,en,generic,pencil sharpener,One example of a arts and crafts supply is ___.,-18.032928466796875,-6.010976155598958
382,google/gemma-3-12b-it,arts and crafts supply,en,generic,pin,One example of a arts and crafts supply is ___.,-17.375,-17.375
383,google/gemma-3-12b-it,arts and crafts supply,en,generic,pincushion,One example of a arts and crafts supply is ___.,-19.0703125,-6.356770833333333
384,google/gemma-3-12b-it,arts and crafts supply,en,generic,pom-pom,One example of a arts and crafts supply is ___.,-22.15234375,-7.384114583333333
385,google/gemma-3-12b-it,arts and crafts supply,en,generic,ribbon,One example of a arts and crafts supply is ___.,-14.5625,-14.5625
386,google/gemma-3-12b-it,arts and crafts supply,en,generic,scissors,One example of a arts and crafts supply is ___.,-12.25,-12.25
387,google/gemma-3-12b-it,arts and crafts supply,en,generic,sequin,One example of a arts and crafts supply is ___.,-21.703125,-10.8515625
388,google/gemma-3-12b-it,arts and crafts supply,en,generic,sewing kit,One example of a arts and crafts supply is ___.,-21.375,-10.6875
389,google/gemma-3-12b-it,arts and crafts supply,en,generic,sewing machine,One example of a arts and crafts supply is ___.,-18.625,-9.3125
390,google/gemma-3-12b-it,arts and crafts supply,en,generic,stamp,One example of a arts and crafts supply is ___.,-18.625,-18.625
391,google/gemma-3-12b-it,arts and crafts supply,en,generic,tape,One example of a arts and crafts supply is ___.,-16.875,-16.875
392,google/gemma-3-12b-it,arts and crafts supply,en,generic,thimble,One example of a arts and crafts supply is ___.,-27.46875,-13.734375
393,google/gemma-3-12b-it,arts and crafts supply,en,generic,thread,One example of a arts and crafts supply is ___.,-15.125,-15.125
394,google/gemma-3-12b-it,arts and crafts supply,en,generic,wire,One example of a arts and crafts supply is ___.,-18.375,-18.375
395,google/gemma-3-12b-it,arts and crafts supply,en,generic,wire cutters,One example of a arts and crafts supply is ___.,-23.34375,-11.671875
396,google/gemma-3-12b-it,arts and crafts supply,en,generic,wrapping paper,One example of a arts and crafts supply is ___.,-19.377517700195312,-9.688758850097656
397,google/gemma-3-12b-it,arts and crafts supply,en,generic,yarn,One example of a arts and crafts supply is ___.,-13.8125,-13.8125
398,google/gemma-3-12b-it,arts and crafts supply,en,indefinite_prod,bead,Name an example of a arts and crafts supply: ___,-9.1875,-9.1875
399,google/gemma-3-12b-it,arts and crafts supply,en,indefinite_prod,button,Name an example of a arts and crafts supply: ___,-12.5,-12.5
400,google/gemma-3-12b-it,arts and crafts supply,en,indefinite_prod,canvas,Name an example of a arts and crafts supply: ___,-9.5,-9.5
401,google/gemma-3-12b-it,arts and crafts supply,en,indefinite_prod,cardboard,Name an example of a arts and crafts supply: ___,-11.6875,-11.6875
402,google/gemma-3-12b-it,arts and crafts supply,en,indefinite_prod,chalk,Name an example of a arts and crafts supply: ___,-10.0625,-10.0625
403,google/gemma-3-12b-it,arts and crafts supply,en,indefinite_prod,charcoal,Name an example of a arts and crafts supply: ___,-12.375,-12.375
404,google/gemma-3-12b-it,arts and crafts supply,en,indefinite_prod,chisel,Name an example of a arts and crafts supply: ___,-14.3125,-14.3125
405,google/gemma-3-12b-it,arts and crafts supply,en,indefinite_prod,clay,Name an example of a arts and crafts supply: ___,-5.15625,-5.15625
406,google/gemma-3-12b-it,arts and crafts supply,en,indefinite_prod,crayon,Name an example of a arts and crafts supply: ___,-7.96875,-7.96875
407,google/gemma-3-12b-it,arts and crafts supply,en,indefinite_prod,easel,Name an example of a arts and crafts supply: ___,-12.8125,-12.8125
408,google/gemma-3-12b-it,arts and crafts supply,en,indefinite_prod,eraser,Name an example of a arts and crafts supply: ___,-9.3125,-9.3125
409,google/gemma-3-12b-it,arts and crafts supply,en,indefinite_prod,fountain pen,Name an example of a arts and crafts supply: ___,-17.54638671875,-8.773193359375
410,google/gemma-3-12b-it,arts and crafts supply,en,indefinite_prod,glue,Name an example of a arts and crafts supply: ___,-4.03125,-4.03125
411,google/gemma-3-12b-it,arts and crafts supply,en,indefinite_prod,ink,Name an example of a arts and crafts supply: ___,-10.5,-10.5
412,google/gemma-3-12b-it,arts and crafts supply,en,indefinite_prod,knitting needle,Name an example of a arts and crafts supply: ___,-13.890625,-6.9453125
413,google/gemma-3-12b-it,arts and crafts supply,en,indefinite_prod,loom,Name an example of a arts and crafts supply: ___,-10.5625,-10.5625
414,google/gemma-3-12b-it,arts and crafts supply,en,indefinite_prod,marble,Name an example of a arts and crafts supply: ___,-11.125,-11.125
415,google/gemma-3-12b-it,arts and crafts supply,en,indefinite_prod,marker,Name an example of a arts and crafts supply: ___,-9.125,-9.125
416,google/gemma-3-12b-it,arts and crafts supply,en,indefinite_prod,mold,Name an example of a arts and crafts supply: ___,-12.5,-12.5
417,google/gemma-3-12b-it,arts and crafts supply,en,indefinite_prod,needle,Name an example of a arts and crafts supply: ___,-13.125,-13.125
418,google/gemma-3-12b-it,arts and crafts supply,en,indefinite_prod,paint,Name an example of a arts and crafts supply: ___,-3.53125,-3.53125
419,google/gemma-3-12b-it,arts and crafts supply,en,indefinite_prod,paintbrush,Name an example of a arts and crafts supply: ___,-6.71875,-6.71875
420,google/gemma-3-12b-it,arts and crafts supply,en,indefinite_prod,palette,Name an example of a arts and crafts supply: ___,-12.5625,-12.5625
421,google/gemma-3-12b-it,arts and crafts supply,en,indefinite_prod,paper,Name an example of a arts and crafts supply: ___,-5.03125,-5.03125
422,google/gemma-3-12b-it,arts and crafts supply,en,indefinite_prod,patch,Name an example of a arts and crafts supply: ___,-17.25,-17.25
423,google/gemma-3-12b-it,arts and crafts supply,en,indefinite_prod,pen,Name an example of a arts and crafts supply: ___,-11.25,-11.25
424,google/gemma-3-12b-it,arts and crafts supply,en,indefinite_prod,pencil,Name an example of a arts and crafts supply: ___,-7.96875,-7.96875
425,google/gemma-3-12b-it,arts and crafts supply,en,indefinite_prod,pencil sharpener,Name an example of a arts and crafts supply: ___,-15.50051498413086,-5.16683832804362
426,google/gemma-3-12b-it,arts and crafts supply,en,indefinite_prod,pin,Name an example of a arts and crafts supply: ___,-15.625,-15.625
427,google/gemma-3-12b-it,arts and crafts supply,en,indefinite_prod,pincushion,Name an example of a arts and crafts supply: ___,-15.2716064453125,-5.090535481770833
428,google/gemma-3-12b-it,arts and crafts supply,en,indefinite_prod,pom-pom,Name an example of a arts and crafts supply: ___,-16.53125,-5.510416666666667
429,google/gemma-3-12b-it,arts and crafts supply,en,indefinite_prod,ribbon,Name an example of a arts and crafts supply: ___,-10.1875,-10.1875
430,google/gemma-3-12b-it,arts and crafts supply,en,indefinite_prod,scissors,Name an example of a arts and crafts supply: ___,-8.0625,-8.0625
431,google/gemma-3-12b-it,arts and crafts supply,en,indefinite_prod,sequin,Name an example of a arts and crafts supply: ___,-13.978271484375,-6.9891357421875
432,google/gemma-3-12b-it,arts and crafts supply,en,indefinite_prod,sewing kit,Name an example of a arts and crafts supply: ___,-16.796875,-8.3984375
433,google/gemma-3-12b-it,arts and crafts supply,en,indefinite_prod,sewing machine,Name an example of a arts and crafts supply: ___,-15.0546875,-7.52734375
434,google/gemma-3-12b-it,arts and crafts supply,en,indefinite_prod,stamp,Name an example of a arts and crafts supply: ___,-12.375,-12.375
435,google/gemma-3-12b-it,arts and crafts supply,en,indefinite_prod,tape,Name an example of a arts and crafts supply: ___,-10.125,-10.125
436,google/gemma-3-12b-it,arts and crafts supply,en,indefinite_prod,thimble,Name an example of a arts and crafts supply: ___,-20.1875,-10.09375
437,google/gemma-3-12b-it,arts and crafts supply,en,indefinite_prod,thread,Name an example of a arts and crafts supply: ___,-8.125,-8.125
438,google/gemma-3-12b-it,arts and crafts supply,en,indefinite_prod,wire,Name an example of a arts and crafts supply: ___,-14.9375,-14.9375
439,google/gemma-3-12b-it,arts and crafts supply,en,indefinite_prod,wire cutters,Name an example of a arts and crafts supply: ___,-20.8125,-10.40625
440,google/gemma-3-12b-it,arts and crafts supply,en,indefinite_prod,wrapping paper,Name an example of a arts and crafts supply: ___,-15.441497802734375,-7.7207489013671875
441,google/gemma-3-12b-it,arts and crafts supply,en,indefinite_prod,yarn,Name an example of a arts and crafts supply: ___,-5.03125,-5.03125
442,google/gemma-3-12b-it,bird,en,generic,bird,One example of a bird is ___.,-13.0,-13.0
443,google/gemma-3-12b-it,bird,en,generic,cardinal,One example of a bird is ___.,-18.5,-18.5
444,google/gemma-3-12b-it,bird,en,generic,chick,One example of a bird is ___.,-17.125,-17.125
445,google/gemma-3-12b-it,bird,en,generic,cockatoo,One example of a bird is ___.,-15.99267578125,-5.330891927083333
446,google/gemma-3-12b-it,bird,en,generic,crow,One example of a bird is ___.,-18.125,-18.125
447,google/gemma-3-12b-it,bird,en,generic,duck,One example of a bird is ___.,-17.375,-17.375
448,google/gemma-3-12b-it,bird,en,generic,duckling,One example of a bird is ___.,-26.4375,-13.21875
449,google/gemma-3-12b-it,bird,en,generic,eagle,One example of a bird is ___.,-18.375,-18.375
450,google/gemma-3-12b-it,bird,en,generic,flamingo,One example of a bird is ___.,-19.25,-19.25
451,google/gemma-3-12b-it,bird,en,generic,goose,One example of a bird is ___.,-20.75,-20.75
452,google/gemma-3-12b-it,bird,en,generic,hawk,One example of a bird is ___.,-18.25,-18.25
453,google/gemma-3-12b-it,bird,en,generic,hummingbird,One example of a bird is ___.,-16.75,-16.75
454,google/gemma-3-12b-it,bird,en,generic,ostrich,One example of a bird is ___.,-19.375,-19.375
455,google/gemma-3-12b-it,bird,en,generic,owl,One example of a bird is ___.,-18.125,-18.125
456,google/gemma-3-12b-it,bird,en,generic,parrot,One example of a bird is ___.,-16.25,-16.25
457,google/gemma-3-12b-it,bird,en,generic,peacock,One example of a bird is ___.,-20.5,-20.5
458,google/gemma-3-12b-it,bird,en,generic,pelican,One example of a bird is ___.,-19.10546875,-9.552734375
459,google/gemma-3-12b-it,bird,en,generic,penguin,One example of a bird is ___.,-17.0,-17.0
460,google/gemma-3-12b-it,bird,en,generic,pheasant,One example of a bird is ___.,-21.875,-21.875
461,google/gemma-3-12b-it,bird,en,generic,pigeon,One example of a bird is ___.,-18.5,-18.5
462,google/gemma-3-12b-it,bird,en,generic,puffin,One example of a bird is ___.,-17.9375,-8.96875
463,google/gemma-3-12b-it,bird,en,generic,rooster,One example of a bird is ___.,-20.25,-20.25
464,google/gemma-3-12b-it,bird,en,generic,seagull,One example of a bird is ___.,-19.251724243164062,-9.625862121582031
465,google/gemma-3-12b-it,bird,en,generic,swan,One example of a bird is ___.,-19.75,-19.75
466,google/gemma-3-12b-it,bird,en,generic,toucan,One example of a bird is ___.,-19.54931640625,-9.774658203125
467,google/gemma-3-12b-it,bird,en,generic,turkey,One example of a bird is ___.,-20.25,-20.25
468,google/gemma-3-12b-it,bird,en,generic,vulture,One example of a bird is ___.,-21.625,-21.625
469,google/gemma-3-12b-it,bird,en,indefinite_prod,bird,Name an example of a bird: ___,-7.875,-7.875
470,google/gemma-3-12b-it,bird,en,indefinite_prod,cardinal,Name an example of a bird: ___,-12.8125,-12.8125
471,google/gemma-3-12b-it,bird,en,indefinite_prod,chick,Name an example of a bird: ___,-14.25,-14.25
472,google/gemma-3-12b-it,bird,en,indefinite_prod,cockatoo,Name an example of a bird: ___,-15.001388549804688,-5.0004628499348955
473,google/gemma-3-12b-it,bird,en,indefinite_prod,crow,Name an example of a bird: ___,-10.125,-10.125
474,google/gemma-3-12b-it,bird,en,indefinite_prod,duck,Name an example of a bird: ___,-11.4375,-11.4375
475,google/gemma-3-12b-it,bird,en,indefinite_prod,duckling,Name an example of a bird: ___,-22.625,-11.3125
476,google/gemma-3-12b-it,bird,en,indefinite_prod,eagle,Name an example of a bird: ___,-8.75,-8.75
477,google/gemma-3-12b-it,bird,en,indefinite_prod,flamingo,Name an example of a bird: ___,-13.25,-13.25
478,google/gemma-3-12b-it,bird,en,indefinite_prod,goose,Name an example of a bird: ___,-12.6875,-12.6875
479,google/gemma-3-12b-it,bird,en,indefinite_prod,hawk,Name an example of a bird: ___,-12.0625,-12.0625
480,google/gemma-3-12b-it,bird,en,indefinite_prod,hummingbird,Name an example of a bird: ___,-11.375,-11.375
481,google/gemma-3-12b-it,bird,en,indefinite_prod,ostrich,Name an example of a bird: ___,-12.25,-12.25
482,google/gemma-3-12b-it,bird,en,indefinite_prod,owl,Name an example of a bird: ___,-10.375,-10.375
483,google/gemma-3-12b-it,bird,en,indefinite_prod,parrot,Name an example of a bird: ___,-8.125,-8.125
484,google/gemma-3-12b-it,bird,en,indefinite_prod,peacock,Name an example of a bird: ___,-13.5625,-13.5625
485,google/gemma-3-12b-it,bird,en,indefinite_prod,pelican,Name an example of a bird: ___,-13.384765625,-6.6923828125
486,google/gemma-3-12b-it,bird,en,indefinite_prod,penguin,Name an example of a bird: ___,-9.1875,-9.1875
487,google/gemma-3-12b-it,bird,en,indefinite_prod,pheasant,Name an example of a bird: ___,-16.375,-16.375
488,google/gemma-3-12b-it,bird,en,indefinite_prod,pigeon,Name an example of a bird: ___,-11.0625,-11.0625
489,google/gemma-3-12b-it,bird,en,indefinite_prod,puffin,Name an example of a bird: ___,-13.3228759765625,-6.66143798828125
490,google/gemma-3-12b-it,bird,en,indefinite_prod,rooster,Name an example of a bird: ___,-13.375,-13.375
491,google/gemma-3-12b-it,bird,en,indefinite_prod,seagull,Name an example of a bird: ___,-14.500221252441406,-7.250110626220703
492,google/gemma-3-12b-it,bird,en,indefinite_prod,swan,Name an example of a bird: ___,-11.4375,-11.4375
493,google/gemma-3-12b-it,bird,en,indefinite_prod,toucan,Name an example of a bird: ___,-14.877883911132812,-7.438941955566406
494,google/gemma-3-12b-it,bird,en,indefinite_prod,turkey,Name an example of a bird: ___,-13.875,-13.875
495,google/gemma-3-12b-it,bird,en,indefinite_prod,vulture,Name an example of a bird: ___,-14.75,-14.75
496,google/gemma-3-12b-it,body part,en,generic,ankle,One example of a body part is ___.,-17.125,-17.125
497,google/gemma-3-12b-it,body part,en,generic,arm,One example of a body part is ___.,-15.125,-15.125
498,google/gemma-3-12b-it,body part,en,generic,beard,One example of a body part is ___.,-22.125,-22.125
499,google/gemma-3-12b-it,body part,en,generic,bone,One example of a body part is ___.,-14.375,-14.375
500,google/gemma-3-12b-it,body part,en,generic,chest,One example of a body part is ___.,-18.625,-18.625
501,google/gemma-3-12b-it,body part,en,generic,chin,One example of a body part is ___.,-22.375,-22.375
502,google/gemma-3-12b-it,body part,en,generic,ear,One example of a body part is ___.,-19.75,-19.75
503,google/gemma-3-12b-it,body part,en,generic,elbow,One example of a body part is ___.,-17.0,-17.0
504,google/gemma-3-12b-it,body part,en,generic,eye,One example of a body part is ___.,-15.8125,-15.8125
505,google/gemma-3-12b-it,body part,en,generic,face,One example of a body part is ___.,-18.0,-18.0
506,google/gemma-3-12b-it,body part,en,generic,finger,One example of a body part is ___.,-15.9375,-15.9375
507,google/gemma-3-12b-it,body part,en,generic,foot,One example of a body part is ___.,-16.25,-16.25
508,google/gemma-3-12b-it,body part,en,generic,hair,One example of a body part is ___.,-14.625,-14.625
509,google/gemma-3-12b-it,body part,en,generic,hand,One example of a body part is ___.,-16.875,-16.875
510,google/gemma-3-12b-it,body part,en,generic,hip,One example of a body part is ___.,-21.625,-21.625
511,google/gemma-3-12b-it,body part,en,generic,knee,One example of a body part is ___.,-18.75,-18.75
512,google/gemma-3-12b-it,body part,en,generic,leg,One example of a body part is ___.,-16.375,-16.375
513,google/gemma-3-12b-it,body part,en,generic,mouth,One example of a body part is ___.,-16.375,-16.375
514,google/gemma-3-12b-it,body part,en,generic,navel,One example of a body part is ___.,-23.007232666015625,-11.503616333007812
515,google/gemma-3-12b-it,body part,en,generic,neck,One example of a body part is ___.,-16.75,-16.75
516,google/gemma-3-12b-it,body part,en,generic,nose,One example of a body part is ___.,-12.1875,-12.1875
517,google/gemma-3-12b-it,body part,en,generic,shoulder,One example of a body part is ___.,-17.625,-17.625
518,google/gemma-3-12b-it,body part,en,generic,skeleton,One example of a body part is ___.,-18.5,-18.5
519,google/gemma-3-12b-it,body part,en,generic,skin,One example of a body part is ___.,-14.375,-14.375
520,google/gemma-3-12b-it,body part,en,generic,stomach,One example of a body part is ___.,-17.0,-17.0
521,google/gemma-3-12b-it,body part,en,generic,tongue,One example of a body part is ___.,-16.5,-16.5
522,google/gemma-3-12b-it,body part,en,generic,tooth,One example of a body part is ___.,-17.0,-17.0
523,google/gemma-3-12b-it,body part,en,generic,torso,One example of a body part is ___.,-20.625,-20.625
524,google/gemma-3-12b-it,body part,en,generic,wrist,One example of a body part is ___.,-17.75,-17.75
525,google/gemma-3-12b-it,body part,en,generic,calf,One example of a body part is ___.,-23.25,-23.25
526,google/gemma-3-12b-it,body part,en,generic,mustache,One example of a body part is ___.,-21.875,-21.875
527,google/gemma-3-12b-it,body part,en,generic,skull,One example of a body part is ___.,-19.375,-19.375
528,google/gemma-3-12b-it,body part,en,generic,thumb,One example of a body part is ___.,-17.875,-17.875
529,google/gemma-3-12b-it,body part,en,generic,toe,One example of a body part is ___.,-17.875,-17.875
530,google/gemma-3-12b-it,body part,en,indefinite_prod,ankle,Name an example of a body part: ___,-8.6875,-8.6875
531,google/gemma-3-12b-it,body part,en,indefinite_prod,arm,Name an example of a body part: ___,-6.90625,-6.90625
532,google/gemma-3-12b-it,body part,en,indefinite_prod,beard,Name an example of a body part: ___,-16.625,-16.625
533,google/gemma-3-12b-it,body part,en,indefinite_prod,bone,Name an example of a body part: ___,-12.5,-12.5
534,google/gemma-3-12b-it,body part,en,indefinite_prod,chest,Name an example of a body part: ___,-12.6875,-12.6875
535,google/gemma-3-12b-it,body part,en,indefinite_prod,chin,Name an example of a body part: ___,-14.4375,-14.4375
536,google/gemma-3-12b-it,body part,en,indefinite_prod,ear,Name an example of a body part: ___,-9.25,-9.25
537,google/gemma-3-12b-it,body part,en,indefinite_prod,elbow,Name an example of a body part: ___,-6.46875,-6.46875
538,google/gemma-3-12b-it,body part,en,indefinite_prod,eye,Name an example of a body part: ___,-7.65625,-7.65625
539,google/gemma-3-12b-it,body part,en,indefinite_prod,face,Name an example of a body part: ___,-10.4375,-10.4375
540,google/gemma-3-12b-it,body part,en,indefinite_prod,finger,Name an example of a body part: ___,-8.125,-8.125
541,google/gemma-3-12b-it,body part,en,indefinite_prod,foot,Name an example of a body part: ___,-8.4375,-8.4375
542,google/gemma-3-12b-it,body part,en,indefinite_prod,hair,Name an example of a body part: ___,-10.8125,-10.8125
543,google/gemma-3-12b-it,body part,en,indefinite_prod,hand,Name an example of a body part: ___,-8.0625,-8.0625
544,google/gemma-3-12b-it,body part,en,indefinite_prod,hip,Name an example of a body part: ___,-12.8125,-12.8125
545,google/gemma-3-12b-it,body part,en,indefinite_prod,knee,Name an example of a body part: ___,-8.125,-8.125
546,google/gemma-3-12b-it,body part,en,indefinite_prod,leg,Name an example of a body part: ___,-7.15625,-7.15625
547,google/gemma-3-12b-it,body part,en,indefinite_prod,mouth,Name an example of a body part: ___,-10.9375,-10.9375
548,google/gemma-3-12b-it,body part,en,indefinite_prod,navel,Name an example of a body part: ___,-18.125568389892578,-9.062784194946289
549,google/gemma-3-12b-it,body part,en,indefinite_prod,neck,Name an example of a body part: ___,-10.25,-10.25
550,google/gemma-3-12b-it,body part,en,indefinite_prod,nose,Name an example of a body part: ___,-5.46875,-5.46875
551,google/gemma-3-12b-it,body part,en,indefinite_prod,shoulder,Name an example of a body part: ___,-9.75,-9.75
552,google/gemma-3-12b-it,body part,en,indefinite_prod,skeleton,Name an example of a body part: ___,-13.5,-13.5
553,google/gemma-3-12b-it,body part,en,indefinite_prod,skin,Name an example of a body part: ___,-11.1875,-11.1875
554,google/gemma-3-12b-it,body part,en,indefinite_prod,stomach,Name an example of a body part: ___,-9.875,-9.875
555,google/gemma-3-12b-it,body part,en,indefinite_prod,tongue,Name an example of a body part: ___,-10.8125,-10.8125
556,google/gemma-3-12b-it,body part,en,indefinite_prod,tooth,Name an example of a body part: ___,-10.8125,-10.8125
557,google/gemma-3-12b-it,body part,en,indefinite_prod,torso,Name an example of a body part: ___,-13.8125,-13.8125
558,google/gemma-3-12b-it,body part,en,indefinite_prod,wrist,Name an example of a body part: ___,-9.375,-9.375
559,google/gemma-3-12b-it,body part,en,indefinite_prod,calf,Name an example of a body part: ___,-14.875,-14.875
560,google/gemma-3-12b-it,body part,en,indefinite_prod,mustache,Name an example of a body part: ___,-17.25,-17.25
561,google/gemma-3-12b-it,body part,en,indefinite_prod,skull,Name an example of a body part: ___,-11.8125,-11.8125
562,google/gemma-3-12b-it,body part,en,indefinite_prod,thumb,Name an example of a body part: ___,-10.25,-10.25
563,google/gemma-3-12b-it,body part,en,indefinite_prod,toe,Name an example of a body part: ___,-7.03125,-7.03125
564,google/gemma-3-12b-it,breakfast food,en,generic,bacon,One example of a breakfast food is ___.,-14.75,-14.75
565,google/gemma-3-12b-it,breakfast food,en,generic,bagel,One example of a breakfast food is ___.,-19.25,-19.25
566,google/gemma-3-12b-it,breakfast food,en,generic,bread,One example of a breakfast food is ___.,-13.125,-13.125
567,google/gemma-3-12b-it,breakfast food,en,generic,breakfast,One example of a breakfast food is ___.,-11.3125,-11.3125
568,google/gemma-3-12b-it,breakfast food,en,generic,cereal,One example of a breakfast food is ___.,-11.8125,-11.8125
569,google/gemma-3-12b-it,breakfast food,en,generic,cream cheese,One example of a breakfast food is ___.,-22.78125,-11.390625
570,google/gemma-3-12b-it,breakfast food,en,generic,crepe,One example of a breakfast food is ___.,-24.125,-24.125
571,google/gemma-3-12b-it,breakfast food,en,generic,croissant,One example of a breakfast food is ___.,-19.875,-19.875
572,google/gemma-3-12b-it,breakfast food,en,generic,donut,One example of a breakfast food is ___.,-21.5,-21.5
573,google/gemma-3-12b-it,breakfast food,en,generic,egg,One example of a breakfast food is ___.,-14.9375,-14.9375
574,google/gemma-3-12b-it,breakfast food,en,generic,french fries,One example of a breakfast food is ___.,-21.28125,-10.640625
575,google/gemma-3-12b-it,breakfast food,en,generic,granola,One example of a breakfast food is ___.,-16.625,-16.625
576,google/gemma-3-12b-it,breakfast food,en,generic,grits,One example of a breakfast food is ___.,-18.75,-18.75
577,google/gemma-3-12b-it,breakfast food,en,generic,ham,One example of a breakfast food is ___.,-20.25,-20.25
578,google/gemma-3-12b-it,breakfast food,en,generic,hamburger,One example of a breakfast food is ___.,-21.125,-21.125
579,google/gemma-3-12b-it,breakfast food,en,generic,hash,One example of a breakfast food is ___.,-22.875,-22.875
580,google/gemma-3-12b-it,breakfast food,en,generic,honey,One example of a breakfast food is ___.,-16.5,-16.5
581,google/gemma-3-12b-it,breakfast food,en,generic,jam,One example of a breakfast food is ___.,-20.75,-20.75
582,google/gemma-3-12b-it,breakfast food,en,generic,maple syrup,One example of a breakfast food is ___.,-18.630096435546875,-9.315048217773438
583,google/gemma-3-12b-it,breakfast food,en,generic,marmalade,One example of a breakfast food is ___.,-22.128509521484375,-11.064254760742188
584,google/gemma-3-12b-it,breakfast food,en,generic,muffin,One example of a breakfast food is ___.,-19.625,-19.625
585,google/gemma-3-12b-it,breakfast food,en,generic,oatmeal,One example of a breakfast food is ___.,-12.1875,-12.1875
586,google/gemma-3-12b-it,breakfast food,en,generic,omelet,One example of a breakfast food is ___.,-19.515625,-9.7578125
587,google/gemma-3-12b-it,breakfast food,en,generic,pancake,One example of a breakfast food is ___.,-16.75,-16.75
588,google/gemma-3-12b-it,breakfast food,en,generic,pastry,One example of a breakfast food is ___.,-18.875,-18.875
589,google/gemma-3-12b-it,breakfast food,en,generic,peanut butter,One example of a breakfast food is ___.,-15.32403564453125,-7.662017822265625
590,google/gemma-3-12b-it,breakfast food,en,generic,roll,One example of a breakfast food is ___.,-21.125,-21.125
591,google/gemma-3-12b-it,breakfast food,en,generic,sandwich,One example of a breakfast food is ___.,-20.75,-20.75
592,google/gemma-3-12b-it,breakfast food,en,generic,sausage,One example of a breakfast food is ___.,-18.625,-18.625
593,google/gemma-3-12b-it,breakfast food,en,generic,scone,One example of a breakfast food is ___.,-22.90625,-11.453125
594,google/gemma-3-12b-it,breakfast food,en,generic,scrambled egg,One example of a breakfast food is ___.,-24.375,-12.1875
595,google/gemma-3-12b-it,breakfast food,en,generic,syrup,One example of a breakfast food is ___.,-18.875,-18.875
596,google/gemma-3-12b-it,breakfast food,en,generic,toast,One example of a breakfast food is ___.,-13.9375,-13.9375
597,google/gemma-3-12b-it,breakfast food,en,generic,waffle,One example of a breakfast food is ___.,-19.0,-19.0
598,google/gemma-3-12b-it,breakfast food,en,generic,yogurt,One example of a breakfast food is ___.,-15.875,-15.875
599,google/gemma-3-12b-it,breakfast food,en,indefinite_prod,bacon,Name an example of a breakfast food: ___,-8.0625,-8.0625
600,google/gemma-3-12b-it,breakfast food,en,indefinite_prod,bagel,Name an example of a breakfast food: ___,-12.125,-12.125
601,google/gemma-3-12b-it,breakfast food,en,indefinite_prod,bread,Name an example of a breakfast food: ___,-8.0625,-8.0625
602,google/gemma-3-12b-it,breakfast food,en,indefinite_prod,breakfast,Name an example of a breakfast food: ___,-8.875,-8.875
603,google/gemma-3-12b-it,breakfast food,en,indefinite_prod,cereal,Name an example of a breakfast food: ___,-5.34375,-5.34375
604,google/gemma-3-12b-it,breakfast food,en,indefinite_prod,cream cheese,Name an example of a breakfast food: ___,-17.296875,-8.6484375
605,google/gemma-3-12b-it,breakfast food,en,indefinite_prod,crepe,Name an example of a breakfast food: ___,-19.5,-19.5
606,google/gemma-3-12b-it,breakfast food,en,indefinite_prod,croissant,Name an example of a breakfast food: ___,-13.5,-13.5
607,google/gemma-3-12b-it,breakfast food,en,indefinite_prod,donut,Name an example of a breakfast food: ___,-14.5,-14.5
608,google/gemma-3-12b-it,breakfast food,en,indefinite_prod,egg,Name an example of a breakfast food: ___,-9.0625,-9.0625
609,google/gemma-3-12b-it,breakfast food,en,indefinite_prod,french fries,Name an example of a breakfast food: ___,-22.0,-11.0
610,google/gemma-3-12b-it,breakfast food,en,indefinite_prod,granola,Name an example of a breakfast food: ___,-12.0,-12.0
611,google/gemma-3-12b-it,breakfast food,en,indefinite_prod,grits,Name an example of a breakfast food: ___,-11.5,-11.5
612,google/gemma-3-12b-it,breakfast food,en,indefinite_prod,ham,Name an example of a breakfast food: ___,-13.25,-13.25
613,google/gemma-3-12b-it,breakfast food,en,indefinite_prod,hamburger,Name an example of a breakfast food: ___,-17.0,-17.0
614,google/gemma-3-12b-it,breakfast food,en,indefinite_prod,hash,Name an example of a breakfast food: ___,-14.125,-14.125
615,google/gemma-3-12b-it,breakfast food,en,indefinite_prod,honey,Name an example of a breakfast food: ___,-15.0,-15.0
616,google/gemma-3-12b-it,breakfast food,en,indefinite_prod,jam,Name an example of a breakfast food: ___,-15.25,-15.25
617,google/gemma-3-12b-it,breakfast food,en,indefinite_prod,maple syrup,Name an example of a breakfast food: ___,-13.38330078125,-6.691650390625
618,google/gemma-3-12b-it,breakfast food,en,indefinite_prod,marmalade,Name an example of a breakfast food: ___,-14.812638282775879,-7.4063191413879395
619,google/gemma-3-12b-it,breakfast food,en,indefinite_prod,muffin,Name an example of a breakfast food: ___,-14.0,-14.0
620,google/gemma-3-12b-it,breakfast food,en,indefinite_prod,oatmeal,Name an example of a breakfast food: ___,-7.65625,-7.65625
621,google/gemma-3-12b-it,breakfast food,en,indefinite_prod,omelet,Name an example of a breakfast food: ___,-14.09814453125,-7.049072265625
622,google/gemma-3-12b-it,breakfast food,en,indefinite_prod,pancake,Name an example of a breakfast food: ___,-10.5625,-10.5625
623,google/gemma-3-12b-it,breakfast food,en,indefinite_prod,pastry,Name an example of a breakfast food: ___,-14.0,-14.0
624,google/gemma-3-12b-it,breakfast food,en,indefinite_prod,peanut butter,Name an example of a breakfast food: ___,-13.129608154296875,-6.5648040771484375
625,google/gemma-3-12b-it,breakfast food,en,indefinite_prod,roll,Name an example of a breakfast food: ___,-16.375,-16.375
626,google/gemma-3-12b-it,breakfast food,en,indefinite_prod,sandwich,Name an example of a breakfast food: ___,-15.0,-15.0
627,google/gemma-3-12b-it,breakfast food,en,indefinite_prod,sausage,Name an example of a breakfast food: ___,-9.75,-9.75
628,google/gemma-3-12b-it,breakfast food,en,indefinite_prod,scone,Name an example of a breakfast food: ___,-17.21484375,-8.607421875
629,google/gemma-3-12b-it,breakfast food,en,indefinite_prod,scrambled egg,Name an example of a breakfast food: ___,-16.5,-8.25
630,google/gemma-3-12b-it,breakfast food,en,indefinite_prod,syrup,Name an example of a breakfast food: ___,-13.3125,-13.3125
631,google/gemma-3-12b-it,breakfast food,en,indefinite_prod,toast,Name an example of a breakfast food: ___,-6.84375,-6.84375
632,google/gemma-3-12b-it,breakfast food,en,indefinite_prod,waffle,Name an example of a breakfast food: ___,-10.9375,-10.9375
633,google/gemma-3-12b-it,breakfast food,en,indefinite_prod,yogurt,Name an example of a breakfast food: ___,-9.0625,-9.0625
634,google/gemma-3-12b-it,candy,en,generic,candy,One example of a candy is ___.,-10.375,-10.375
635,google/gemma-3-12b-it,candy,en,generic,candy bar,One example of a candy is ___.,-15.15625,-7.578125
636,google/gemma-3-12b-it,candy,en,generic,candy cane,One example of a candy is ___.,-13.296875,-6.6484375
637,google/gemma-3-12b-it,candy,en,generic,caramel,One example of a candy is ___.,-15.875,-15.875
638,google/gemma-3-12b-it,candy,en,generic,chocolate,One example of a candy is ___.,-11.8125,-11.8125
639,google/gemma-3-12b-it,candy,en,generic,cotton candy,One example of a candy is ___.,-13.00714111328125,-6.503570556640625
640,google/gemma-3-12b-it,candy,en,generic,fudge,One example of a candy is ___.,-17.875,-17.875
641,google/gemma-3-12b-it,candy,en,generic,gum,One example of a candy is ___.,-14.0625,-14.0625
642,google/gemma-3-12b-it,candy,en,generic,gumball,One example of a candy is ___.,-17.56689453125,-8.783447265625
643,google/gemma-3-12b-it,candy,en,generic,gumdrop,One example of a candy is ___.,-19.59375,-9.796875
644,google/gemma-3-12b-it,candy,en,generic,jelly bean,One example of a candy is ___.,-23.3125,-11.65625
645,google/gemma-3-12b-it,candy,en,generic,licorice,One example of a candy is ___.,-18.25016212463379,-9.125081062316895
646,google/gemma-3-12b-it,candy,en,generic,lollipop,One example of a candy is ___.,-16.875,-16.875
647,google/gemma-3-12b-it,candy,en,generic,marshmallow,One example of a candy is ___.,-18.125,-18.125
648,google/gemma-3-12b-it,candy,en,generic,peppermint,One example of a candy is ___.,-17.0,-17.0
649,google/gemma-3-12b-it,candy,en,generic,taffy,One example of a candy is ___.,-20.752914428710938,-10.376457214355469
650,google/gemma-3-12b-it,candy,en,indefinite_prod,candy,Name an example of a candy: ___,-6.4375,-6.4375
651,google/gemma-3-12b-it,candy,en,indefinite_prod,candy bar,Name an example of a candy: ___,-8.1796875,-4.08984375
652,google/gemma-3-12b-it,candy,en,indefinite_prod,candy cane,Name an example of a candy: ___,-15.96875,-7.984375
653,google/gemma-3-12b-it,candy,en,indefinite_prod,caramel,Name an example of a candy: ___,-10.6875,-10.6875
654,google/gemma-3-12b-it,candy,en,indefinite_prod,chocolate,Name an example of a candy: ___,-6.4375,-6.4375
655,google/gemma-3-12b-it,candy,en,indefinite_prod,cotton candy,Name an example of a candy: ___,-10.877517700195312,-5.438758850097656
656,google/gemma-3-12b-it,candy,en,indefinite_prod,fudge,Name an example of a candy: ___,-12.3125,-12.3125
657,google/gemma-3-12b-it,candy,en,indefinite_prod,gum,Name an example of a candy: ___,-8.4375,-8.4375
658,google/gemma-3-12b-it,candy,en,indefinite_prod,gumball,Name an example of a candy: ___,-12.46142578125,-6.230712890625
659,google/gemma-3-12b-it,candy,en,indefinite_prod,gumdrop,Name an example of a candy: ___,-13.9375,-6.96875
660,google/gemma-3-12b-it,candy,en,indefinite_prod,jelly bean,Name an example of a candy: ___,-14.71875,-7.359375
661,google/gemma-3-12b-it,candy,en,indefinite_prod,licorice,Name an example of a candy: ___,-11.625002980232239,-5.812501490116119
662,google/gemma-3-12b-it,candy,en,indefinite_prod,lollipop,Name an example of a candy: ___,-8.1875,-8.1875
663,google/gemma-3-12b-it,candy,en,indefinite_prod,marshmallow,Name an example of a candy: ___,-12.75,-12.75
664,google/gemma-3-12b-it,candy,en,indefinite_prod,peppermint,Name an example of a candy: ___,-12.0,-12.0
665,google/gemma-3-12b-it,candy,en,indefinite_prod,taffy,Name an example of a candy: ___,-12.752975463867188,-6.376487731933594
666,google/gemma-3-12b-it,clothing,en,generic,blouse,One example of a clothing is ___.,-14.4375,-14.4375
667,google/gemma-3-12b-it,clothing,en,generic,cloak,One example of a clothing is ___.,-20.875,-20.875
668,google/gemma-3-12b-it,clothing,en,generic,coat,One example of a clothing is ___.,-16.375,-16.375
669,google/gemma-3-12b-it,clothing,en,generic,dress,One example of a clothing is ___.,-13.25,-13.25
670,google/gemma-3-12b-it,clothing,en,generic,glove,One example of a clothing is ___.,-23.875,-23.875
671,google/gemma-3-12b-it,clothing,en,generic,jacket,One example of a clothing is ___.,-15.1875,-15.1875
672,google/gemma-3-12b-it,clothing,en,generic,raincoat,One example of a clothing is ___.,-20.0,-20.0
673,google/gemma-3-12b-it,clothing,en,generic,shawl,One example of a clothing is ___.,-19.125,-19.125
674,google/gemma-3-12b-it,clothing,en,generic,shirt,One example of a clothing is ___.,-12.4375,-12.4375
675,google/gemma-3-12b-it,clothing,en,generic,skirt,One example of a clothing is ___.,-16.875,-16.875
676,google/gemma-3-12b-it,clothing,en,generic,sock,One example of a clothing is ___.,-20.875,-20.875
677,google/gemma-3-12b-it,clothing,en,generic,sweater,One example of a clothing is ___.,-15.625,-15.625
678,google/gemma-3-12b-it,clothing,en,generic,belt,One example of a clothing is ___.,-20.25,-20.25
679,google/gemma-3-12b-it,clothing,en,generic,boot,One example of a clothing is ___.,-23.125,-23.125
680,google/gemma-3-12b-it,clothing,en,generic,bracelet,One example of a clothing is ___.,-19.625,-19.625
681,google/gemma-3-12b-it,clothing,en,generic,hat,One example of a clothing is ___.,-15.9375,-15.9375
682,google/gemma-3-12b-it,clothing,en,generic,headband,One example of a clothing is ___.,-21.875,-21.875
683,google/gemma-3-12b-it,clothing,en,generic,shoe,One example of a clothing is ___.,-17.75,-17.75
684,google/gemma-3-12b-it,clothing,en,generic,vest,One example of a clothing is ___.,-16.75,-16.75
685,google/gemma-3-12b-it,clothing,en,generic,apron,One example of a clothing is ___.,-20.5,-20.5
686,google/gemma-3-12b-it,clothing,en,generic,armor,One example of a clothing is ___.,-21.5,-21.5
687,google/gemma-3-12b-it,clothing,en,generic,bandanna,One example of a clothing is ___.,-26.34375,-13.171875
688,google/gemma-3-12b-it,clothing,en,generic,bathrobe,One example of a clothing is ___.,-24.25,-24.25
689,google/gemma-3-12b-it,clothing,en,generic,beanie,One example of a clothing is ___.,-21.25,-21.25
690,google/gemma-3-12b-it,clothing,en,generic,bikini,One example of a clothing is ___.,-21.625,-21.625
691,google/gemma-3-12b-it,clothing,en,generic,blazer,One example of a clothing is ___.,-22.625,-22.625
692,google/gemma-3-12b-it,clothing,en,generic,boa,One example of a clothing is ___.,-23.75,-23.75
693,google/gemma-3-12b-it,clothing,en,generic,bolo tie,One example of a clothing is ___.,-25.546875,-12.7734375
694,google/gemma-3-12b-it,clothing,en,generic,bonnet,One example of a clothing is ___.,-24.375,-24.375
695,google/gemma-3-12b-it,clothing,en,generic,bow,One example of a clothing is ___.,-21.125,-21.125
696,google/gemma-3-12b-it,clothing,en,generic,bowler hat,One example of a clothing is ___.,-27.16796875,-13.583984375
697,google/gemma-3-12b-it,clothing,en,generic,bowtie,One example of a clothing is ___.,-25.0,-25.0
698,google/gemma-3-12b-it,clothing,en,generic,boxer shorts,One example of a clothing is ___.,-24.79296875,-12.396484375
699,google/gemma-3-12b-it,clothing,en,generic,bra,One example of a clothing is ___.,-18.875,-18.875
700,google/gemma-3-12b-it,clothing,en,generic,bulletproof vest,One example of a clothing is ___.,-26.66015625,-8.88671875
701,google/gemma-3-12b-it,clothing,en,generic,cape,One example of a clothing is ___.,-20.0,-20.0
702,google/gemma-3-12b-it,clothing,en,generic,cardigan,One example of a clothing is ___.,-17.625,-17.625
703,google/gemma-3-12b-it,clothing,en,generic,chaps,One example of a clothing is ___.,-21.96875,-10.984375
704,google/gemma-3-12b-it,clothing,en,generic,clothes,One example of a clothing is ___.,-9.375,-9.375
705,google/gemma-3-12b-it,clothing,en,generic,corset,One example of a clothing is ___.,-22.0,-22.0
706,google/gemma-3-12b-it,clothing,en,generic,costume,One example of a clothing is ___.,-20.75,-20.75
707,google/gemma-3-12b-it,clothing,en,generic,coverall,One example of a clothing is ___.,-22.671875,-11.3359375
708,google/gemma-3-12b-it,clothing,en,generic,crown,One example of a clothing is ___.,-19.5,-19.5
709,google/gemma-3-12b-it,clothing,en,generic,cummerbund,One example of a clothing is ___.,-24.62615203857422,-8.208717346191406
710,google/gemma-3-12b-it,clothing,en,generic,diaper,One example of a clothing is ___.,-24.375,-24.375
711,google/gemma-3-12b-it,clothing,en,generic,eye patch,One example of a clothing is ___.,-24.71875,-12.359375
712,google/gemma-3-12b-it,clothing,en,generic,fishnet stockings,One example of a clothing is ___.,-15.60888671875,-5.202962239583333
713,google/gemma-3-12b-it,clothing,en,generic,flip-flop,One example of a clothing is ___.,-26.9384765625,-8.9794921875
714,google/gemma-3-12b-it,clothing,en,generic,fur coat,One example of a clothing is ___.,-21.01171875,-10.505859375
715,google/gemma-3-12b-it,clothing,en,generic,garter,One example of a clothing is ___.,-19.5078125,-9.75390625
716,google/gemma-3-12b-it,clothing,en,generic,headdress,One example of a clothing is ___.,-25.34375,-12.671875
717,google/gemma-3-12b-it,clothing,en,generic,headscarf,One example of a clothing is ___.,-20.059326171875,-6.686442057291667
718,google/gemma-3-12b-it,clothing,en,generic,hoodie,One example of a clothing is ___.,-19.75,-19.75
719,google/gemma-3-12b-it,clothing,en,generic,jeans,One example of a clothing is ___.,-12.875,-12.875
720,google/gemma-3-12b-it,clothing,en,generic,jersey,One example of a clothing is ___.,-18.625,-18.625
721,google/gemma-3-12b-it,clothing,en,generic,jumpsuit,One example of a clothing is ___.,-19.0,-19.0
722,google/gemma-3-12b-it,clothing,en,generic,kilt,One example of a clothing is ___.,-21.8125,-10.90625
723,google/gemma-3-12b-it,clothing,en,generic,kimono,One example of a clothing is ___.,-20.125,-20.125
724,google/gemma-3-12b-it,clothing,en,generic,lab coat,One example of a clothing is ___.,-23.937255859375,-11.9686279296875
725,google/gemma-3-12b-it,clothing,en,generic,leggings,One example of a clothing is ___.,-17.5,-17.5
726,google/gemma-3-12b-it,clothing,en,generic,leotard,One example of a clothing is ___.,-22.640625,-11.3203125
727,google/gemma-3-12b-it,clothing,en,generic,life jacket,One example of a clothing is ___.,-20.9609375,-10.48046875
728,google/gemma-3-12b-it,clothing,en,generic,lingerie,One example of a clothing is ___.,-19.75,-19.75
729,google/gemma-3-12b-it,clothing,en,generic,loincloth,One example of a clothing is ___.,-23.25531005859375,-11.627655029296875
730,google/gemma-3-12b-it,clothing,en,generic,mitten,One example of a clothing is ___.,-27.25,-27.25
731,google/gemma-3-12b-it,clothing,en,generic,moccasin,One example of a clothing is ___.,-26.06359100341797,-8.68786366780599
732,google/gemma-3-12b-it,clothing,en,generic,muff,One example of a clothing is ___.,-24.0,-24.0
733,google/gemma-3-12b-it,clothing,en,generic,nightshirt,One example of a clothing is ___.,-29.8125,-14.90625
734,google/gemma-3-12b-it,clothing,en,generic,outfit,One example of a clothing is ___.,-17.625,-17.625
735,google/gemma-3-12b-it,clothing,en,generic,overalls,One example of a clothing is ___.,-20.375,-20.375
736,google/gemma-3-12b-it,clothing,en,generic,pajamas,One example of a clothing is ___.,-18.125,-18.125
737,google/gemma-3-12b-it,clothing,en,generic,panties,One example of a clothing is ___.,-21.0,-21.0
738,google/gemma-3-12b-it,clothing,en,generic,pants,One example of a clothing is ___.,-13.75,-13.75
739,google/gemma-3-12b-it,clothing,en,generic,pantsuit,One example of a clothing is ___.,-29.125,-14.5625
740,google/gemma-3-12b-it,clothing,en,generic,pantyhose,One example of a clothing is ___.,-26.373046875,-8.791015625
741,google/gemma-3-12b-it,clothing,en,generic,polo shirt,One example of a clothing is ___.,-21.5791015625,-10.78955078125
742,google/gemma-3-12b-it,clothing,en,generic,robe,One example of a clothing is ___.,-22.0,-22.0
743,google/gemma-3-12b-it,clothing,en,generic,sandal,One example of a clothing is ___.,-21.875,-21.875
744,google/gemma-3-12b-it,clothing,en,generic,scarf,One example of a clothing is ___.,-18.75,-18.75
745,google/gemma-3-12b-it,clothing,en,generic,shorts,One example of a clothing is ___.,-15.0625,-15.0625
746,google/gemma-3-12b-it,clothing,en,generic,ski boots,One example of a clothing is ___.,-27.1875,-13.59375
747,google/gemma-3-12b-it,clothing,en,generic,slipper,One example of a clothing is ___.,-21.625,-21.625
748,google/gemma-3-12b-it,clothing,en,generic,snowshoe,One example of a clothing is ___.,-29.0625,-14.53125
749,google/gemma-3-12b-it,clothing,en,generic,snowsuit,One example of a clothing is ___.,-23.28125,-11.640625
750,google/gemma-3-12b-it,clothing,en,generic,sombrero,One example of a clothing is ___.,-23.0,-23.0
751,google/gemma-3-12b-it,clothing,en,generic,spacesuit,One example of a clothing is ___.,-21.625,-10.8125
752,google/gemma-3-12b-it,clothing,en,generic,stiletto,One example of a clothing is ___.,-23.16015625,-11.580078125
753,google/gemma-3-12b-it,clothing,en,generic,stockings,One example of a clothing is ___.,-20.25,-20.25
754,google/gemma-3-12b-it,clothing,en,generic,straightjacket,One example of a clothing is ___.,-32.4375,-16.21875
755,google/gemma-3-12b-it,clothing,en,generic,suit,One example of a clothing is ___.,-20.125,-20.125
756,google/gemma-3-12b-it,clothing,en,generic,suspenders,One example of a clothing is ___.,-23.142578125,-11.5712890625
757,google/gemma-3-12b-it,clothing,en,generic,sweatsuit,One example of a clothing is ___.,-23.78125,-11.890625
758,google/gemma-3-12b-it,clothing,en,generic,swimsuit,One example of a clothing is ___.,-20.875,-20.875
759,google/gemma-3-12b-it,clothing,en,generic,t-shirt,One example of a clothing is ___.,-13.41314697265625,-4.471048990885417
760,google/gemma-3-12b-it,clothing,en,generic,tiara,One example of a clothing is ___.,-18.33203125,-9.166015625
761,google/gemma-3-12b-it,clothing,en,generic,tie,One example of a clothing is ___.,-19.625,-19.625
762,google/gemma-3-12b-it,clothing,en,generic,toga,One example of a clothing is ___.,-23.25,-23.25
763,google/gemma-3-12b-it,clothing,en,generic,top hat,One example of a clothing is ___.,-26.3125,-13.15625
764,google/gemma-3-12b-it,clothing,en,generic,tube top,One example of a clothing is ___.,-23.951171875,-11.9755859375
765,google/gemma-3-12b-it,clothing,en,generic,turban,One example of a clothing is ___.,-23.75,-23.75
766,google/gemma-3-12b-it,clothing,en,generic,turtleneck,One example of a clothing is ___.,-22.875,-22.875
767,google/gemma-3-12b-it,clothing,en,generic,tuxedo,One example of a clothing is ___.,-24.375,-24.375
768,google/gemma-3-12b-it,clothing,en,generic,undershirt,One example of a clothing is ___.,-19.664077758789062,-6.5546925862630205
769,google/gemma-3-12b-it,clothing,en,generic,underwear,One example of a clothing is ___.,-16.5,-16.5
770,google/gemma-3-12b-it,clothing,en,generic,uniform,One example of a clothing is ___.,-19.0,-19.0
771,google/gemma-3-12b-it,clothing,en,generic,veil,One example of a clothing is ___.,-23.0,-23.0
772,google/gemma-3-12b-it,clothing,en,generic,visor,One example of a clothing is ___.,-27.125,-27.125
773,google/gemma-3-12b-it,clothing,en,generic,wetsuit,One example of a clothing is ___.,-24.275146484375,-12.1375732421875
774,google/gemma-3-12b-it,clothing,en,indefinite_prod,blouse,Name an example of a clothing: ___,-6.625,-6.625
775,google/gemma-3-12b-it,clothing,en,indefinite_prod,cloak,Name an example of a clothing: ___,-11.75,-11.75
776,google/gemma-3-12b-it,clothing,en,indefinite_prod,coat,Name an example of a clothing: ___,-6.6875,-6.6875
777,google/gemma-3-12b-it,clothing,en,indefinite_prod,dress,Name an example of a clothing: ___,-3.6875,-3.6875
778,google/gemma-3-12b-it,clothing,en,indefinite_prod,glove,Name an example of a clothing: ___,-14.1875,-14.1875
779,google/gemma-3-12b-it,clothing,en,indefinite_prod,jacket,Name an example of a clothing: ___,-5.625,-5.625
780,google/gemma-3-12b-it,clothing,en,indefinite_prod,raincoat,Name an example of a clothing: ___,-10.8125,-10.8125
781,google/gemma-3-12b-it,clothing,en,indefinite_prod,shawl,Name an example of a clothing: ___,-10.625,-10.625
782,google/gemma-3-12b-it,clothing,en,indefinite_prod,shirt,Name an example of a clothing: ___,-3.9375,-3.9375
783,google/gemma-3-12b-it,clothing,en,indefinite_prod,skirt,Name an example of a clothing: ___,-5.75,-5.75
784,google/gemma-3-12b-it,clothing,en,indefinite_prod,sock,Name an example of a clothing: ___,-10.1875,-10.1875
785,google/gemma-3-12b-it,clothing,en,indefinite_prod,sweater,Name an example of a clothing: ___,-5.0625,-5.0625
786,google/gemma-3-12b-it,clothing,en,indefinite_prod,belt,Name an example of a clothing: ___,-8.3125,-8.3125
787,google/gemma-3-12b-it,clothing,en,indefinite_prod,boot,Name an example of a clothing: ___,-11.5,-11.5
788,google/gemma-3-12b-it,clothing,en,indefinite_prod,bracelet,Name an example of a clothing: ___,-12.4375,-12.4375
789,google/gemma-3-12b-it,clothing,en,indefinite_prod,hat,Name an example of a clothing: ___,-7.5625,-7.5625
790,google/gemma-3-12b-it,clothing,en,indefinite_prod,headband,Name an example of a clothing: ___,-13.375,-13.375
791,google/gemma-3-12b-it,clothing,en,indefinite_prod,shoe,Name an example of a clothing: ___,-10.25,-10.25
792,google/gemma-3-12b-it,clothing,en,indefinite_prod,vest,Name an example of a clothing: ___,-9.3125,-9.3125
793,google/gemma-3-12b-it,clothing,en,indefinite_prod,apron,Name an example of a clothing: ___,-12.875,-12.875
794,google/gemma-3-12b-it,clothing,en,indefinite_prod,armor,Name an example of a clothing: ___,-17.375,-17.375
795,google/gemma-3-12b-it,clothing,en,indefinite_prod,bandanna,Name an example of a clothing: ___,-17.9375,-8.96875
796,google/gemma-3-12b-it,clothing,en,indefinite_prod,bathrobe,Name an example of a clothing: ___,-13.625,-13.625
797,google/gemma-3-12b-it,clothing,en,indefinite_prod,beanie,Name an example of a clothing: ___,-11.25,-11.25
798,google/gemma-3-12b-it,clothing,en,indefinite_prod,bikini,Name an example of a clothing: ___,-13.25,-13.25
799,google/gemma-3-12b-it,clothing,en,indefinite_prod,blazer,Name an example of a clothing: ___,-8.25,-8.25
800,google/gemma-3-12b-it,clothing,en,indefinite_prod,boa,Name an example of a clothing: ___,-14.75,-14.75
801,google/gemma-3-12b-it,clothing,en,indefinite_prod,bolo tie,Name an example of a clothing: ___,-17.0927734375,-8.54638671875
802,google/gemma-3-12b-it,clothing,en,indefinite_prod,bonnet,Name an example of a clothing: ___,-13.75,-13.75
803,google/gemma-3-12b-it,clothing,en,indefinite_prod,bow,Name an example of a clothing: ___,-14.0625,-14.0625
804,google/gemma-3-12b-it,clothing,en,indefinite_prod,bowler hat,Name an example of a clothing: ___,-15.72412109375,-7.862060546875
805,google/gemma-3-12b-it,clothing,en,indefinite_prod,bowtie,Name an example of a clothing: ___,-17.25,-17.25
806,google/gemma-3-12b-it,clothing,en,indefinite_prod,boxer shorts,Name an example of a clothing: ___,-14.216796875,-7.1083984375
807,google/gemma-3-12b-it,clothing,en,indefinite_prod,bra,Name an example of a clothing: ___,-12.5625,-12.5625
808,google/gemma-3-12b-it,clothing,en,indefinite_prod,bulletproof vest,Name an example of a clothing: ___,-18.9365234375,-6.312174479166667
809,google/gemma-3-12b-it,clothing,en,indefinite_prod,cape,Name an example of a clothing: ___,-12.3125,-12.3125
810,google/gemma-3-12b-it,clothing,en,indefinite_prod,cardigan,Name an example of a clothing: ___,-8.1875,-8.1875
811,google/gemma-3-12b-it,clothing,en,indefinite_prod,chaps,Name an example of a clothing: ___,-16.296875,-8.1484375
812,google/gemma-3-12b-it,clothing,en,indefinite_prod,clothes,Name an example of a clothing: ___,-8.6875,-8.6875
813,google/gemma-3-12b-it,clothing,en,indefinite_prod,corset,Name an example of a clothing: ___,-13.0625,-13.0625
814,google/gemma-3-12b-it,clothing,en,indefinite_prod,costume,Name an example of a clothing: ___,-13.4375,-13.4375
815,google/gemma-3-12b-it,clothing,en,indefinite_prod,coverall,Name an example of a clothing: ___,-16.9140625,-8.45703125
816,google/gemma-3-12b-it,clothing,en,indefinite_prod,crown,Name an example of a clothing: ___,-14.625,-14.625
817,google/gemma-3-12b-it,clothing,en,indefinite_prod,cummerbund,Name an example of a clothing: ___,-16.00299835205078,-5.334332784016927
818,google/gemma-3-12b-it,clothing,en,indefinite_prod,diaper,Name an example of a clothing: ___,-16.125,-16.125
819,google/gemma-3-12b-it,clothing,en,indefinite_prod,eye patch,Name an example of a clothing: ___,-19.90625,-9.953125
820,google/gemma-3-12b-it,clothing,en,indefinite_prod,fishnet stockings,Name an example of a clothing: ___,-16.6298828125,-5.543294270833333
821,google/gemma-3-12b-it,clothing,en,indefinite_prod,flip-flop,Name an example of a clothing: ___,-18.353515625,-6.117838541666667
822,google/gemma-3-12b-it,clothing,en,indefinite_prod,fur coat,Name an example of a clothing: ___,-11.607421875,-5.8037109375
823,google/gemma-3-12b-it,clothing,en,indefinite_prod,garter,Name an example of a clothing: ___,-16.98828125,-8.494140625
824,google/gemma-3-12b-it,clothing,en,indefinite_prod,headdress,Name an example of a clothing: ___,-16.671875,-8.3359375
825,google/gemma-3-12b-it,clothing,en,indefinite_prod,headscarf,Name an example of a clothing: ___,-15.334930419921875,-5.111643473307292
826,google/gemma-3-12b-it,clothing,en,indefinite_prod,hoodie,Name an example of a clothing: ___,-8.25,-8.25
827,google/gemma-3-12b-it,clothing,en,indefinite_prod,jeans,Name an example of a clothing: ___,-5.0,-5.0
828,google/gemma-3-12b-it,clothing,en,indefinite_prod,jersey,Name an example of a clothing: ___,-11.25,-11.25
829,google/gemma-3-12b-it,clothing,en,indefinite_prod,jumpsuit,Name an example of a clothing: ___,-9.125,-9.125
830,google/gemma-3-12b-it,clothing,en,indefinite_prod,kilt,Name an example of a clothing: ___,-14.087890625,-7.0439453125
831,google/gemma-3-12b-it,clothing,en,indefinite_prod,kimono,Name an example of a clothing: ___,-12.5625,-12.5625
832,google/gemma-3-12b-it,clothing,en,indefinite_prod,lab coat,Name an example of a clothing: ___,-16.8963623046875,-8.44818115234375
833,google/gemma-3-12b-it,clothing,en,indefinite_prod,leggings,Name an example of a clothing: ___,-10.625,-10.625
834,google/gemma-3-12b-it,clothing,en,indefinite_prod,leotard,Name an example of a clothing: ___,-15.078125,-7.5390625
835,google/gemma-3-12b-it,clothing,en,indefinite_prod,life jacket,Name an example of a clothing: ___,-16.615234375,-8.3076171875
836,google/gemma-3-12b-it,clothing,en,indefinite_prod,lingerie,Name an example of a clothing: ___,-14.4375,-14.4375
837,google/gemma-3-12b-it,clothing,en,indefinite_prod,loincloth,Name an example of a clothing: ___,-15.63446044921875,-7.817230224609375
838,google/gemma-3-12b-it,clothing,en,indefinite_prod,mitten,Name an example of a clothing: ___,-15.375,-15.375
839,google/gemma-3-12b-it,clothing,en,indefinite_prod,moccasin,Name an example of a clothing: ___,-18.502273559570312,-6.1674245198567705
840,google/gemma-3-12b-it,clothing,en,indefinite_prod,muff,Name an example of a clothing: ___,-17.5,-17.5
841,google/gemma-3-12b-it,clothing,en,indefinite_prod,nightshirt,Name an example of a clothing: ___,-20.0625,-10.03125
842,google/gemma-3-12b-it,clothing,en,indefinite_prod,outfit,Name an example of a clothing: ___,-9.625,-9.625
843,google/gemma-3-12b-it,clothing,en,indefinite_prod,overalls,Name an example of a clothing: ___,-11.625,-11.625
844,google/gemma-3-12b-it,clothing,en,indefinite_prod,pajamas,Name an example of a clothing: ___,-12.1875,-12.1875
845,google/gemma-3-12b-it,clothing,en,indefinite_prod,panties,Name an example of a clothing: ___,-14.8125,-14.8125
846,google/gemma-3-12b-it,clothing,en,indefinite_prod,pants,Name an example of a clothing: ___,-5.625,-5.625
847,google/gemma-3-12b-it,clothing,en,indefinite_prod,pantsuit,Name an example of a clothing: ___,-20.75,-10.375
848,google/gemma-3-12b-it,clothing,en,indefinite_prod,pantyhose,Name an example of a clothing: ___,-15.13671875,-5.045572916666667
849,google/gemma-3-12b-it,clothing,en,indefinite_prod,polo shirt,Name an example of a clothing: ___,-10.20751953125,-5.103759765625
850,google/gemma-3-12b-it,clothing,en,indefinite_prod,robe,Name an example of a clothing: ___,-12.8125,-12.8125
851,google/gemma-3-12b-it,clothing,en,indefinite_prod,sandal,Name an example of a clothing: ___,-12.6875,-12.6875
852,google/gemma-3-12b-it,clothing,en,indefinite_prod,scarf,Name an example of a clothing: ___,-8.9375,-8.9375
853,google/gemma-3-12b-it,clothing,en,indefinite_prod,shorts,Name an example of a clothing: ___,-6.125,-6.125
854,google/gemma-3-12b-it,clothing,en,indefinite_prod,ski boots,Name an example of a clothing: ___,-17.125,-8.5625
855,google/gemma-3-12b-it,clothing,en,indefinite_prod,slipper,Name an example of a clothing: ___,-13.75,-13.75
856,google/gemma-3-12b-it,clothing,en,indefinite_prod,snowshoe,Name an example of a clothing: ___,-22.6875,-11.34375
857,google/gemma-3-12b-it,clothing,en,indefinite_prod,snowsuit,Name an example of a clothing: ___,-16.453125,-8.2265625
858,google/gemma-3-12b-it,clothing,en,indefinite_prod,sombrero,Name an example of a clothing: ___,-15.25,-15.25
859,google/gemma-3-12b-it,clothing,en,indefinite_prod,spacesuit,Name an example of a clothing: ___,-18.2698974609375,-9.13494873046875
860,google/gemma-3-12b-it,clothing,en,indefinite_prod,stiletto,Name an example of a clothing: ___,-16.87109375,-8.435546875
861,google/gemma-3-12b-it,clothing,en,indefinite_prod,stockings,Name an example of a clothing: ___,-11.3125,-11.3125
862,google/gemma-3-12b-it,clothing,en,indefinite_prod,straightjacket,Name an example of a clothing: ___,-25.3125,-12.65625
863,google/gemma-3-12b-it,clothing,en,indefinite_prod,suit,Name an example of a clothing: ___,-9.4375,-9.4375
864,google/gemma-3-12b-it,clothing,en,indefinite_prod,suspenders,Name an example of a clothing: ___,-14.7041015625,-7.35205078125
865,google/gemma-3-12b-it,clothing,en,indefinite_prod,sweatsuit,Name an example of a clothing: ___,-13.21875,-6.609375
866,google/gemma-3-12b-it,clothing,en,indefinite_prod,swimsuit,Name an example of a clothing: ___,-10.875,-10.875
867,google/gemma-3-12b-it,clothing,en,indefinite_prod,t-shirt,Name an example of a clothing: ___,-7.514556884765625,-2.504852294921875
868,google/gemma-3-12b-it,clothing,en,indefinite_prod,tiara,Name an example of a clothing: ___,-13.482421875,-6.7412109375
869,google/gemma-3-12b-it,clothing,en,indefinite_prod,tie,Name an example of a clothing: ___,-10.5625,-10.5625
870,google/gemma-3-12b-it,clothing,en,indefinite_prod,toga,Name an example of a clothing: ___,-13.625,-13.625
871,google/gemma-3-12b-it,clothing,en,indefinite_prod,top hat,Name an example of a clothing: ___,-19.3125,-9.65625
872,google/gemma-3-12b-it,clothing,en,indefinite_prod,tube top,Name an example of a clothing: ___,-15.36767578125,-7.683837890625
873,google/gemma-3-12b-it,clothing,en,indefinite_prod,turban,Name an example of a clothing: ___,-14.9375,-14.9375
874,google/gemma-3-12b-it,clothing,en,indefinite_prod,turtleneck,Name an example of a clothing: ___,-12.25,-12.25
875,google/gemma-3-12b-it,clothing,en,indefinite_prod,tuxedo,Name an example of a clothing: ___,-12.0625,-12.0625
876,google/gemma-3-12b-it,clothing,en,indefinite_prod,undershirt,Name an example of a clothing: ___,-12.166313171386719,-4.055437723795573
877,google/gemma-3-12b-it,clothing,en,indefinite_prod,underwear,Name an example of a clothing: ___,-12.125,-12.125
878,google/gemma-3-12b-it,clothing,en,indefinite_prod,uniform,Name an example of a clothing: ___,-12.25,-12.25
879,google/gemma-3-12b-it,clothing,en,indefinite_prod,veil,Name an example of a clothing: ___,-15.375,-15.375
880,google/gemma-3-12b-it,clothing,en,indefinite_prod,visor,Name an example of a clothing: ___,-18.25,-18.25
881,google/gemma-3-12b-it,clothing,en,indefinite_prod,wetsuit,Name an example of a clothing: ___,-16.633056640625,-8.3165283203125
882,google/gemma-3-12b-it,clothing accessory,en,generic,handkerchief,One example of a clothing accessory is ___.,-18.375,-18.375
883,google/gemma-3-12b-it,clothing accessory,en,generic,bandanna,One example of a clothing accessory is ___.,-26.28125,-13.140625
884,google/gemma-3-12b-it,clothing accessory,en,generic,belt,One example of a clothing accessory is ___.,-17.25,-17.25
885,google/gemma-3-12b-it,clothing accessory,en,generic,belt buckle,One example of a clothing accessory is ___.,-29.5,-14.75
886,google/gemma-3-12b-it,clothing accessory,en,generic,boa,One example of a clothing accessory is ___.,-23.5,-23.5
887,google/gemma-3-12b-it,clothing accessory,en,generic,bolo tie,One example of a clothing accessory is ___.,-25.4453125,-12.72265625
888,google/gemma-3-12b-it,clothing accessory,en,generic,bonnet,One example of a clothing accessory is ___.,-22.875,-22.875
889,google/gemma-3-12b-it,clothing accessory,en,generic,bow,One example of a clothing accessory is ___.,-19.75,-19.75
890,google/gemma-3-12b-it,clothing accessory,en,generic,bowtie,One example of a clothing accessory is ___.,-24.0,-24.0
891,google/gemma-3-12b-it,clothing accessory,en,generic,bracelet (jewelry),One example of a clothing accessory is ___.,-27.9658203125,-6.991455078125
892,google/gemma-3-12b-it,clothing accessory,en,generic,bracelet (watch),One example of a clothing accessory is ___.,-36.18359375,-9.0458984375
893,google/gemma-3-12b-it,clothing accessory,en,generic,brooch,One example of a clothing accessory is ___.,-18.875,-18.875
894,google/gemma-3-12b-it,clothing accessory,en,generic,buckle,One example of a clothing accessory is ___.,-21.875,-21.875
895,google/gemma-3-12b-it,clothing accessory,en,generic,button,One example of a clothing accessory is ___.,-20.125,-20.125
896,google/gemma-3-12b-it,clothing accessory,en,generic,corsage,One example of a clothing accessory is ___.,-22.140625,-11.0703125
897,google/gemma-3-12b-it,clothing accessory,en,generic,cufflink,One example of a clothing accessory is ___.,-20.7265625,-10.36328125
898,google/gemma-3-12b-it,clothing accessory,en,generic,cummerbund,One example of a clothing accessory is ___.,-24.000848293304443,-8.000282764434814
899,google/gemma-3-12b-it,clothing accessory,en,generic,earring,One example of a clothing accessory is ___.,-17.375,-17.375
900,google/gemma-3-12b-it,clothing accessory,en,generic,eye patch,One example of a clothing accessory is ___.,-24.15625,-12.078125
901,google/gemma-3-12b-it,clothing accessory,en,generic,glasses,One example of a clothing accessory is ___.,-16.5,-16.5
902,google/gemma-3-12b-it,clothing accessory,en,generic,glove,One example of a clothing accessory is ___.,-21.375,-21.375
903,google/gemma-3-12b-it,clothing accessory,en,generic,hat,One example of a clothing accessory is ___.,-14.9375,-14.9375
904,google/gemma-3-12b-it,clothing accessory,en,generic,headband,One example of a clothing accessory is ___.,-19.875,-19.875
905,google/gemma-3-12b-it,clothing accessory,en,generic,headdress,One example of a clothing accessory is ___.,-22.65625,-11.328125
906,google/gemma-3-12b-it,clothing accessory,en,generic,insole,One example of a clothing accessory is ___.,-23.375,-11.6875
907,google/gemma-3-12b-it,clothing accessory,en,generic,lanyard,One example of a clothing accessory is ___.,-21.25,-21.25
908,google/gemma-3-12b-it,clothing accessory,en,generic,mitten,One example of a clothing accessory is ___.,-24.875,-24.875
909,google/gemma-3-12b-it,clothing accessory,en,generic,muff,One example of a clothing accessory is ___.,-21.875,-21.875
910,google/gemma-3-12b-it,clothing accessory,en,generic,patch,One example of a clothing accessory is ___.,-23.875,-23.875
911,google/gemma-3-12b-it,clothing accessory,en,generic,purse,One example of a clothing accessory is ___.,-19.375,-19.375
912,google/gemma-3-12b-it,clothing accessory,en,generic,scarf,One example of a clothing accessory is ___.,-15.1875,-15.1875
913,google/gemma-3-12b-it,clothing accessory,en,generic,shawl,One example of a clothing accessory is ___.,-17.75,-17.75
914,google/gemma-3-12b-it,clothing accessory,en,generic,sombrero,One example of a clothing accessory is ___.,-23.125,-23.125
915,google/gemma-3-12b-it,clothing accessory,en,generic,suspenders,One example of a clothing accessory is ___.,-21.50151824951172,-10.75075912475586
916,google/gemma-3-12b-it,clothing accessory,en,generic,tie,One example of a clothing accessory is ___.,-18.625,-18.625
917,google/gemma-3-12b-it,clothing accessory,en,generic,top hat,One example of a clothing accessory is ___.,-20.4453125,-10.22265625
918,google/gemma-3-12b-it,clothing accessory,en,generic,visor,One example of a clothing accessory is ___.,-26.25,-26.25
919,google/gemma-3-12b-it,clothing accessory,en,generic,watch,One example of a clothing accessory is ___.,-21.0,-21.0
920,google/gemma-3-12b-it,clothing accessory,en,indefinite_prod,handkerchief,Name an example of a clothing accessory: ___,-11.375,-11.375
921,google/gemma-3-12b-it,clothing accessory,en,indefinite_prod,bandanna,Name an example of a clothing accessory: ___,-18.015625,-9.0078125
922,google/gemma-3-12b-it,clothing accessory,en,indefinite_prod,belt,Name an example of a clothing accessory: ___,-6.0,-6.0
923,google/gemma-3-12b-it,clothing accessory,en,indefinite_prod,belt buckle,Name an example of a clothing accessory: ___,-20.875,-10.4375
924,google/gemma-3-12b-it,clothing accessory,en,indefinite_prod,boa,Name an example of a clothing accessory: ___,-17.875,-17.875
925,google/gemma-3-12b-it,clothing accessory,en,indefinite_prod,bolo tie,Name an example of a clothing accessory: ___,-20.1552734375,-10.07763671875
926,google/gemma-3-12b-it,clothing accessory,en,indefinite_prod,bonnet,Name an example of a clothing accessory: ___,-16.625,-16.625
927,google/gemma-3-12b-it,clothing accessory,en,indefinite_prod,bow,Name an example of a clothing accessory: ___,-15.375,-15.375
928,google/gemma-3-12b-it,clothing accessory,en,indefinite_prod,bowtie,Name an example of a clothing accessory: ___,-18.875,-18.875
929,google/gemma-3-12b-it,clothing accessory,en,indefinite_prod,bracelet (jewelry),Name an example of a clothing accessory: ___,-22.595703125,-5.64892578125
930,google/gemma-3-12b-it,clothing accessory,en,indefinite_prod,bracelet (watch),Name an example of a clothing accessory: ___,-28.28515625,-7.0712890625
931,google/gemma-3-12b-it,clothing accessory,en,indefinite_prod,brooch,Name an example of a clothing accessory: ___,-13.8125,-13.8125
932,google/gemma-3-12b-it,clothing accessory,en,indefinite_prod,buckle,Name an example of a clothing accessory: ___,-14.6875,-14.6875
933,google/gemma-3-12b-it,clothing accessory,en,indefinite_prod,button,Name an example of a clothing accessory: ___,-14.5625,-14.5625
934,google/gemma-3-12b-it,clothing accessory,en,indefinite_prod,corsage,Name an example of a clothing accessory: ___,-19.875537872314453,-9.937768936157227
935,google/gemma-3-12b-it,clothing accessory,en,indefinite_prod,cufflink,Name an example of a clothing accessory: ___,-14.3837890625,-7.19189453125
936,google/gemma-3-12b-it,clothing accessory,en,indefinite_prod,cummerbund,Name an example of a clothing accessory: ___,-19.250002145767212,-6.416667381922404
937,google/gemma-3-12b-it,clothing accessory,en,indefinite_prod,earring,Name an example of a clothing accessory: ___,-11.1875,-11.1875
938,google/gemma-3-12b-it,clothing accessory,en,indefinite_prod,eye patch,Name an example of a clothing accessory: ___,-20.03125,-10.015625
939,google/gemma-3-12b-it,clothing accessory,en,indefinite_prod,glasses,Name an example of a clothing accessory: ___,-11.6875,-11.6875
940,google/gemma-3-12b-it,clothing accessory,en,indefinite_prod,glove,Name an example of a clothing accessory: ___,-14.375,-14.375
941,google/gemma-3-12b-it,clothing accessory,en,indefinite_prod,hat,Name an example of a clothing accessory: ___,-7.0625,-7.0625
942,google/gemma-3-12b-it,clothing accessory,en,indefinite_prod,headband,Name an example of a clothing accessory: ___,-12.75,-12.75
943,google/gemma-3-12b-it,clothing accessory,en,indefinite_prod,headdress,Name an example of a clothing accessory: ___,-15.80859375,-7.904296875
944,google/gemma-3-12b-it,clothing accessory,en,indefinite_prod,insole,Name an example of a clothing accessory: ___,-19.8125,-9.90625
945,google/gemma-3-12b-it,clothing accessory,en,indefinite_prod,lanyard,Name an example of a clothing accessory: ___,-16.25,-16.25
946,google/gemma-3-12b-it,clothing accessory,en,indefinite_prod,mitten,Name an example of a clothing accessory: ___,-18.75,-18.75
947,google/gemma-3-12b-it,clothing accessory,en,indefinite_prod,muff,Name an example of a clothing accessory: ___,-20.0,-20.0
948,google/gemma-3-12b-it,clothing accessory,en,indefinite_prod,patch,Name an example of a clothing accessory: ___,-16.5,-16.5
949,google/gemma-3-12b-it,clothing accessory,en,indefinite_prod,purse,Name an example of a clothing accessory: ___,-11.4375,-11.4375
950,google/gemma-3-12b-it,clothing accessory,en,indefinite_prod,scarf,Name an example of a clothing accessory: ___,-6.5,-6.5
951,google/gemma-3-12b-it,clothing accessory,en,indefinite_prod,shawl,Name an example of a clothing accessory: ___,-11.4375,-11.4375
952,google/gemma-3-12b-it,clothing accessory,en,indefinite_prod,sombrero,Name an example of a clothing accessory: ___,-18.375,-18.375
953,google/gemma-3-12b-it,clothing accessory,en,indefinite_prod,suspenders,Name an example of a clothing accessory: ___,-17.38262939453125,-8.691314697265625
954,google/gemma-3-12b-it,clothing accessory,en,indefinite_prod,tie,Name an example of a clothing accessory: ___,-11.1875,-11.1875
955,google/gemma-3-12b-it,clothing accessory,en,indefinite_prod,top hat,Name an example of a clothing accessory: ___,-19.75,-9.875
956,google/gemma-3-12b-it,clothing accessory,en,indefinite_prod,visor,Name an example of a clothing accessory: ___,-20.25,-20.25
957,google/gemma-3-12b-it,clothing accessory,en,indefinite_prod,watch,Name an example of a clothing accessory: ___,-14.0625,-14.0625
958,google/gemma-3-12b-it,condiment,en,generic,applesauce,One example of a condiment is ___.,-16.87529182434082,-8.43764591217041
959,google/gemma-3-12b-it,condiment,en,generic,butter,One example of a condiment is ___.,-17.375,-17.375
960,google/gemma-3-12b-it,condiment,en,generic,cream cheese,One example of a condiment is ___.,-19.0234375,-9.51171875
961,google/gemma-3-12b-it,condiment,en,generic,ginger,One example of a condiment is ___.,-22.5,-22.5
962,google/gemma-3-12b-it,condiment,en,generic,gravy,One example of a condiment is ___.,-22.25,-22.25
963,google/gemma-3-12b-it,condiment,en,generic,jam,One example of a condiment is ___.,-21.75,-21.75
964,google/gemma-3-12b-it,condiment,en,generic,ketchup,One example of a condiment is ___.,-13.6875,-13.6875
965,google/gemma-3-12b-it,condiment,en,generic,maple syrup,One example of a condiment is ___.,-20.1259765625,-10.06298828125
966,google/gemma-3-12b-it,condiment,en,generic,marmalade,One example of a condiment is ___.,-22.63348388671875,-11.316741943359375
967,google/gemma-3-12b-it,condiment,en,generic,mustard,One example of a condiment is ___.,-13.3125,-13.3125
968,google/gemma-3-12b-it,condiment,en,generic,peanut butter,One example of a condiment is ___.,-16.51043701171875,-8.255218505859375
969,google/gemma-3-12b-it,condiment,en,generic,pesto,One example of a condiment is ___.,-20.5,-20.5
970,google/gemma-3-12b-it,condiment,en,generic,sauce,One example of a condiment is ___.,-16.75,-16.75
971,google/gemma-3-12b-it,condiment,en,generic,soy sauce,One example of a condiment is ___.,-19.87604522705078,-9.93802261352539
972,google/gemma-3-12b-it,condiment,en,generic,syrup,One example of a condiment is ___.,-18.25,-18.25
973,google/gemma-3-12b-it,condiment,en,indefinite_prod,applesauce,Name an example of a condiment: ___,-15.563457489013672,-7.781728744506836
974,google/gemma-3-12b-it,condiment,en,indefinite_prod,butter,Name an example of a condiment: ___,-13.1875,-13.1875
975,google/gemma-3-12b-it,condiment,en,indefinite_prod,cream cheese,Name an example of a condiment: ___,-15.71875,-7.859375
976,google/gemma-3-12b-it,condiment,en,indefinite_prod,ginger,Name an example of a condiment: ___,-16.375,-16.375
977,google/gemma-3-12b-it,condiment,en,indefinite_prod,gravy,Name an example of a condiment: ___,-17.25,-17.25
978,google/gemma-3-12b-it,condiment,en,indefinite_prod,jam,Name an example of a condiment: ___,-16.0,-16.0
979,google/gemma-3-12b-it,condiment,en,indefinite_prod,ketchup,Name an example of a condiment: ___,-6.5,-6.5
980,google/gemma-3-12b-it,condiment,en,indefinite_prod,maple syrup,Name an example of a condiment: ___,-15.876335144042969,-7.938167572021484
981,google/gemma-3-12b-it,condiment,en,indefinite_prod,marmalade,Name an example of a condiment: ___,-17.001731872558594,-8.500865936279297
982,google/gemma-3-12b-it,condiment,en,indefinite_prod,mustard,Name an example of a condiment: ___,-7.25,-7.25
983,google/gemma-3-12b-it,condiment,en,indefinite_prod,peanut butter,Name an example of a condiment: ___,-14.568634033203125,-7.2843170166015625
984,google/gemma-3-12b-it,condiment,en,indefinite_prod,pesto,Name an example of a condiment: ___,-17.375,-17.375
985,google/gemma-3-12b-it,condiment,en,indefinite_prod,sauce,Name an example of a condiment: ___,-8.125,-8.125
986,google/gemma-3-12b-it,condiment,en,indefinite_prod,soy sauce,Name an example of a condiment: ___,-15.751075744628906,-7.875537872314453
987,google/gemma-3-12b-it,condiment,en,indefinite_prod,syrup,Name an example of a condiment: ___,-14.125,-14.125
988,google/gemma-3-12b-it,construction equipment,en,generic,crane,One example of a construction equipment is ___.,-18.25,-18.25
989,google/gemma-3-12b-it,construction equipment,en,generic,blowtorch,One example of a construction equipment is ___.,-28.28125,-14.140625
990,google/gemma-3-12b-it,construction equipment,en,generic,bulldozer,One example of a construction equipment is ___.,-17.25,-17.25
991,google/gemma-3-12b-it,construction equipment,en,generic,cement mixer,One example of a construction equipment is ___.,-17.20068359375,-8.600341796875
992,google/gemma-3-12b-it,construction equipment,en,generic,chain,One example of a construction equipment is ___.,-18.75,-18.75
993,google/gemma-3-12b-it,construction equipment,en,generic,chainsaw,One example of a construction equipment is ___.,-18.875,-18.875
994,google/gemma-3-12b-it,construction equipment,en,generic,chisel,One example of a construction equipment is ___.,-21.5,-21.5
995,google/gemma-3-12b-it,construction equipment,en,generic,drill,One example of a construction equipment is ___.,-18.0,-18.0
996,google/gemma-3-12b-it,construction equipment,en,generic,hammer,One example of a construction equipment is ___.,-20.125,-20.125
997,google/gemma-3-12b-it,construction equipment,en,generic,helmet,One example of a construction equipment is ___.,-24.5,-24.5
998,google/gemma-3-12b-it,construction equipment,en,generic,jackhammer,One example of a construction equipment is ___.,-21.39453125,-10.697265625
999,google/gemma-3-12b-it,construction equipment,en,generic,pliers,One example of a construction equipment is ___.,-19.875,-19.875
1000,google/gemma-3-12b-it,construction equipment,en,generic,pulley,One example of a construction equipment is ___.,-20.25,-20.25
1001,google/gemma-3-12b-it,construction equipment,en,generic,pump,One example of a construction equipment is ___.,-20.375,-20.375
1002,google/gemma-3-12b-it,construction equipment,en,generic,rope,One example of a construction equipment is ___.,-17.875,-17.875
1003,google/gemma-3-12b-it,construction equipment,en,generic,saw,One example of a construction equipment is ___.,-19.0,-19.0
1004,google/gemma-3-12b-it,construction equipment,en,generic,sawhorse,One example of a construction equipment is ___.,-28.5625,-14.28125
1005,google/gemma-3-12b-it,construction equipment,en,generic,scaffold,One example of a construction equipment is ___.,-21.625,-21.625
1006,google/gemma-3-12b-it,construction equipment,en,generic,scaffolding,One example of a construction equipment is ___.,-19.375,-19.375
1007,google/gemma-3-12b-it,construction equipment,en,generic,screwdriver,One example of a construction equipment is ___.,-21.375,-21.375
1008,google/gemma-3-12b-it,construction equipment,en,generic,shovel,One example of a construction equipment is ___.,-17.5,-17.5
1009,google/gemma-3-12b-it,construction equipment,en,generic,sledgehammer,One example of a construction equipment is ___.,-24.5234375,-12.26171875
1010,google/gemma-3-12b-it,construction equipment,en,generic,staple gun,One example of a construction equipment is ___.,-21.9326171875,-10.96630859375
1011,google/gemma-3-12b-it,construction equipment,en,generic,steamroller,One example of a construction equipment is ___.,-25.28125,-12.640625
1012,google/gemma-3-12b-it,construction equipment,en,generic,tarp,One example of a construction equipment is ___.,-22.625,-22.625
1013,google/gemma-3-12b-it,construction equipment,en,generic,trowel,One example of a construction equipment is ___.,-21.974609375,-10.9873046875
1014,google/gemma-3-12b-it,construction equipment,en,generic,wheelbarrow,One example of a construction equipment is ___.,-26.8125,-13.40625
1015,google/gemma-3-12b-it,construction equipment,en,generic,wrench,One example of a construction equipment is ___.,-23.875,-23.875
1016,google/gemma-3-12b-it,construction equipment,en,indefinite_prod,crane,Name an example of a construction equipment: ___,-10.25,-10.25
1017,google/gemma-3-12b-it,construction equipment,en,indefinite_prod,blowtorch,Name an example of a construction equipment: ___,-24.65625,-12.328125
1018,google/gemma-3-12b-it,construction equipment,en,indefinite_prod,bulldozer,Name an example of a construction equipment: ___,-6.90625,-6.90625
1019,google/gemma-3-12b-it,construction equipment,en,indefinite_prod,cement mixer,Name an example of a construction equipment: ___,-11.9603271484375,-5.98016357421875
1020,google/gemma-3-12b-it,construction equipment,en,indefinite_prod,chain,Name an example of a construction equipment: ___,-14.4375,-14.4375
1021,google/gemma-3-12b-it,construction equipment,en,indefinite_prod,chainsaw,Name an example of a construction equipment: ___,-15.4375,-15.4375
1022,google/gemma-3-12b-it,construction equipment,en,indefinite_prod,chisel,Name an example of a construction equipment: ___,-18.0,-18.0
1023,google/gemma-3-12b-it,construction equipment,en,indefinite_prod,drill,Name an example of a construction equipment: ___,-13.875,-13.875
1024,google/gemma-3-12b-it,construction equipment,en,indefinite_prod,hammer,Name an example of a construction equipment: ___,-15.3125,-15.3125
1025,google/gemma-3-12b-it,construction equipment,en,indefinite_prod,helmet,Name an example of a construction equipment: ___,-21.375,-21.375
1026,google/gemma-3-12b-it,construction equipment,en,indefinite_prod,jackhammer,Name an example of a construction equipment: ___,-15.644775390625,-7.8223876953125
1027,google/gemma-3-12b-it,construction equipment,en,indefinite_prod,pliers,Name an example of a construction equipment: ___,-20.0,-20.0
1028,google/gemma-3-12b-it,construction equipment,en,indefinite_prod,pulley,Name an example of a construction equipment: ___,-19.0,-19.0
1029,google/gemma-3-12b-it,construction equipment,en,indefinite_prod,pump,Name an example of a construction equipment: ___,-16.375,-16.375
1030,google/gemma-3-12b-it,construction equipment,en,indefinite_prod,rope,Name an example of a construction equipment: ___,-15.25,-15.25
1031,google/gemma-3-12b-it,construction equipment,en,indefinite_prod,saw,Name an example of a construction equipment: ___,-15.3125,-15.3125
1032,google/gemma-3-12b-it,construction equipment,en,indefinite_prod,sawhorse,Name an example of a construction equipment: ___,-26.1875,-13.09375
1033,google/gemma-3-12b-it,construction equipment,en,indefinite_prod,scaffold,Name an example of a construction equipment: ___,-17.25,-17.25
1034,google/gemma-3-12b-it,construction equipment,en,indefinite_prod,scaffolding,Name an example of a construction equipment: ___,-16.375,-16.375
1035,google/gemma-3-12b-it,construction equipment,en,indefinite_prod,screwdriver,Name an example of a construction equipment: ___,-15.5,-15.5
1036,google/gemma-3-12b-it,construction equipment,en,indefinite_prod,shovel,Name an example of a construction equipment: ___,-9.25,-9.25
1037,google/gemma-3-12b-it,construction equipment,en,indefinite_prod,sledgehammer,Name an example of a construction equipment: ___,-19.541015625,-9.7705078125
1038,google/gemma-3-12b-it,construction equipment,en,indefinite_prod,staple gun,Name an example of a construction equipment: ___,-20.00390625,-10.001953125
1039,google/gemma-3-12b-it,construction equipment,en,indefinite_prod,steamroller,Name an example of a construction equipment: ___,-20.359375,-10.1796875
1040,google/gemma-3-12b-it,construction equipment,en,indefinite_prod,tarp,Name an example of a construction equipment: ___,-20.625,-20.625
1041,google/gemma-3-12b-it,construction equipment,en,indefinite_prod,trowel,Name an example of a construction equipment: ___,-15.55517578125,-7.777587890625
1042,google/gemma-3-12b-it,construction equipment,en,indefinite_prod,wheelbarrow,Name an example of a construction equipment: ___,-27.875,-13.9375
1043,google/gemma-3-12b-it,construction equipment,en,indefinite_prod,wrench,Name an example of a construction equipment: ___,-20.375,-20.375
1044,google/gemma-3-12b-it,container,en,generic,bag,One example of a container is ___.,-20.875,-20.875
1045,google/gemma-3-12b-it,container,en,generic,aquarium,One example of a container is ___.,-18.0,-18.0
1046,google/gemma-3-12b-it,container,en,generic,ashtray,One example of a container is ___.,-24.453125,-8.151041666666666
1047,google/gemma-3-12b-it,container,en,generic,backpack,One example of a container is ___.,-22.0,-22.0
1048,google/gemma-3-12b-it,container,en,generic,ballot box,One example of a container is ___.,-21.76953125,-10.884765625
1049,google/gemma-3-12b-it,container,en,generic,bank,One example of a container is ___.,-21.375,-21.375
1050,google/gemma-3-12b-it,container,en,generic,barrel,One example of a container is ___.,-21.75,-21.75
1051,google/gemma-3-12b-it,container,en,generic,basket,One example of a container is ___.,-20.875,-20.875
1052,google/gemma-3-12b-it,container,en,generic,bathtub,One example of a container is ___.,-23.25,-23.25
1053,google/gemma-3-12b-it,container,en,generic,beaker,One example of a container is ___.,-18.375,-18.375
1054,google/gemma-3-12b-it,container,en,generic,bedpan,One example of a container is ___.,-28.21875,-14.109375
1055,google/gemma-3-12b-it,container,en,generic,bin,One example of a container is ___.,-20.375,-20.375
1056,google/gemma-3-12b-it,container,en,generic,birdbath,One example of a container is ___.,-24.3125,-12.15625
1057,google/gemma-3-12b-it,container,en,generic,birdcage,One example of a container is ___.,-24.6875,-12.34375
1058,google/gemma-3-12b-it,container,en,generic,bottle,One example of a container is ___.,-17.75,-17.75
1059,google/gemma-3-12b-it,container,en,generic,bowl,One example of a container is ___.,-21.5,-21.5
1060,google/gemma-3-12b-it,container,en,generic,box,One example of a container is ___.,-15.9375,-15.9375
1061,google/gemma-3-12b-it,container,en,generic,breadbox,One example of a container is ___.,-23.34375,-11.671875
1062,google/gemma-3-12b-it,container,en,generic,briefcase,One example of a container is ___.,-24.625,-24.625
1063,google/gemma-3-12b-it,container,en,generic,bucket,One example of a container is ___.,-20.625,-20.625
1064,google/gemma-3-12b-it,container,en,generic,cabinet,One example of a container is ___.,-19.5,-19.5
1065,google/gemma-3-12b-it,container,en,generic,cage,One example of a container is ___.,-21.0,-21.0
1066,google/gemma-3-12b-it,container,en,generic,can,One example of a container is ___.,-14.1875,-14.1875
1067,google/gemma-3-12b-it,container,en,generic,canister,One example of a container is ___.,-20.125,-20.125
1068,google/gemma-3-12b-it,container,en,generic,chest,One example of a container is ___.,-21.25,-21.25
1069,google/gemma-3-12b-it,container,en,generic,closet,One example of a container is ___.,-20.375,-20.375
1070,google/gemma-3-12b-it,container,en,generic,coffee pot,One example of a container is ___.,-22.125,-11.0625
1071,google/gemma-3-12b-it,container,en,generic,coffin,One example of a container is ___.,-24.875,-24.875
1072,google/gemma-3-12b-it,container,en,generic,container,One example of a container is ___.,-10.4375,-10.4375
1073,google/gemma-3-12b-it,container,en,generic,cooker,One example of a container is ___.,-23.25,-23.25
1074,google/gemma-3-12b-it,container,en,generic,coop,One example of a container is ___.,-24.625,-24.625
1075,google/gemma-3-12b-it,container,en,generic,crate,One example of a container is ___.,-20.125,-20.125
1076,google/gemma-3-12b-it,container,en,generic,cup,One example of a container is ___.,-18.125,-18.125
1077,google/gemma-3-12b-it,container,en,generic,doghouse,One example of a container is ___.,-27.1875,-13.59375
1078,google/gemma-3-12b-it,container,en,generic,drawer,One example of a container is ___.,-21.625,-21.625
1079,google/gemma-3-12b-it,container,en,generic,dresser,One example of a container is ___.,-25.25,-25.25
1080,google/gemma-3-12b-it,container,en,generic,duffel bag,One example of a container is ___.,-27.13671875,-9.045572916666666
1081,google/gemma-3-12b-it,container,en,generic,dumpster,One example of a container is ___.,-23.0,-23.0
1082,google/gemma-3-12b-it,container,en,generic,dustpan,One example of a container is ___.,-21.3046875,-10.65234375
1083,google/gemma-3-12b-it,container,en,generic,filing cabinet,One example of a container is ___.,-24.6015625,-12.30078125
1084,google/gemma-3-12b-it,container,en,generic,fishbowl,One example of a container is ___.,-17.1953125,-8.59765625
1085,google/gemma-3-12b-it,container,en,generic,flask,One example of a container is ___.,-20.25,-20.25
1086,google/gemma-3-12b-it,container,en,generic,footbath,One example of a container is ___.,-28.8125,-14.40625
1087,google/gemma-3-12b-it,container,en,generic,glass,One example of a container is ___.,-15.5,-15.5
1088,google/gemma-3-12b-it,container,en,generic,goblet,One example of a container is ___.,-22.75,-22.75
1089,google/gemma-3-12b-it,container,en,generic,hatbox,One example of a container is ___.,-26.5625,-13.28125
1090,google/gemma-3-12b-it,container,en,generic,honeypot,One example of a container is ___.,-26.374755859375,-8.791585286458334
1091,google/gemma-3-12b-it,container,en,generic,hot tub,One example of a container is ___.,-22.15625,-11.078125
1092,google/gemma-3-12b-it,container,en,generic,hot-water bottle,One example of a container is ___.,-28.921875,-7.23046875
1093,google/gemma-3-12b-it,container,en,generic,inkwell,One example of a container is ___.,-26.53125,-13.265625
1094,google/gemma-3-12b-it,container,en,generic,jar,One example of a container is ___.,-20.0,-20.0
1095,google/gemma-3-12b-it,container,en,generic,jug,One example of a container is ___.,-19.875,-19.875
1096,google/gemma-3-12b-it,container,en,generic,keg,One example of a container is ___.,-23.875,-23.875
1097,google/gemma-3-12b-it,container,en,generic,kettle,One example of a container is ___.,-22.75,-22.75
1098,google/gemma-3-12b-it,container,en,generic,locker,One example of a container is ___.,-24.0,-24.0
1099,google/gemma-3-12b-it,container,en,generic,luggage,One example of a container is ___.,-22.125,-22.125
1100,google/gemma-3-12b-it,container,en,generic,lunchbox,One example of a container is ___.,-21.966796875,-10.9833984375
1101,google/gemma-3-12b-it,container,en,generic,mailbox,One example of a container is ___.,-24.25,-24.25
1102,google/gemma-3-12b-it,container,en,generic,matchbox,One example of a container is ___.,-17.69921875,-8.849609375
1103,google/gemma-3-12b-it,container,en,generic,measuring cup,One example of a container is ___.,-22.734375,-11.3671875
1104,google/gemma-3-12b-it,container,en,generic,mold,One example of a container is ___.,-19.25,-19.25
1105,google/gemma-3-12b-it,container,en,generic,mug,One example of a container is ___.,-22.625,-22.625
1106,google/gemma-3-12b-it,container,en,generic,nightstand,One example of a container is ___.,-25.1875,-12.59375
1107,google/gemma-3-12b-it,container,en,generic,oilcan,One example of a container is ___.,-28.75,-14.375
1108,google/gemma-3-12b-it,container,en,generic,pan,One example of a container is ___.,-22.0,-22.0
1109,google/gemma-3-12b-it,container,en,generic,paper bag,One example of a container is ___.,-20.9375,-10.46875
1110,google/gemma-3-12b-it,container,en,generic,petri dish,One example of a container is ___.,-22.255859375,-11.1279296875
1111,google/gemma-3-12b-it,container,en,generic,piggy bank,One example of a container is ___.,-21.482421875,-10.7412109375
1112,google/gemma-3-12b-it,container,en,generic,pillbox,One example of a container is ___.,-25.9375,-12.96875
1113,google/gemma-3-12b-it,container,en,generic,pitcher,One example of a container is ___.,-22.25,-22.25
1114,google/gemma-3-12b-it,container,en,generic,pocket,One example of a container is ___.,-21.875,-21.875
1115,google/gemma-3-12b-it,container,en,generic,pot,One example of a container is ___.,-21.75,-21.75
1116,google/gemma-3-12b-it,container,en,generic,purse,One example of a container is ___.,-24.75,-24.75
1117,google/gemma-3-12b-it,container,en,generic,saltshaker,One example of a container is ___.,-22.783721923828125,-7.594573974609375
1118,google/gemma-3-12b-it,container,en,generic,sandbag,One example of a container is ___.,-24.75,-12.375
1119,google/gemma-3-12b-it,container,en,generic,sarcophagus,One example of a container is ___.,-22.1640625,-11.08203125
1120,google/gemma-3-12b-it,container,en,generic,shaker,One example of a container is ___.,-24.875,-24.875
1121,google/gemma-3-12b-it,container,en,generic,shopping basket,One example of a container is ___.,-24.234375,-12.1171875
1122,google/gemma-3-12b-it,container,en,generic,shopping cart,One example of a container is ___.,-22.8515625,-11.42578125
1123,google/gemma-3-12b-it,container,en,generic,suitcase,One example of a container is ___.,-23.5,-23.5
1124,google/gemma-3-12b-it,container,en,generic,swimming pool,One example of a container is ___.,-19.853515625,-9.9267578125
1125,google/gemma-3-12b-it,container,en,generic,syringe,One example of a container is ___.,-22.625,-22.625
1126,google/gemma-3-12b-it,container,en,generic,tank,One example of a container is ___.,-18.5,-18.5
1127,google/gemma-3-12b-it,container,en,generic,teacup,One example of a container is ___.,-24.9375,-12.46875
1128,google/gemma-3-12b-it,container,en,generic,teapot,One example of a container is ___.,-25.375,-25.375
1129,google/gemma-3-12b-it,container,en,generic,tent,One example of a container is ___.,-21.5,-21.5
1130,google/gemma-3-12b-it,container,en,generic,terrarium,One example of a container is ___.,-21.3990478515625,-10.69952392578125
1131,google/gemma-3-12b-it,container,en,generic,test tube,One example of a container is ___.,-20.7265625,-10.36328125
1132,google/gemma-3-12b-it,container,en,generic,thermos,One example of a container is ___.,-22.375,-22.375
1133,google/gemma-3-12b-it,container,en,generic,toolbox,One example of a container is ___.,-23.25,-23.25
1134,google/gemma-3-12b-it,container,en,generic,trashcan,One example of a container is ___.,-25.03125,-12.515625
1135,google/gemma-3-12b-it,container,en,generic,trunk,One example of a container is ___.,-20.875,-20.875
1136,google/gemma-3-12b-it,container,en,generic,tupperware,One example of a container is ___.,-24.634521484375,-12.3172607421875
1137,google/gemma-3-12b-it,container,en,generic,urn,One example of a container is ___.,-20.875,-20.875
1138,google/gemma-3-12b-it,container,en,generic,vase,One example of a container is ___.,-19.875,-19.875
1139,google/gemma-3-12b-it,container,en,generic,vial,One example of a container is ___.,-21.875,-21.875
1140,google/gemma-3-12b-it,container,en,generic,wallet,One example of a container is ___.,-23.75,-23.75
1141,google/gemma-3-12b-it,container,en,generic,water bottle,One example of a container is ___.,-13.5576171875,-6.77880859375
1142,google/gemma-3-12b-it,container,en,generic,water heater,One example of a container is ___.,-24.375,-12.1875
1143,google/gemma-3-12b-it,container,en,generic,watering can,One example of a container is ___.,-21.788330078125,-10.8941650390625
1144,google/gemma-3-12b-it,container,en,generic,wheelbarrow,One example of a container is ___.,-23.515625,-11.7578125
1145,google/gemma-3-12b-it,container,en,generic,wine bottle,One example of a container is ___.,-22.546875,-11.2734375
1146,google/gemma-3-12b-it,container,en,generic,wine cooler,One example of a container is ___.,-26.6875,-13.34375
1147,google/gemma-3-12b-it,container,en,generic,wineglass,One example of a container is ___.,-25.4375,-12.71875
1148,google/gemma-3-12b-it,container,en,generic,wok,One example of a container is ___.,-25.625,-25.625
1149,google/gemma-3-12b-it,container,en,indefinite_prod,bag,Name an example of a container: ___,-16.125,-16.125
1150,google/gemma-3-12b-it,container,en,indefinite_prod,aquarium,Name an example of a container: ___,-13.9375,-13.9375
1151,google/gemma-3-12b-it,container,en,indefinite_prod,ashtray,Name an example of a container: ___,-20.5185546875,-6.839518229166667
1152,google/gemma-3-12b-it,container,en,indefinite_prod,backpack,Name an example of a container: ___,-17.125,-17.125
1153,google/gemma-3-12b-it,container,en,indefinite_prod,ballot box,Name an example of a container: ___,-19.44091796875,-9.720458984375
1154,google/gemma-3-12b-it,container,en,indefinite_prod,bank,Name an example of a container: ___,-17.125,-17.125
1155,google/gemma-3-12b-it,container,en,indefinite_prod,barrel,Name an example of a container: ___,-16.5,-16.5
1156,google/gemma-3-12b-it,container,en,indefinite_prod,basket,Name an example of a container: ___,-13.9375,-13.9375
1157,google/gemma-3-12b-it,container,en,indefinite_prod,bathtub,Name an example of a container: ___,-15.4375,-15.4375
1158,google/gemma-3-12b-it,container,en,indefinite_prod,beaker,Name an example of a container: ___,-13.8125,-13.8125
1159,google/gemma-3-12b-it,container,en,indefinite_prod,bedpan,Name an example of a container: ___,-25.25,-12.625
1160,google/gemma-3-12b-it,container,en,indefinite_prod,bin,Name an example of a container: ___,-17.75,-17.75
1161,google/gemma-3-12b-it,container,en,indefinite_prod,birdbath,Name an example of a container: ___,-21.65625,-10.828125
1162,google/gemma-3-12b-it,container,en,indefinite_prod,birdcage,Name an example of a container: ___,-21.046875,-10.5234375
1163,google/gemma-3-12b-it,container,en,indefinite_prod,bottle,Name an example of a container: ___,-11.6875,-11.6875
1164,google/gemma-3-12b-it,container,en,indefinite_prod,bowl,Name an example of a container: ___,-16.125,-16.125
1165,google/gemma-3-12b-it,container,en,indefinite_prod,box,Name an example of a container: ___,-9.3125,-9.3125
1166,google/gemma-3-12b-it,container,en,indefinite_prod,breadbox,Name an example of a container: ___,-21.1875,-10.59375
1167,google/gemma-3-12b-it,container,en,indefinite_prod,briefcase,Name an example of a container: ___,-19.0,-19.0
1168,google/gemma-3-12b-it,container,en,indefinite_prod,bucket,Name an example of a container: ___,-14.8125,-14.8125
1169,google/gemma-3-12b-it,container,en,indefinite_prod,cabinet,Name an example of a container: ___,-17.25,-17.25
1170,google/gemma-3-12b-it,container,en,indefinite_prod,cage,Name an example of a container: ___,-19.875,-19.875
1171,google/gemma-3-12b-it,container,en,indefinite_prod,can,Name an example of a container: ___,-7.4375,-7.4375
1172,google/gemma-3-12b-it,container,en,indefinite_prod,canister,Name an example of a container: ___,-16.125,-16.125
1173,google/gemma-3-12b-it,container,en,indefinite_prod,chest,Name an example of a container: ___,-17.75,-17.75
1174,google/gemma-3-12b-it,container,en,indefinite_prod,closet,Name an example of a container: ___,-18.5,-18.5
1175,google/gemma-3-12b-it,container,en,indefinite_prod,coffee pot,Name an example of a container: ___,-14.75,-7.375
1176,google/gemma-3-12b-it,container,en,indefinite_prod,coffin,Name an example of a container: ___,-18.75,-18.75
1177,google/gemma-3-12b-it,container,en,indefinite_prod,container,Name an example of a container: ___,-6.9375,-6.9375
1178,google/gemma-3-12b-it,container,en,indefinite_prod,cooker,Name an example of a container: ___,-16.5,-16.5
1179,google/gemma-3-12b-it,container,en,indefinite_prod,coop,Name an example of a container: ___,-19.375,-19.375
1180,google/gemma-3-12b-it,container,en,indefinite_prod,crate,Name an example of a container: ___,-16.25,-16.25
1181,google/gemma-3-12b-it,container,en,indefinite_prod,cup,Name an example of a container: ___,-12.4375,-12.4375
1182,google/gemma-3-12b-it,container,en,indefinite_prod,doghouse,Name an example of a container: ___,-20.28125,-10.140625
1183,google/gemma-3-12b-it,container,en,indefinite_prod,drawer,Name an example of a container: ___,-17.0,-17.0
1184,google/gemma-3-12b-it,container,en,indefinite_prod,dresser,Name an example of a container: ___,-20.25,-20.25
1185,google/gemma-3-12b-it,container,en,indefinite_prod,duffel bag,Name an example of a container: ___,-24.484375,-8.161458333333334
1186,google/gemma-3-12b-it,container,en,indefinite_prod,dumpster,Name an example of a container: ___,-17.875,-17.875
1187,google/gemma-3-12b-it,container,en,indefinite_prod,dustpan,Name an example of a container: ___,-19.4375,-9.71875
1188,google/gemma-3-12b-it,container,en,indefinite_prod,filing cabinet,Name an example of a container: ___,-20.56640625,-10.283203125
1189,google/gemma-3-12b-it,container,en,indefinite_prod,fishbowl,Name an example of a container: ___,-14.66796875,-7.333984375
1190,google/gemma-3-12b-it,container,en,indefinite_prod,flask,Name an example of a container: ___,-17.875,-17.875
1191,google/gemma-3-12b-it,container,en,indefinite_prod,footbath,Name an example of a container: ___,-25.84375,-12.921875
1192,google/gemma-3-12b-it,container,en,indefinite_prod,glass,Name an example of a container: ___,-10.25,-10.25
1193,google/gemma-3-12b-it,container,en,indefinite_prod,goblet,Name an example of a container: ___,-18.875,-18.875
1194,google/gemma-3-12b-it,container,en,indefinite_prod,hatbox,Name an example of a container: ___,-26.125,-13.0625
1195,google/gemma-3-12b-it,container,en,indefinite_prod,honeypot,Name an example of a container: ___,-24.45782470703125,-8.152608235677084
1196,google/gemma-3-12b-it,container,en,indefinite_prod,hot tub,Name an example of a container: ___,-20.09375,-10.046875
1197,google/gemma-3-12b-it,container,en,indefinite_prod,hot-water bottle,Name an example of a container: ___,-29.18359375,-7.2958984375
1198,google/gemma-3-12b-it,container,en,indefinite_prod,inkwell,Name an example of a container: ___,-19.90625,-9.953125
1199,google/gemma-3-12b-it,container,en,indefinite_prod,jar,Name an example of a container: ___,-15.625,-15.625
1200,google/gemma-3-12b-it,container,en,indefinite_prod,jug,Name an example of a container: ___,-15.5625,-15.5625
1201,google/gemma-3-12b-it,container,en,indefinite_prod,keg,Name an example of a container: ___,-19.5,-19.5
1202,google/gemma-3-12b-it,container,en,indefinite_prod,kettle,Name an example of a container: ___,-16.875,-16.875
1203,google/gemma-3-12b-it,container,en,indefinite_prod,locker,Name an example of a container: ___,-19.5,-19.5
1204,google/gemma-3-12b-it,container,en,indefinite_prod,luggage,Name an example of a container: ___,-17.125,-17.125
1205,google/gemma-3-12b-it,container,en,indefinite_prod,lunchbox,Name an example of a container: ___,-16.232421875,-8.1162109375
1206,google/gemma-3-12b-it,container,en,indefinite_prod,mailbox,Name an example of a container: ___,-18.875,-18.875
1207,google/gemma-3-12b-it,container,en,indefinite_prod,matchbox,Name an example of a container: ___,-16.234375,-8.1171875
1208,google/gemma-3-12b-it,container,en,indefinite_prod,measuring cup,Name an example of a container: ___,-18.6337890625,-9.31689453125
1209,google/gemma-3-12b-it,container,en,indefinite_prod,mold,Name an example of a container: ___,-15.75,-15.75
1210,google/gemma-3-12b-it,container,en,indefinite_prod,mug,Name an example of a container: ___,-17.875,-17.875
1211,google/gemma-3-12b-it,container,en,indefinite_prod,nightstand,Name an example of a container: ___,-20.0341796875,-10.01708984375
1212,google/gemma-3-12b-it,container,en,indefinite_prod,oilcan,Name an example of a container: ___,-28.0,-14.0
1213,google/gemma-3-12b-it,container,en,indefinite_prod,pan,Name an example of a container: ___,-18.625,-18.625
1214,google/gemma-3-12b-it,container,en,indefinite_prod,paper bag,Name an example of a container: ___,-15.3125,-7.65625
1215,google/gemma-3-12b-it,container,en,indefinite_prod,petri dish,Name an example of a container: ___,-19.648681640625,-9.8243408203125
1216,google/gemma-3-12b-it,container,en,indefinite_prod,piggy bank,Name an example of a container: ___,-19.680419921875,-9.8402099609375
1217,google/gemma-3-12b-it,container,en,indefinite_prod,pillbox,Name an example of a container: ___,-19.953125,-9.9765625
1218,google/gemma-3-12b-it,container,en,indefinite_prod,pitcher,Name an example of a container: ___,-16.0,-16.0
1219,google/gemma-3-12b-it,container,en,indefinite_prod,pocket,Name an example of a container: ___,-17.125,-17.125
1220,google/gemma-3-12b-it,container,en,indefinite_prod,pot,Name an example of a container: ___,-15.4375,-15.4375
1221,google/gemma-3-12b-it,container,en,indefinite_prod,purse,Name an example of a container: ___,-20.375,-20.375
1222,google/gemma-3-12b-it,container,en,indefinite_prod,saltshaker,Name an example of a container: ___,-22.1795654296875,-7.3931884765625
1223,google/gemma-3-12b-it,container,en,indefinite_prod,sandbag,Name an example of a container: ___,-20.21875,-10.109375
1224,google/gemma-3-12b-it,container,en,indefinite_prod,sarcophagus,Name an example of a container: ___,-19.42578125,-9.712890625
1225,google/gemma-3-12b-it,container,en,indefinite_prod,shaker,Name an example of a container: ___,-19.125,-19.125
1226,google/gemma-3-12b-it,container,en,indefinite_prod,shopping basket,Name an example of a container: ___,-20.546875,-10.2734375
1227,google/gemma-3-12b-it,container,en,indefinite_prod,shopping cart,Name an example of a container: ___,-21.3125,-10.65625
1228,google/gemma-3-12b-it,container,en,indefinite_prod,suitcase,Name an example of a container: ___,-16.875,-16.875
1229,google/gemma-3-12b-it,container,en,indefinite_prod,swimming pool,Name an example of a container: ___,-15.060546875,-7.5302734375
1230,google/gemma-3-12b-it,container,en,indefinite_prod,syringe,Name an example of a container: ___,-18.5,-18.5
1231,google/gemma-3-12b-it,container,en,indefinite_prod,tank,Name an example of a container: ___,-13.125,-13.125
1232,google/gemma-3-12b-it,container,en,indefinite_prod,teacup,Name an example of a container: ___,-19.169921875,-9.5849609375
1233,google/gemma-3-12b-it,container,en,indefinite_prod,teapot,Name an example of a container: ___,-15.9375,-15.9375
1234,google/gemma-3-12b-it,container,en,indefinite_prod,tent,Name an example of a container: ___,-17.625,-17.625
1235,google/gemma-3-12b-it,container,en,indefinite_prod,terrarium,Name an example of a container: ___,-17.38311767578125,-8.691558837890625
1236,google/gemma-3-12b-it,container,en,indefinite_prod,test tube,Name an example of a container: ___,-20.125,-10.0625
1237,google/gemma-3-12b-it,container,en,indefinite_prod,thermos,Name an example of a container: ___,-19.0,-19.0
1238,google/gemma-3-12b-it,container,en,indefinite_prod,toolbox,Name an example of a container: ___,-16.875,-16.875
1239,google/gemma-3-12b-it,container,en,indefinite_prod,trashcan,Name an example of a container: ___,-21.578125,-10.7890625
1240,google/gemma-3-12b-it,container,en,indefinite_prod,trunk,Name an example of a container: ___,-17.875,-17.875
1241,google/gemma-3-12b-it,container,en,indefinite_prod,tupperware,Name an example of a container: ___,-20.53515625,-10.267578125
1242,google/gemma-3-12b-it,container,en,indefinite_prod,urn,Name an example of a container: ___,-17.25,-17.25
1243,google/gemma-3-12b-it,container,en,indefinite_prod,vase,Name an example of a container: ___,-13.75,-13.75
1244,google/gemma-3-12b-it,container,en,indefinite_prod,vial,Name an example of a container: ___,-17.875,-17.875
1245,google/gemma-3-12b-it,container,en,indefinite_prod,wallet,Name an example of a container: ___,-19.375,-19.375
1246,google/gemma-3-12b-it,container,en,indefinite_prod,water bottle,Name an example of a container: ___,-9.92236328125,-4.961181640625
1247,google/gemma-3-12b-it,container,en,indefinite_prod,water heater,Name an example of a container: ___,-20.4375,-10.21875
1248,google/gemma-3-12b-it,container,en,indefinite_prod,watering can,Name an example of a container: ___,-18.00665283203125,-9.003326416015625
1249,google/gemma-3-12b-it,container,en,indefinite_prod,wheelbarrow,Name an example of a container: ___,-17.046875,-8.5234375
1250,google/gemma-3-12b-it,container,en,indefinite_prod,wine bottle,Name an example of a container: ___,-15.154296875,-7.5771484375
1251,google/gemma-3-12b-it,container,en,indefinite_prod,wine cooler,Name an example of a container: ___,-20.28125,-10.140625
1252,google/gemma-3-12b-it,container,en,indefinite_prod,wineglass,Name an example of a container: ___,-19.65625,-9.828125
1253,google/gemma-3-12b-it,container,en,indefinite_prod,wok,Name an example of a container: ___,-22.125,-22.125
1254,google/gemma-3-12b-it,dessert,en,generic,baklava,One example of a dessert is ___.,-19.750276565551758,-9.875138282775879
1255,google/gemma-3-12b-it,dessert,en,generic,banana split,One example of a dessert is ___.,-21.125,-10.5625
1256,google/gemma-3-12b-it,dessert,en,generic,birthday cake,One example of a dessert is ___.,-21.501190185546875,-10.750595092773438
1257,google/gemma-3-12b-it,dessert,en,generic,brownie,One example of a dessert is ___.,-19.25,-19.25
1258,google/gemma-3-12b-it,dessert,en,generic,cake,One example of a dessert is ___.,-15.1875,-15.1875
1259,google/gemma-3-12b-it,dessert,en,generic,cake mix,One example of a dessert is ___.,-32.375,-16.1875
1260,google/gemma-3-12b-it,dessert,en,generic,caramel,One example of a dessert is ___.,-17.75,-17.75
1261,google/gemma-3-12b-it,dessert,en,generic,cheese,One example of a dessert is ___.,-15.625,-15.625
1262,google/gemma-3-12b-it,dessert,en,generic,cheesecake,One example of a dessert is ___.,-15.6875,-15.6875
1263,google/gemma-3-12b-it,dessert,en,generic,chocolate,One example of a dessert is ___.,-13.0,-13.0
1264,google/gemma-3-12b-it,dessert,en,generic,cookie,One example of a dessert is ___.,-15.625,-15.625
1265,google/gemma-3-12b-it,dessert,en,generic,creme brulee,One example of a dessert is ___.,-21.268911361694336,-7.089637120564778
1266,google/gemma-3-12b-it,dessert,en,generic,crepe,One example of a dessert is ___.,-22.75,-22.75
1267,google/gemma-3-12b-it,dessert,en,generic,cupcake,One example of a dessert is ___.,-18.5,-18.5
1268,google/gemma-3-12b-it,dessert,en,generic,dessert,One example of a dessert is ___.,-13.25,-13.25
1269,google/gemma-3-12b-it,dessert,en,generic,donut,One example of a dessert is ___.,-20.625,-20.625
1270,google/gemma-3-12b-it,dessert,en,generic,eclair,One example of a dessert is ___.,-30.8125,-15.40625
1271,google/gemma-3-12b-it,dessert,en,generic,flan,One example of a dessert is ___.,-19.250904083251953,-9.625452041625977
1272,google/gemma-3-12b-it,dessert,en,generic,fruitcake,One example of a dessert is ___.,-19.15625,-9.578125
1273,google/gemma-3-12b-it,dessert,en,generic,fudge,One example of a dessert is ___.,-17.5,-17.5
1274,google/gemma-3-12b-it,dessert,en,generic,ice cream,One example of a dessert is ___.,-12.317047119140625,-6.1585235595703125
1275,google/gemma-3-12b-it,dessert,en,generic,ice-cream cone,One example of a dessert is ___.,-30.813438415527344,-7.703359603881836
1276,google/gemma-3-12b-it,dessert,en,generic,milkshake,One example of a dessert is ___.,-21.0,-21.0
1277,google/gemma-3-12b-it,dessert,en,generic,mousse,One example of a dessert is ___.,-19.25,-19.25
1278,google/gemma-3-12b-it,dessert,en,generic,muffin,One example of a dessert is ___.,-19.75,-19.75
1279,google/gemma-3-12b-it,dessert,en,generic,parfait,One example of a dessert is ___.,-22.0,-22.0
1280,google/gemma-3-12b-it,dessert,en,generic,pastry,One example of a dessert is ___.,-16.625,-16.625
1281,google/gemma-3-12b-it,dessert,en,generic,pie,One example of a dessert is ___.,-15.375,-15.375
1282,google/gemma-3-12b-it,dessert,en,generic,popsicle,One example of a dessert is ___.,-18.625,-18.625
1283,google/gemma-3-12b-it,dessert,en,generic,pudding,One example of a dessert is ___.,-18.75,-18.75
1284,google/gemma-3-12b-it,dessert,en,generic,shortbread,One example of a dessert is ___.,-17.8359375,-8.91796875
1285,google/gemma-3-12b-it,dessert,en,generic,sorbet,One example of a dessert is ___.,-20.000526428222656,-10.000263214111328
1286,google/gemma-3-12b-it,dessert,en,generic,souffle,One example of a dessert is ___.,-24.125,-24.125
1287,google/gemma-3-12b-it,dessert,en,generic,sundae,One example of a dessert is ___.,-21.125211715698242,-10.562605857849121
1288,google/gemma-3-12b-it,dessert,en,generic,tiramisu,One example of a dessert is ___.,-21.00143051147461,-7.000476837158203
1289,google/gemma-3-12b-it,dessert,en,generic,wedding cake,One example of a dessert is ___.,-21.751358032226562,-10.875679016113281
1290,google/gemma-3-12b-it,dessert,en,generic,whipped cream,One example of a dessert is ___.,-20.2659912109375,-10.13299560546875
1291,google/gemma-3-12b-it,dessert,en,indefinite_prod,baklava,Name an example of a dessert: ___,-15.812566757202148,-7.906283378601074
1292,google/gemma-3-12b-it,dessert,en,indefinite_prod,banana split,Name an example of a dessert: ___,-13.5234375,-6.76171875
1293,google/gemma-3-12b-it,dessert,en,indefinite_prod,birthday cake,Name an example of a dessert: ___,-16.875709533691406,-8.437854766845703
1294,google/gemma-3-12b-it,dessert,en,indefinite_prod,brownie,Name an example of a dessert: ___,-10.5625,-10.5625
1295,google/gemma-3-12b-it,dessert,en,indefinite_prod,cake,Name an example of a dessert: ___,-7.65625,-7.65625
1296,google/gemma-3-12b-it,dessert,en,indefinite_prod,cake mix,Name an example of a dessert: ___,-26.28125,-13.140625
1297,google/gemma-3-12b-it,dessert,en,indefinite_prod,caramel,Name an example of a dessert: ___,-13.625,-13.625
1298,google/gemma-3-12b-it,dessert,en,indefinite_prod,cheese,Name an example of a dessert: ___,-11.4375,-11.4375
1299,google/gemma-3-12b-it,dessert,en,indefinite_prod,cheesecake,Name an example of a dessert: ___,-7.09375,-7.09375
1300,google/gemma-3-12b-it,dessert,en,indefinite_prod,chocolate,Name an example of a dessert: ___,-8.3125,-8.3125
1301,google/gemma-3-12b-it,dessert,en,indefinite_prod,cookie,Name an example of a dessert: ___,-8.5,-8.5
1302,google/gemma-3-12b-it,dessert,en,indefinite_prod,creme brulee,Name an example of a dessert: ___,-15.957269191741943,-5.3190897305806475
1303,google/gemma-3-12b-it,dessert,en,indefinite_prod,crepe,Name an example of a dessert: ___,-17.75,-17.75
1304,google/gemma-3-12b-it,dessert,en,indefinite_prod,cupcake,Name an example of a dessert: ___,-11.1875,-11.1875
1305,google/gemma-3-12b-it,dessert,en,indefinite_prod,dessert,Name an example of a dessert: ___,-10.625,-10.625
1306,google/gemma-3-12b-it,dessert,en,indefinite_prod,donut,Name an example of a dessert: ___,-13.6875,-13.6875
1307,google/gemma-3-12b-it,dessert,en,indefinite_prod,eclair,Name an example of a dessert: ___,-13.81332778930664,-6.90666389465332
1308,google/gemma-3-12b-it,dessert,en,indefinite_prod,flan,Name an example of a dessert: ___,-15.688224792480469,-7.844112396240234
1309,google/gemma-3-12b-it,dessert,en,indefinite_prod,fruitcake,Name an example of a dessert: ___,-17.96875,-8.984375
1310,google/gemma-3-12b-it,dessert,en,indefinite_prod,fudge,Name an example of a dessert: ___,-12.0,-12.0
1311,google/gemma-3-12b-it,dessert,en,indefinite_prod,ice cream,Name an example of a dessert: ___,-6.5958099365234375,-3.2979049682617188
1312,google/gemma-3-12b-it,dessert,en,indefinite_prod,ice-cream cone,Name an example of a dessert: ___,-19.031339168548584,-4.757834792137146
1313,google/gemma-3-12b-it,dessert,en,indefinite_prod,milkshake,Name an example of a dessert: ___,-14.0625,-14.0625
1314,google/gemma-3-12b-it,dessert,en,indefinite_prod,mousse,Name an example of a dessert: ___,-13.5,-13.5
1315,google/gemma-3-12b-it,dessert,en,indefinite_prod,muffin,Name an example of a dessert: ___,-15.375,-15.375
1316,google/gemma-3-12b-it,dessert,en,indefinite_prod,parfait,Name an example of a dessert: ___,-18.125,-18.125
1317,google/gemma-3-12b-it,dessert,en,indefinite_prod,pastry,Name an example of a dessert: ___,-11.5625,-11.5625
1318,google/gemma-3-12b-it,dessert,en,indefinite_prod,pie,Name an example of a dessert: ___,-7.09375,-7.09375
1319,google/gemma-3-12b-it,dessert,en,indefinite_prod,popsicle,Name an example of a dessert: ___,-13.125,-13.125
1320,google/gemma-3-12b-it,dessert,en,indefinite_prod,pudding,Name an example of a dessert: ___,-9.0,-9.0
1321,google/gemma-3-12b-it,dessert,en,indefinite_prod,shortbread,Name an example of a dessert: ___,-16.234375,-8.1171875
1322,google/gemma-3-12b-it,dessert,en,indefinite_prod,sorbet,Name an example of a dessert: ___,-14.937584400177002,-7.468792200088501
1323,google/gemma-3-12b-it,dessert,en,indefinite_prod,souffle,Name an example of a dessert: ___,-15.25,-15.25
1324,google/gemma-3-12b-it,dessert,en,indefinite_prod,sundae,Name an example of a dessert: ___,-15.187512993812561,-7.5937564969062805
1325,google/gemma-3-12b-it,dessert,en,indefinite_prod,tiramisu,Name an example of a dessert: ___,-16.75052833557129,-5.58350944519043
1326,google/gemma-3-12b-it,dessert,en,indefinite_prod,wedding cake,Name an example of a dessert: ___,-19.125720977783203,-9.562860488891602
1327,google/gemma-3-12b-it,dessert,en,indefinite_prod,whipped cream,Name an example of a dessert: ___,-15.5146484375,-7.75732421875
1328,google/gemma-3-12b-it,drink,en,generic,beer,One example of a drink is ___.,-16.375,-16.375
1329,google/gemma-3-12b-it,drink,en,generic,champagne,One example of a drink is ___.,-19.75,-19.75
1330,google/gemma-3-12b-it,drink,en,generic,cocktail,One example of a drink is ___.,-19.125,-19.125
1331,google/gemma-3-12b-it,drink,en,generic,coffee,One example of a drink is ___.,-10.8125,-10.8125
1332,google/gemma-3-12b-it,drink,en,generic,drink,One example of a drink is ___.,-13.1875,-13.1875
1333,google/gemma-3-12b-it,drink,en,generic,eggnog,One example of a drink is ___.,-19.33154296875,-9.665771484375
1334,google/gemma-3-12b-it,drink,en,generic,espresso,One example of a drink is ___.,-17.625,-17.625
1335,google/gemma-3-12b-it,drink,en,generic,hot chocolate,One example of a drink is ___.,-17.552734375,-8.7763671875
1336,google/gemma-3-12b-it,drink,en,generic,juice,One example of a drink is ___.,-15.5625,-15.5625
1337,google/gemma-3-12b-it,drink,en,generic,latte,One example of a drink is ___.,-21.625,-21.625
1338,google/gemma-3-12b-it,drink,en,generic,lemonade,One example of a drink is ___.,-14.125,-14.125
1339,google/gemma-3-12b-it,drink,en,generic,margarita,One example of a drink is ___.,-23.0,-23.0
1340,google/gemma-3-12b-it,drink,en,generic,milk,One example of a drink is ___.,-13.4375,-13.4375
1341,google/gemma-3-12b-it,drink,en,generic,milkshake,One example of a drink is ___.,-18.625,-18.625
1342,google/gemma-3-12b-it,drink,en,generic,punch,One example of a drink is ___.,-22.125,-22.125
1343,google/gemma-3-12b-it,drink,en,generic,smoothie,One example of a drink is ___.,-19.75,-19.75
1344,google/gemma-3-12b-it,drink,en,generic,soda,One example of a drink is ___.,-14.125,-14.125
1345,google/gemma-3-12b-it,drink,en,generic,tea,One example of a drink is ___.,-13.625,-13.625
1346,google/gemma-3-12b-it,drink,en,generic,wine,One example of a drink is ___.,-15.0625,-15.0625
1347,google/gemma-3-12b-it,drink,en,indefinite_prod,beer,Name an example of a drink: ___,-8.9375,-8.9375
1348,google/gemma-3-12b-it,drink,en,indefinite_prod,champagne,Name an example of a drink: ___,-13.8125,-13.8125
1349,google/gemma-3-12b-it,drink,en,indefinite_prod,cocktail,Name an example of a drink: ___,-11.375,-11.375
1350,google/gemma-3-12b-it,drink,en,indefinite_prod,coffee,Name an example of a drink: ___,-4.8125,-4.8125
1351,google/gemma-3-12b-it,drink,en,indefinite_prod,drink,Name an example of a drink: ___,-9.0,-9.0
1352,google/gemma-3-12b-it,drink,en,indefinite_prod,eggnog,Name an example of a drink: ___,-13.37890625,-6.689453125
1353,google/gemma-3-12b-it,drink,en,indefinite_prod,espresso,Name an example of a drink: ___,-10.875,-10.875
1354,google/gemma-3-12b-it,drink,en,indefinite_prod,hot chocolate,Name an example of a drink: ___,-11.28515625,-5.642578125
1355,google/gemma-3-12b-it,drink,en,indefinite_prod,juice,Name an example of a drink: ___,-3.953125,-3.953125
1356,google/gemma-3-12b-it,drink,en,indefinite_prod,latte,Name an example of a drink: ___,-11.25,-11.25
1357,google/gemma-3-12b-it,drink,en,indefinite_prod,lemonade,Name an example of a drink: ___,-5.0625,-5.0625
1358,google/gemma-3-12b-it,drink,en,indefinite_prod,margarita,Name an example of a drink: ___,-15.625,-15.625
1359,google/gemma-3-12b-it,drink,en,indefinite_prod,milk,Name an example of a drink: ___,-4.3125,-4.3125
1360,google/gemma-3-12b-it,drink,en,indefinite_prod,milkshake,Name an example of a drink: ___,-7.5625,-7.5625
1361,google/gemma-3-12b-it,drink,en,indefinite_prod,punch,Name an example of a drink: ___,-10.625,-10.625
1362,google/gemma-3-12b-it,drink,en,indefinite_prod,smoothie,Name an example of a drink: ___,-9.125,-9.125
1363,google/gemma-3-12b-it,drink,en,indefinite_prod,soda,Name an example of a drink: ___,-4.8125,-4.8125
1364,google/gemma-3-12b-it,drink,en,indefinite_prod,tea,Name an example of a drink: ___,-4.3125,-4.3125
1365,google/gemma-3-12b-it,drink,en,indefinite_prod,wine,Name an example of a drink: ___,-9.8125,-9.8125
1366,google/gemma-3-12b-it,electronic device,en,generic,radio,One example of a electronic device is ___.,-15.375,-15.375
1367,google/gemma-3-12b-it,electronic device,en,generic,air conditioner,One example of a electronic device is ___.,-16.6962890625,-8.34814453125
1368,google/gemma-3-12b-it,electronic device,en,generic,amplifier,One example of a electronic device is ___.,-18.875,-18.875
1369,google/gemma-3-12b-it,electronic device,en,generic,blender,One example of a electronic device is ___.,-22.375,-22.375
1370,google/gemma-3-12b-it,electronic device,en,generic,blower,One example of a electronic device is ___.,-25.875,-25.875
1371,google/gemma-3-12b-it,electronic device,en,generic,camcorder,One example of a electronic device is ___.,-23.3515625,-11.67578125
1372,google/gemma-3-12b-it,electronic device,en,generic,camera,One example of a electronic device is ___.,-19.625,-19.625
1373,google/gemma-3-12b-it,electronic device,en,generic,cash machine,One example of a electronic device is ___.,-26.34375,-13.171875
1374,google/gemma-3-12b-it,electronic device,en,generic,cd player,One example of a electronic device is ___.,-20.845703125,-10.4228515625
1375,google/gemma-3-12b-it,electronic device,en,generic,cellphone,One example of a electronic device is ___.,-17.375,-17.375
1376,google/gemma-3-12b-it,electronic device,en,generic,centrifuge,One example of a electronic device is ___.,-24.625,-24.625
1377,google/gemma-3-12b-it,electronic device,en,generic,chainsaw,One example of a electronic device is ___.,-23.0,-23.0
1378,google/gemma-3-12b-it,electronic device,en,generic,coffeemaker,One example of a electronic device is ___.,-22.185546875,-7.395182291666667
1379,google/gemma-3-12b-it,electronic device,en,generic,computer,One example of a electronic device is ___.,-14.25,-14.25
1380,google/gemma-3-12b-it,electronic device,en,generic,computer screen,One example of a electronic device is ___.,-23.75,-11.875
1381,google/gemma-3-12b-it,electronic device,en,generic,cooker,One example of a electronic device is ___.,-24.875,-24.875
1382,google/gemma-3-12b-it,electronic device,en,generic,copier,One example of a electronic device is ___.,-24.0,-24.0
1383,google/gemma-3-12b-it,electronic device,en,generic,curling iron,One example of a electronic device is ___.,-24.901611328125,-12.4508056640625
1384,google/gemma-3-12b-it,electronic device,en,generic,defibrillator,One example of a electronic device is ___.,-21.90380859375,-10.951904296875
1385,google/gemma-3-12b-it,electronic device,en,generic,dishwasher,One example of a electronic device is ___.,-24.75,-24.75
1386,google/gemma-3-12b-it,electronic device,en,generic,drill,One example of a electronic device is ___.,-22.0,-22.0
1387,google/gemma-3-12b-it,electronic device,en,generic,dryer,One example of a electronic device is ___.,-23.375,-23.375
1388,google/gemma-3-12b-it,electronic device,en,generic,electric chair,One example of a electronic device is ___.,-21.8125,-10.90625
1389,google/gemma-3-12b-it,electronic device,en,generic,fan,One example of a electronic device is ___.,-18.75,-18.75
1390,google/gemma-3-12b-it,electronic device,en,generic,food processor,One example of a electronic device is ___.,-18.7607421875,-9.38037109375
1391,google/gemma-3-12b-it,electronic device,en,generic,freezer,One example of a electronic device is ___.,-24.5,-24.5
1392,google/gemma-3-12b-it,electronic device,en,generic,generator,One example of a electronic device is ___.,-21.875,-21.875
1393,google/gemma-3-12b-it,electronic device,en,generic,hairdryer,One example of a electronic device is ___.,-24.375,-24.375
1394,google/gemma-3-12b-it,electronic device,en,generic,hotplate,One example of a electronic device is ___.,-26.5,-13.25
1395,google/gemma-3-12b-it,electronic device,en,generic,icemaker,One example of a electronic device is ___.,-25.71875,-12.859375
1396,google/gemma-3-12b-it,electronic device,en,generic,incubator,One example of a electronic device is ___.,-24.25,-24.25
1397,google/gemma-3-12b-it,electronic device,en,generic,iron,One example of a electronic device is ___.,-20.5,-20.5
1398,google/gemma-3-12b-it,electronic device,en,generic,jackhammer,One example of a electronic device is ___.,-26.59375,-13.296875
1399,google/gemma-3-12b-it,electronic device,en,generic,joystick,One example of a electronic device is ___.,-22.625,-22.625
1400,google/gemma-3-12b-it,electronic device,en,generic,juicer,One example of a electronic device is ___.,-24.5390625,-12.26953125
1401,google/gemma-3-12b-it,electronic device,en,generic,jukebox,One example of a electronic device is ___.,-23.125,-23.125
1402,google/gemma-3-12b-it,electronic device,en,generic,lamp,One example of a electronic device is ___.,-20.875,-20.875
1403,google/gemma-3-12b-it,electronic device,en,generic,laptop,One example of a electronic device is ___.,-16.875,-16.875
1404,google/gemma-3-12b-it,electronic device,en,generic,metal detector,One example of a electronic device is ___.,-20.703125,-10.3515625
1405,google/gemma-3-12b-it,electronic device,en,generic,microphone,One example of a electronic device is ___.,-20.625,-20.625
1406,google/gemma-3-12b-it,electronic device,en,generic,microwave,One example of a electronic device is ___.,-18.625,-18.625
1407,google/gemma-3-12b-it,electronic device,en,generic,mixer,One example of a electronic device is ___.,-26.125,-26.125
1408,google/gemma-3-12b-it,electronic device,en,generic,modem,One example of a electronic device is ___.,-21.75,-21.75
1409,google/gemma-3-12b-it,electronic device,en,generic,mouse,One example of a electronic device is ___.,-18.75,-18.75
1410,google/gemma-3-12b-it,electronic device,en,generic,music box,One example of a electronic device is ___.,-25.875,-12.9375
1411,google/gemma-3-12b-it,electronic device,en,generic,pinball,One example of a electronic device is ___.,-24.4375,-12.21875
1412,google/gemma-3-12b-it,electronic device,en,generic,polygraph,One example of a electronic device is ___.,-23.2734375,-11.63671875
1413,google/gemma-3-12b-it,electronic device,en,generic,printer,One example of a electronic device is ___.,-19.375,-19.375
1414,google/gemma-3-12b-it,electronic device,en,generic,projector,One example of a electronic device is ___.,-24.375,-24.375
1415,google/gemma-3-12b-it,electronic device,en,generic,record player,One example of a electronic device is ___.,-20.140625,-10.0703125
1416,google/gemma-3-12b-it,electronic device,en,generic,refrigerator,One example of a electronic device is ___.,-19.625,-19.625
1417,google/gemma-3-12b-it,electronic device,en,generic,remote control,One example of a electronic device is ___.,-18.5498046875,-9.27490234375
1418,google/gemma-3-12b-it,electronic device,en,generic,router,One example of a electronic device is ___.,-22.75,-22.75
1419,google/gemma-3-12b-it,electronic device,en,generic,scanner,One example of a electronic device is ___.,-21.875,-21.875
1420,google/gemma-3-12b-it,electronic device,en,generic,screen,One example of a electronic device is ___.,-19.625,-19.625
1421,google/gemma-3-12b-it,electronic device,en,generic,sewing machine,One example of a electronic device is ___.,-21.2939453125,-10.64697265625
1422,google/gemma-3-12b-it,electronic device,en,generic,shredder,One example of a electronic device is ___.,-22.3935546875,-11.19677734375
1423,google/gemma-3-12b-it,electronic device,en,generic,slicer,One example of a electronic device is ___.,-24.431640625,-12.2158203125
1424,google/gemma-3-12b-it,electronic device,en,generic,slot machine,One example of a electronic device is ___.,-24.9296875,-12.46484375
1425,google/gemma-3-12b-it,electronic device,en,generic,smoke alarm,One example of a electronic device is ___.,-24.21875,-12.109375
1426,google/gemma-3-12b-it,electronic device,en,generic,stereo,One example of a electronic device is ___.,-22.25,-22.25
1427,google/gemma-3-12b-it,electronic device,en,generic,tablet,One example of a electronic device is ___.,-20.25,-20.25
1428,google/gemma-3-12b-it,electronic device,en,generic,tape recorder,One example of a electronic device is ___.,-21.35546875,-10.677734375
1429,google/gemma-3-12b-it,electronic device,en,generic,television,One example of a electronic device is ___.,-16.25,-16.25
1430,google/gemma-3-12b-it,electronic device,en,generic,toaster,One example of a electronic device is ___.,-21.125,-21.125
1431,google/gemma-3-12b-it,electronic device,en,generic,toaster oven,One example of a electronic device is ___.,-23.28125,-11.640625
1432,google/gemma-3-12b-it,electronic device,en,generic,treadmill,One example of a electronic device is ___.,-24.5,-24.5
1433,google/gemma-3-12b-it,electronic device,en,generic,turntable,One example of a electronic device is ___.,-22.625,-22.625
1434,google/gemma-3-12b-it,electronic device,en,generic,vacuum,One example of a electronic device is ___.,-19.5,-19.5
1435,google/gemma-3-12b-it,electronic device,en,generic,vending machine,One example of a electronic device is ___.,-20.982421875,-10.4912109375
1436,google/gemma-3-12b-it,electronic device,en,generic,waffle iron,One example of a electronic device is ___.,-24.8828125,-12.44140625
1437,google/gemma-3-12b-it,electronic device,en,generic,washing machine,One example of a electronic device is ___.,-21.92138671875,-10.960693359375
1438,google/gemma-3-12b-it,electronic device,en,generic,water heater,One example of a electronic device is ___.,-17.91015625,-8.955078125
1439,google/gemma-3-12b-it,electronic device,en,generic,webcam,One example of a electronic device is ___.,-23.0,-23.0
1440,google/gemma-3-12b-it,electronic device,en,indefinite_prod,radio,Name an example of a electronic device: ___,-11.0,-11.0
1441,google/gemma-3-12b-it,electronic device,en,indefinite_prod,air conditioner,Name an example of a electronic device: ___,-17.7412109375,-8.87060546875
1442,google/gemma-3-12b-it,electronic device,en,indefinite_prod,amplifier,Name an example of a electronic device: ___,-15.375,-15.375
1443,google/gemma-3-12b-it,electronic device,en,indefinite_prod,blender,Name an example of a electronic device: ___,-16.5,-16.5
1444,google/gemma-3-12b-it,electronic device,en,indefinite_prod,blower,Name an example of a electronic device: ___,-23.625,-23.625
1445,google/gemma-3-12b-it,electronic device,en,indefinite_prod,camcorder,Name an example of a electronic device: ___,-21.09130859375,-10.545654296875
1446,google/gemma-3-12b-it,electronic device,en,indefinite_prod,camera,Name an example of a electronic device: ___,-12.0625,-12.0625
1447,google/gemma-3-12b-it,electronic device,en,indefinite_prod,cash machine,Name an example of a electronic device: ___,-26.3125,-13.15625
1448,google/gemma-3-12b-it,electronic device,en,indefinite_prod,cd player,Name an example of a electronic device: ___,-21.54345703125,-10.771728515625
1449,google/gemma-3-12b-it,electronic device,en,indefinite_prod,cellphone,Name an example of a electronic device: ___,-11.5625,-11.5625
1450,google/gemma-3-12b-it,electronic device,en,indefinite_prod,centrifuge,Name an example of a electronic device: ___,-24.25,-24.25
1451,google/gemma-3-12b-it,electronic device,en,indefinite_prod,chainsaw,Name an example of a electronic device: ___,-19.25,-19.25
1452,google/gemma-3-12b-it,electronic device,en,indefinite_prod,coffeemaker,Name an example of a electronic device: ___,-19.9532470703125,-6.651082356770833
1453,google/gemma-3-12b-it,electronic device,en,indefinite_prod,computer,Name an example of a electronic device: ___,-10.375,-10.375
1454,google/gemma-3-12b-it,electronic device,en,indefinite_prod,computer screen,Name an example of a electronic device: ___,-20.8125,-10.40625
1455,google/gemma-3-12b-it,electronic device,en,indefinite_prod,cooker,Name an example of a electronic device: ___,-17.375,-17.375
1456,google/gemma-3-12b-it,electronic device,en,indefinite_prod,copier,Name an example of a electronic device: ___,-20.375,-20.375
1457,google/gemma-3-12b-it,electronic device,en,indefinite_prod,curling iron,Name an example of a electronic device: ___,-22.76226806640625,-11.381134033203125
1458,google/gemma-3-12b-it,electronic device,en,indefinite_prod,defibrillator,Name an example of a electronic device: ___,-21.754058837890625,-10.877029418945312
1459,google/gemma-3-12b-it,electronic device,en,indefinite_prod,dishwasher,Name an example of a electronic device: ___,-16.5,-16.5
1460,google/gemma-3-12b-it,electronic device,en,indefinite_prod,drill,Name an example of a electronic device: ___,-20.625,-20.625
1461,google/gemma-3-12b-it,electronic device,en,indefinite_prod,dryer,Name an example of a electronic device: ___,-20.375,-20.375
1462,google/gemma-3-12b-it,electronic device,en,indefinite_prod,electric chair,Name an example of a electronic device: ___,-20.9375,-10.46875
1463,google/gemma-3-12b-it,electronic device,en,indefinite_prod,fan,Name an example of a electronic device: ___,-16.125,-16.125
1464,google/gemma-3-12b-it,electronic device,en,indefinite_prod,food processor,Name an example of a electronic device: ___,-18.4443359375,-9.22216796875
1465,google/gemma-3-12b-it,electronic device,en,indefinite_prod,freezer,Name an example of a electronic device: ___,-19.0,-19.0
1466,google/gemma-3-12b-it,electronic device,en,indefinite_prod,generator,Name an example of a electronic device: ___,-20.0,-20.0
1467,google/gemma-3-12b-it,electronic device,en,indefinite_prod,hairdryer,Name an example of a electronic device: ___,-19.125,-19.125
1468,google/gemma-3-12b-it,electronic device,en,indefinite_prod,hotplate,Name an example of a electronic device: ___,-26.59375,-13.296875
1469,google/gemma-3-12b-it,electronic device,en,indefinite_prod,icemaker,Name an example of a electronic device: ___,-25.3125,-12.65625
1470,google/gemma-3-12b-it,electronic device,en,indefinite_prod,incubator,Name an example of a electronic device: ___,-22.125,-22.125
1471,google/gemma-3-12b-it,electronic device,en,indefinite_prod,iron,Name an example of a electronic device: ___,-19.5,-19.5
1472,google/gemma-3-12b-it,electronic device,en,indefinite_prod,jackhammer,Name an example of a electronic device: ___,-26.0625,-13.03125
1473,google/gemma-3-12b-it,electronic device,en,indefinite_prod,joystick,Name an example of a electronic device: ___,-20.375,-20.375
1474,google/gemma-3-12b-it,electronic device,en,indefinite_prod,juicer,Name an example of a electronic device: ___,-23.0703125,-11.53515625
1475,google/gemma-3-12b-it,electronic device,en,indefinite_prod,jukebox,Name an example of a electronic device: ___,-19.0,-19.0
1476,google/gemma-3-12b-it,electronic device,en,indefinite_prod,lamp,Name an example of a electronic device: ___,-14.9375,-14.9375
1477,google/gemma-3-12b-it,electronic device,en,indefinite_prod,laptop,Name an example of a electronic device: ___,-9.8125,-9.8125
1478,google/gemma-3-12b-it,electronic device,en,indefinite_prod,metal detector,Name an example of a electronic device: ___,-19.533203125,-9.7666015625
1479,google/gemma-3-12b-it,electronic device,en,indefinite_prod,microphone,Name an example of a electronic device: ___,-15.5,-15.5
1480,google/gemma-3-12b-it,electronic device,en,indefinite_prod,microwave,Name an example of a electronic device: ___,-13.625,-13.625
1481,google/gemma-3-12b-it,electronic device,en,indefinite_prod,mixer,Name an example of a electronic device: ___,-21.25,-21.25
1482,google/gemma-3-12b-it,electronic device,en,indefinite_prod,modem,Name an example of a electronic device: ___,-19.25,-19.25
1483,google/gemma-3-12b-it,electronic device,en,indefinite_prod,mouse,Name an example of a electronic device: ___,-16.375,-16.375
1484,google/gemma-3-12b-it,electronic device,en,indefinite_prod,music box,Name an example of a electronic device: ___,-22.03125,-11.015625
1485,google/gemma-3-12b-it,electronic device,en,indefinite_prod,pinball,Name an example of a electronic device: ___,-27.03125,-13.515625
1486,google/gemma-3-12b-it,electronic device,en,indefinite_prod,polygraph,Name an example of a electronic device: ___,-25.34375,-12.671875
1487,google/gemma-3-12b-it,electronic device,en,indefinite_prod,printer,Name an example of a electronic device: ___,-14.75,-14.75
1488,google/gemma-3-12b-it,electronic device,en,indefinite_prod,projector,Name an example of a electronic device: ___,-17.75,-17.75
1489,google/gemma-3-12b-it,electronic device,en,indefinite_prod,record player,Name an example of a electronic device: ___,-16.7646484375,-8.38232421875
1490,google/gemma-3-12b-it,electronic device,en,indefinite_prod,refrigerator,Name an example of a electronic device: ___,-11.9375,-11.9375
1491,google/gemma-3-12b-it,electronic device,en,indefinite_prod,remote control,Name an example of a electronic device: ___,-16.62255859375,-8.311279296875
1492,google/gemma-3-12b-it,electronic device,en,indefinite_prod,router,Name an example of a electronic device: ___,-17.25,-17.25
1493,google/gemma-3-12b-it,electronic device,en,indefinite_prod,scanner,Name an example of a electronic device: ___,-16.125,-16.125
1494,google/gemma-3-12b-it,electronic device,en,indefinite_prod,screen,Name an example of a electronic device: ___,-14.0,-14.0
1495,google/gemma-3-12b-it,electronic device,en,indefinite_prod,sewing machine,Name an example of a electronic device: ___,-21.00830078125,-10.504150390625
1496,google/gemma-3-12b-it,electronic device,en,indefinite_prod,shredder,Name an example of a electronic device: ___,-24.0189208984375,-12.00946044921875
1497,google/gemma-3-12b-it,electronic device,en,indefinite_prod,slicer,Name an example of a electronic device: ___,-23.42529296875,-11.712646484375
1498,google/gemma-3-12b-it,electronic device,en,indefinite_prod,slot machine,Name an example of a electronic device: ___,-19.0400390625,-9.52001953125
1499,google/gemma-3-12b-it,electronic device,en,indefinite_prod,smoke alarm,Name an example of a electronic device: ___,-22.046875,-11.0234375
1500,google/gemma-3-12b-it,electronic device,en,indefinite_prod,stereo,Name an example of a electronic device: ___,-18.0,-18.0
1501,google/gemma-3-12b-it,electronic device,en,indefinite_prod,tablet,Name an example of a electronic device: ___,-10.6875,-10.6875
1502,google/gemma-3-12b-it,electronic device,en,indefinite_prod,tape recorder,Name an example of a electronic device: ___,-19.90625,-9.953125
1503,google/gemma-3-12b-it,electronic device,en,indefinite_prod,television,Name an example of a electronic device: ___,-8.375,-8.375
1504,google/gemma-3-12b-it,electronic device,en,indefinite_prod,toaster,Name an example of a electronic device: ___,-14.8125,-14.8125
1505,google/gemma-3-12b-it,electronic device,en,indefinite_prod,toaster oven,Name an example of a electronic device: ___,-16.90625,-8.453125
1506,google/gemma-3-12b-it,electronic device,en,indefinite_prod,treadmill,Name an example of a electronic device: ___,-19.75,-19.75
1507,google/gemma-3-12b-it,electronic device,en,indefinite_prod,turntable,Name an example of a electronic device: ___,-19.375,-19.375
1508,google/gemma-3-12b-it,electronic device,en,indefinite_prod,vacuum,Name an example of a electronic device: ___,-17.5,-17.5
1509,google/gemma-3-12b-it,electronic device,en,indefinite_prod,vending machine,Name an example of a electronic device: ___,-20.0252685546875,-10.01263427734375
1510,google/gemma-3-12b-it,electronic device,en,indefinite_prod,waffle iron,Name an example of a electronic device: ___,-21.181640625,-10.5908203125
1511,google/gemma-3-12b-it,electronic device,en,indefinite_prod,washing machine,Name an example of a electronic device: ___,-17.63641357421875,-8.818206787109375
1512,google/gemma-3-12b-it,electronic device,en,indefinite_prod,water heater,Name an example of a electronic device: ___,-16.921875,-8.4609375
1513,google/gemma-3-12b-it,electronic device,en,indefinite_prod,webcam,Name an example of a electronic device: ___,-18.5,-18.5
1514,google/gemma-3-12b-it,farm animal,en,generic,bison,One example of a farm animal is ___.,-18.75,-18.75
1515,google/gemma-3-12b-it,farm animal,en,generic,bull,One example of a farm animal is ___.,-20.75,-20.75
1516,google/gemma-3-12b-it,farm animal,en,generic,calf,One example of a farm animal is ___.,-22.75,-22.75
1517,google/gemma-3-12b-it,farm animal,en,generic,chicken,One example of a farm animal is ___.,-14.3125,-14.3125
1518,google/gemma-3-12b-it,farm animal,en,generic,cow,One example of a farm animal is ___.,-15.1875,-15.1875
1519,google/gemma-3-12b-it,farm animal,en,generic,donkey,One example of a farm animal is ___.,-21.625,-21.625
1520,google/gemma-3-12b-it,farm animal,en,generic,duck,One example of a farm animal is ___.,-18.5,-18.5
1521,google/gemma-3-12b-it,farm animal,en,generic,goat,One example of a farm animal is ___.,-18.125,-18.125
1522,google/gemma-3-12b-it,farm animal,en,generic,goose,One example of a farm animal is ___.,-20.625,-20.625
1523,google/gemma-3-12b-it,farm animal,en,generic,horse,One example of a farm animal is ___.,-19.0,-19.0
1524,google/gemma-3-12b-it,farm animal,en,generic,lamb,One example of a farm animal is ___.,-20.0,-20.0
1525,google/gemma-3-12b-it,farm animal,en,generic,pig,One example of a farm animal is ___.,-14.375,-14.375
1526,google/gemma-3-12b-it,farm animal,en,generic,piglet,One example of a farm animal is ___.,-25.75,-12.875
1527,google/gemma-3-12b-it,farm animal,en,generic,rabbit,One example of a farm animal is ___.,-20.375,-20.375
1528,google/gemma-3-12b-it,farm animal,en,generic,ram,One example of a farm animal is ___.,-24.75,-24.75
1529,google/gemma-3-12b-it,farm animal,en,generic,rooster,One example of a farm animal is ___.,-20.75,-20.75
1530,google/gemma-3-12b-it,farm animal,en,generic,sheep,One example of a farm animal is ___.,-11.8125,-11.8125
1531,google/gemma-3-12b-it,farm animal,en,generic,turkey,One example of a farm animal is ___.,-19.875,-19.875
1532,google/gemma-3-12b-it,farm animal,en,indefinite_prod,bison,Name an example of a farm animal: ___,-17.875,-17.875
1533,google/gemma-3-12b-it,farm animal,en,indefinite_prod,bull,Name an example of a farm animal: ___,-16.75,-16.75
1534,google/gemma-3-12b-it,farm animal,en,indefinite_prod,calf,Name an example of a farm animal: ___,-14.6875,-14.6875
1535,google/gemma-3-12b-it,farm animal,en,indefinite_prod,chicken,Name an example of a farm animal: ___,-10.125,-10.125
1536,google/gemma-3-12b-it,farm animal,en,indefinite_prod,cow,Name an example of a farm animal: ___,-6.96875,-6.96875
1537,google/gemma-3-12b-it,farm animal,en,indefinite_prod,donkey,Name an example of a farm animal: ___,-13.5625,-13.5625
1538,google/gemma-3-12b-it,farm animal,en,indefinite_prod,duck,Name an example of a farm animal: ___,-12.4375,-12.4375
1539,google/gemma-3-12b-it,farm animal,en,indefinite_prod,goat,Name an example of a farm animal: ___,-10.4375,-10.4375
1540,google/gemma-3-12b-it,farm animal,en,indefinite_prod,goose,Name an example of a farm animal: ___,-13.6875,-13.6875
1541,google/gemma-3-12b-it,farm animal,en,indefinite_prod,horse,Name an example of a farm animal: ___,-10.5625,-10.5625
1542,google/gemma-3-12b-it,farm animal,en,indefinite_prod,lamb,Name an example of a farm animal: ___,-12.6875,-12.6875
1543,google/gemma-3-12b-it,farm animal,en,indefinite_prod,pig,Name an example of a farm animal: ___,-6.46875,-6.46875
1544,google/gemma-3-12b-it,farm animal,en,indefinite_prod,piglet,Name an example of a farm animal: ___,-22.96875,-11.484375
1545,google/gemma-3-12b-it,farm animal,en,indefinite_prod,rabbit,Name an example of a farm animal: ___,-15.0,-15.0
1546,google/gemma-3-12b-it,farm animal,en,indefinite_prod,ram,Name an example of a farm animal: ___,-18.0,-18.0
1547,google/gemma-3-12b-it,farm animal,en,indefinite_prod,rooster,Name an example of a farm animal: ___,-13.75,-13.75
1548,google/gemma-3-12b-it,farm animal,en,indefinite_prod,sheep,Name an example of a farm animal: ___,-8.875,-8.875
1549,google/gemma-3-12b-it,farm animal,en,indefinite_prod,turkey,Name an example of a farm animal: ___,-12.4375,-12.4375
1550,google/gemma-3-12b-it,fastener,en,generic,button,One example of a fastener is ___.,-19.5,-19.5
1551,google/gemma-3-12b-it,fastener,en,generic,barrette,One example of a fastener is ___.,-23.828125,-11.9140625
1552,google/gemma-3-12b-it,fastener,en,generic,belt buckle,One example of a fastener is ___.,-21.53125,-10.765625
1553,google/gemma-3-12b-it,fastener,en,generic,bolt,One example of a fastener is ___.,-14.8125,-14.8125
1554,google/gemma-3-12b-it,fastener,en,generic,bow,One example of a fastener is ___.,-21.5,-21.5
1555,google/gemma-3-12b-it,fastener,en,generic,buckle,One example of a fastener is ___.,-20.5,-20.5
1556,google/gemma-3-12b-it,fastener,en,generic,chain,One example of a fastener is ___.,-18.0,-18.0
1557,google/gemma-3-12b-it,fastener,en,generic,clasp,One example of a fastener is ___.,-22.875,-22.875
1558,google/gemma-3-12b-it,fastener,en,generic,clothespin,One example of a fastener is ___.,-22.8984375,-11.44921875
1559,google/gemma-3-12b-it,fastener,en,generic,combination lock,One example of a fastener is ___.,-24.4375,-12.21875
1560,google/gemma-3-12b-it,fastener,en,generic,cufflink,One example of a fastener is ___.,-23.705078125,-11.8525390625
1561,google/gemma-3-12b-it,fastener,en,generic,gasket,One example of a fastener is ___.,-21.5,-21.5
1562,google/gemma-3-12b-it,fastener,en,generic,hairpin,One example of a fastener is ___.,-21.625,-21.625
1563,google/gemma-3-12b-it,fastener,en,generic,hook,One example of a fastener is ___.,-21.75,-21.75
1564,google/gemma-3-12b-it,fastener,en,generic,knot,One example of a fastener is ___.,-21.75,-21.75
1565,google/gemma-3-12b-it,fastener,en,generic,latch,One example of a fastener is ___.,-22.0,-22.0
1566,google/gemma-3-12b-it,fastener,en,generic,lock,One example of a fastener is ___.,-17.375,-17.375
1567,google/gemma-3-12b-it,fastener,en,generic,nail,One example of a fastener is ___.,-13.4375,-13.4375
1568,google/gemma-3-12b-it,fastener,en,generic,padlock,One example of a fastener is ___.,-20.125,-20.125
1569,google/gemma-3-12b-it,fastener,en,generic,paperclip,One example of a fastener is ___.,-20.6328125,-10.31640625
1570,google/gemma-3-12b-it,fastener,en,generic,peg,One example of a fastener is ___.,-23.0,-23.0
1571,google/gemma-3-12b-it,fastener,en,generic,pin,One example of a fastener is ___.,-17.75,-17.75
1572,google/gemma-3-12b-it,fastener,en,generic,rubber band,One example of a fastener is ___.,-21.265625,-10.6328125
1573,google/gemma-3-12b-it,fastener,en,generic,safety pin,One example of a fastener is ___.,-21.578125,-10.7890625
1574,google/gemma-3-12b-it,fastener,en,generic,screw,One example of a fastener is ___.,-15.125,-15.125
1575,google/gemma-3-12b-it,fastener,en,generic,staple,One example of a fastener is ___.,-17.75,-17.75
1576,google/gemma-3-12b-it,fastener,en,generic,strap,One example of a fastener is ___.,-23.875,-23.875
1577,google/gemma-3-12b-it,fastener,en,generic,tack,One example of a fastener is ___.,-22.0,-22.0
1578,google/gemma-3-12b-it,fastener,en,generic,tape,One example of a fastener is ___.,-19.5,-19.5
1579,google/gemma-3-12b-it,fastener,en,generic,thumbtack,One example of a fastener is ___.,-21.868011474609375,-5.467002868652344
1580,google/gemma-3-12b-it,fastener,en,generic,velcro,One example of a fastener is ___.,-20.25,-20.25
1581,google/gemma-3-12b-it,fastener,en,generic,zipper,One example of a fastener is ___.,-20.875,-20.875
1582,google/gemma-3-12b-it,fastener,en,indefinite_prod,button,Name an example of a fastener: ___,-14.125,-14.125
1583,google/gemma-3-12b-it,fastener,en,indefinite_prod,barrette,Name an example of a fastener: ___,-26.59375,-13.296875
1584,google/gemma-3-12b-it,fastener,en,indefinite_prod,belt buckle,Name an example of a fastener: ___,-17.9375,-8.96875
1585,google/gemma-3-12b-it,fastener,en,indefinite_prod,bolt,Name an example of a fastener: ___,-9.4375,-9.4375
1586,google/gemma-3-12b-it,fastener,en,indefinite_prod,bow,Name an example of a fastener: ___,-20.75,-20.75
1587,google/gemma-3-12b-it,fastener,en,indefinite_prod,buckle,Name an example of a fastener: ___,-17.625,-17.625
1588,google/gemma-3-12b-it,fastener,en,indefinite_prod,chain,Name an example of a fastener: ___,-15.0625,-15.0625
1589,google/gemma-3-12b-it,fastener,en,indefinite_prod,clasp,Name an example of a fastener: ___,-18.375,-18.375
1590,google/gemma-3-12b-it,fastener,en,indefinite_prod,clothespin,Name an example of a fastener: ___,-20.1412353515625,-10.07061767578125
1591,google/gemma-3-12b-it,fastener,en,indefinite_prod,combination lock,Name an example of a fastener: ___,-23.15625,-11.578125
1592,google/gemma-3-12b-it,fastener,en,indefinite_prod,cufflink,Name an example of a fastener: ___,-21.92578125,-10.962890625
1593,google/gemma-3-12b-it,fastener,en,indefinite_prod,gasket,Name an example of a fastener: ___,-18.125,-18.125
1594,google/gemma-3-12b-it,fastener,en,indefinite_prod,hairpin,Name an example of a fastener: ___,-19.0,-19.0
1595,google/gemma-3-12b-it,fastener,en,indefinite_prod,hook,Name an example of a fastener: ___,-15.8125,-15.8125
1596,google/gemma-3-12b-it,fastener,en,indefinite_prod,knot,Name an example of a fastener: ___,-17.125,-17.125
1597,google/gemma-3-12b-it,fastener,en,indefinite_prod,latch,Name an example of a fastener: ___,-17.75,-17.75
1598,google/gemma-3-12b-it,fastener,en,indefinite_prod,lock,Name an example of a fastener: ___,-15.5625,-15.5625
1599,google/gemma-3-12b-it,fastener,en,indefinite_prod,nail,Name an example of a fastener: ___,-10.0625,-10.0625
1600,google/gemma-3-12b-it,fastener,en,indefinite_prod,padlock,Name an example of a fastener: ___,-19.375,-19.375
1601,google/gemma-3-12b-it,fastener,en,indefinite_prod,paperclip,Name an example of a fastener: ___,-16.5625,-8.28125
1602,google/gemma-3-12b-it,fastener,en,indefinite_prod,peg,Name an example of a fastener: ___,-18.875,-18.875
1603,google/gemma-3-12b-it,fastener,en,indefinite_prod,pin,Name an example of a fastener: ___,-18.75,-18.75
1604,google/gemma-3-12b-it,fastener,en,indefinite_prod,rubber band,Name an example of a fastener: ___,-17.3828125,-8.69140625
1605,google/gemma-3-12b-it,fastener,en,indefinite_prod,safety pin,Name an example of a fastener: ___,-21.4921875,-10.74609375
1606,google/gemma-3-12b-it,fastener,en,indefinite_prod,screw,Name an example of a fastener: ___,-9.875,-9.875
1607,google/gemma-3-12b-it,fastener,en,indefinite_prod,staple,Name an example of a fastener: ___,-14.75,-14.75
1608,google/gemma-3-12b-it,fastener,en,indefinite_prod,strap,Name an example of a fastener: ___,-20.75,-20.75
1609,google/gemma-3-12b-it,fastener,en,indefinite_prod,tack,Name an example of a fastener: ___,-17.5,-17.5
1610,google/gemma-3-12b-it,fastener,en,indefinite_prod,tape,Name an example of a fastener: ___,-18.625,-18.625
1611,google/gemma-3-12b-it,fastener,en,indefinite_prod,thumbtack,Name an example of a fastener: ___,-20.871612548828125,-5.217903137207031
1612,google/gemma-3-12b-it,fastener,en,indefinite_prod,velcro,Name an example of a fastener: ___,-18.5,-18.5
1613,google/gemma-3-12b-it,fastener,en,indefinite_prod,zipper,Name an example of a fastener: ___,-17.25,-17.25
1614,google/gemma-3-12b-it,food,en,generic,chicken,One example of a food is ___.,-13.25,-13.25
1615,google/gemma-3-12b-it,food,en,generic,apple,One example of a food is ___.,-14.8125,-14.8125
1616,google/gemma-3-12b-it,food,en,generic,avocado,One example of a food is ___.,-16.75,-16.75
1617,google/gemma-3-12b-it,food,en,generic,banana,One example of a food is ___.,-16.375,-16.375
1618,google/gemma-3-12b-it,food,en,generic,bean,One example of a food is ___.,-19.0,-19.0
1619,google/gemma-3-12b-it,food,en,generic,blueberry,One example of a food is ___.,-18.0,-18.0
1620,google/gemma-3-12b-it,food,en,generic,carrot,One example of a food is ___.,-18.0,-18.0
1621,google/gemma-3-12b-it,food,en,generic,cauliflower,One example of a food is ___.,-17.75,-17.75
1622,google/gemma-3-12b-it,food,en,generic,celery,One example of a food is ___.,-15.6875,-15.6875
1623,google/gemma-3-12b-it,food,en,generic,cherry,One example of a food is ___.,-19.375,-19.375
1624,google/gemma-3-12b-it,food,en,generic,cranberry,One example of a food is ___.,-19.5,-19.5
1625,google/gemma-3-12b-it,food,en,generic,cucumber,One example of a food is ___.,-18.25,-18.25
1626,google/gemma-3-12b-it,food,en,generic,fig,One example of a food is ___.,-23.125,-23.125
1627,google/gemma-3-12b-it,food,en,generic,ginger,One example of a food is ___.,-21.625,-21.625
1628,google/gemma-3-12b-it,food,en,generic,goose,One example of a food is ___.,-21.25,-21.25
1629,google/gemma-3-12b-it,food,en,generic,grape,One example of a food is ___.,-15.75,-15.75
1630,google/gemma-3-12b-it,food,en,generic,lemon,One example of a food is ___.,-16.5,-16.5
1631,google/gemma-3-12b-it,food,en,generic,mango,One example of a food is ___.,-16.25,-16.25
1632,google/gemma-3-12b-it,food,en,generic,melon,One example of a food is ___.,-20.0,-20.0
1633,google/gemma-3-12b-it,food,en,generic,olive,One example of a food is ___.,-16.5,-16.5
1634,google/gemma-3-12b-it,food,en,generic,onion,One example of a food is ___.,-19.125,-19.125
1635,google/gemma-3-12b-it,food,en,generic,papaya,One example of a food is ___.,-19.125,-19.125
1636,google/gemma-3-12b-it,food,en,generic,pea,One example of a food is ___.,-17.625,-17.625
1637,google/gemma-3-12b-it,food,en,generic,peach,One example of a food is ___.,-20.375,-20.375
1638,google/gemma-3-12b-it,food,en,generic,pear,One example of a food is ___.,-19.125,-19.125
1639,google/gemma-3-12b-it,food,en,generic,pineapple,One example of a food is ___.,-16.625,-16.625
1640,google/gemma-3-12b-it,food,en,generic,pomegranate,One example of a food is ___.,-20.0,-20.0
1641,google/gemma-3-12b-it,food,en,generic,potato,One example of a food is ___.,-17.625,-17.625
1642,google/gemma-3-12b-it,food,en,generic,pumpkin,One example of a food is ___.,-17.125,-17.125
1643,google/gemma-3-12b-it,food,en,generic,radish,One example of a food is ___.,-20.75,-20.75
1644,google/gemma-3-12b-it,food,en,generic,raspberry,One example of a food is ___.,-22.375,-22.375
1645,google/gemma-3-12b-it,food,en,generic,strawberry,One example of a food is ___.,-17.25,-17.25
1646,google/gemma-3-12b-it,food,en,generic,tomato,One example of a food is ___.,-16.375,-16.375
1647,google/gemma-3-12b-it,food,en,generic,turkey,One example of a food is ___.,-17.75,-17.75
1648,google/gemma-3-12b-it,food,en,generic,almond,One example of a food is ___.,-18.75,-18.75
1649,google/gemma-3-12b-it,food,en,generic,appetizer,One example of a food is ___.,-20.75,-20.75
1650,google/gemma-3-12b-it,food,en,generic,applesauce,One example of a food is ___.,-17.125,-8.5625
1651,google/gemma-3-12b-it,food,en,generic,artichoke,One example of a food is ___.,-19.3125,-9.65625
1652,google/gemma-3-12b-it,food,en,generic,arugula,One example of a food is ___.,-19.0,-19.0
1653,google/gemma-3-12b-it,food,en,generic,asparagus,One example of a food is ___.,-16.125,-16.125
1654,google/gemma-3-12b-it,food,en,generic,bacon,One example of a food is ___.,-16.75,-16.75
1655,google/gemma-3-12b-it,food,en,generic,bagel,One example of a food is ___.,-23.0,-23.0
1656,google/gemma-3-12b-it,food,en,generic,baklava,One example of a food is ___.,-21.5341796875,-10.76708984375
1657,google/gemma-3-12b-it,food,en,generic,banana split,One example of a food is ___.,-26.25,-13.125
1658,google/gemma-3-12b-it,food,en,generic,basil,One example of a food is ___.,-20.25,-20.25
1659,google/gemma-3-12b-it,food,en,generic,batter,One example of a food is ___.,-23.25,-23.25
1660,google/gemma-3-12b-it,food,en,generic,beet,One example of a food is ___.,-19.0,-19.0
1661,google/gemma-3-12b-it,food,en,generic,bell pepper,One example of a food is ___.,-21.6015625,-10.80078125
1662,google/gemma-3-12b-it,food,en,generic,berry,One example of a food is ___.,-20.625,-20.625
1663,google/gemma-3-12b-it,food,en,generic,birthday cake,One example of a food is ___.,-24.381683349609375,-12.190841674804688
1664,google/gemma-3-12b-it,food,en,generic,biscuit,One example of a food is ___.,-20.75,-20.75
1665,google/gemma-3-12b-it,food,en,generic,blackberry,One example of a food is ___.,-22.5,-22.5
1666,google/gemma-3-12b-it,food,en,generic,bok choy,One example of a food is ___.,-24.13031804561615,-8.043439348538717
1667,google/gemma-3-12b-it,food,en,generic,bologna,One example of a food is ___.,-21.75008535385132,-10.87504267692566
1668,google/gemma-3-12b-it,food,en,generic,bread,One example of a food is ___.,-12.0625,-12.0625
1669,google/gemma-3-12b-it,food,en,generic,breadstick,One example of a food is ___.,-28.0625,-14.03125
1670,google/gemma-3-12b-it,food,en,generic,breakfast,One example of a food is ___.,-16.75,-16.75
1671,google/gemma-3-12b-it,food,en,generic,broccoli,One example of a food is ___.,-14.875,-14.875
1672,google/gemma-3-12b-it,food,en,generic,brownie,One example of a food is ___.,-22.5,-22.5
1673,google/gemma-3-12b-it,food,en,generic,brussels sprouts,One example of a food is ___.,-20.811737060546875,-6.937245686848958
1674,google/gemma-3-12b-it,food,en,generic,buffet,One example of a food is ___.,-22.125,-22.125
1675,google/gemma-3-12b-it,food,en,generic,bun,One example of a food is ___.,-23.875,-23.875
1676,google/gemma-3-12b-it,food,en,generic,burrito,One example of a food is ___.,-23.5,-23.5
1677,google/gemma-3-12b-it,food,en,generic,butter,One example of a food is ___.,-15.875,-15.875
1678,google/gemma-3-12b-it,food,en,generic,cabbage,One example of a food is ___.,-17.125,-17.125
1679,google/gemma-3-12b-it,food,en,generic,cake,One example of a food is ___.,-18.375,-18.375
1680,google/gemma-3-12b-it,food,en,generic,cake mix,One example of a food is ___.,-33.6875,-16.84375
1681,google/gemma-3-12b-it,food,en,generic,calamari,One example of a food is ___.,-23.376571655273438,-11.688285827636719
1682,google/gemma-3-12b-it,food,en,generic,calzone,One example of a food is ___.,-24.46875,-12.234375
1683,google/gemma-3-12b-it,food,en,generic,candy,One example of a food is ___.,-17.75,-17.75
1684,google/gemma-3-12b-it,food,en,generic,candy bar,One example of a food is ___.,-24.0625,-12.03125
1685,google/gemma-3-12b-it,food,en,generic,candy cane,One example of a food is ___.,-27.375,-13.6875
1686,google/gemma-3-12b-it,food,en,generic,cantaloupe,One example of a food is ___.,-19.91412353515625,-6.638041178385417
1687,google/gemma-3-12b-it,food,en,generic,caramel,One example of a food is ___.,-18.875,-18.875
1688,google/gemma-3-12b-it,food,en,generic,cashew,One example of a food is ___.,-19.625,-19.625
1689,google/gemma-3-12b-it,food,en,generic,casserole,One example of a food is ___.,-22.875,-22.875
1690,google/gemma-3-12b-it,food,en,generic,catfish,One example of a food is ___.,-17.625,-17.625
1691,google/gemma-3-12b-it,food,en,generic,caviar,One example of a food is ___.,-19.125,-19.125
1692,google/gemma-3-12b-it,food,en,generic,cereal,One example of a food is ___.,-14.75,-14.75
1693,google/gemma-3-12b-it,food,en,generic,cheese,One example of a food is ___.,-13.75,-13.75
1694,google/gemma-3-12b-it,food,en,generic,cheeseburger,One example of a food is ___.,-18.14007568359375,-9.070037841796875
1695,google/gemma-3-12b-it,food,en,generic,cheesecake,One example of a food is ___.,-18.875,-18.875
1696,google/gemma-3-12b-it,food,en,generic,chickpea,One example of a food is ___.,-20.64453125,-10.322265625
1697,google/gemma-3-12b-it,food,en,generic,chili,One example of a food is ___.,-17.375,-17.375
1698,google/gemma-3-12b-it,food,en,generic,chips,One example of a food is ___.,-17.875,-17.875
1699,google/gemma-3-12b-it,food,en,generic,chive,One example of a food is ___.,-26.21875,-13.109375
1700,google/gemma-3-12b-it,food,en,generic,chocolate,One example of a food is ___.,-13.5625,-13.5625
1701,google/gemma-3-12b-it,food,en,generic,cilantro,One example of a food is ___.,-19.25,-19.25
1702,google/gemma-3-12b-it,food,en,generic,cinnamon,One example of a food is ___.,-19.0,-19.0
1703,google/gemma-3-12b-it,food,en,generic,clam,One example of a food is ___.,-21.25,-21.25
1704,google/gemma-3-12b-it,food,en,generic,clove,One example of a food is ___.,-22.5,-22.5
1705,google/gemma-3-12b-it,food,en,generic,coconut,One example of a food is ___.,-15.8125,-15.8125
1706,google/gemma-3-12b-it,food,en,generic,coffee bean,One example of a food is ___.,-20.78125,-10.390625
1707,google/gemma-3-12b-it,food,en,generic,coleslaw,One example of a food is ___.,-21.000885009765625,-10.500442504882812
1708,google/gemma-3-12b-it,food,en,generic,cookie,One example of a food is ___.,-17.5,-17.5
1709,google/gemma-3-12b-it,food,en,generic,cordon bleu,One example of a food is ___.,-26.72705078125,-13.363525390625
1710,google/gemma-3-12b-it,food,en,generic,corn,One example of a food is ___.,-12.5,-12.5
1711,google/gemma-3-12b-it,food,en,generic,cornbread,One example of a food is ___.,-20.691511631011963,-6.897170543670654
1712,google/gemma-3-12b-it,food,en,generic,cornmeal,One example of a food is ___.,-19.21875,-9.609375
1713,google/gemma-3-12b-it,food,en,generic,cotton candy,One example of a food is ___.,-15.796875,-7.8984375
1714,google/gemma-3-12b-it,food,en,generic,crab,One example of a food is ___.,-20.0,-20.0
1715,google/gemma-3-12b-it,food,en,generic,cracker,One example of a food is ___.,-21.375,-21.375
1716,google/gemma-3-12b-it,food,en,generic,crayfish,One example of a food is ___.,-18.5,-18.5
1717,google/gemma-3-12b-it,food,en,generic,cream cheese,One example of a food is ___.,-19.89453125,-9.947265625
1718,google/gemma-3-12b-it,food,en,generic,creme brulee,One example of a food is ___.,-24.708892822265625,-8.236297607421875
1719,google/gemma-3-12b-it,food,en,generic,crepe,One example of a food is ___.,-25.0,-25.0
1720,google/gemma-3-12b-it,food,en,generic,croissant,One example of a food is ___.,-21.625,-21.625
1721,google/gemma-3-12b-it,food,en,generic,crouton,One example of a food is ___.,-26.53125,-13.265625
1722,google/gemma-3-12b-it,food,en,generic,crumb,One example of a food is ___.,-22.875,-22.875
1723,google/gemma-3-12b-it,food,en,generic,cupcake,One example of a food is ___.,-21.375,-21.375
1724,google/gemma-3-12b-it,food,en,generic,curry,One example of a food is ___.,-22.75,-22.75
1725,google/gemma-3-12b-it,food,en,generic,dessert,One example of a food is ___.,-16.375,-16.375
1726,google/gemma-3-12b-it,food,en,generic,dip,One example of a food is ___.,-23.125,-23.125
1727,google/gemma-3-12b-it,food,en,generic,donut,One example of a food is ___.,-22.625,-22.625
1728,google/gemma-3-12b-it,food,en,generic,dough,One example of a food is ___.,-18.375,-18.375
1729,google/gemma-3-12b-it,food,en,generic,dumpling,One example of a food is ___.,-24.125,-24.125
1730,google/gemma-3-12b-it,food,en,generic,easter egg,One example of a food is ___.,-26.2421875,-13.12109375
1731,google/gemma-3-12b-it,food,en,generic,eclair,One example of a food is ___.,-29.875,-14.9375
1732,google/gemma-3-12b-it,food,en,generic,eel,One example of a food is ___.,-21.625,-21.625
1733,google/gemma-3-12b-it,food,en,generic,egg,One example of a food is ___.,-16.5,-16.5
1734,google/gemma-3-12b-it,food,en,generic,egg roll,One example of a food is ___.,-25.875,-12.9375
1735,google/gemma-3-12b-it,food,en,generic,eggplant,One example of a food is ___.,-18.0,-18.0
1736,google/gemma-3-12b-it,food,en,generic,enchilada,One example of a food is ___.,-21.375436782836914,-7.125145594278972
1737,google/gemma-3-12b-it,food,en,generic,fast food,One example of a food is ___.,-17.901611328125,-8.9508056640625
1738,google/gemma-3-12b-it,food,en,generic,fish,One example of a food is ___.,-11.5625,-11.5625
1739,google/gemma-3-12b-it,food,en,generic,flan,One example of a food is ___.,-20.015625,-10.0078125
1740,google/gemma-3-12b-it,food,en,generic,flour,One example of a food is ___.,-14.1875,-14.1875
1741,google/gemma-3-12b-it,food,en,generic,fondue,One example of a food is ___.,-21.12682342529297,-10.563411712646484
1742,google/gemma-3-12b-it,food,en,generic,french fries,One example of a food is ___.,-17.4384765625,-8.71923828125
1743,google/gemma-3-12b-it,food,en,generic,fruit,One example of a food is ___.,-14.5,-14.5
1744,google/gemma-3-12b-it,food,en,generic,fruitcake,One example of a food is ___.,-25.6875,-12.84375
1745,google/gemma-3-12b-it,food,en,generic,fudge,One example of a food is ___.,-19.875,-19.875
1746,google/gemma-3-12b-it,food,en,generic,garlic,One example of a food is ___.,-17.375,-17.375
1747,google/gemma-3-12b-it,food,en,generic,gingerbread man,One example of a food is ___.,-24.796875,-12.3984375
1748,google/gemma-3-12b-it,food,en,generic,goat,One example of a food is ___.,-19.75,-19.75
1749,google/gemma-3-12b-it,food,en,generic,grain,One example of a food is ___.,-17.5,-17.5
1750,google/gemma-3-12b-it,food,en,generic,granola,One example of a food is ___.,-18.625,-18.625
1751,google/gemma-3-12b-it,food,en,generic,grapefruit,One example of a food is ___.,-18.125,-18.125
1752,google/gemma-3-12b-it,food,en,generic,gravy,One example of a food is ___.,-21.5,-21.5
1753,google/gemma-3-12b-it,food,en,generic,green beans,One example of a food is ___.,-16.41796875,-8.208984375
1754,google/gemma-3-12b-it,food,en,generic,grits,One example of a food is ___.,-20.875,-20.875
1755,google/gemma-3-12b-it,food,en,generic,guacamole,One example of a food is ___.,-20.25,-20.25
1756,google/gemma-3-12b-it,food,en,generic,gum,One example of a food is ___.,-18.625,-18.625
1757,google/gemma-3-12b-it,food,en,generic,gumball,One example of a food is ___.,-22.78125,-11.390625
1758,google/gemma-3-12b-it,food,en,generic,gumdrop,One example of a food is ___.,-22.421875,-11.2109375
1759,google/gemma-3-12b-it,food,en,generic,gyro,One example of a food is ___.,-26.375,-26.375
1760,google/gemma-3-12b-it,food,en,generic,ham,One example of a food is ___.,-19.375,-19.375
1761,google/gemma-3-12b-it,food,en,generic,hamburger,One example of a food is ___.,-19.75,-19.75
1762,google/gemma-3-12b-it,food,en,generic,hash,One example of a food is ___.,-23.5,-23.5
1763,google/gemma-3-12b-it,food,en,generic,honey,One example of a food is ___.,-14.5625,-14.5625
1764,google/gemma-3-12b-it,food,en,generic,hotdog,One example of a food is ___.,-21.15625,-10.578125
1765,google/gemma-3-12b-it,food,en,generic,hummus,One example of a food is ___.,-17.25,-17.25
1766,google/gemma-3-12b-it,food,en,generic,ice cream,One example of a food is ___.,-14.2735595703125,-7.13677978515625
1767,google/gemma-3-12b-it,food,en,generic,ice-cream cone,One example of a food is ___.,-29.974151611328125,-7.493537902832031
1768,google/gemma-3-12b-it,food,en,generic,jalapeno,One example of a food is ___.,-23.5390625,-11.76953125
1769,google/gemma-3-12b-it,food,en,generic,jam,One example of a food is ___.,-21.5,-21.5
1770,google/gemma-3-12b-it,food,en,generic,jelly bean,One example of a food is ___.,-25.1875,-12.59375
1771,google/gemma-3-12b-it,food,en,generic,kale,One example of a food is ___.,-19.125,-19.125
1772,google/gemma-3-12b-it,food,en,generic,kebab,One example of a food is ___.,-22.125,-22.125
1773,google/gemma-3-12b-it,food,en,generic,ketchup,One example of a food is ___.,-18.25,-18.25
1774,google/gemma-3-12b-it,food,en,generic,kiwi,One example of a food is ___.,-20.75,-20.75
1775,google/gemma-3-12b-it,food,en,generic,lamb,One example of a food is ___.,-20.125,-20.125
1776,google/gemma-3-12b-it,food,en,generic,lamb chop,One example of a food is ___.,-25.9375,-12.96875
1777,google/gemma-3-12b-it,food,en,generic,lasagna,One example of a food is ___.,-19.625,-19.625
1778,google/gemma-3-12b-it,food,en,generic,leek,One example of a food is ___.,-21.265625,-10.6328125
1779,google/gemma-3-12b-it,food,en,generic,lettuce,One example of a food is ___.,-14.0,-14.0
1780,google/gemma-3-12b-it,food,en,generic,licorice,One example of a food is ___.,-20.50439453125,-10.252197265625
1781,google/gemma-3-12b-it,food,en,generic,lime,One example of a food is ___.,-19.5,-19.5
1782,google/gemma-3-12b-it,food,en,generic,lobster,One example of a food is ___.,-19.25,-19.25
1783,google/gemma-3-12b-it,food,en,generic,lollipop,One example of a food is ___.,-21.875,-21.875
1784,google/gemma-3-12b-it,food,en,generic,macadamia,One example of a food is ___.,-25.46875,-12.734375
1785,google/gemma-3-12b-it,food,en,generic,macaroni,One example of a food is ___.,-17.375,-17.375
1786,google/gemma-3-12b-it,food,en,generic,maple syrup,One example of a food is ___.,-18.131011962890625,-9.065505981445312
1787,google/gemma-3-12b-it,food,en,generic,marmalade,One example of a food is ___.,-21.80859375,-10.904296875
1788,google/gemma-3-12b-it,food,en,generic,marshmallow,One example of a food is ___.,-20.75,-20.75
1789,google/gemma-3-12b-it,food,en,generic,mashed potato,One example of a food is ___.,-24.53125,-12.265625
1790,google/gemma-3-12b-it,food,en,generic,meat,One example of a food is ___.,-14.0625,-14.0625
1791,google/gemma-3-12b-it,food,en,generic,meatball,One example of a food is ___.,-22.4375,-11.21875
1792,google/gemma-3-12b-it,food,en,generic,meatloaf,One example of a food is ___.,-20.53125,-10.265625
1793,google/gemma-3-12b-it,food,en,generic,mint,One example of a food is ___.,-21.375,-21.375
1794,google/gemma-3-12b-it,food,en,generic,mousse,One example of a food is ___.,-21.875,-21.875
1795,google/gemma-3-12b-it,food,en,generic,muffin,One example of a food is ___.,-22.5,-22.5
1796,google/gemma-3-12b-it,food,en,generic,mulberry,One example of a food is ___.,-21.875,-21.875
1797,google/gemma-3-12b-it,food,en,generic,mushroom,One example of a food is ___.,-20.125,-20.125
1798,google/gemma-3-12b-it,food,en,generic,mussel,One example of a food is ___.,-22.0732421875,-11.03662109375
1799,google/gemma-3-12b-it,food,en,generic,mustard,One example of a food is ___.,-17.75,-17.75
1800,google/gemma-3-12b-it,food,en,generic,nacho,One example of a food is ___.,-23.273681640625,-11.6368408203125
1801,google/gemma-3-12b-it,food,en,generic,noodle,One example of a food is ___.,-21.125,-21.125
1802,google/gemma-3-12b-it,food,en,generic,nut,One example of a food is ___.,-18.75,-18.75
1803,google/gemma-3-12b-it,food,en,generic,oatmeal,One example of a food is ___.,-16.5,-16.5
1804,google/gemma-3-12b-it,food,en,generic,octopus,One example of a food is ___.,-18.875,-18.875
1805,google/gemma-3-12b-it,food,en,generic,okra,One example of a food is ___.,-16.75,-16.75
1806,google/gemma-3-12b-it,food,en,generic,omelet,One example of a food is ___.,-21.6171875,-10.80859375
1807,google/gemma-3-12b-it,food,en,generic,orange,One example of a food is ___.,-17.375,-17.375
1808,google/gemma-3-12b-it,food,en,generic,oyster,One example of a food is ___.,-19.25,-19.25
1809,google/gemma-3-12b-it,food,en,generic,pancake,One example of a food is ___.,-21.0,-21.0
1810,google/gemma-3-12b-it,food,en,generic,parfait,One example of a food is ___.,-23.75,-23.75
1811,google/gemma-3-12b-it,food,en,generic,parsley,One example of a food is ___.,-17.375,-17.375
1812,google/gemma-3-12b-it,food,en,generic,pasta,One example of a food is ___.,-14.25,-14.25
1813,google/gemma-3-12b-it,food,en,generic,pastry,One example of a food is ___.,-20.125,-20.125
1814,google/gemma-3-12b-it,food,en,generic,patty,One example of a food is ___.,-23.625,-23.625
1815,google/gemma-3-12b-it,food,en,generic,peanut,One example of a food is ___.,-14.375,-14.375
1816,google/gemma-3-12b-it,food,en,generic,peanut butter,One example of a food is ___.,-14.5634765625,-7.28173828125
1817,google/gemma-3-12b-it,food,en,generic,pecan,One example of a food is ___.,-22.375,-22.375
1818,google/gemma-3-12b-it,food,en,generic,pepper (seasoning),One example of a food is ___.,-31.8603515625,-6.3720703125
1819,google/gemma-3-12b-it,food,en,generic,pepper (vegetable),One example of a food is ___.,-31.13043212890625,-6.22608642578125
1820,google/gemma-3-12b-it,food,en,generic,peppermint,One example of a food is ___.,-20.25,-20.25
1821,google/gemma-3-12b-it,food,en,generic,pepperoni,One example of a food is ___.,-17.5,-17.5
1822,google/gemma-3-12b-it,food,en,generic,pesto,One example of a food is ___.,-20.0,-20.0
1823,google/gemma-3-12b-it,food,en,generic,pickle,One example of a food is ___.,-19.0,-19.0
1824,google/gemma-3-12b-it,food,en,generic,pie,One example of a food is ___.,-17.125,-17.125
1825,google/gemma-3-12b-it,food,en,generic,piecrust,One example of a food is ___.,-27.194000244140625,-9.064666748046875
1826,google/gemma-3-12b-it,food,en,generic,pig,One example of a food is ___.,-18.25,-18.25
1827,google/gemma-3-12b-it,food,en,generic,pistachio,One example of a food is ___.,-19.625,-19.625
1828,google/gemma-3-12b-it,food,en,generic,pita,One example of a food is ___.,-20.75,-20.75
1829,google/gemma-3-12b-it,food,en,generic,pizza,One example of a food is ___.,-14.125,-14.125
1830,google/gemma-3-12b-it,food,en,generic,plum,One example of a food is ___.,-20.75,-20.75
1831,google/gemma-3-12b-it,food,en,generic,popcorn,One example of a food is ___.,-15.1875,-15.1875
1832,google/gemma-3-12b-it,food,en,generic,poppy,One example of a food is ___.,-22.0,-22.0
1833,google/gemma-3-12b-it,food,en,generic,popsicle,One example of a food is ___.,-20.125,-20.125
1834,google/gemma-3-12b-it,food,en,generic,potpie,One example of a food is ___.,-26.125,-13.0625
1835,google/gemma-3-12b-it,food,en,generic,pretzel,One example of a food is ___.,-20.75,-20.75
1836,google/gemma-3-12b-it,food,en,generic,prune,One example of a food is ___.,-23.75,-23.75
1837,google/gemma-3-12b-it,food,en,generic,pudding,One example of a food is ___.,-19.5,-19.5
1838,google/gemma-3-12b-it,food,en,generic,quesadilla,One example of a food is ___.,-20.458984375,-10.2294921875
1839,google/gemma-3-12b-it,food,en,generic,quiche,One example of a food is ___.,-19.2421875,-9.62109375
1840,google/gemma-3-12b-it,food,en,generic,rabbit,One example of a food is ___.,-20.25,-20.25
1841,google/gemma-3-12b-it,food,en,generic,raisin,One example of a food is ___.,-19.5,-19.5
1842,google/gemma-3-12b-it,food,en,generic,ravioli,One example of a food is ___.,-23.62994384765625,-11.814971923828125
1843,google/gemma-3-12b-it,food,en,generic,ready meal,One example of a food is ___.,-21.6875,-10.84375
1844,google/gemma-3-12b-it,food,en,generic,rhubarb,One example of a food is ___.,-18.125,-18.125
1845,google/gemma-3-12b-it,food,en,generic,rice,One example of a food is ___.,-13.3125,-13.3125
1846,google/gemma-3-12b-it,food,en,generic,roll,One example of a food is ___.,-22.5,-22.5
1847,google/gemma-3-12b-it,food,en,generic,saffron,One example of a food is ___.,-20.375,-20.375
1848,google/gemma-3-12b-it,food,en,generic,salad,One example of a food is ___.,-16.25,-16.25
1849,google/gemma-3-12b-it,food,en,generic,salami,One example of a food is ___.,-21.125,-21.125
1850,google/gemma-3-12b-it,food,en,generic,sandwich,One example of a food is ___.,-20.75,-20.75
1851,google/gemma-3-12b-it,food,en,generic,sardine,One example of a food is ___.,-21.62670135498047,-10.813350677490234
1852,google/gemma-3-12b-it,food,en,generic,sauce,One example of a food is ___.,-19.5,-19.5
1853,google/gemma-3-12b-it,food,en,generic,sauerkraut,One example of a food is ___.,-19.0,-19.0
1854,google/gemma-3-12b-it,food,en,generic,sausage,One example of a food is ___.,-20.5,-20.5
1855,google/gemma-3-12b-it,food,en,generic,scallion,One example of a food is ___.,-25.5859375,-12.79296875
1856,google/gemma-3-12b-it,food,en,generic,scallop,One example of a food is ___.,-23.375,-23.375
1857,google/gemma-3-12b-it,food,en,generic,scone,One example of a food is ___.,-23.96875,-11.984375
1858,google/gemma-3-12b-it,food,en,generic,scrambled egg,One example of a food is ___.,-27.0,-13.5
1859,google/gemma-3-12b-it,food,en,generic,seafood,One example of a food is ___.,-14.375,-14.375
1860,google/gemma-3-12b-it,food,en,generic,seaweed,One example of a food is ___.,-17.5,-17.5
1861,google/gemma-3-12b-it,food,en,generic,shortbread,One example of a food is ___.,-18.4765625,-9.23828125
1862,google/gemma-3-12b-it,food,en,generic,shrimp,One example of a food is ___.,-15.8125,-15.8125
1863,google/gemma-3-12b-it,food,en,generic,snack,One example of a food is ___.,-18.75,-18.75
1864,google/gemma-3-12b-it,food,en,generic,sorbet,One example of a food is ___.,-21.85546875,-10.927734375
1865,google/gemma-3-12b-it,food,en,generic,souffle,One example of a food is ___.,-25.0,-25.0
1866,google/gemma-3-12b-it,food,en,generic,soup,One example of a food is ___.,-18.5,-18.5
1867,google/gemma-3-12b-it,food,en,generic,soy sauce,One example of a food is ___.,-19.671875,-9.8359375
1868,google/gemma-3-12b-it,food,en,generic,spaghetti,One example of a food is ___.,-15.75,-15.75
1869,google/gemma-3-12b-it,food,en,generic,spam,One example of a food is ___.,-22.0,-22.0
1870,google/gemma-3-12b-it,food,en,generic,spareribs,One example of a food is ___.,-22.9835205078125,-7.661173502604167
1871,google/gemma-3-12b-it,food,en,generic,spinach,One example of a food is ___.,-15.375,-15.375
1872,google/gemma-3-12b-it,food,en,generic,spring roll,One example of a food is ___.,-23.9375,-11.96875
1873,google/gemma-3-12b-it,food,en,generic,sprouts,One example of a food is ___.,-20.0,-20.0
1874,google/gemma-3-12b-it,food,en,generic,squash,One example of a food is ___.,-19.625,-19.625
1875,google/gemma-3-12b-it,food,en,generic,squid,One example of a food is ___.,-18.375,-18.375
1876,google/gemma-3-12b-it,food,en,generic,star fruit,One example of a food is ___.,-21.0703125,-10.53515625
1877,google/gemma-3-12b-it,food,en,generic,steak,One example of a food is ___.,-18.25,-18.25
1878,google/gemma-3-12b-it,food,en,generic,stew,One example of a food is ___.,-21.0,-21.0
1879,google/gemma-3-12b-it,food,en,generic,stir fry,One example of a food is ___.,-25.15625,-12.578125
1880,google/gemma-3-12b-it,food,en,generic,string cheese,One example of a food is ___.,-21.515625,-10.7578125
1881,google/gemma-3-12b-it,food,en,generic,stuffing,One example of a food is ___.,-23.5,-23.5
1882,google/gemma-3-12b-it,food,en,generic,sugar cube,One example of a food is ___.,-23.8125,-11.90625
1883,google/gemma-3-12b-it,food,en,generic,sundae,One example of a food is ___.,-21.25677490234375,-10.628387451171875
1884,google/gemma-3-12b-it,food,en,generic,sushi,One example of a food is ___.,-17.625,-17.625
1885,google/gemma-3-12b-it,food,en,generic,sweet potato,One example of a food is ___.,-17.265625,-8.6328125
1886,google/gemma-3-12b-it,food,en,generic,swordfish,One example of a food is ___.,-24.377243041992188,-12.188621520996094
1887,google/gemma-3-12b-it,food,en,generic,syrup,One example of a food is ___.,-20.75,-20.75
1888,google/gemma-3-12b-it,food,en,generic,taco,One example of a food is ___.,-22.375,-22.375
1889,google/gemma-3-12b-it,food,en,generic,taffy,One example of a food is ___.,-24.132659912109375,-12.066329956054688
1890,google/gemma-3-12b-it,food,en,generic,tamale,One example of a food is ___.,-22.861328125,-11.4306640625
1891,google/gemma-3-12b-it,food,en,generic,tiramisu,One example of a food is ___.,-22.50616455078125,-7.502054850260417
1892,google/gemma-3-12b-it,food,en,generic,toast,One example of a food is ___.,-18.5,-18.5
1893,google/gemma-3-12b-it,food,en,generic,tomato sauce,One example of a food is ___.,-21.1875,-10.59375
1894,google/gemma-3-12b-it,food,en,generic,tortellini,One example of a food is ___.,-19.84765625,-9.923828125
1895,google/gemma-3-12b-it,food,en,generic,tortilla,One example of a food is ___.,-19.125,-19.125
1896,google/gemma-3-12b-it,food,en,generic,tostada,One example of a food is ___.,-23.67578125,-11.837890625
1897,google/gemma-3-12b-it,food,en,generic,vegetable,One example of a food is ___.,-16.125,-16.125
1898,google/gemma-3-12b-it,food,en,generic,wafer,One example of a food is ___.,-23.125,-23.125
1899,google/gemma-3-12b-it,food,en,generic,waffle,One example of a food is ___.,-21.75,-21.75
1900,google/gemma-3-12b-it,food,en,generic,walnut,One example of a food is ___.,-21.125,-21.125
1901,google/gemma-3-12b-it,food,en,generic,watermelon,One example of a food is ___.,-15.4375,-15.4375
1902,google/gemma-3-12b-it,food,en,generic,wedding cake,One example of a food is ___.,-24.151123046875,-12.0755615234375
1903,google/gemma-3-12b-it,food,en,generic,wheat,One example of a food is ___.,-14.5625,-14.5625
1904,google/gemma-3-12b-it,food,en,generic,whipped cream,One example of a food is ___.,-21.7705078125,-10.88525390625
1905,google/gemma-3-12b-it,food,en,generic,wrap,One example of a food is ___.,-20.375,-20.375
1906,google/gemma-3-12b-it,food,en,generic,yogurt,One example of a food is ___.,-16.875,-16.875
1907,google/gemma-3-12b-it,food,en,generic,yolk,One example of a food is ___.,-20.0,-20.0
1908,google/gemma-3-12b-it,food,en,generic,zucchini,One example of a food is ___.,-17.375,-17.375
1909,google/gemma-3-12b-it,food,en,indefinite_prod,chicken,Name an example of a food: ___,-9.125,-9.125
1910,google/gemma-3-12b-it,food,en,indefinite_prod,apple,Name an example of a food: ___,-6.625,-6.625
1911,google/gemma-3-12b-it,food,en,indefinite_prod,avocado,Name an example of a food: ___,-9.125,-9.125
1912,google/gemma-3-12b-it,food,en,indefinite_prod,banana,Name an example of a food: ___,-6.5,-6.5
1913,google/gemma-3-12b-it,food,en,indefinite_prod,bean,Name an example of a food: ___,-12.4375,-12.4375
1914,google/gemma-3-12b-it,food,en,indefinite_prod,blueberry,Name an example of a food: ___,-10.0625,-10.0625
1915,google/gemma-3-12b-it,food,en,indefinite_prod,carrot,Name an example of a food: ___,-8.875,-8.875
1916,google/gemma-3-12b-it,food,en,indefinite_prod,cauliflower,Name an example of a food: ___,-10.5,-10.5
1917,google/gemma-3-12b-it,food,en,indefinite_prod,celery,Name an example of a food: ___,-11.0,-11.0
1918,google/gemma-3-12b-it,food,en,indefinite_prod,cherry,Name an example of a food: ___,-12.625,-12.625
1919,google/gemma-3-12b-it,food,en,indefinite_prod,cranberry,Name an example of a food: ___,-13.0625,-13.0625
1920,google/gemma-3-12b-it,food,en,indefinite_prod,cucumber,Name an example of a food: ___,-10.3125,-10.3125
1921,google/gemma-3-12b-it,food,en,indefinite_prod,fig,Name an example of a food: ___,-16.875,-16.875
1922,google/gemma-3-12b-it,food,en,indefinite_prod,ginger,Name an example of a food: ___,-16.625,-16.625
1923,google/gemma-3-12b-it,food,en,indefinite_prod,goose,Name an example of a food: ___,-16.0,-16.0
1924,google/gemma-3-12b-it,food,en,indefinite_prod,grape,Name an example of a food: ___,-9.0,-9.0
1925,google/gemma-3-12b-it,food,en,indefinite_prod,lemon,Name an example of a food: ___,-11.0625,-11.0625
1926,google/gemma-3-12b-it,food,en,indefinite_prod,mango,Name an example of a food: ___,-10.25,-10.25
1927,google/gemma-3-12b-it,food,en,indefinite_prod,melon,Name an example of a food: ___,-12.1875,-12.1875
1928,google/gemma-3-12b-it,food,en,indefinite_prod,olive,Name an example of a food: ___,-14.5,-14.5
1929,google/gemma-3-12b-it,food,en,indefinite_prod,onion,Name an example of a food: ___,-11.875,-11.875
1930,google/gemma-3-12b-it,food,en,indefinite_prod,papaya,Name an example of a food: ___,-13.75,-13.75
1931,google/gemma-3-12b-it,food,en,indefinite_prod,pea,Name an example of a food: ___,-11.25,-11.25
1932,google/gemma-3-12b-it,food,en,indefinite_prod,peach,Name an example of a food: ___,-12.1875,-12.1875
1933,google/gemma-3-12b-it,food,en,indefinite_prod,pear,Name an example of a food: ___,-10.75,-10.75
1934,google/gemma-3-12b-it,food,en,indefinite_prod,pineapple,Name an example of a food: ___,-10.5625,-10.5625
1935,google/gemma-3-12b-it,food,en,indefinite_prod,pomegranate,Name an example of a food: ___,-15.375,-15.375
1936,google/gemma-3-12b-it,food,en,indefinite_prod,potato,Name an example of a food: ___,-8.125,-8.125
1937,google/gemma-3-12b-it,food,en,indefinite_prod,pumpkin,Name an example of a food: ___,-12.125,-12.125
1938,google/gemma-3-12b-it,food,en,indefinite_prod,radish,Name an example of a food: ___,-15.0625,-15.0625
1939,google/gemma-3-12b-it,food,en,indefinite_prod,raspberry,Name an example of a food: ___,-14.25,-14.25
1940,google/gemma-3-12b-it,food,en,indefinite_prod,strawberry,Name an example of a food: ___,-9.1875,-9.1875
1941,google/gemma-3-12b-it,food,en,indefinite_prod,tomato,Name an example of a food: ___,-8.4375,-8.4375
1942,google/gemma-3-12b-it,food,en,indefinite_prod,turkey,Name an example of a food: ___,-10.6875,-10.6875
1943,google/gemma-3-12b-it,food,en,indefinite_prod,almond,Name an example of a food: ___,-12.6875,-12.6875
1944,google/gemma-3-12b-it,food,en,indefinite_prod,appetizer,Name an example of a food: ___,-15.3125,-15.3125
1945,google/gemma-3-12b-it,food,en,indefinite_prod,applesauce,Name an example of a food: ___,-12.5625,-6.28125
1946,google/gemma-3-12b-it,food,en,indefinite_prod,artichoke,Name an example of a food: ___,-12.189453125,-6.0947265625
1947,google/gemma-3-12b-it,food,en,indefinite_prod,arugula,Name an example of a food: ___,-15.0,-15.0
1948,google/gemma-3-12b-it,food,en,indefinite_prod,asparagus,Name an example of a food: ___,-10.4375,-10.4375
1949,google/gemma-3-12b-it,food,en,indefinite_prod,bacon,Name an example of a food: ___,-10.5,-10.5
1950,google/gemma-3-12b-it,food,en,indefinite_prod,bagel,Name an example of a food: ___,-13.8125,-13.8125
1951,google/gemma-3-12b-it,food,en,indefinite_prod,baklava,Name an example of a food: ___,-19.753463745117188,-9.876731872558594
1952,google/gemma-3-12b-it,food,en,indefinite_prod,banana split,Name an example of a food: ___,-21.03125,-10.515625
1953,google/gemma-3-12b-it,food,en,indefinite_prod,basil,Name an example of a food: ___,-15.5,-15.5
1954,google/gemma-3-12b-it,food,en,indefinite_prod,batter,Name an example of a food: ___,-16.75,-16.75
1955,google/gemma-3-12b-it,food,en,indefinite_prod,beet,Name an example of a food: ___,-14.0625,-14.0625
1956,google/gemma-3-12b-it,food,en,indefinite_prod,bell pepper,Name an example of a food: ___,-15.203125,-7.6015625
1957,google/gemma-3-12b-it,food,en,indefinite_prod,berry,Name an example of a food: ___,-13.125,-13.125
1958,google/gemma-3-12b-it,food,en,indefinite_prod,birthday cake,Name an example of a food: ___,-19.504150390625,-9.7520751953125
1959,google/gemma-3-12b-it,food,en,indefinite_prod,biscuit,Name an example of a food: ___,-13.5625,-13.5625
1960,google/gemma-3-12b-it,food,en,indefinite_prod,blackberry,Name an example of a food: ___,-14.6875,-14.6875
1961,google/gemma-3-12b-it,food,en,indefinite_prod,bok choy,Name an example of a food: ___,-20.258668780326843,-6.752889593442281
1962,google/gemma-3-12b-it,food,en,indefinite_prod,bologna,Name an example of a food: ___,-15.750013709068298,-7.875006854534149
1963,google/gemma-3-12b-it,food,en,indefinite_prod,bread,Name an example of a food: ___,-7.0,-7.0
1964,google/gemma-3-12b-it,food,en,indefinite_prod,breadstick,Name an example of a food: ___,-24.03125,-12.015625
1965,google/gemma-3-12b-it,food,en,indefinite_prod,breakfast,Name an example of a food: ___,-12.875,-12.875
1966,google/gemma-3-12b-it,food,en,indefinite_prod,broccoli,Name an example of a food: ___,-7.75,-7.75
1967,google/gemma-3-12b-it,food,en,indefinite_prod,brownie,Name an example of a food: ___,-14.875,-14.875
1968,google/gemma-3-12b-it,food,en,indefinite_prod,brussels sprouts,Name an example of a food: ___,-18.93707275390625,-6.312357584635417
1969,google/gemma-3-12b-it,food,en,indefinite_prod,buffet,Name an example of a food: ___,-18.0,-18.0
1970,google/gemma-3-12b-it,food,en,indefinite_prod,bun,Name an example of a food: ___,-15.5625,-15.5625
1971,google/gemma-3-12b-it,food,en,indefinite_prod,burrito,Name an example of a food: ___,-14.1875,-14.1875
1972,google/gemma-3-12b-it,food,en,indefinite_prod,butter,Name an example of a food: ___,-11.5,-11.5
1973,google/gemma-3-12b-it,food,en,indefinite_prod,cabbage,Name an example of a food: ___,-12.0625,-12.0625
1974,google/gemma-3-12b-it,food,en,indefinite_prod,cake,Name an example of a food: ___,-11.6875,-11.6875
1975,google/gemma-3-12b-it,food,en,indefinite_prod,cake mix,Name an example of a food: ___,-29.75,-14.875
1976,google/gemma-3-12b-it,food,en,indefinite_prod,calamari,Name an example of a food: ___,-15.062763214111328,-7.531381607055664
1977,google/gemma-3-12b-it,food,en,indefinite_prod,calzone,Name an example of a food: ___,-20.75,-10.375
1978,google/gemma-3-12b-it,food,en,indefinite_prod,candy,Name an example of a food: ___,-12.75,-12.75
1979,google/gemma-3-12b-it,food,en,indefinite_prod,candy bar,Name an example of a food: ___,-17.84375,-8.921875
1980,google/gemma-3-12b-it,food,en,indefinite_prod,candy cane,Name an example of a food: ___,-23.625,-11.8125
1981,google/gemma-3-12b-it,food,en,indefinite_prod,cantaloupe,Name an example of a food: ___,-14.759979248046875,-4.919993082682292
1982,google/gemma-3-12b-it,food,en,indefinite_prod,caramel,Name an example of a food: ___,-13.625,-13.625
1983,google/gemma-3-12b-it,food,en,indefinite_prod,cashew,Name an example of a food: ___,-15.0625,-15.0625
1984,google/gemma-3-12b-it,food,en,indefinite_prod,casserole,Name an example of a food: ___,-14.9375,-14.9375
1985,google/gemma-3-12b-it,food,en,indefinite_prod,catfish,Name an example of a food: ___,-14.8125,-14.8125
1986,google/gemma-3-12b-it,food,en,indefinite_prod,caviar,Name an example of a food: ___,-15.0,-15.0
1987,google/gemma-3-12b-it,food,en,indefinite_prod,cereal,Name an example of a food: ___,-9.625,-9.625
1988,google/gemma-3-12b-it,food,en,indefinite_prod,cheese,Name an example of a food: ___,-7.25,-7.25
1989,google/gemma-3-12b-it,food,en,indefinite_prod,cheeseburger,Name an example of a food: ___,-10.376022338867188,-5.188011169433594
1990,google/gemma-3-12b-it,food,en,indefinite_prod,cheesecake,Name an example of a food: ___,-11.625,-11.625
1991,google/gemma-3-12b-it,food,en,indefinite_prod,chickpea,Name an example of a food: ___,-15.5625,-7.78125
1992,google/gemma-3-12b-it,food,en,indefinite_prod,chili,Name an example of a food: ___,-12.3125,-12.3125
1993,google/gemma-3-12b-it,food,en,indefinite_prod,chips,Name an example of a food: ___,-9.5625,-9.5625
1994,google/gemma-3-12b-it,food,en,indefinite_prod,chive,Name an example of a food: ___,-23.71875,-11.859375
1995,google/gemma-3-12b-it,food,en,indefinite_prod,chocolate,Name an example of a food: ___,-10.0,-10.0
1996,google/gemma-3-12b-it,food,en,indefinite_prod,cilantro,Name an example of a food: ___,-15.125,-15.125
1997,google/gemma-3-12b-it,food,en,indefinite_prod,cinnamon,Name an example of a food: ___,-14.6875,-14.6875
1998,google/gemma-3-12b-it,food,en,indefinite_prod,clam,Name an example of a food: ___,-16.375,-16.375
1999,google/gemma-3-12b-it,food,en,indefinite_prod,clove,Name an example of a food: ___,-18.25,-18.25
2000,google/gemma-3-12b-it,food,en,indefinite_prod,coconut,Name an example of a food: ___,-12.8125,-12.8125
2001,google/gemma-3-12b-it,food,en,indefinite_prod,coffee bean,Name an example of a food: ___,-19.0625,-9.53125
2002,google/gemma-3-12b-it,food,en,indefinite_prod,coleslaw,Name an example of a food: ___,-18.750052213668823,-9.375026106834412
2003,google/gemma-3-12b-it,food,en,indefinite_prod,cookie,Name an example of a food: ___,-9.9375,-9.9375
2004,google/gemma-3-12b-it,food,en,indefinite_prod,cordon bleu,Name an example of a food: ___,-20.311767578125,-10.1558837890625
2005,google/gemma-3-12b-it,food,en,indefinite_prod,corn,Name an example of a food: ___,-10.75,-10.75
2006,google/gemma-3-12b-it,food,en,indefinite_prod,cornbread,Name an example of a food: ___,-17.62696659564972,-5.87565553188324
2007,google/gemma-3-12b-it,food,en,indefinite_prod,cornmeal,Name an example of a food: ___,-18.4375,-9.21875
2008,google/gemma-3-12b-it,food,en,indefinite_prod,cotton candy,Name an example of a food: ___,-12.3931884765625,-6.19659423828125
2009,google/gemma-3-12b-it,food,en,indefinite_prod,crab,Name an example of a food: ___,-14.4375,-14.4375
2010,google/gemma-3-12b-it,food,en,indefinite_prod,cracker,Name an example of a food: ___,-11.75,-11.75
2011,google/gemma-3-12b-it,food,en,indefinite_prod,crayfish,Name an example of a food: ___,-16.75,-16.75
2012,google/gemma-3-12b-it,food,en,indefinite_prod,cream cheese,Name an example of a food: ___,-16.515625,-8.2578125
2013,google/gemma-3-12b-it,food,en,indefinite_prod,creme brulee,Name an example of a food: ___,-21.056007385253906,-7.018669128417969
2014,google/gemma-3-12b-it,food,en,indefinite_prod,crepe,Name an example of a food: ___,-19.625,-19.625
2015,google/gemma-3-12b-it,food,en,indefinite_prod,croissant,Name an example of a food: ___,-14.1875,-14.1875
2016,google/gemma-3-12b-it,food,en,indefinite_prod,crouton,Name an example of a food: ___,-17.453125,-8.7265625
2017,google/gemma-3-12b-it,food,en,indefinite_prod,crumb,Name an example of a food: ___,-18.75,-18.75
2018,google/gemma-3-12b-it,food,en,indefinite_prod,cupcake,Name an example of a food: ___,-13.5625,-13.5625
2019,google/gemma-3-12b-it,food,en,indefinite_prod,curry,Name an example of a food: ___,-14.9375,-14.9375
2020,google/gemma-3-12b-it,food,en,indefinite_prod,dessert,Name an example of a food: ___,-13.1875,-13.1875
2021,google/gemma-3-12b-it,food,en,indefinite_prod,dip,Name an example of a food: ___,-19.25,-19.25
2022,google/gemma-3-12b-it,food,en,indefinite_prod,donut,Name an example of a food: ___,-13.875,-13.875
2023,google/gemma-3-12b-it,food,en,indefinite_prod,dough,Name an example of a food: ___,-13.0,-13.0
2024,google/gemma-3-12b-it,food,en,indefinite_prod,dumpling,Name an example of a food: ___,-15.875,-15.875
2025,google/gemma-3-12b-it,food,en,indefinite_prod,easter egg,Name an example of a food: ___,-21.1171875,-10.55859375
2026,google/gemma-3-12b-it,food,en,indefinite_prod,eclair,Name an example of a food: ___,-13.693359375,-6.8466796875
2027,google/gemma-3-12b-it,food,en,indefinite_prod,eel,Name an example of a food: ___,-16.375,-16.375
2028,google/gemma-3-12b-it,food,en,indefinite_prod,egg,Name an example of a food: ___,-9.625,-9.625
2029,google/gemma-3-12b-it,food,en,indefinite_prod,egg roll,Name an example of a food: ___,-19.4375,-9.71875
2030,google/gemma-3-12b-it,food,en,indefinite_prod,eggplant,Name an example of a food: ___,-12.4375,-12.4375
2031,google/gemma-3-12b-it,food,en,indefinite_prod,enchilada,Name an example of a food: ___,-15.320560455322266,-5.106853485107422
2032,google/gemma-3-12b-it,food,en,indefinite_prod,fast food,Name an example of a food: ___,-16.675537109375,-8.3377685546875
2033,google/gemma-3-12b-it,food,en,indefinite_prod,fish,Name an example of a food: ___,-10.5625,-10.5625
2034,google/gemma-3-12b-it,food,en,indefinite_prod,flan,Name an example of a food: ___,-16.447265625,-8.2236328125
2035,google/gemma-3-12b-it,food,en,indefinite_prod,flour,Name an example of a food: ___,-10.0,-10.0
2036,google/gemma-3-12b-it,food,en,indefinite_prod,fondue,Name an example of a food: ___,-19.7523193359375,-9.87615966796875
2037,google/gemma-3-12b-it,food,en,indefinite_prod,french fries,Name an example of a food: ___,-13.50390625,-6.751953125
2038,google/gemma-3-12b-it,food,en,indefinite_prod,fruit,Name an example of a food: ___,-9.875,-9.875
2039,google/gemma-3-12b-it,food,en,indefinite_prod,fruitcake,Name an example of a food: ___,-22.5,-11.25
2040,google/gemma-3-12b-it,food,en,indefinite_prod,fudge,Name an example of a food: ___,-15.6875,-15.6875
2041,google/gemma-3-12b-it,food,en,indefinite_prod,garlic,Name an example of a food: ___,-14.625,-14.625
2042,google/gemma-3-12b-it,food,en,indefinite_prod,gingerbread man,Name an example of a food: ___,-18.8125,-9.40625
2043,google/gemma-3-12b-it,food,en,indefinite_prod,goat,Name an example of a food: ___,-15.6875,-15.6875
2044,google/gemma-3-12b-it,food,en,indefinite_prod,grain,Name an example of a food: ___,-13.0625,-13.0625
2045,google/gemma-3-12b-it,food,en,indefinite_prod,granola,Name an example of a food: ___,-13.625,-13.625
2046,google/gemma-3-12b-it,food,en,indefinite_prod,grapefruit,Name an example of a food: ___,-11.8125,-11.8125
2047,google/gemma-3-12b-it,food,en,indefinite_prod,gravy,Name an example of a food: ___,-15.6875,-15.6875
2048,google/gemma-3-12b-it,food,en,indefinite_prod,green beans,Name an example of a food: ___,-12.4892578125,-6.24462890625
2049,google/gemma-3-12b-it,food,en,indefinite_prod,grits,Name an example of a food: ___,-15.1875,-15.1875
2050,google/gemma-3-12b-it,food,en,indefinite_prod,guacamole,Name an example of a food: ___,-13.75,-13.75
2051,google/gemma-3-12b-it,food,en,indefinite_prod,gum,Name an example of a food: ___,-14.0625,-14.0625
2052,google/gemma-3-12b-it,food,en,indefinite_prod,gumball,Name an example of a food: ___,-21.0625,-10.53125
2053,google/gemma-3-12b-it,food,en,indefinite_prod,gumdrop,Name an example of a food: ___,-17.015625,-8.5078125
2054,google/gemma-3-12b-it,food,en,indefinite_prod,gyro,Name an example of a food: ___,-22.375,-22.375
2055,google/gemma-3-12b-it,food,en,indefinite_prod,ham,Name an example of a food: ___,-12.375,-12.375
2056,google/gemma-3-12b-it,food,en,indefinite_prod,hamburger,Name an example of a food: ___,-11.5,-11.5
2057,google/gemma-3-12b-it,food,en,indefinite_prod,hash,Name an example of a food: ___,-16.5,-16.5
2058,google/gemma-3-12b-it,food,en,indefinite_prod,honey,Name an example of a food: ___,-13.5,-13.5
2059,google/gemma-3-12b-it,food,en,indefinite_prod,hotdog,Name an example of a food: ___,-14.6796875,-7.33984375
2060,google/gemma-3-12b-it,food,en,indefinite_prod,hummus,Name an example of a food: ___,-15.1875,-15.1875
2061,google/gemma-3-12b-it,food,en,indefinite_prod,ice cream,Name an example of a food: ___,-9.631561279296875,-4.8157806396484375
2062,google/gemma-3-12b-it,food,en,indefinite_prod,ice-cream cone,Name an example of a food: ___,-26.938060760498047,-6.734515190124512
2063,google/gemma-3-12b-it,food,en,indefinite_prod,jalapeno,Name an example of a food: ___,-15.8046875,-7.90234375
2064,google/gemma-3-12b-it,food,en,indefinite_prod,jam,Name an example of a food: ___,-14.25,-14.25
2065,google/gemma-3-12b-it,food,en,indefinite_prod,jelly bean,Name an example of a food: ___,-18.25,-9.125
2066,google/gemma-3-12b-it,food,en,indefinite_prod,kale,Name an example of a food: ___,-13.4375,-13.4375
2067,google/gemma-3-12b-it,food,en,indefinite_prod,kebab,Name an example of a food: ___,-17.125,-17.125
2068,google/gemma-3-12b-it,food,en,indefinite_prod,ketchup,Name an example of a food: ___,-14.0625,-14.0625
2069,google/gemma-3-12b-it,food,en,indefinite_prod,kiwi,Name an example of a food: ___,-14.75,-14.75
2070,google/gemma-3-12b-it,food,en,indefinite_prod,lamb,Name an example of a food: ___,-14.875,-14.875
2071,google/gemma-3-12b-it,food,en,indefinite_prod,lamb chop,Name an example of a food: ___,-19.75,-9.875
2072,google/gemma-3-12b-it,food,en,indefinite_prod,lasagna,Name an example of a food: ___,-12.8125,-12.8125
2073,google/gemma-3-12b-it,food,en,indefinite_prod,leek,Name an example of a food: ___,-17.4140625,-8.70703125
2074,google/gemma-3-12b-it,food,en,indefinite_prod,lettuce,Name an example of a food: ___,-9.4375,-9.4375
2075,google/gemma-3-12b-it,food,en,indefinite_prod,licorice,Name an example of a food: ___,-17.500808715820312,-8.750404357910156
2076,google/gemma-3-12b-it,food,en,indefinite_prod,lime,Name an example of a food: ___,-13.0,-13.0
2077,google/gemma-3-12b-it,food,en,indefinite_prod,lobster,Name an example of a food: ___,-14.8125,-14.8125
2078,google/gemma-3-12b-it,food,en,indefinite_prod,lollipop,Name an example of a food: ___,-15.75,-15.75
2079,google/gemma-3-12b-it,food,en,indefinite_prod,macadamia,Name an example of a food: ___,-20.59375,-10.296875
2080,google/gemma-3-12b-it,food,en,indefinite_prod,macaroni,Name an example of a food: ___,-12.625,-12.625
2081,google/gemma-3-12b-it,food,en,indefinite_prod,maple syrup,Name an example of a food: ___,-13.878768920898438,-6.939384460449219
2082,google/gemma-3-12b-it,food,en,indefinite_prod,marmalade,Name an example of a food: ___,-15.0684814453125,-7.53424072265625
2083,google/gemma-3-12b-it,food,en,indefinite_prod,marshmallow,Name an example of a food: ___,-15.1875,-15.1875
2084,google/gemma-3-12b-it,food,en,indefinite_prod,mashed potato,Name an example of a food: ___,-17.75,-8.875
2085,google/gemma-3-12b-it,food,en,indefinite_prod,meat,Name an example of a food: ___,-12.0,-12.0
2086,google/gemma-3-12b-it,food,en,indefinite_prod,meatball,Name an example of a food: ___,-15.484375,-7.7421875
2087,google/gemma-3-12b-it,food,en,indefinite_prod,meatloaf,Name an example of a food: ___,-15.984375,-7.9921875
2088,google/gemma-3-12b-it,food,en,indefinite_prod,mint,Name an example of a food: ___,-17.125,-17.125
2089,google/gemma-3-12b-it,food,en,indefinite_prod,mousse,Name an example of a food: ___,-16.5,-16.5
2090,google/gemma-3-12b-it,food,en,indefinite_prod,muffin,Name an example of a food: ___,-14.75,-14.75
2091,google/gemma-3-12b-it,food,en,indefinite_prod,mulberry,Name an example of a food: ___,-18.0,-18.0
2092,google/gemma-3-12b-it,food,en,indefinite_prod,mushroom,Name an example of a food: ___,-12.9375,-12.9375
2093,google/gemma-3-12b-it,food,en,indefinite_prod,mussel,Name an example of a food: ___,-19.5400390625,-9.77001953125
2094,google/gemma-3-12b-it,food,en,indefinite_prod,mustard,Name an example of a food: ___,-14.5,-14.5
2095,google/gemma-3-12b-it,food,en,indefinite_prod,nacho,Name an example of a food: ___,-19.765625,-9.8828125
2096,google/gemma-3-12b-it,food,en,indefinite_prod,noodle,Name an example of a food: ___,-12.8125,-12.8125
2097,google/gemma-3-12b-it,food,en,indefinite_prod,nut,Name an example of a food: ___,-14.5,-14.5
2098,google/gemma-3-12b-it,food,en,indefinite_prod,oatmeal,Name an example of a food: ___,-13.5625,-13.5625
2099,google/gemma-3-12b-it,food,en,indefinite_prod,octopus,Name an example of a food: ___,-16.25,-16.25
2100,google/gemma-3-12b-it,food,en,indefinite_prod,okra,Name an example of a food: ___,-14.4375,-14.4375
2101,google/gemma-3-12b-it,food,en,indefinite_prod,omelet,Name an example of a food: ___,-16.7666015625,-8.38330078125
2102,google/gemma-3-12b-it,food,en,indefinite_prod,orange,Name an example of a food: ___,-9.5,-9.5
2103,google/gemma-3-12b-it,food,en,indefinite_prod,oyster,Name an example of a food: ___,-16.125,-16.125
2104,google/gemma-3-12b-it,food,en,indefinite_prod,pancake,Name an example of a food: ___,-14.375,-14.375
2105,google/gemma-3-12b-it,food,en,indefinite_prod,parfait,Name an example of a food: ___,-19.875,-19.875
2106,google/gemma-3-12b-it,food,en,indefinite_prod,parsley,Name an example of a food: ___,-14.0,-14.0
2107,google/gemma-3-12b-it,food,en,indefinite_prod,pasta,Name an example of a food: ___,-9.5,-9.5
2108,google/gemma-3-12b-it,food,en,indefinite_prod,pastry,Name an example of a food: ___,-14.5625,-14.5625
2109,google/gemma-3-12b-it,food,en,indefinite_prod,patty,Name an example of a food: ___,-16.5,-16.5
2110,google/gemma-3-12b-it,food,en,indefinite_prod,peanut,Name an example of a food: ___,-10.9375,-10.9375
2111,google/gemma-3-12b-it,food,en,indefinite_prod,peanut butter,Name an example of a food: ___,-11.181640625,-5.5908203125
2112,google/gemma-3-12b-it,food,en,indefinite_prod,pecan,Name an example of a food: ___,-14.75,-14.75
2113,google/gemma-3-12b-it,food,en,indefinite_prod,pepper (seasoning),Name an example of a food: ___,-26.18524169921875,-5.23704833984375
2114,google/gemma-3-12b-it,food,en,indefinite_prod,pepper (vegetable),Name an example of a food: ___,-22.41107177734375,-4.48221435546875
2115,google/gemma-3-12b-it,food,en,indefinite_prod,peppermint,Name an example of a food: ___,-16.25,-16.25
2116,google/gemma-3-12b-it,food,en,indefinite_prod,pepperoni,Name an example of a food: ___,-12.875,-12.875
2117,google/gemma-3-12b-it,food,en,indefinite_prod,pesto,Name an example of a food: ___,-16.625,-16.625
2118,google/gemma-3-12b-it,food,en,indefinite_prod,pickle,Name an example of a food: ___,-12.625,-12.625
2119,google/gemma-3-12b-it,food,en,indefinite_prod,pie,Name an example of a food: ___,-11.4375,-11.4375
2120,google/gemma-3-12b-it,food,en,indefinite_prod,piecrust,Name an example of a food: ___,-23.688629150390625,-7.896209716796875
2121,google/gemma-3-12b-it,food,en,indefinite_prod,pig,Name an example of a food: ___,-17.25,-17.25
2122,google/gemma-3-12b-it,food,en,indefinite_prod,pistachio,Name an example of a food: ___,-13.5,-13.5
2123,google/gemma-3-12b-it,food,en,indefinite_prod,pita,Name an example of a food: ___,-17.75,-17.75
2124,google/gemma-3-12b-it,food,en,indefinite_prod,pizza,Name an example of a food: ___,-9.125,-9.125
2125,google/gemma-3-12b-it,food,en,indefinite_prod,plum,Name an example of a food: ___,-13.8125,-13.8125
2126,google/gemma-3-12b-it,food,en,indefinite_prod,popcorn,Name an example of a food: ___,-10.9375,-10.9375
2127,google/gemma-3-12b-it,food,en,indefinite_prod,poppy,Name an example of a food: ___,-17.125,-17.125
2128,google/gemma-3-12b-it,food,en,indefinite_prod,popsicle,Name an example of a food: ___,-13.1875,-13.1875
2129,google/gemma-3-12b-it,food,en,indefinite_prod,potpie,Name an example of a food: ___,-20.6875,-10.34375
2130,google/gemma-3-12b-it,food,en,indefinite_prod,pretzel,Name an example of a food: ___,-12.9375,-12.9375
2131,google/gemma-3-12b-it,food,en,indefinite_prod,prune,Name an example of a food: ___,-18.125,-18.125
2132,google/gemma-3-12b-it,food,en,indefinite_prod,pudding,Name an example of a food: ___,-12.4375,-12.4375
2133,google/gemma-3-12b-it,food,en,indefinite_prod,quesadilla,Name an example of a food: ___,-14.2763671875,-7.13818359375
2134,google/gemma-3-12b-it,food,en,indefinite_prod,quiche,Name an example of a food: ___,-15.830078125,-7.9150390625
2135,google/gemma-3-12b-it,food,en,indefinite_prod,rabbit,Name an example of a food: ___,-15.875,-15.875
2136,google/gemma-3-12b-it,food,en,indefinite_prod,raisin,Name an example of a food: ___,-12.3125,-12.3125
2137,google/gemma-3-12b-it,food,en,indefinite_prod,ravioli,Name an example of a food: ___,-16.751914978027344,-8.375957489013672
2138,google/gemma-3-12b-it,food,en,indefinite_prod,ready meal,Name an example of a food: ___,-18.5,-9.25
2139,google/gemma-3-12b-it,food,en,indefinite_prod,rhubarb,Name an example of a food: ___,-15.0,-15.0
2140,google/gemma-3-12b-it,food,en,indefinite_prod,rice,Name an example of a food: ___,-8.9375,-8.9375
2141,google/gemma-3-12b-it,food,en,indefinite_prod,roll,Name an example of a food: ___,-16.25,-16.25
2142,google/gemma-3-12b-it,food,en,indefinite_prod,saffron,Name an example of a food: ___,-17.25,-17.25
2143,google/gemma-3-12b-it,food,en,indefinite_prod,salad,Name an example of a food: ___,-10.5625,-10.5625
2144,google/gemma-3-12b-it,food,en,indefinite_prod,salami,Name an example of a food: ___,-14.875,-14.875
2145,google/gemma-3-12b-it,food,en,indefinite_prod,sandwich,Name an example of a food: ___,-10.5,-10.5
2146,google/gemma-3-12b-it,food,en,indefinite_prod,sardine,Name an example of a food: ___,-17.00238037109375,-8.501190185546875
2147,google/gemma-3-12b-it,food,en,indefinite_prod,sauce,Name an example of a food: ___,-12.5,-12.5
2148,google/gemma-3-12b-it,food,en,indefinite_prod,sauerkraut,Name an example of a food: ___,-15.5,-15.5
2149,google/gemma-3-12b-it,food,en,indefinite_prod,sausage,Name an example of a food: ___,-11.3125,-11.3125
2150,google/gemma-3-12b-it,food,en,indefinite_prod,scallion,Name an example of a food: ___,-18.5,-9.25
2151,google/gemma-3-12b-it,food,en,indefinite_prod,scallop,Name an example of a food: ___,-17.75,-17.75
2152,google/gemma-3-12b-it,food,en,indefinite_prod,scone,Name an example of a food: ___,-18.546875,-9.2734375
2153,google/gemma-3-12b-it,food,en,indefinite_prod,scrambled egg,Name an example of a food: ___,-19.75,-9.875
2154,google/gemma-3-12b-it,food,en,indefinite_prod,seafood,Name an example of a food: ___,-13.1875,-13.1875
2155,google/gemma-3-12b-it,food,en,indefinite_prod,seaweed,Name an example of a food: ___,-14.9375,-14.9375
2156,google/gemma-3-12b-it,food,en,indefinite_prod,shortbread,Name an example of a food: ___,-15.8251953125,-7.91259765625
2157,google/gemma-3-12b-it,food,en,indefinite_prod,shrimp,Name an example of a food: ___,-10.0,-10.0
2158,google/gemma-3-12b-it,food,en,indefinite_prod,snack,Name an example of a food: ___,-13.8125,-13.8125
2159,google/gemma-3-12b-it,food,en,indefinite_prod,sorbet,Name an example of a food: ___,-18.37890625,-9.189453125
2160,google/gemma-3-12b-it,food,en,indefinite_prod,souffle,Name an example of a food: ___,-17.375,-17.375
2161,google/gemma-3-12b-it,food,en,indefinite_prod,soup,Name an example of a food: ___,-10.3125,-10.3125
2162,google/gemma-3-12b-it,food,en,indefinite_prod,soy sauce,Name an example of a food: ___,-16.0791015625,-8.03955078125
2163,google/gemma-3-12b-it,food,en,indefinite_prod,spaghetti,Name an example of a food: ___,-10.6875,-10.6875
2164,google/gemma-3-12b-it,food,en,indefinite_prod,spam,Name an example of a food: ___,-15.0625,-15.0625
2165,google/gemma-3-12b-it,food,en,indefinite_prod,spareribs,Name an example of a food: ___,-19.980987548828125,-6.660329182942708
2166,google/gemma-3-12b-it,food,en,indefinite_prod,spinach,Name an example of a food: ___,-10.125,-10.125
2167,google/gemma-3-12b-it,food,en,indefinite_prod,spring roll,Name an example of a food: ___,-19.515625,-9.7578125
2168,google/gemma-3-12b-it,food,en,indefinite_prod,sprouts,Name an example of a food: ___,-13.125,-13.125
2169,google/gemma-3-12b-it,food,en,indefinite_prod,squash,Name an example of a food: ___,-12.125,-12.125
2170,google/gemma-3-12b-it,food,en,indefinite_prod,squid,Name an example of a food: ___,-15.0,-15.0
2171,google/gemma-3-12b-it,food,en,indefinite_prod,star fruit,Name an example of a food: ___,-17.140625,-8.5703125
2172,google/gemma-3-12b-it,food,en,indefinite_prod,steak,Name an example of a food: ___,-9.5,-9.5
2173,google/gemma-3-12b-it,food,en,indefinite_prod,stew,Name an example of a food: ___,-13.0625,-13.0625
2174,google/gemma-3-12b-it,food,en,indefinite_prod,stir fry,Name an example of a food: ___,-21.078125,-10.5390625
2175,google/gemma-3-12b-it,food,en,indefinite_prod,string cheese,Name an example of a food: ___,-15.18359375,-7.591796875
2176,google/gemma-3-12b-it,food,en,indefinite_prod,stuffing,Name an example of a food: ___,-20.0,-20.0
2177,google/gemma-3-12b-it,food,en,indefinite_prod,sugar cube,Name an example of a food: ___,-22.4375,-11.21875
2178,google/gemma-3-12b-it,food,en,indefinite_prod,sundae,Name an example of a food: ___,-16.375329971313477,-8.187664985656738
2179,google/gemma-3-12b-it,food,en,indefinite_prod,sushi,Name an example of a food: ___,-11.9375,-11.9375
2180,google/gemma-3-12b-it,food,en,indefinite_prod,sweet potato,Name an example of a food: ___,-10.75,-5.375
2181,google/gemma-3-12b-it,food,en,indefinite_prod,swordfish,Name an example of a food: ___,-17.626258850097656,-8.813129425048828
2182,google/gemma-3-12b-it,food,en,indefinite_prod,syrup,Name an example of a food: ___,-15.625,-15.625
2183,google/gemma-3-12b-it,food,en,indefinite_prod,taco,Name an example of a food: ___,-13.125,-13.125
2184,google/gemma-3-12b-it,food,en,indefinite_prod,taffy,Name an example of a food: ___,-19.88629150390625,-9.943145751953125
2185,google/gemma-3-12b-it,food,en,indefinite_prod,tamale,Name an example of a food: ___,-17.294921875,-8.6474609375
2186,google/gemma-3-12b-it,food,en,indefinite_prod,tiramisu,Name an example of a food: ___,-19.376943588256836,-6.458981196085612
2187,google/gemma-3-12b-it,food,en,indefinite_prod,toast,Name an example of a food: ___,-12.1875,-12.1875
2188,google/gemma-3-12b-it,food,en,indefinite_prod,tomato sauce,Name an example of a food: ___,-17.1875,-8.59375
2189,google/gemma-3-12b-it,food,en,indefinite_prod,tortellini,Name an example of a food: ___,-17.76611328125,-8.883056640625
2190,google/gemma-3-12b-it,food,en,indefinite_prod,tortilla,Name an example of a food: ___,-12.5,-12.5
2191,google/gemma-3-12b-it,food,en,indefinite_prod,tostada,Name an example of a food: ___,-19.390625,-9.6953125
2192,google/gemma-3-12b-it,food,en,indefinite_prod,vegetable,Name an example of a food: ___,-13.9375,-13.9375
2193,google/gemma-3-12b-it,food,en,indefinite_prod,wafer,Name an example of a food: ___,-14.875,-14.875
2194,google/gemma-3-12b-it,food,en,indefinite_prod,waffle,Name an example of a food: ___,-14.75,-14.75
2195,google/gemma-3-12b-it,food,en,indefinite_prod,walnut,Name an example of a food: ___,-14.5625,-14.5625
2196,google/gemma-3-12b-it,food,en,indefinite_prod,watermelon,Name an example of a food: ___,-8.5625,-8.5625
2197,google/gemma-3-12b-it,food,en,indefinite_prod,wedding cake,Name an example of a food: ___,-20.7607421875,-10.38037109375
2198,google/gemma-3-12b-it,food,en,indefinite_prod,wheat,Name an example of a food: ___,-13.5,-13.5
2199,google/gemma-3-12b-it,food,en,indefinite_prod,whipped cream,Name an example of a food: ___,-16.6478271484375,-8.32391357421875
2200,google/gemma-3-12b-it,food,en,indefinite_prod,wrap,Name an example of a food: ___,-17.0,-17.0
2201,google/gemma-3-12b-it,food,en,indefinite_prod,yogurt,Name an example of a food: ___,-10.4375,-10.4375
2202,google/gemma-3-12b-it,food,en,indefinite_prod,yolk,Name an example of a food: ___,-16.625,-16.625
2203,google/gemma-3-12b-it,food,en,indefinite_prod,zucchini,Name an example of a food: ___,-13.1875,-13.1875
2204,google/gemma-3-12b-it,footwear,en,generic,boot,One example of a footwear is ___.,-20.0,-20.0
2205,google/gemma-3-12b-it,footwear,en,generic,flip-flop,One example of a footwear is ___.,-26.806640625,-8.935546875
2206,google/gemma-3-12b-it,footwear,en,generic,flipper,One example of a footwear is ___.,-25.566070556640625,-8.522023518880209
2207,google/gemma-3-12b-it,footwear,en,generic,iceskate,One example of a footwear is ___.,-28.1328125,-9.377604166666666
2208,google/gemma-3-12b-it,footwear,en,generic,moccasin,One example of a footwear is ___.,-24.016048431396484,-8.005349477132162
2209,google/gemma-3-12b-it,footwear,en,generic,rollerblade,One example of a footwear is ___.,-29.375,-14.6875
2210,google/gemma-3-12b-it,footwear,en,generic,rollerskate,One example of a footwear is ___.,-25.0546875,-12.52734375
2211,google/gemma-3-12b-it,footwear,en,generic,sandal,One example of a footwear is ___.,-17.875,-17.875
2212,google/gemma-3-12b-it,footwear,en,generic,shoe,One example of a footwear is ___.,-13.5,-13.5
2213,google/gemma-3-12b-it,footwear,en,generic,ski boots,One example of a footwear is ___.,-22.910888671875,-11.4554443359375
2214,google/gemma-3-12b-it,footwear,en,generic,slipper,One example of a footwear is ___.,-17.875,-17.875
2215,google/gemma-3-12b-it,footwear,en,generic,snowshoe,One example of a footwear is ___.,-27.03125,-13.515625
2216,google/gemma-3-12b-it,footwear,en,generic,sock,One example of a footwear is ___.,-20.875,-20.875
2217,google/gemma-3-12b-it,footwear,en,generic,stiletto,One example of a footwear is ___.,-21.63995361328125,-10.819976806640625
2218,google/gemma-3-12b-it,footwear,en,generic,stockings,One example of a footwear is ___.,-21.25,-21.25
2219,google/gemma-3-12b-it,footwear,en,indefinite_prod,boot,Name an example of a footwear: ___,-9.5625,-9.5625
2220,google/gemma-3-12b-it,footwear,en,indefinite_prod,flip-flop,Name an example of a footwear: ___,-16.0830078125,-5.361002604166667
2221,google/gemma-3-12b-it,footwear,en,indefinite_prod,flipper,Name an example of a footwear: ___,-23.882171630859375,-7.960723876953125
2222,google/gemma-3-12b-it,footwear,en,indefinite_prod,iceskate,Name an example of a footwear: ___,-26.4375,-8.8125
2223,google/gemma-3-12b-it,footwear,en,indefinite_prod,moccasin,Name an example of a footwear: ___,-15.375459671020508,-5.125153223673503
2224,google/gemma-3-12b-it,footwear,en,indefinite_prod,rollerblade,Name an example of a footwear: ___,-23.59375,-11.796875
2225,google/gemma-3-12b-it,footwear,en,indefinite_prod,rollerskate,Name an example of a footwear: ___,-22.875,-11.4375
2226,google/gemma-3-12b-it,footwear,en,indefinite_prod,sandal,Name an example of a footwear: ___,-10.25,-10.25
2227,google/gemma-3-12b-it,footwear,en,indefinite_prod,shoe,Name an example of a footwear: ___,-7.375,-7.375
2228,google/gemma-3-12b-it,footwear,en,indefinite_prod,ski boots,Name an example of a footwear: ___,-15.220703125,-7.6103515625
2229,google/gemma-3-12b-it,footwear,en,indefinite_prod,slipper,Name an example of a footwear: ___,-9.5,-9.5
2230,google/gemma-3-12b-it,footwear,en,indefinite_prod,snowshoe,Name an example of a footwear: ___,-21.34375,-10.671875
2231,google/gemma-3-12b-it,footwear,en,indefinite_prod,sock,Name an example of a footwear: ___,-11.5625,-11.5625
2232,google/gemma-3-12b-it,footwear,en,indefinite_prod,stiletto,Name an example of a footwear: ___,-16.85693359375,-8.428466796875
2233,google/gemma-3-12b-it,footwear,en,indefinite_prod,stockings,Name an example of a footwear: ___,-13.0,-13.0
2234,google/gemma-3-12b-it,fruit,en,generic,apple,One example of a fruit is ___.,-12.9375,-12.9375
2235,google/gemma-3-12b-it,fruit,en,generic,avocado,One example of a fruit is ___.,-17.125,-17.125
2236,google/gemma-3-12b-it,fruit,en,generic,banana,One example of a fruit is ___.,-16.25,-16.25
2237,google/gemma-3-12b-it,fruit,en,generic,berry,One example of a fruit is ___.,-18.25,-18.25
2238,google/gemma-3-12b-it,fruit,en,generic,blackberry,One example of a fruit is ___.,-21.5,-21.5
2239,google/gemma-3-12b-it,fruit,en,generic,blueberry,One example of a fruit is ___.,-17.75,-17.75
2240,google/gemma-3-12b-it,fruit,en,generic,cantaloupe,One example of a fruit is ___.,-21.14251708984375,-7.047505696614583
2241,google/gemma-3-12b-it,fruit,en,generic,cherry,One example of a fruit is ___.,-18.5,-18.5
2242,google/gemma-3-12b-it,fruit,en,generic,coconut,One example of a fruit is ___.,-16.375,-16.375
2243,google/gemma-3-12b-it,fruit,en,generic,cranberry,One example of a fruit is ___.,-19.75,-19.75
2244,google/gemma-3-12b-it,fruit,en,generic,fig,One example of a fruit is ___.,-23.0,-23.0
2245,google/gemma-3-12b-it,fruit,en,generic,fruit,One example of a fruit is ___.,-11.875,-11.875
2246,google/gemma-3-12b-it,fruit,en,generic,grape,One example of a fruit is ___.,-15.5,-15.5
2247,google/gemma-3-12b-it,fruit,en,generic,grapefruit,One example of a fruit is ___.,-18.0,-18.0
2248,google/gemma-3-12b-it,fruit,en,generic,kiwi,One example of a fruit is ___.,-19.5,-19.5
2249,google/gemma-3-12b-it,fruit,en,generic,lemon,One example of a fruit is ___.,-16.375,-16.375
2250,google/gemma-3-12b-it,fruit,en,generic,lime,One example of a fruit is ___.,-19.5,-19.5
2251,google/gemma-3-12b-it,fruit,en,generic,mango,One example of a fruit is ___.,-13.5,-13.5
2252,google/gemma-3-12b-it,fruit,en,generic,melon,One example of a fruit is ___.,-19.625,-19.625
2253,google/gemma-3-12b-it,fruit,en,generic,mulberry,One example of a fruit is ___.,-20.875,-20.875
2254,google/gemma-3-12b-it,fruit,en,generic,orange,One example of a fruit is ___.,-16.5,-16.5
2255,google/gemma-3-12b-it,fruit,en,generic,papaya,One example of a fruit is ___.,-19.0,-19.0
2256,google/gemma-3-12b-it,fruit,en,generic,peach,One example of a fruit is ___.,-18.375,-18.375
2257,google/gemma-3-12b-it,fruit,en,generic,pear,One example of a fruit is ___.,-17.25,-17.25
2258,google/gemma-3-12b-it,fruit,en,generic,pineapple,One example of a fruit is ___.,-15.8125,-15.8125
2259,google/gemma-3-12b-it,fruit,en,generic,plum,One example of a fruit is ___.,-19.125,-19.125
2260,google/gemma-3-12b-it,fruit,en,generic,pomegranate,One example of a fruit is ___.,-18.625,-18.625
2261,google/gemma-3-12b-it,fruit,en,generic,prune,One example of a fruit is ___.,-22.625,-22.625
2262,google/gemma-3-12b-it,fruit,en,generic,raisin,One example of a fruit is ___.,-21.625,-21.625
2263,google/gemma-3-12b-it,fruit,en,generic,raspberry,One example of a fruit is ___.,-21.5,-21.5
2264,google/gemma-3-12b-it,fruit,en,generic,star fruit,One example of a fruit is ___.,-22.8515625,-11.42578125
2265,google/gemma-3-12b-it,fruit,en,generic,strawberry,One example of a fruit is ___.,-16.125,-16.125
2266,google/gemma-3-12b-it,fruit,en,generic,tomato,One example of a fruit is ___.,-17.5,-17.5
2267,google/gemma-3-12b-it,fruit,en,generic,watermelon,One example of a fruit is ___.,-15.125,-15.125
2268,google/gemma-3-12b-it,fruit,en,indefinite_prod,apple,Name an example of a fruit: ___,-7.65625,-7.65625
2269,google/gemma-3-12b-it,fruit,en,indefinite_prod,avocado,Name an example of a fruit: ___,-13.8125,-13.8125
2270,google/gemma-3-12b-it,fruit,en,indefinite_prod,banana,Name an example of a fruit: ___,-8.0,-8.0
2271,google/gemma-3-12b-it,fruit,en,indefinite_prod,berry,Name an example of a fruit: ___,-14.9375,-14.9375
2272,google/gemma-3-12b-it,fruit,en,indefinite_prod,blackberry,Name an example of a fruit: ___,-16.75,-16.75
2273,google/gemma-3-12b-it,fruit,en,indefinite_prod,blueberry,Name an example of a fruit: ___,-12.3125,-12.3125
2274,google/gemma-3-12b-it,fruit,en,indefinite_prod,cantaloupe,Name an example of a fruit: ___,-17.634979248046875,-5.878326416015625
2275,google/gemma-3-12b-it,fruit,en,indefinite_prod,cherry,Name an example of a fruit: ___,-14.5,-14.5
2276,google/gemma-3-12b-it,fruit,en,indefinite_prod,coconut,Name an example of a fruit: ___,-14.875,-14.875
2277,google/gemma-3-12b-it,fruit,en,indefinite_prod,cranberry,Name an example of a fruit: ___,-16.625,-16.625
2278,google/gemma-3-12b-it,fruit,en,indefinite_prod,fig,Name an example of a fruit: ___,-20.875,-20.875
2279,google/gemma-3-12b-it,fruit,en,indefinite_prod,fruit,Name an example of a fruit: ___,-11.5,-11.5
2280,google/gemma-3-12b-it,fruit,en,indefinite_prod,grape,Name an example of a fruit: ___,-10.5,-10.5
2281,google/gemma-3-12b-it,fruit,en,indefinite_prod,grapefruit,Name an example of a fruit: ___,-14.5,-14.5
2282,google/gemma-3-12b-it,fruit,en,indefinite_prod,kiwi,Name an example of a fruit: ___,-16.625,-16.625
2283,google/gemma-3-12b-it,fruit,en,indefinite_prod,lemon,Name an example of a fruit: ___,-14.0625,-14.0625
2284,google/gemma-3-12b-it,fruit,en,indefinite_prod,lime,Name an example of a fruit: ___,-16.25,-16.25
2285,google/gemma-3-12b-it,fruit,en,indefinite_prod,mango,Name an example of a fruit: ___,-10.6875,-10.6875
2286,google/gemma-3-12b-it,fruit,en,indefinite_prod,melon,Name an example of a fruit: ___,-14.375,-14.375
2287,google/gemma-3-12b-it,fruit,en,indefinite_prod,mulberry,Name an example of a fruit: ___,-18.625,-18.625
2288,google/gemma-3-12b-it,fruit,en,indefinite_prod,orange,Name an example of a fruit: ___,-11.125,-11.125
2289,google/gemma-3-12b-it,fruit,en,indefinite_prod,papaya,Name an example of a fruit: ___,-15.8125,-15.8125
2290,google/gemma-3-12b-it,fruit,en,indefinite_prod,peach,Name an example of a fruit: ___,-13.4375,-13.4375
2291,google/gemma-3-12b-it,fruit,en,indefinite_prod,pear,Name an example of a fruit: ___,-12.5,-12.5
2292,google/gemma-3-12b-it,fruit,en,indefinite_prod,pineapple,Name an example of a fruit: ___,-12.125,-12.125
2293,google/gemma-3-12b-it,fruit,en,indefinite_prod,plum,Name an example of a fruit: ___,-14.75,-14.75
2294,google/gemma-3-12b-it,fruit,en,indefinite_prod,pomegranate,Name an example of a fruit: ___,-16.125,-16.125
2295,google/gemma-3-12b-it,fruit,en,indefinite_prod,prune,Name an example of a fruit: ___,-22.125,-22.125
2296,google/gemma-3-12b-it,fruit,en,indefinite_prod,raisin,Name an example of a fruit: ___,-18.375,-18.375
2297,google/gemma-3-12b-it,fruit,en,indefinite_prod,raspberry,Name an example of a fruit: ___,-15.8125,-15.8125
2298,google/gemma-3-12b-it,fruit,en,indefinite_prod,star fruit,Name an example of a fruit: ___,-20.734375,-10.3671875
2299,google/gemma-3-12b-it,fruit,en,indefinite_prod,strawberry,Name an example of a fruit: ___,-10.9375,-10.9375
2300,google/gemma-3-12b-it,fruit,en,indefinite_prod,tomato,Name an example of a fruit: ___,-13.25,-13.25
2301,google/gemma-3-12b-it,fruit,en,indefinite_prod,watermelon,Name an example of a fruit: ___,-10.25,-10.25
2302,google/gemma-3-12b-it,furniture,en,generic,bed,One example of a furniture is ___.,-16.875,-16.875
2303,google/gemma-3-12b-it,furniture,en,generic,bench,One example of a furniture is ___.,-19.625,-19.625
2304,google/gemma-3-12b-it,furniture,en,generic,chair,One example of a furniture is ___.,-16.625,-16.625
2305,google/gemma-3-12b-it,furniture,en,generic,rocking chair,One example of a furniture is ___.,-25.651611328125,-12.8258056640625
2306,google/gemma-3-12b-it,furniture,en,generic,shelf,One example of a furniture is ___.,-20.0,-20.0
2307,google/gemma-3-12b-it,furniture,en,generic,stool,One example of a furniture is ___.,-22.125,-22.125
2308,google/gemma-3-12b-it,furniture,en,generic,table,One example of a furniture is ___.,-12.875,-12.875
2309,google/gemma-3-12b-it,furniture,en,generic,hammock,One example of a furniture is ___.,-23.75,-23.75
2310,google/gemma-3-12b-it,furniture,en,generic,air mattress,One example of a furniture is ___.,-19.359375,-9.6796875
2311,google/gemma-3-12b-it,furniture,en,generic,bassinet,One example of a furniture is ___.,-23.53125,-11.765625
2312,google/gemma-3-12b-it,furniture,en,generic,beanbag,One example of a furniture is ___.,-20.28515625,-10.142578125
2313,google/gemma-3-12b-it,furniture,en,generic,bookshelf,One example of a furniture is ___.,-19.5,-19.5
2314,google/gemma-3-12b-it,furniture,en,generic,bunkbed,One example of a furniture is ___.,-31.6875,-15.84375
2315,google/gemma-3-12b-it,furniture,en,generic,cabinet,One example of a furniture is ___.,-14.75,-14.75
2316,google/gemma-3-12b-it,furniture,en,generic,chest,One example of a furniture is ___.,-20.375,-20.375
2317,google/gemma-3-12b-it,furniture,en,generic,closet,One example of a furniture is ___.,-19.625,-19.625
2318,google/gemma-3-12b-it,furniture,en,generic,coat rack,One example of a furniture is ___.,-20.52734375,-10.263671875
2319,google/gemma-3-12b-it,furniture,en,generic,coffee table,One example of a furniture is ___.,-15.13525390625,-7.567626953125
2320,google/gemma-3-12b-it,furniture,en,generic,cot,One example of a furniture is ___.,-20.125,-20.125
2321,google/gemma-3-12b-it,furniture,en,generic,couch,One example of a furniture is ___.,-19.5,-19.5
2322,google/gemma-3-12b-it,furniture,en,generic,counter,One example of a furniture is ___.,-18.875,-18.875
2323,google/gemma-3-12b-it,furniture,en,generic,crib,One example of a furniture is ___.,-22.875,-22.875
2324,google/gemma-3-12b-it,furniture,en,generic,desk,One example of a furniture is ___.,-16.875,-16.875
2325,google/gemma-3-12b-it,furniture,en,generic,dresser,One example of a furniture is ___.,-21.25,-21.25
2326,google/gemma-3-12b-it,furniture,en,generic,filing cabinet,One example of a furniture is ___.,-25.55859375,-12.779296875
2327,google/gemma-3-12b-it,furniture,en,generic,footrest,One example of a furniture is ___.,-22.078125,-11.0390625
2328,google/gemma-3-12b-it,furniture,en,generic,highchair,One example of a furniture is ___.,-22.890625,-11.4453125
2329,google/gemma-3-12b-it,furniture,en,generic,lectern,One example of a furniture is ___.,-27.265625,-13.6328125
2330,google/gemma-3-12b-it,furniture,en,generic,loveseat,One example of a furniture is ___.,-23.2655029296875,-7.755167643229167
2331,google/gemma-3-12b-it,furniture,en,generic,mattress,One example of a furniture is ___.,-20.125,-20.125
2332,google/gemma-3-12b-it,furniture,en,generic,nightstand,One example of a furniture is ___.,-23.432861328125,-11.7164306640625
2333,google/gemma-3-12b-it,furniture,en,generic,ottoman,One example of a furniture is ___.,-22.625,-22.625
2334,google/gemma-3-12b-it,furniture,en,generic,rack (display),One example of a furniture is ___.,-38.3125,-9.578125
2335,google/gemma-3-12b-it,furniture,en,generic,rack (frame),One example of a furniture is ___.,-41.3046875,-10.326171875
2336,google/gemma-3-12b-it,furniture,en,generic,recliner,One example of a furniture is ___.,-23.125337600708008,-11.562668800354004
2337,google/gemma-3-12b-it,furniture,en,generic,sofa bed,One example of a furniture is ___.,-25.4375,-12.71875
2338,google/gemma-3-12b-it,furniture,en,generic,step stool,One example of a furniture is ___.,-21.46533203125,-10.732666015625
2339,google/gemma-3-12b-it,furniture,en,generic,throne,One example of a furniture is ___.,-23.125,-23.125
2340,google/gemma-3-12b-it,furniture,en,generic,workbench,One example of a furniture is ___.,-22.125,-22.125
2341,google/gemma-3-12b-it,furniture,en,indefinite_prod,bed,Name an example of a furniture: ___,-9.5,-9.5
2342,google/gemma-3-12b-it,furniture,en,indefinite_prod,bench,Name an example of a furniture: ___,-10.0625,-10.0625
2343,google/gemma-3-12b-it,furniture,en,indefinite_prod,chair,Name an example of a furniture: ___,-6.5,-6.5
2344,google/gemma-3-12b-it,furniture,en,indefinite_prod,rocking chair,Name an example of a furniture: ___,-15.3851318359375,-7.69256591796875
2345,google/gemma-3-12b-it,furniture,en,indefinite_prod,shelf,Name an example of a furniture: ___,-13.5,-13.5
2346,google/gemma-3-12b-it,furniture,en,indefinite_prod,stool,Name an example of a furniture: ___,-11.6875,-11.6875
2347,google/gemma-3-12b-it,furniture,en,indefinite_prod,table,Name an example of a furniture: ___,-6.75,-6.75
2348,google/gemma-3-12b-it,furniture,en,indefinite_prod,hammock,Name an example of a furniture: ___,-16.125,-16.125
2349,google/gemma-3-12b-it,furniture,en,indefinite_prod,air mattress,Name an example of a furniture: ___,-17.51953125,-8.759765625
2350,google/gemma-3-12b-it,furniture,en,indefinite_prod,bassinet,Name an example of a furniture: ___,-21.2578125,-10.62890625
2351,google/gemma-3-12b-it,furniture,en,indefinite_prod,beanbag,Name an example of a furniture: ___,-14.3359375,-7.16796875
2352,google/gemma-3-12b-it,furniture,en,indefinite_prod,bookshelf,Name an example of a furniture: ___,-9.875,-9.875
2353,google/gemma-3-12b-it,furniture,en,indefinite_prod,bunkbed,Name an example of a furniture: ___,-21.34375,-10.671875
2354,google/gemma-3-12b-it,furniture,en,indefinite_prod,cabinet,Name an example of a furniture: ___,-11.1875,-11.1875
2355,google/gemma-3-12b-it,furniture,en,indefinite_prod,chest,Name an example of a furniture: ___,-13.25,-13.25
2356,google/gemma-3-12b-it,furniture,en,indefinite_prod,closet,Name an example of a furniture: ___,-15.25,-15.25
2357,google/gemma-3-12b-it,furniture,en,indefinite_prod,coat rack,Name an example of a furniture: ___,-14.58984375,-7.294921875
2358,google/gemma-3-12b-it,furniture,en,indefinite_prod,coffee table,Name an example of a furniture: ___,-9.127944946289062,-4.563972473144531
2359,google/gemma-3-12b-it,furniture,en,indefinite_prod,cot,Name an example of a furniture: ___,-15.4375,-15.4375
2360,google/gemma-3-12b-it,furniture,en,indefinite_prod,couch,Name an example of a furniture: ___,-9.125,-9.125
2361,google/gemma-3-12b-it,furniture,en,indefinite_prod,counter,Name an example of a furniture: ___,-15.5,-15.5
2362,google/gemma-3-12b-it,furniture,en,indefinite_prod,crib,Name an example of a furniture: ___,-15.75,-15.75
2363,google/gemma-3-12b-it,furniture,en,indefinite_prod,desk,Name an example of a furniture: ___,-8.625,-8.625
2364,google/gemma-3-12b-it,furniture,en,indefinite_prod,dresser,Name an example of a furniture: ___,-12.9375,-12.9375
2365,google/gemma-3-12b-it,furniture,en,indefinite_prod,filing cabinet,Name an example of a furniture: ___,-19.3829345703125,-9.69146728515625
2366,google/gemma-3-12b-it,furniture,en,indefinite_prod,footrest,Name an example of a furniture: ___,-19.703125,-9.8515625
2367,google/gemma-3-12b-it,furniture,en,indefinite_prod,highchair,Name an example of a furniture: ___,-18.90625,-9.453125
2368,google/gemma-3-12b-it,furniture,en,indefinite_prod,lectern,Name an example of a furniture: ___,-22.20703125,-11.103515625
2369,google/gemma-3-12b-it,furniture,en,indefinite_prod,loveseat,Name an example of a furniture: ___,-18.25191307067871,-6.08397102355957
2370,google/gemma-3-12b-it,furniture,en,indefinite_prod,mattress,Name an example of a furniture: ___,-15.0,-15.0
2371,google/gemma-3-12b-it,furniture,en,indefinite_prod,nightstand,Name an example of a furniture: ___,-16.268310546875,-8.1341552734375
2372,google/gemma-3-12b-it,furniture,en,indefinite_prod,ottoman,Name an example of a furniture: ___,-12.875,-12.875
2373,google/gemma-3-12b-it,furniture,en,indefinite_prod,rack (display),Name an example of a furniture: ___,-33.1328125,-8.283203125
2374,google/gemma-3-12b-it,furniture,en,indefinite_prod,rack (frame),Name an example of a furniture: ___,-37.9921875,-9.498046875
2375,google/gemma-3-12b-it,furniture,en,indefinite_prod,recliner,Name an example of a furniture: ___,-16.500035047531128,-8.250017523765564
2376,google/gemma-3-12b-it,furniture,en,indefinite_prod,sofa bed,Name an example of a furniture: ___,-19.3125,-9.65625
2377,google/gemma-3-12b-it,furniture,en,indefinite_prod,step stool,Name an example of a furniture: ___,-15.38671875,-7.693359375
2378,google/gemma-3-12b-it,furniture,en,indefinite_prod,throne,Name an example of a furniture: ___,-14.5,-14.5
2379,google/gemma-3-12b-it,furniture,en,indefinite_prod,workbench,Name an example of a furniture: ___,-13.9375,-13.9375
2380,google/gemma-3-12b-it,game,en,generic,computer,One example of a game is ___.,-17.875,-17.875
2381,google/gemma-3-12b-it,game,en,generic,backgammon,One example of a game is ___.,-19.143219709396362,-6.381073236465454
2382,google/gemma-3-12b-it,game,en,generic,board game,One example of a game is ___.,-18.1796875,-9.08984375
2383,google/gemma-3-12b-it,game,en,generic,checkers,One example of a game is ___.,-17.5,-17.5
2384,google/gemma-3-12b-it,game,en,generic,chessboard,One example of a game is ___.,-19.625,-19.625
2385,google/gemma-3-12b-it,game,en,generic,dice,One example of a game is ___.,-17.25,-17.25
2386,google/gemma-3-12b-it,game,en,generic,domino,One example of a game is ___.,-20.75,-20.75
2387,google/gemma-3-12b-it,game,en,generic,game,One example of a game is ___.,-12.6875,-12.6875
2388,google/gemma-3-12b-it,game,en,generic,hopscotch,One example of a game is ___.,-22.161376953125,-11.0806884765625
2389,google/gemma-3-12b-it,game,en,generic,jigsaw puzzle,One example of a game is ___.,-20.84375,-10.421875
2390,google/gemma-3-12b-it,game,en,generic,jump rope,One example of a game is ___.,-21.35546875,-10.677734375
2391,google/gemma-3-12b-it,game,en,generic,pinball,One example of a game is ___.,-21.6536865234375,-10.82684326171875
2392,google/gemma-3-12b-it,game,en,generic,playing card,One example of a game is ___.,-16.625,-8.3125
2393,google/gemma-3-12b-it,game,en,generic,scrabble,One example of a game is ___.,-22.50762939453125,-11.253814697265625
2394,google/gemma-3-12b-it,game,en,generic,shuffleboard,One example of a game is ___.,-21.169921875,-10.5849609375
2395,google/gemma-3-12b-it,game,en,generic,slot machine,One example of a game is ___.,-22.9453125,-11.47265625
2396,google/gemma-3-12b-it,game,en,generic,ticktacktoe,One example of a game is ___.,-25.53515625,-6.3837890625
2397,google/gemma-3-12b-it,game,en,generic,videogame,One example of a game is ___.,-19.875,-19.875
2398,google/gemma-3-12b-it,game,en,generic,yo-yo,One example of a game is ___.,-24.30029296875,-8.10009765625
2399,google/gemma-3-12b-it,game,en,indefinite_prod,computer,Name an example of a game: ___,-14.9375,-14.9375
2400,google/gemma-3-12b-it,game,en,indefinite_prod,backgammon,Name an example of a game: ___,-12.781258821487427,-4.260419607162476
2401,google/gemma-3-12b-it,game,en,indefinite_prod,board game,Name an example of a game: ___,-10.2978515625,-5.14892578125
2402,google/gemma-3-12b-it,game,en,indefinite_prod,checkers,Name an example of a game: ___,-6.9375,-6.9375
2403,google/gemma-3-12b-it,game,en,indefinite_prod,chessboard,Name an example of a game: ___,-12.3125,-12.3125
2404,google/gemma-3-12b-it,game,en,indefinite_prod,dice,Name an example of a game: ___,-11.0,-11.0
2405,google/gemma-3-12b-it,game,en,indefinite_prod,domino,Name an example of a game: ___,-14.1875,-14.1875
2406,google/gemma-3-12b-it,game,en,indefinite_prod,game,Name an example of a game: ___,-6.4375,-6.4375
2407,google/gemma-3-12b-it,game,en,indefinite_prod,hopscotch,Name an example of a game: ___,-13.576171875,-6.7880859375
2408,google/gemma-3-12b-it,game,en,indefinite_prod,jigsaw puzzle,Name an example of a game: ___,-13.314453125,-6.6572265625
2409,google/gemma-3-12b-it,game,en,indefinite_prod,jump rope,Name an example of a game: ___,-18.125,-9.0625
2410,google/gemma-3-12b-it,game,en,indefinite_prod,pinball,Name an example of a game: ___,-17.1181640625,-8.55908203125
2411,google/gemma-3-12b-it,game,en,indefinite_prod,playing card,Name an example of a game: ___,-13.3125,-6.65625
2412,google/gemma-3-12b-it,game,en,indefinite_prod,scrabble,Name an example of a game: ___,-12.438232421875,-6.2191162109375
2413,google/gemma-3-12b-it,game,en,indefinite_prod,shuffleboard,Name an example of a game: ___,-16.296875,-8.1484375
2414,google/gemma-3-12b-it,game,en,indefinite_prod,slot machine,Name an example of a game: ___,-12.921875,-6.4609375
2415,google/gemma-3-12b-it,game,en,indefinite_prod,ticktacktoe,Name an example of a game: ___,-26.1064453125,-6.526611328125
2416,google/gemma-3-12b-it,game,en,indefinite_prod,videogame,Name an example of a game: ___,-13.875,-13.875
2417,google/gemma-3-12b-it,game,en,indefinite_prod,yo-yo,Name an example of a game: ___,-18.1748046875,-6.058268229166667
2418,google/gemma-3-12b-it,garden tool,en,generic,axe,One example of a garden tool is ___.,-20.875,-20.875
2419,google/gemma-3-12b-it,garden tool,en,generic,chainsaw,One example of a garden tool is ___.,-19.375,-19.375
2420,google/gemma-3-12b-it,garden tool,en,generic,clipper,One example of a garden tool is ___.,-24.25,-24.25
2421,google/gemma-3-12b-it,garden tool,en,generic,hatchet,One example of a garden tool is ___.,-25.25,-12.625
2422,google/gemma-3-12b-it,garden tool,en,generic,hoe,One example of a garden tool is ___.,-19.125,-19.125
2423,google/gemma-3-12b-it,garden tool,en,generic,hose,One example of a garden tool is ___.,-20.375,-20.375
2424,google/gemma-3-12b-it,garden tool,en,generic,lawnmower,One example of a garden tool is ___.,-19.1884765625,-6.396158854166667
2425,google/gemma-3-12b-it,garden tool,en,generic,pickax,One example of a garden tool is ___.,-22.84375,-11.421875
2426,google/gemma-3-12b-it,garden tool,en,generic,pitchfork,One example of a garden tool is ___.,-21.008056640625,-10.5040283203125
2427,google/gemma-3-12b-it,garden tool,en,generic,rake,One example of a garden tool is ___.,-19.875,-19.875
2428,google/gemma-3-12b-it,garden tool,en,generic,saw,One example of a garden tool is ___.,-18.875,-18.875
2429,google/gemma-3-12b-it,garden tool,en,generic,scissors,One example of a garden tool is ___.,-14.4375,-14.4375
2430,google/gemma-3-12b-it,garden tool,en,generic,shears,One example of a garden tool is ___.,-18.5,-18.5
2431,google/gemma-3-12b-it,garden tool,en,generic,shovel,One example of a garden tool is ___.,-15.375,-15.375
2432,google/gemma-3-12b-it,garden tool,en,generic,sickle,One example of a garden tool is ___.,-23.0,-23.0
2433,google/gemma-3-12b-it,garden tool,en,generic,trowel,One example of a garden tool is ___.,-17.76434326171875,-8.882171630859375
2434,google/gemma-3-12b-it,garden tool,en,generic,watering can,One example of a garden tool is ___.,-16.88092041015625,-8.440460205078125
2435,google/gemma-3-12b-it,garden tool,en,indefinite_prod,axe,Name an example of a garden tool: ___,-15.875,-15.875
2436,google/gemma-3-12b-it,garden tool,en,indefinite_prod,chainsaw,Name an example of a garden tool: ___,-15.5,-15.5
2437,google/gemma-3-12b-it,garden tool,en,indefinite_prod,clipper,Name an example of a garden tool: ___,-19.25,-19.25
2438,google/gemma-3-12b-it,garden tool,en,indefinite_prod,hatchet,Name an example of a garden tool: ___,-15.197265625,-7.5986328125
2439,google/gemma-3-12b-it,garden tool,en,indefinite_prod,hoe,Name an example of a garden tool: ___,-11.5625,-11.5625
2440,google/gemma-3-12b-it,garden tool,en,indefinite_prod,hose,Name an example of a garden tool: ___,-13.9375,-13.9375
2441,google/gemma-3-12b-it,garden tool,en,indefinite_prod,lawnmower,Name an example of a garden tool: ___,-13.9556884765625,-4.651896158854167
2442,google/gemma-3-12b-it,garden tool,en,indefinite_prod,pickax,Name an example of a garden tool: ___,-17.03125,-8.515625
2443,google/gemma-3-12b-it,garden tool,en,indefinite_prod,pitchfork,Name an example of a garden tool: ___,-16.8819580078125,-8.44097900390625
2444,google/gemma-3-12b-it,garden tool,en,indefinite_prod,rake,Name an example of a garden tool: ___,-12.5625,-12.5625
2445,google/gemma-3-12b-it,garden tool,en,indefinite_prod,saw,Name an example of a garden tool: ___,-14.625,-14.625
2446,google/gemma-3-12b-it,garden tool,en,indefinite_prod,scissors,Name an example of a garden tool: ___,-12.875,-12.875
2447,google/gemma-3-12b-it,garden tool,en,indefinite_prod,shears,Name an example of a garden tool: ___,-12.75,-12.75
2448,google/gemma-3-12b-it,garden tool,en,indefinite_prod,shovel,Name an example of a garden tool: ___,-6.0,-6.0
2449,google/gemma-3-12b-it,garden tool,en,indefinite_prod,sickle,Name an example of a garden tool: ___,-17.125,-17.125
2450,google/gemma-3-12b-it,garden tool,en,indefinite_prod,trowel,Name an example of a garden tool: ___,-9.501068115234375,-4.7505340576171875
2451,google/gemma-3-12b-it,garden tool,en,indefinite_prod,watering can,Name an example of a garden tool: ___,-12.8148193359375,-6.40740966796875
2452,google/gemma-3-12b-it,hardware,en,generic,axe,One example of a hardware is ___.,-22.875,-22.875
2453,google/gemma-3-12b-it,hardware,en,generic,blowtorch,One example of a hardware is ___.,-32.875,-16.4375
2454,google/gemma-3-12b-it,hardware,en,generic,bolt,One example of a hardware is ___.,-23.25,-23.25
2455,google/gemma-3-12b-it,hardware,en,generic,bracket,One example of a hardware is ___.,-22.0,-22.0
2456,google/gemma-3-12b-it,hardware,en,generic,button,One example of a hardware is ___.,-19.625,-19.625
2457,google/gemma-3-12b-it,hardware,en,generic,cable,One example of a hardware is ___.,-19.0,-19.0
2458,google/gemma-3-12b-it,hardware,en,generic,can opener,One example of a hardware is ___.,-28.1875,-14.09375
2459,google/gemma-3-12b-it,hardware,en,generic,chain,One example of a hardware is ___.,-20.0,-20.0
2460,google/gemma-3-12b-it,hardware,en,generic,chainsaw,One example of a hardware is ___.,-22.375,-22.375
2461,google/gemma-3-12b-it,hardware,en,generic,charger,One example of a hardware is ___.,-22.75,-22.75
2462,google/gemma-3-12b-it,hardware,en,generic,chicken wire,One example of a hardware is ___.,-27.4375,-13.71875
2463,google/gemma-3-12b-it,hardware,en,generic,chisel,One example of a hardware is ___.,-23.375,-23.375
2464,google/gemma-3-12b-it,hardware,en,generic,clasp,One example of a hardware is ___.,-26.75,-26.75
2465,google/gemma-3-12b-it,hardware,en,generic,cleaver,One example of a hardware is ___.,-25.953125,-12.9765625
2466,google/gemma-3-12b-it,hardware,en,generic,clipper,One example of a hardware is ___.,-27.5,-27.5
2467,google/gemma-3-12b-it,hardware,en,generic,coil,One example of a hardware is ___.,-20.25,-20.25
2468,google/gemma-3-12b-it,hardware,en,generic,combination lock,One example of a hardware is ___.,-24.4375,-12.21875
2469,google/gemma-3-12b-it,hardware,en,generic,cord,One example of a hardware is ___.,-21.5,-21.5
2470,google/gemma-3-12b-it,hardware,en,generic,corkscrew,One example of a hardware is ___.,-25.359375,-12.6796875
2471,google/gemma-3-12b-it,hardware,en,generic,crank,One example of a hardware is ___.,-26.25,-26.25
2472,google/gemma-3-12b-it,hardware,en,generic,crowbar,One example of a hardware is ___.,-23.123046875,-11.5615234375
2473,google/gemma-3-12b-it,hardware,en,generic,doorhandle,One example of a hardware is ___.,-30.09375,-15.046875
2474,google/gemma-3-12b-it,hardware,en,generic,doorknob,One example of a hardware is ___.,-26.128860473632812,-8.709620157877604
2475,google/gemma-3-12b-it,hardware,en,generic,doorknocker,One example of a hardware is ___.,-40.4375,-10.109375
2476,google/gemma-3-12b-it,hardware,en,generic,drill,One example of a hardware is ___.,-20.5,-20.5
2477,google/gemma-3-12b-it,hardware,en,generic,duct,One example of a hardware is ___.,-24.375,-24.375
2478,google/gemma-3-12b-it,hardware,en,generic,faucet,One example of a hardware is ___.,-21.625,-21.625
2479,google/gemma-3-12b-it,hardware,en,generic,file,One example of a hardware is ___.,-20.625,-20.625
2480,google/gemma-3-12b-it,hardware,en,generic,gear,One example of a hardware is ___.,-18.75,-18.75
2481,google/gemma-3-12b-it,hardware,en,generic,hammer,One example of a hardware is ___.,-20.625,-20.625
2482,google/gemma-3-12b-it,hardware,en,generic,handle,One example of a hardware is ___.,-20.5,-20.5
2483,google/gemma-3-12b-it,hardware,en,generic,hinge,One example of a hardware is ___.,-21.625,-21.625
2484,google/gemma-3-12b-it,hardware,en,generic,hook (door catch),One example of a hardware is ___.,-45.6904296875,-9.1380859375
2485,google/gemma-3-12b-it,hardware,en,generic,hook (hanging),One example of a hardware is ___.,-38.9375,-9.734375
2486,google/gemma-3-12b-it,hardware,en,generic,hose,One example of a hardware is ___.,-24.125,-24.125
2487,google/gemma-3-12b-it,hardware,en,generic,jackhammer,One example of a hardware is ___.,-28.84375,-14.421875
2488,google/gemma-3-12b-it,hardware,en,generic,key,One example of a hardware is ___.,-14.875,-14.875
2489,google/gemma-3-12b-it,hardware,en,generic,knob,One example of a hardware is ___.,-23.875,-23.875
2490,google/gemma-3-12b-it,hardware,en,generic,ladder,One example of a hardware is ___.,-26.125,-26.125
2491,google/gemma-3-12b-it,hardware,en,generic,latch,One example of a hardware is ___.,-24.625,-24.625
2492,google/gemma-3-12b-it,hardware,en,generic,light switch,One example of a hardware is ___.,-23.6875,-11.84375
2493,google/gemma-3-12b-it,hardware,en,generic,lightbulb,One example of a hardware is ___.,-21.6875,-10.84375
2494,google/gemma-3-12b-it,hardware,en,generic,lock,One example of a hardware is ___.,-19.75,-19.75
2495,google/gemma-3-12b-it,hardware,en,generic,mallet,One example of a hardware is ___.,-27.25,-27.25
2496,google/gemma-3-12b-it,hardware,en,generic,nail,One example of a hardware is ___.,-21.125,-21.125
2497,google/gemma-3-12b-it,hardware,en,generic,padlock,One example of a hardware is ___.,-22.0,-22.0
2498,google/gemma-3-12b-it,hardware,en,generic,peg,One example of a hardware is ___.,-26.625,-26.625
2499,google/gemma-3-12b-it,hardware,en,generic,pickax,One example of a hardware is ___.,-31.125,-15.5625
2500,google/gemma-3-12b-it,hardware,en,generic,pipe,One example of a hardware is ___.,-23.75,-23.75
2501,google/gemma-3-12b-it,hardware,en,generic,pliers,One example of a hardware is ___.,-20.625,-20.625
2502,google/gemma-3-12b-it,hardware,en,generic,plug,One example of a hardware is ___.,-21.5,-21.5
2503,google/gemma-3-12b-it,hardware,en,generic,plunger,One example of a hardware is ___.,-26.375,-26.375
2504,google/gemma-3-12b-it,hardware,en,generic,rake,One example of a hardware is ___.,-24.5,-24.5
2505,google/gemma-3-12b-it,hardware,en,generic,ratchet,One example of a hardware is ___.,-27.125,-27.125
2506,google/gemma-3-12b-it,hardware,en,generic,saw,One example of a hardware is ___.,-22.125,-22.125
2507,google/gemma-3-12b-it,hardware,en,generic,sawhorse,One example of a hardware is ___.,-35.5,-17.75
2508,google/gemma-3-12b-it,hardware,en,generic,scraper,One example of a hardware is ___.,-27.75,-27.75
2509,google/gemma-3-12b-it,hardware,en,generic,screw,One example of a hardware is ___.,-23.0,-23.0
2510,google/gemma-3-12b-it,hardware,en,generic,screwdriver,One example of a hardware is ___.,-20.75,-20.75
2511,google/gemma-3-12b-it,hardware,en,generic,shears,One example of a hardware is ___.,-26.25,-26.25
2512,google/gemma-3-12b-it,hardware,en,generic,shovel,One example of a hardware is ___.,-24.375,-24.375
2513,google/gemma-3-12b-it,hardware,en,generic,sledgehammer,One example of a hardware is ___.,-26.998046875,-13.4990234375
2514,google/gemma-3-12b-it,hardware,en,generic,soldering iron,One example of a hardware is ___.,-18.1494140625,-9.07470703125
2515,google/gemma-3-12b-it,hardware,en,generic,spark plug,One example of a hardware is ___.,-23.25390625,-11.626953125
2516,google/gemma-3-12b-it,hardware,en,generic,staple gun,One example of a hardware is ___.,-24.140625,-12.0703125
2517,google/gemma-3-12b-it,hardware,en,generic,strainer,One example of a hardware is ___.,-28.25,-28.25
2518,google/gemma-3-12b-it,hardware,en,generic,switch,One example of a hardware is ___.,-19.75,-19.75
2519,google/gemma-3-12b-it,hardware,en,generic,tack,One example of a hardware is ___.,-24.625,-24.625
2520,google/gemma-3-12b-it,hardware,en,generic,tank,One example of a hardware is ___.,-23.0,-23.0
2521,google/gemma-3-12b-it,hardware,en,generic,thermometer,One example of a hardware is ___.,-22.875,-22.875
2522,google/gemma-3-12b-it,hardware,en,generic,tool,One example of a hardware is ___.,-19.375,-19.375
2523,google/gemma-3-12b-it,hardware,en,generic,trowel,One example of a hardware is ___.,-26.45703125,-13.228515625
2524,google/gemma-3-12b-it,hardware,en,generic,tweezers,One example of a hardware is ___.,-22.75,-22.75
2525,google/gemma-3-12b-it,hardware,en,generic,valve,One example of a hardware is ___.,-22.75,-22.75
2526,google/gemma-3-12b-it,hardware,en,generic,vise,One example of a hardware is ___.,-23.5,-23.5
2527,google/gemma-3-12b-it,hardware,en,generic,wedge,One example of a hardware is ___.,-25.75,-25.75
2528,google/gemma-3-12b-it,hardware,en,generic,wire,One example of a hardware is ___.,-18.5,-18.5
2529,google/gemma-3-12b-it,hardware,en,generic,wire cutters,One example of a hardware is ___.,-26.15625,-13.078125
2530,google/gemma-3-12b-it,hardware,en,generic,wrench,One example of a hardware is ___.,-23.5,-23.5
2531,google/gemma-3-12b-it,hardware,en,indefinite_prod,axe,Name an example of a hardware: ___,-19.5,-19.5
2532,google/gemma-3-12b-it,hardware,en,indefinite_prod,blowtorch,Name an example of a hardware: ___,-29.4375,-14.71875
2533,google/gemma-3-12b-it,hardware,en,indefinite_prod,bolt,Name an example of a hardware: ___,-17.25,-17.25
2534,google/gemma-3-12b-it,hardware,en,indefinite_prod,bracket,Name an example of a hardware: ___,-19.625,-19.625
2535,google/gemma-3-12b-it,hardware,en,indefinite_prod,button,Name an example of a hardware: ___,-13.625,-13.625
2536,google/gemma-3-12b-it,hardware,en,indefinite_prod,cable,Name an example of a hardware: ___,-13.375,-13.375
2537,google/gemma-3-12b-it,hardware,en,indefinite_prod,can opener,Name an example of a hardware: ___,-26.6875,-13.34375
2538,google/gemma-3-12b-it,hardware,en,indefinite_prod,chain,Name an example of a hardware: ___,-15.0625,-15.0625
2539,google/gemma-3-12b-it,hardware,en,indefinite_prod,chainsaw,Name an example of a hardware: ___,-16.75,-16.75
2540,google/gemma-3-12b-it,hardware,en,indefinite_prod,charger,Name an example of a hardware: ___,-15.1875,-15.1875
2541,google/gemma-3-12b-it,hardware,en,indefinite_prod,chicken wire,Name an example of a hardware: ___,-24.03125,-12.015625
2542,google/gemma-3-12b-it,hardware,en,indefinite_prod,chisel,Name an example of a hardware: ___,-18.75,-18.75
2543,google/gemma-3-12b-it,hardware,en,indefinite_prod,clasp,Name an example of a hardware: ___,-20.375,-20.375
2544,google/gemma-3-12b-it,hardware,en,indefinite_prod,cleaver,Name an example of a hardware: ___,-23.078125,-11.5390625
2545,google/gemma-3-12b-it,hardware,en,indefinite_prod,clipper,Name an example of a hardware: ___,-20.0,-20.0
2546,google/gemma-3-12b-it,hardware,en,indefinite_prod,coil,Name an example of a hardware: ___,-16.875,-16.875
2547,google/gemma-3-12b-it,hardware,en,indefinite_prod,combination lock,Name an example of a hardware: ___,-29.3125,-14.65625
2548,google/gemma-3-12b-it,hardware,en,indefinite_prod,cord,Name an example of a hardware: ___,-16.75,-16.75
2549,google/gemma-3-12b-it,hardware,en,indefinite_prod,corkscrew,Name an example of a hardware: ___,-20.9521484375,-10.47607421875
2550,google/gemma-3-12b-it,hardware,en,indefinite_prod,crank,Name an example of a hardware: ___,-21.0,-21.0
2551,google/gemma-3-12b-it,hardware,en,indefinite_prod,crowbar,Name an example of a hardware: ___,-19.55908203125,-9.779541015625
2552,google/gemma-3-12b-it,hardware,en,indefinite_prod,doorhandle,Name an example of a hardware: ___,-24.8125,-12.40625
2553,google/gemma-3-12b-it,hardware,en,indefinite_prod,doorknob,Name an example of a hardware: ___,-21.914306640625,-7.304768880208333
2554,google/gemma-3-12b-it,hardware,en,indefinite_prod,doorknocker,Name an example of a hardware: ___,-35.21875,-8.8046875
2555,google/gemma-3-12b-it,hardware,en,indefinite_prod,drill,Name an example of a hardware: ___,-17.5,-17.5
2556,google/gemma-3-12b-it,hardware,en,indefinite_prod,duct,Name an example of a hardware: ___,-20.125,-20.125
2557,google/gemma-3-12b-it,hardware,en,indefinite_prod,faucet,Name an example of a hardware: ___,-17.625,-17.625
2558,google/gemma-3-12b-it,hardware,en,indefinite_prod,file,Name an example of a hardware: ___,-13.875,-13.875
2559,google/gemma-3-12b-it,hardware,en,indefinite_prod,gear,Name an example of a hardware: ___,-16.625,-16.625
2560,google/gemma-3-12b-it,hardware,en,indefinite_prod,hammer,Name an example of a hardware: ___,-15.0,-15.0
2561,google/gemma-3-12b-it,hardware,en,indefinite_prod,handle,Name an example of a hardware: ___,-18.125,-18.125
2562,google/gemma-3-12b-it,hardware,en,indefinite_prod,hinge,Name an example of a hardware: ___,-19.75,-19.75
2563,google/gemma-3-12b-it,hardware,en,indefinite_prod,hook (door catch),Name an example of a hardware: ___,-37.884765625,-7.576953125
2564,google/gemma-3-12b-it,hardware,en,indefinite_prod,hook (hanging),Name an example of a hardware: ___,-33.390625,-8.34765625
2565,google/gemma-3-12b-it,hardware,en,indefinite_prod,hose,Name an example of a hardware: ___,-19.625,-19.625
2566,google/gemma-3-12b-it,hardware,en,indefinite_prod,jackhammer,Name an example of a hardware: ___,-24.875,-12.4375
2567,google/gemma-3-12b-it,hardware,en,indefinite_prod,key,Name an example of a hardware: ___,-11.3125,-11.3125
2568,google/gemma-3-12b-it,hardware,en,indefinite_prod,knob,Name an example of a hardware: ___,-17.125,-17.125
2569,google/gemma-3-12b-it,hardware,en,indefinite_prod,ladder,Name an example of a hardware: ___,-20.5,-20.5
2570,google/gemma-3-12b-it,hardware,en,indefinite_prod,latch,Name an example of a hardware: ___,-18.25,-18.25
2571,google/gemma-3-12b-it,hardware,en,indefinite_prod,light switch,Name an example of a hardware: ___,-16.46875,-8.234375
2572,google/gemma-3-12b-it,hardware,en,indefinite_prod,lightbulb,Name an example of a hardware: ___,-16.09375,-8.046875
2573,google/gemma-3-12b-it,hardware,en,indefinite_prod,lock,Name an example of a hardware: ___,-17.5,-17.5
2574,google/gemma-3-12b-it,hardware,en,indefinite_prod,mallet,Name an example of a hardware: ___,-19.25,-19.25
2575,google/gemma-3-12b-it,hardware,en,indefinite_prod,nail,Name an example of a hardware: ___,-17.0,-17.0
2576,google/gemma-3-12b-it,hardware,en,indefinite_prod,padlock,Name an example of a hardware: ___,-19.375,-19.375
2577,google/gemma-3-12b-it,hardware,en,indefinite_prod,peg,Name an example of a hardware: ___,-21.875,-21.875
2578,google/gemma-3-12b-it,hardware,en,indefinite_prod,pickax,Name an example of a hardware: ___,-26.3125,-13.15625
2579,google/gemma-3-12b-it,hardware,en,indefinite_prod,pipe,Name an example of a hardware: ___,-19.125,-19.125
2580,google/gemma-3-12b-it,hardware,en,indefinite_prod,pliers,Name an example of a hardware: ___,-16.75,-16.75
2581,google/gemma-3-12b-it,hardware,en,indefinite_prod,plug,Name an example of a hardware: ___,-16.0,-16.0
2582,google/gemma-3-12b-it,hardware,en,indefinite_prod,plunger,Name an example of a hardware: ___,-20.5,-20.5
2583,google/gemma-3-12b-it,hardware,en,indefinite_prod,rake,Name an example of a hardware: ___,-20.5,-20.5
2584,google/gemma-3-12b-it,hardware,en,indefinite_prod,ratchet,Name an example of a hardware: ___,-19.5,-19.5
2585,google/gemma-3-12b-it,hardware,en,indefinite_prod,saw,Name an example of a hardware: ___,-16.625,-16.625
2586,google/gemma-3-12b-it,hardware,en,indefinite_prod,sawhorse,Name an example of a hardware: ___,-29.1875,-14.59375
2587,google/gemma-3-12b-it,hardware,en,indefinite_prod,scraper,Name an example of a hardware: ___,-21.0,-21.0
2588,google/gemma-3-12b-it,hardware,en,indefinite_prod,screw,Name an example of a hardware: ___,-17.125,-17.125
2589,google/gemma-3-12b-it,hardware,en,indefinite_prod,screwdriver,Name an example of a hardware: ___,-14.3125,-14.3125
2590,google/gemma-3-12b-it,hardware,en,indefinite_prod,shears,Name an example of a hardware: ___,-22.25,-22.25
2591,google/gemma-3-12b-it,hardware,en,indefinite_prod,shovel,Name an example of a hardware: ___,-18.0,-18.0
2592,google/gemma-3-12b-it,hardware,en,indefinite_prod,sledgehammer,Name an example of a hardware: ___,-20.95703125,-10.478515625
2593,google/gemma-3-12b-it,hardware,en,indefinite_prod,soldering iron,Name an example of a hardware: ___,-15.170166015625,-7.5850830078125
2594,google/gemma-3-12b-it,hardware,en,indefinite_prod,spark plug,Name an example of a hardware: ___,-18.56640625,-9.283203125
2595,google/gemma-3-12b-it,hardware,en,indefinite_prod,staple gun,Name an example of a hardware: ___,-19.78125,-9.890625
2596,google/gemma-3-12b-it,hardware,en,indefinite_prod,strainer,Name an example of a hardware: ___,-21.75,-21.75
2597,google/gemma-3-12b-it,hardware,en,indefinite_prod,switch,Name an example of a hardware: ___,-12.8125,-12.8125
2598,google/gemma-3-12b-it,hardware,en,indefinite_prod,tack,Name an example of a hardware: ___,-20.25,-20.25
2599,google/gemma-3-12b-it,hardware,en,indefinite_prod,tank,Name an example of a hardware: ___,-18.75,-18.75
2600,google/gemma-3-12b-it,hardware,en,indefinite_prod,thermometer,Name an example of a hardware: ___,-15.5625,-15.5625
2601,google/gemma-3-12b-it,hardware,en,indefinite_prod,tool,Name an example of a hardware: ___,-13.4375,-13.4375
2602,google/gemma-3-12b-it,hardware,en,indefinite_prod,trowel,Name an example of a hardware: ___,-20.43310546875,-10.216552734375
2603,google/gemma-3-12b-it,hardware,en,indefinite_prod,tweezers,Name an example of a hardware: ___,-18.25,-18.25
2604,google/gemma-3-12b-it,hardware,en,indefinite_prod,valve,Name an example of a hardware: ___,-15.25,-15.25
2605,google/gemma-3-12b-it,hardware,en,indefinite_prod,vise,Name an example of a hardware: ___,-20.625,-20.625
2606,google/gemma-3-12b-it,hardware,en,indefinite_prod,wedge,Name an example of a hardware: ___,-20.25,-20.25
2607,google/gemma-3-12b-it,hardware,en,indefinite_prod,wire,Name an example of a hardware: ___,-15.1875,-15.1875
2608,google/gemma-3-12b-it,hardware,en,indefinite_prod,wire cutters,Name an example of a hardware: ___,-22.03125,-11.015625
2609,google/gemma-3-12b-it,hardware,en,indefinite_prod,wrench,Name an example of a hardware: ___,-18.25,-18.25
2610,google/gemma-3-12b-it,headwear,en,generic,bandanna,One example of a headwear is ___.,-23.71875,-11.859375
2611,google/gemma-3-12b-it,headwear,en,generic,beanie,One example of a headwear is ___.,-20.125,-20.125
2612,google/gemma-3-12b-it,headwear,en,generic,bonnet,One example of a headwear is ___.,-21.625,-21.625
2613,google/gemma-3-12b-it,headwear,en,generic,bowler hat,One example of a headwear is ___.,-25.20556640625,-12.602783203125
2614,google/gemma-3-12b-it,headwear,en,generic,crown,One example of a headwear is ___.,-16.5,-16.5
2615,google/gemma-3-12b-it,headwear,en,generic,football helmet,One example of a headwear is ___.,-20.5380859375,-10.26904296875
2616,google/gemma-3-12b-it,headwear,en,generic,hairnet,One example of a headwear is ___.,-20.71875,-10.359375
2617,google/gemma-3-12b-it,headwear,en,generic,hat,One example of a headwear is ___.,-13.25,-13.25
2618,google/gemma-3-12b-it,headwear,en,generic,headband,One example of a headwear is ___.,-16.625,-16.625
2619,google/gemma-3-12b-it,headwear,en,generic,headdress,One example of a headwear is ___.,-18.9931640625,-9.49658203125
2620,google/gemma-3-12b-it,headwear,en,generic,headscarf,One example of a headwear is ___.,-14.75439453125,-4.918131510416667
2621,google/gemma-3-12b-it,headwear,en,generic,helmet,One example of a headwear is ___.,-20.0,-20.0
2622,google/gemma-3-12b-it,headwear,en,generic,hood,One example of a headwear is ___.,-23.125,-23.125
2623,google/gemma-3-12b-it,headwear,en,generic,sombrero,One example of a headwear is ___.,-21.375,-21.375
2624,google/gemma-3-12b-it,headwear,en,generic,tiara,One example of a headwear is ___.,-18.337890625,-9.1689453125
2625,google/gemma-3-12b-it,headwear,en,generic,top hat,One example of a headwear is ___.,-19.5390625,-9.76953125
2626,google/gemma-3-12b-it,headwear,en,generic,turban,One example of a headwear is ___.,-20.875,-20.875
2627,google/gemma-3-12b-it,headwear,en,generic,veil,One example of a headwear is ___.,-23.0,-23.0
2628,google/gemma-3-12b-it,headwear,en,generic,wig,One example of a headwear is ___.,-20.5,-20.5
2629,google/gemma-3-12b-it,headwear,en,indefinite_prod,bandanna,Name an example of a headwear: ___,-17.171875,-8.5859375
2630,google/gemma-3-12b-it,headwear,en,indefinite_prod,beanie,Name an example of a headwear: ___,-11.125,-11.125
2631,google/gemma-3-12b-it,headwear,en,indefinite_prod,bonnet,Name an example of a headwear: ___,-12.5625,-12.5625
2632,google/gemma-3-12b-it,headwear,en,indefinite_prod,bowler hat,Name an example of a headwear: ___,-16.168701171875,-8.0843505859375
2633,google/gemma-3-12b-it,headwear,en,indefinite_prod,crown,Name an example of a headwear: ___,-11.9375,-11.9375
2634,google/gemma-3-12b-it,headwear,en,indefinite_prod,football helmet,Name an example of a headwear: ___,-15.94482421875,-7.972412109375
2635,google/gemma-3-12b-it,headwear,en,indefinite_prod,hairnet,Name an example of a headwear: ___,-16.34375,-8.171875
2636,google/gemma-3-12b-it,headwear,en,indefinite_prod,hat,Name an example of a headwear: ___,-6.0625,-6.0625
2637,google/gemma-3-12b-it,headwear,en,indefinite_prod,headband,Name an example of a headwear: ___,-10.625,-10.625
2638,google/gemma-3-12b-it,headwear,en,indefinite_prod,headdress,Name an example of a headwear: ___,-12.690414428710938,-6.345207214355469
2639,google/gemma-3-12b-it,headwear,en,indefinite_prod,headscarf,Name an example of a headwear: ___,-11.44195556640625,-3.8139851888020835
2640,google/gemma-3-12b-it,headwear,en,indefinite_prod,helmet,Name an example of a headwear: ___,-14.0625,-14.0625
2641,google/gemma-3-12b-it,headwear,en,indefinite_prod,hood,Name an example of a headwear: ___,-15.625,-15.625
2642,google/gemma-3-12b-it,headwear,en,indefinite_prod,sombrero,Name an example of a headwear: ___,-15.3125,-15.3125
2643,google/gemma-3-12b-it,headwear,en,indefinite_prod,tiara,Name an example of a headwear: ___,-17.254852294921875,-8.627426147460938
2644,google/gemma-3-12b-it,headwear,en,indefinite_prod,top hat,Name an example of a headwear: ___,-14.433349609375,-7.2166748046875
2645,google/gemma-3-12b-it,headwear,en,indefinite_prod,turban,Name an example of a headwear: ___,-13.875,-13.875
2646,google/gemma-3-12b-it,headwear,en,indefinite_prod,veil,Name an example of a headwear: ___,-17.125,-17.125
2647,google/gemma-3-12b-it,headwear,en,indefinite_prod,wig,Name an example of a headwear: ___,-16.5,-16.5
2648,google/gemma-3-12b-it,home appliance,en,generic,television,One example of a home appliance is ___.,-17.5,-17.5
2649,google/gemma-3-12b-it,home appliance,en,generic,air conditioner,One example of a home appliance is ___.,-14.400390625,-7.2001953125
2650,google/gemma-3-12b-it,home appliance,en,generic,blender,One example of a home appliance is ___.,-19.625,-19.625
2651,google/gemma-3-12b-it,home appliance,en,generic,blower,One example of a home appliance is ___.,-25.0,-25.0
2652,google/gemma-3-12b-it,home appliance,en,generic,coffeemaker,One example of a home appliance is ___.,-20.9759521484375,-6.991984049479167
2653,google/gemma-3-12b-it,home appliance,en,generic,cooker,One example of a home appliance is ___.,-20.625,-20.625
2654,google/gemma-3-12b-it,home appliance,en,generic,cooler,One example of a home appliance is ___.,-21.25,-21.25
2655,google/gemma-3-12b-it,home appliance,en,generic,curling iron,One example of a home appliance is ___.,-23.169189453125,-11.5845947265625
2656,google/gemma-3-12b-it,home appliance,en,generic,dishwasher,One example of a home appliance is ___.,-19.375,-19.375
2657,google/gemma-3-12b-it,home appliance,en,generic,dryer,One example of a home appliance is ___.,-19.875,-19.875
2658,google/gemma-3-12b-it,home appliance,en,generic,fan,One example of a home appliance is ___.,-19.0,-19.0
2659,google/gemma-3-12b-it,home appliance,en,generic,flatiron,One example of a home appliance is ___.,-25.84375,-12.921875
2660,google/gemma-3-12b-it,home appliance,en,generic,food processor,One example of a home appliance is ___.,-15.251953125,-7.6259765625
2661,google/gemma-3-12b-it,home appliance,en,generic,freezer,One example of a home appliance is ___.,-20.0,-20.0
2662,google/gemma-3-12b-it,home appliance,en,generic,hairdryer,One example of a home appliance is ___.,-21.75,-21.75
2663,google/gemma-3-12b-it,home appliance,en,generic,heater,One example of a home appliance is ___.,-22.375,-22.375
2664,google/gemma-3-12b-it,home appliance,en,generic,hotplate,One example of a home appliance is ___.,-25.375,-12.6875
2665,google/gemma-3-12b-it,home appliance,en,generic,icemaker,One example of a home appliance is ___.,-23.15625,-11.578125
2666,google/gemma-3-12b-it,home appliance,en,generic,iron,One example of a home appliance is ___.,-19.375,-19.375
2667,google/gemma-3-12b-it,home appliance,en,generic,juicer,One example of a home appliance is ___.,-23.253616333007812,-11.626808166503906
2668,google/gemma-3-12b-it,home appliance,en,generic,lawnmower,One example of a home appliance is ___.,-22.94482421875,-7.648274739583333
2669,google/gemma-3-12b-it,home appliance,en,generic,meat grinder,One example of a home appliance is ___.,-20.455078125,-10.2275390625
2670,google/gemma-3-12b-it,home appliance,en,generic,microwave,One example of a home appliance is ___.,-17.375,-17.375
2671,google/gemma-3-12b-it,home appliance,en,generic,mixer,One example of a home appliance is ___.,-25.0,-25.0
2672,google/gemma-3-12b-it,home appliance,en,generic,oven,One example of a home appliance is ___.,-16.75,-16.75
2673,google/gemma-3-12b-it,home appliance,en,generic,refrigerator,One example of a home appliance is ___.,-13.75,-13.75
2674,google/gemma-3-12b-it,home appliance,en,generic,sewing machine,One example of a home appliance is ___.,-19.07666015625,-9.538330078125
2675,google/gemma-3-12b-it,home appliance,en,generic,soda fountain,One example of a home appliance is ___.,-23.875,-11.9375
2676,google/gemma-3-12b-it,home appliance,en,generic,stove,One example of a home appliance is ___.,-17.875,-17.875
2677,google/gemma-3-12b-it,home appliance,en,generic,thermostat,One example of a home appliance is ___.,-20.625,-20.625
2678,google/gemma-3-12b-it,home appliance,en,generic,toaster,One example of a home appliance is ___.,-18.875,-18.875
2679,google/gemma-3-12b-it,home appliance,en,generic,toaster oven,One example of a home appliance is ___.,-21.6875,-10.84375
2680,google/gemma-3-12b-it,home appliance,en,generic,vacuum,One example of a home appliance is ___.,-18.75,-18.75
2681,google/gemma-3-12b-it,home appliance,en,generic,waffle iron,One example of a home appliance is ___.,-23.3447265625,-11.67236328125
2682,google/gemma-3-12b-it,home appliance,en,generic,washing machine,One example of a home appliance is ___.,-17.7694091796875,-8.88470458984375
2683,google/gemma-3-12b-it,home appliance,en,generic,water cooler,One example of a home appliance is ___.,-21.96875,-10.984375
2684,google/gemma-3-12b-it,home appliance,en,generic,water heater,One example of a home appliance is ___.,-14.719970703125,-7.3599853515625
2685,google/gemma-3-12b-it,home appliance,en,generic,wine cooler,One example of a home appliance is ___.,-23.4453125,-11.72265625
2686,google/gemma-3-12b-it,home appliance,en,indefinite_prod,television,Name an example of a home appliance: ___,-9.375,-9.375
2687,google/gemma-3-12b-it,home appliance,en,indefinite_prod,air conditioner,Name an example of a home appliance: ___,-13.746337890625,-6.8731689453125
2688,google/gemma-3-12b-it,home appliance,en,indefinite_prod,blender,Name an example of a home appliance: ___,-9.9375,-9.9375
2689,google/gemma-3-12b-it,home appliance,en,indefinite_prod,blower,Name an example of a home appliance: ___,-20.0,-20.0
2690,google/gemma-3-12b-it,home appliance,en,indefinite_prod,coffeemaker,Name an example of a home appliance: ___,-18.967864990234375,-6.322621663411458
2691,google/gemma-3-12b-it,home appliance,en,indefinite_prod,cooker,Name an example of a home appliance: ___,-10.8125,-10.8125
2692,google/gemma-3-12b-it,home appliance,en,indefinite_prod,cooler,Name an example of a home appliance: ___,-17.125,-17.125
2693,google/gemma-3-12b-it,home appliance,en,indefinite_prod,curling iron,Name an example of a home appliance: ___,-18.62823486328125,-9.314117431640625
2694,google/gemma-3-12b-it,home appliance,en,indefinite_prod,dishwasher,Name an example of a home appliance: ___,-7.59375,-7.59375
2695,google/gemma-3-12b-it,home appliance,en,indefinite_prod,dryer,Name an example of a home appliance: ___,-13.9375,-13.9375
2696,google/gemma-3-12b-it,home appliance,en,indefinite_prod,fan,Name an example of a home appliance: ___,-13.125,-13.125
2697,google/gemma-3-12b-it,home appliance,en,indefinite_prod,flatiron,Name an example of a home appliance: ___,-23.375,-11.6875
2698,google/gemma-3-12b-it,home appliance,en,indefinite_prod,food processor,Name an example of a home appliance: ___,-14.58984375,-7.294921875
2699,google/gemma-3-12b-it,home appliance,en,indefinite_prod,freezer,Name an example of a home appliance: ___,-12.6875,-12.6875
2700,google/gemma-3-12b-it,home appliance,en,indefinite_prod,hairdryer,Name an example of a home appliance: ___,-14.25,-14.25
2701,google/gemma-3-12b-it,home appliance,en,indefinite_prod,heater,Name an example of a home appliance: ___,-14.8125,-14.8125
2702,google/gemma-3-12b-it,home appliance,en,indefinite_prod,hotplate,Name an example of a home appliance: ___,-21.21875,-10.609375
2703,google/gemma-3-12b-it,home appliance,en,indefinite_prod,icemaker,Name an example of a home appliance: ___,-20.4765625,-10.23828125
2704,google/gemma-3-12b-it,home appliance,en,indefinite_prod,iron,Name an example of a home appliance: ___,-14.5,-14.5
2705,google/gemma-3-12b-it,home appliance,en,indefinite_prod,juicer,Name an example of a home appliance: ___,-17.625804901123047,-8.812902450561523
2706,google/gemma-3-12b-it,home appliance,en,indefinite_prod,lawnmower,Name an example of a home appliance: ___,-14.691741943359375,-4.897247314453125
2707,google/gemma-3-12b-it,home appliance,en,indefinite_prod,meat grinder,Name an example of a home appliance: ___,-19.4921875,-9.74609375
2708,google/gemma-3-12b-it,home appliance,en,indefinite_prod,microwave,Name an example of a home appliance: ___,-8.25,-8.25
2709,google/gemma-3-12b-it,home appliance,en,indefinite_prod,mixer,Name an example of a home appliance: ___,-14.75,-14.75
2710,google/gemma-3-12b-it,home appliance,en,indefinite_prod,oven,Name an example of a home appliance: ___,-8.125,-8.125
2711,google/gemma-3-12b-it,home appliance,en,indefinite_prod,refrigerator,Name an example of a home appliance: ___,-4.40625,-4.40625
2712,google/gemma-3-12b-it,home appliance,en,indefinite_prod,sewing machine,Name an example of a home appliance: ___,-16.37921142578125,-8.189605712890625
2713,google/gemma-3-12b-it,home appliance,en,indefinite_prod,soda fountain,Name an example of a home appliance: ___,-18.859375,-9.4296875
2714,google/gemma-3-12b-it,home appliance,en,indefinite_prod,stove,Name an example of a home appliance: ___,-9.4375,-9.4375
2715,google/gemma-3-12b-it,home appliance,en,indefinite_prod,thermostat,Name an example of a home appliance: ___,-13.3125,-13.3125
2716,google/gemma-3-12b-it,home appliance,en,indefinite_prod,toaster,Name an example of a home appliance: ___,-6.90625,-6.90625
2717,google/gemma-3-12b-it,home appliance,en,indefinite_prod,toaster oven,Name an example of a home appliance: ___,-13.34375,-6.671875
2718,google/gemma-3-12b-it,home appliance,en,indefinite_prod,vacuum,Name an example of a home appliance: ___,-11.5625,-11.5625
2719,google/gemma-3-12b-it,home appliance,en,indefinite_prod,waffle iron,Name an example of a home appliance: ___,-14.3837890625,-7.19189453125
2720,google/gemma-3-12b-it,home appliance,en,indefinite_prod,washing machine,Name an example of a home appliance: ___,-8.62896728515625,-4.314483642578125
2721,google/gemma-3-12b-it,home appliance,en,indefinite_prod,water cooler,Name an example of a home appliance: ___,-20.625,-10.3125
2722,google/gemma-3-12b-it,home appliance,en,indefinite_prod,water heater,Name an example of a home appliance: ___,-12.386474609375,-6.1932373046875
2723,google/gemma-3-12b-it,home appliance,en,indefinite_prod,wine cooler,Name an example of a home appliance: ___,-18.9375,-9.46875
2724,google/gemma-3-12b-it,home decor,en,generic,curtain,One example of a home decor is ___.,-17.75,-17.75
2725,google/gemma-3-12b-it,home decor,en,generic,lamp,One example of a home decor is ___.,-18.625,-18.625
2726,google/gemma-3-12b-it,home decor,en,generic,mirror,One example of a home decor is ___.,-19.375,-19.375
2727,google/gemma-3-12b-it,home decor,en,generic,rug,One example of a home decor is ___.,-20.75,-20.75
2728,google/gemma-3-12b-it,home decor,en,generic,abacus,One example of a home decor is ___.,-23.328125,-11.6640625
2729,google/gemma-3-12b-it,home decor,en,generic,album,One example of a home decor is ___.,-22.375,-22.375
2730,google/gemma-3-12b-it,home decor,en,generic,aquarium,One example of a home decor is ___.,-19.625,-19.625
2731,google/gemma-3-12b-it,home decor,en,generic,birdbath,One example of a home decor is ___.,-26.59375,-13.296875
2732,google/gemma-3-12b-it,home decor,en,generic,birdcage,One example of a home decor is ___.,-22.59375,-11.296875
2733,google/gemma-3-12b-it,home decor,en,generic,birdhouse,One example of a home decor is ___.,-21.21875,-10.609375
2734,google/gemma-3-12b-it,home decor,en,generic,bonsai,One example of a home decor is ___.,-18.875,-18.875
2735,google/gemma-3-12b-it,home decor,en,generic,candelabra,One example of a home decor is ___.,-22.357269287109375,-7.452423095703125
2736,google/gemma-3-12b-it,home decor,en,generic,candle,One example of a home decor is ___.,-20.0,-20.0
2737,google/gemma-3-12b-it,home decor,en,generic,candlestick,One example of a home decor is ___.,-20.0,-20.0
2738,google/gemma-3-12b-it,home decor,en,generic,centerpiece,One example of a home decor is ___.,-21.625,-21.625
2739,google/gemma-3-12b-it,home decor,en,generic,chandelier,One example of a home decor is ___.,-19.625,-19.625
2740,google/gemma-3-12b-it,home decor,en,generic,christmas tree,One example of a home decor is ___.,-23.0546875,-11.52734375
2741,google/gemma-3-12b-it,home decor,en,generic,coaster,One example of a home decor is ___.,-22.25,-22.25
2742,google/gemma-3-12b-it,home decor,en,generic,cornucopia,One example of a home decor is ___.,-21.2529296875,-7.084309895833333
2743,google/gemma-3-12b-it,home decor,en,generic,crystal ball,One example of a home decor is ___.,-29.1875,-14.59375
2744,google/gemma-3-12b-it,home decor,en,generic,cuckoo clock,One example of a home decor is ___.,-19.89453125,-6.631510416666667
2745,google/gemma-3-12b-it,home decor,en,generic,doily,One example of a home decor is ___.,-21.03125,-10.515625
2746,google/gemma-3-12b-it,home decor,en,generic,doorknocker,One example of a home decor is ___.,-30.12060546875,-7.5301513671875
2747,google/gemma-3-12b-it,home decor,en,generic,figurine,One example of a home decor is ___.,-23.625,-23.625
2748,google/gemma-3-12b-it,home decor,en,generic,frame,One example of a home decor is ___.,-21.5,-21.5
2749,google/gemma-3-12b-it,home decor,en,generic,globe,One example of a home decor is ___.,-23.625,-23.625
2750,google/gemma-3-12b-it,home decor,en,generic,gourd,One example of a home decor is ___.,-24.625,-24.625
2751,google/gemma-3-12b-it,home decor,en,generic,hourglass,One example of a home decor is ___.,-21.625,-21.625
2752,google/gemma-3-12b-it,home decor,en,generic,lampshade,One example of a home decor is ___.,-20.75,-10.375
2753,google/gemma-3-12b-it,home decor,en,generic,pillow,One example of a home decor is ___.,-16.875,-16.875
2754,google/gemma-3-12b-it,home decor,en,generic,pinecone,One example of a home decor is ___.,-23.5,-11.75
2755,google/gemma-3-12b-it,home decor,en,generic,pinwheel,One example of a home decor is ___.,-25.5,-12.75
2756,google/gemma-3-12b-it,home decor,en,generic,place mat,One example of a home decor is ___.,-20.34375,-10.171875
2757,google/gemma-3-12b-it,home decor,en,generic,poster,One example of a home decor is ___.,-19.875,-19.875
2758,google/gemma-3-12b-it,home decor,en,generic,potpourri,One example of a home decor is ___.,-22.28982925415039,-7.429943084716797
2759,google/gemma-3-12b-it,home decor,en,generic,scarecrow,One example of a home decor is ___.,-24.943359375,-12.4716796875
2760,google/gemma-3-12b-it,home decor,en,generic,stained glass,One example of a home decor is ___.,-19.9462890625,-9.97314453125
2761,google/gemma-3-12b-it,home decor,en,generic,statue,One example of a home decor is ___.,-23.125,-23.125
2762,google/gemma-3-12b-it,home decor,en,generic,tapestry,One example of a home decor is ___.,-19.375,-19.375
2763,google/gemma-3-12b-it,home decor,en,generic,terrarium,One example of a home decor is ___.,-22.4921875,-11.24609375
2764,google/gemma-3-12b-it,home decor,en,generic,vase,One example of a home decor is ___.,-19.625,-19.625
2765,google/gemma-3-12b-it,home decor,en,generic,wallpaper,One example of a home decor is ___.,-15.875,-15.875
2766,google/gemma-3-12b-it,home decor,en,generic,weather vane,One example of a home decor is ___.,-22.828125,-11.4140625
2767,google/gemma-3-12b-it,home decor,en,generic,wind chimes,One example of a home decor is ___.,-18.893376350402832,-6.297792116800944
2768,google/gemma-3-12b-it,home decor,en,generic,wreath,One example of a home decor is ___.,-22.625,-22.625
2769,google/gemma-3-12b-it,home decor,en,indefinite_prod,curtain,Name an example of a home decor: ___,-7.53125,-7.53125
2770,google/gemma-3-12b-it,home decor,en,indefinite_prod,lamp,Name an example of a home decor: ___,-5.90625,-5.90625
2771,google/gemma-3-12b-it,home decor,en,indefinite_prod,mirror,Name an example of a home decor: ___,-6.78125,-6.78125
2772,google/gemma-3-12b-it,home decor,en,indefinite_prod,rug,Name an example of a home decor: ___,-6.15625,-6.15625
2773,google/gemma-3-12b-it,home decor,en,indefinite_prod,abacus,Name an example of a home decor: ___,-20.671875,-10.3359375
2774,google/gemma-3-12b-it,home decor,en,indefinite_prod,album,Name an example of a home decor: ___,-16.875,-16.875
2775,google/gemma-3-12b-it,home decor,en,indefinite_prod,aquarium,Name an example of a home decor: ___,-14.125,-14.125
2776,google/gemma-3-12b-it,home decor,en,indefinite_prod,birdbath,Name an example of a home decor: ___,-17.15625,-8.578125
2777,google/gemma-3-12b-it,home decor,en,indefinite_prod,birdcage,Name an example of a home decor: ___,-15.046875,-7.5234375
2778,google/gemma-3-12b-it,home decor,en,indefinite_prod,birdhouse,Name an example of a home decor: ___,-12.046875,-6.0234375
2779,google/gemma-3-12b-it,home decor,en,indefinite_prod,bonsai,Name an example of a home decor: ___,-13.875,-13.875
2780,google/gemma-3-12b-it,home decor,en,indefinite_prod,candelabra,Name an example of a home decor: ___,-10.937255859375,-3.645751953125
2781,google/gemma-3-12b-it,home decor,en,indefinite_prod,candle,Name an example of a home decor: ___,-9.125,-9.125
2782,google/gemma-3-12b-it,home decor,en,indefinite_prod,candlestick,Name an example of a home decor: ___,-9.3125,-9.3125
2783,google/gemma-3-12b-it,home decor,en,indefinite_prod,centerpiece,Name an example of a home decor: ___,-12.9375,-12.9375
2784,google/gemma-3-12b-it,home decor,en,indefinite_prod,chandelier,Name an example of a home decor: ___,-6.90625,-6.90625
2785,google/gemma-3-12b-it,home decor,en,indefinite_prod,christmas tree,Name an example of a home decor: ___,-15.1640625,-7.58203125
2786,google/gemma-3-12b-it,home decor,en,indefinite_prod,coaster,Name an example of a home decor: ___,-13.25,-13.25
2787,google/gemma-3-12b-it,home decor,en,indefinite_prod,cornucopia,Name an example of a home decor: ___,-16.35162353515625,-5.450541178385417
2788,google/gemma-3-12b-it,home decor,en,indefinite_prod,crystal ball,Name an example of a home decor: ___,-18.34375,-9.171875
2789,google/gemma-3-12b-it,home decor,en,indefinite_prod,cuckoo clock,Name an example of a home decor: ___,-14.45245361328125,-4.817484537760417
2790,google/gemma-3-12b-it,home decor,en,indefinite_prod,doily,Name an example of a home decor: ___,-11.765625,-5.8828125
2791,google/gemma-3-12b-it,home decor,en,indefinite_prod,doorknocker,Name an example of a home decor: ___,-23.6171875,-5.904296875
2792,google/gemma-3-12b-it,home decor,en,indefinite_prod,figurine,Name an example of a home decor: ___,-13.9375,-13.9375
2793,google/gemma-3-12b-it,home decor,en,indefinite_prod,frame,Name an example of a home decor: ___,-11.8125,-11.8125
2794,google/gemma-3-12b-it,home decor,en,indefinite_prod,globe,Name an example of a home decor: ___,-15.125,-15.125
2795,google/gemma-3-12b-it,home decor,en,indefinite_prod,gourd,Name an example of a home decor: ___,-14.3125,-14.3125
2796,google/gemma-3-12b-it,home decor,en,indefinite_prod,hourglass,Name an example of a home decor: ___,-14.25,-14.25
2797,google/gemma-3-12b-it,home decor,en,indefinite_prod,lampshade,Name an example of a home decor: ___,-8.890625,-4.4453125
2798,google/gemma-3-12b-it,home decor,en,indefinite_prod,pillow,Name an example of a home decor: ___,-4.90625,-4.90625
2799,google/gemma-3-12b-it,home decor,en,indefinite_prod,pinecone,Name an example of a home decor: ___,-14.7421875,-7.37109375
2800,google/gemma-3-12b-it,home decor,en,indefinite_prod,pinwheel,Name an example of a home decor: ___,-21.6875,-10.84375
2801,google/gemma-3-12b-it,home decor,en,indefinite_prod,place mat,Name an example of a home decor: ___,-13.875,-6.9375
2802,google/gemma-3-12b-it,home decor,en,indefinite_prod,poster,Name an example of a home decor: ___,-12.5625,-12.5625
2803,google/gemma-3-12b-it,home decor,en,indefinite_prod,potpourri,Name an example of a home decor: ___,-15.234435558319092,-5.078145186106364
2804,google/gemma-3-12b-it,home decor,en,indefinite_prod,scarecrow,Name an example of a home decor: ___,-16.216796875,-8.1083984375
2805,google/gemma-3-12b-it,home decor,en,indefinite_prod,stained glass,Name an example of a home decor: ___,-11.856689453125,-5.9283447265625
2806,google/gemma-3-12b-it,home decor,en,indefinite_prod,statue,Name an example of a home decor: ___,-12.1875,-12.1875
2807,google/gemma-3-12b-it,home decor,en,indefinite_prod,tapestry,Name an example of a home decor: ___,-9.125,-9.125
2808,google/gemma-3-12b-it,home decor,en,indefinite_prod,terrarium,Name an example of a home decor: ___,-15.619140625,-7.8095703125
2809,google/gemma-3-12b-it,home decor,en,indefinite_prod,vase,Name an example of a home decor: ___,-6.96875,-6.96875
2810,google/gemma-3-12b-it,home decor,en,indefinite_prod,wallpaper,Name an example of a home decor: ___,-7.03125,-7.03125
2811,google/gemma-3-12b-it,home decor,en,indefinite_prod,weather vane,Name an example of a home decor: ___,-15.984375,-7.9921875
2812,google/gemma-3-12b-it,home decor,en,indefinite_prod,wind chimes,Name an example of a home decor: ___,-13.28526782989502,-4.428422609965007
2813,google/gemma-3-12b-it,home decor,en,indefinite_prod,wreath,Name an example of a home decor: ___,-12.0,-12.0
2814,google/gemma-3-12b-it,insect,en,generic,ant,One example of a insect is ___.,-14.5,-14.5
2815,google/gemma-3-12b-it,insect,en,generic,bee,One example of a insect is ___.,-14.75,-14.75
2816,google/gemma-3-12b-it,insect,en,generic,beetle,One example of a insect is ___.,-14.1875,-14.1875
2817,google/gemma-3-12b-it,insect,en,generic,bug,One example of a insect is ___.,-17.125,-17.125
2818,google/gemma-3-12b-it,insect,en,generic,butterfly,One example of a insect is ___.,-14.125,-14.125
2819,google/gemma-3-12b-it,insect,en,generic,caterpillar,One example of a insect is ___.,-17.125,-17.125
2820,google/gemma-3-12b-it,insect,en,generic,cockroach,One example of a insect is ___.,-16.001510620117188,-8.000755310058594
2821,google/gemma-3-12b-it,insect,en,generic,dragonfly,One example of a insect is ___.,-14.0,-14.0
2822,google/gemma-3-12b-it,insect,en,generic,earwig,One example of a insect is ___.,-22.4375,-11.21875
2823,google/gemma-3-12b-it,insect,en,generic,fly,One example of a insect is ___.,-17.0,-17.0
2824,google/gemma-3-12b-it,insect,en,generic,grasshopper,One example of a insect is ___.,-14.40283203125,-7.201416015625
2825,google/gemma-3-12b-it,insect,en,generic,ladybug,One example of a insect is ___.,-14.912109375,-7.4560546875
2826,google/gemma-3-12b-it,insect,en,generic,lightning bug,One example of a insect is ___.,-20.9765625,-10.48828125
2827,google/gemma-3-12b-it,insect,en,generic,mosquito,One example of a insect is ___.,-13.8125,-13.8125
2828,google/gemma-3-12b-it,insect,en,generic,moth,One example of a insect is ___.,-15.75,-15.75
2829,google/gemma-3-12b-it,insect,en,generic,praying mantis,One example of a insect is ___.,-17.046539306640625,-5.682179768880208
2830,google/gemma-3-12b-it,insect,en,generic,wasp,One example of a insect is ___.,-16.375,-16.375
2831,google/gemma-3-12b-it,insect,en,indefinite_prod,ant,Name an example of a insect: ___,-9.125,-9.125
2832,google/gemma-3-12b-it,insect,en,indefinite_prod,bee,Name an example of a insect: ___,-8.625,-8.625
2833,google/gemma-3-12b-it,insect,en,indefinite_prod,beetle,Name an example of a insect: ___,-9.0,-9.0
2834,google/gemma-3-12b-it,insect,en,indefinite_prod,bug,Name an example of a insect: ___,-14.0625,-14.0625
2835,google/gemma-3-12b-it,insect,en,indefinite_prod,butterfly,Name an example of a insect: ___,-9.125,-9.125
2836,google/gemma-3-12b-it,insect,en,indefinite_prod,caterpillar,Name an example of a insect: ___,-12.5,-12.5
2837,google/gemma-3-12b-it,insect,en,indefinite_prod,cockroach,Name an example of a insect: ___,-12.187744140625,-6.0938720703125
2838,google/gemma-3-12b-it,insect,en,indefinite_prod,dragonfly,Name an example of a insect: ___,-9.375,-9.375
2839,google/gemma-3-12b-it,insect,en,indefinite_prod,earwig,Name an example of a insect: ___,-18.376953125,-9.1884765625
2840,google/gemma-3-12b-it,insect,en,indefinite_prod,fly,Name an example of a insect: ___,-12.5,-12.5
2841,google/gemma-3-12b-it,insect,en,indefinite_prod,grasshopper,Name an example of a insect: ___,-9.9437255859375,-4.97186279296875
2842,google/gemma-3-12b-it,insect,en,indefinite_prod,ladybug,Name an example of a insect: ___,-10.548095703125,-5.2740478515625
2843,google/gemma-3-12b-it,insect,en,indefinite_prod,lightning bug,Name an example of a insect: ___,-20.03515625,-10.017578125
2844,google/gemma-3-12b-it,insect,en,indefinite_prod,mosquito,Name an example of a insect: ___,-11.1875,-11.1875
2845,google/gemma-3-12b-it,insect,en,indefinite_prod,moth,Name an example of a insect: ___,-13.1875,-13.1875
2846,google/gemma-3-12b-it,insect,en,indefinite_prod,praying mantis,Name an example of a insect: ___,-16.133697509765625,-5.377899169921875
2847,google/gemma-3-12b-it,insect,en,indefinite_prod,wasp,Name an example of a insect: ___,-13.6875,-13.6875
2848,google/gemma-3-12b-it,jewelry,en,generic,necklace,One example of a jewelry is ___.,-11.3125,-11.3125
2849,google/gemma-3-12b-it,jewelry,en,generic,ring,One example of a jewelry is ___.,-15.5,-15.5
2850,google/gemma-3-12b-it,jewelry,en,generic,anklet,One example of a jewelry is ___.,-18.953125,-9.4765625
2851,google/gemma-3-12b-it,jewelry,en,generic,barrette,One example of a jewelry is ___.,-19.0693359375,-9.53466796875
2852,google/gemma-3-12b-it,jewelry,en,generic,bracelet,One example of a jewelry is ___.,-13.5625,-13.5625
2853,google/gemma-3-12b-it,jewelry,en,generic,brooch,One example of a jewelry is ___.,-17.0,-17.0
2854,google/gemma-3-12b-it,jewelry,en,generic,crown,One example of a jewelry is ___.,-16.875,-16.875
2855,google/gemma-3-12b-it,jewelry,en,generic,cufflink,One example of a jewelry is ___.,-21.080078125,-10.5400390625
2856,google/gemma-3-12b-it,jewelry,en,generic,earring,One example of a jewelry is ___.,-14.9375,-14.9375
2857,google/gemma-3-12b-it,jewelry,en,generic,hairpin,One example of a jewelry is ___.,-22.375,-22.375
2858,google/gemma-3-12b-it,jewelry,en,generic,jewelry,One example of a jewelry is ___.,-8.75,-8.75
2859,google/gemma-3-12b-it,jewelry,en,generic,locket,One example of a jewelry is ___.,-18.3953857421875,-9.19769287109375
2860,google/gemma-3-12b-it,jewelry,en,generic,pocket watch,One example of a jewelry is ___.,-22.10693359375,-11.053466796875
2861,google/gemma-3-12b-it,jewelry,en,generic,tiara,One example of a jewelry is ___.,-17.130859375,-8.5654296875
2862,google/gemma-3-12b-it,jewelry,en,generic,watch,One example of a jewelry is ___.,-20.625,-20.625
2863,google/gemma-3-12b-it,jewelry,en,indefinite_prod,necklace,Name an example of a jewelry: ___,-3.796875,-3.796875
2864,google/gemma-3-12b-it,jewelry,en,indefinite_prod,ring,Name an example of a jewelry: ___,-4.8125,-4.8125
2865,google/gemma-3-12b-it,jewelry,en,indefinite_prod,anklet,Name an example of a jewelry: ___,-9.5400390625,-4.77001953125
2866,google/gemma-3-12b-it,jewelry,en,indefinite_prod,barrette,Name an example of a jewelry: ___,-15.7734375,-7.88671875
2867,google/gemma-3-12b-it,jewelry,en,indefinite_prod,bracelet,Name an example of a jewelry: ___,-6.1875,-6.1875
2868,google/gemma-3-12b-it,jewelry,en,indefinite_prod,brooch,Name an example of a jewelry: ___,-10.125,-10.125
2869,google/gemma-3-12b-it,jewelry,en,indefinite_prod,crown,Name an example of a jewelry: ___,-10.375,-10.375
2870,google/gemma-3-12b-it,jewelry,en,indefinite_prod,cufflink,Name an example of a jewelry: ___,-11.01953125,-5.509765625
2871,google/gemma-3-12b-it,jewelry,en,indefinite_prod,earring,Name an example of a jewelry: ___,-7.1875,-7.1875
2872,google/gemma-3-12b-it,jewelry,en,indefinite_prod,hairpin,Name an example of a jewelry: ___,-13.625,-13.625
2873,google/gemma-3-12b-it,jewelry,en,indefinite_prod,jewelry,Name an example of a jewelry: ___,-5.8125,-5.8125
2874,google/gemma-3-12b-it,jewelry,en,indefinite_prod,locket,Name an example of a jewelry: ___,-13.91845703125,-6.959228515625
2875,google/gemma-3-12b-it,jewelry,en,indefinite_prod,pocket watch,Name an example of a jewelry: ___,-14.70306396484375,-7.351531982421875
2876,google/gemma-3-12b-it,jewelry,en,indefinite_prod,tiara,Name an example of a jewelry: ___,-12.57421875,-6.287109375
2877,google/gemma-3-12b-it,jewelry,en,indefinite_prod,watch,Name an example of a jewelry: ___,-11.8125,-11.8125
2878,google/gemma-3-12b-it,kitchen appliance,en,generic,oven,One example of a kitchen appliance is ___.,-14.5,-14.5
2879,google/gemma-3-12b-it,kitchen appliance,en,generic,blender,One example of a kitchen appliance is ___.,-17.5,-17.5
2880,google/gemma-3-12b-it,kitchen appliance,en,generic,burner,One example of a kitchen appliance is ___.,-21.25,-21.25
2881,google/gemma-3-12b-it,kitchen appliance,en,generic,coffeemaker,One example of a kitchen appliance is ___.,-20.71051025390625,-6.90350341796875
2882,google/gemma-3-12b-it,kitchen appliance,en,generic,cooker,One example of a kitchen appliance is ___.,-18.0,-18.0
2883,google/gemma-3-12b-it,kitchen appliance,en,generic,dishwasher,One example of a kitchen appliance is ___.,-18.125,-18.125
2884,google/gemma-3-12b-it,kitchen appliance,en,generic,food processor,One example of a kitchen appliance is ___.,-12.8433837890625,-6.42169189453125
2885,google/gemma-3-12b-it,kitchen appliance,en,generic,freezer,One example of a kitchen appliance is ___.,-19.375,-19.375
2886,google/gemma-3-12b-it,kitchen appliance,en,generic,hotplate,One example of a kitchen appliance is ___.,-22.703125,-11.3515625
2887,google/gemma-3-12b-it,kitchen appliance,en,generic,icemaker,One example of a kitchen appliance is ___.,-22.8828125,-11.44140625
2888,google/gemma-3-12b-it,kitchen appliance,en,generic,juicer,One example of a kitchen appliance is ___.,-22.376083374023438,-11.188041687011719
2889,google/gemma-3-12b-it,kitchen appliance,en,generic,microwave,One example of a kitchen appliance is ___.,-15.125,-15.125
2890,google/gemma-3-12b-it,kitchen appliance,en,generic,mixer,One example of a kitchen appliance is ___.,-22.875,-22.875
2891,google/gemma-3-12b-it,kitchen appliance,en,generic,refrigerator,One example of a kitchen appliance is ___.,-13.3125,-13.3125
2892,google/gemma-3-12b-it,kitchen appliance,en,generic,slicer,One example of a kitchen appliance is ___.,-22.3895263671875,-11.19476318359375
2893,google/gemma-3-12b-it,kitchen appliance,en,generic,stove,One example of a kitchen appliance is ___.,-15.5,-15.5
2894,google/gemma-3-12b-it,kitchen appliance,en,generic,toaster,One example of a kitchen appliance is ___.,-17.625,-17.625
2895,google/gemma-3-12b-it,kitchen appliance,en,generic,toaster oven,One example of a kitchen appliance is ___.,-20.4375,-10.21875
2896,google/gemma-3-12b-it,kitchen appliance,en,generic,waffle iron,One example of a kitchen appliance is ___.,-22.1923828125,-11.09619140625
2897,google/gemma-3-12b-it,kitchen appliance,en,generic,water filter,One example of a kitchen appliance is ___.,-17.859375,-8.9296875
2898,google/gemma-3-12b-it,kitchen appliance,en,indefinite_prod,oven,Name an example of a kitchen appliance: ___,-6.46875,-6.46875
2899,google/gemma-3-12b-it,kitchen appliance,en,indefinite_prod,blender,Name an example of a kitchen appliance: ___,-6.34375,-6.34375
2900,google/gemma-3-12b-it,kitchen appliance,en,indefinite_prod,burner,Name an example of a kitchen appliance: ___,-15.0625,-15.0625
2901,google/gemma-3-12b-it,kitchen appliance,en,indefinite_prod,coffeemaker,Name an example of a kitchen appliance: ___,-17.91883087158203,-5.972943623860677
2902,google/gemma-3-12b-it,kitchen appliance,en,indefinite_prod,cooker,Name an example of a kitchen appliance: ___,-9.5625,-9.5625
2903,google/gemma-3-12b-it,kitchen appliance,en,indefinite_prod,dishwasher,Name an example of a kitchen appliance: ___,-8.1875,-8.1875
2904,google/gemma-3-12b-it,kitchen appliance,en,indefinite_prod,food processor,Name an example of a kitchen appliance: ___,-12.95184326171875,-6.475921630859375
2905,google/gemma-3-12b-it,kitchen appliance,en,indefinite_prod,freezer,Name an example of a kitchen appliance: ___,-11.75,-11.75
2906,google/gemma-3-12b-it,kitchen appliance,en,indefinite_prod,hotplate,Name an example of a kitchen appliance: ___,-19.5,-9.75
2907,google/gemma-3-12b-it,kitchen appliance,en,indefinite_prod,icemaker,Name an example of a kitchen appliance: ___,-20.37109375,-10.185546875
2908,google/gemma-3-12b-it,kitchen appliance,en,indefinite_prod,juicer,Name an example of a kitchen appliance: ___,-15.188060760498047,-7.594030380249023
2909,google/gemma-3-12b-it,kitchen appliance,en,indefinite_prod,microwave,Name an example of a kitchen appliance: ___,-7.96875,-7.96875
2910,google/gemma-3-12b-it,kitchen appliance,en,indefinite_prod,mixer,Name an example of a kitchen appliance: ___,-9.75,-9.75
2911,google/gemma-3-12b-it,kitchen appliance,en,indefinite_prod,refrigerator,Name an example of a kitchen appliance: ___,-4.96875,-4.96875
2912,google/gemma-3-12b-it,kitchen appliance,en,indefinite_prod,slicer,Name an example of a kitchen appliance: ___,-16.128265380859375,-8.064132690429688
2913,google/gemma-3-12b-it,kitchen appliance,en,indefinite_prod,stove,Name an example of a kitchen appliance: ___,-8.6875,-8.6875
2914,google/gemma-3-12b-it,kitchen appliance,en,indefinite_prod,toaster,Name an example of a kitchen appliance: ___,-6.46875,-6.46875
2915,google/gemma-3-12b-it,kitchen appliance,en,indefinite_prod,toaster oven,Name an example of a kitchen appliance: ___,-11.59375,-5.796875
2916,google/gemma-3-12b-it,kitchen appliance,en,indefinite_prod,waffle iron,Name an example of a kitchen appliance: ___,-14.74072265625,-7.370361328125
2917,google/gemma-3-12b-it,kitchen appliance,en,indefinite_prod,water filter,Name an example of a kitchen appliance: ___,-17.3125,-8.65625
2918,google/gemma-3-12b-it,kitchen tool,en,generic,bottle opener,One example of a kitchen tool is ___.,-18.38580322265625,-9.192901611328125
2919,google/gemma-3-12b-it,kitchen tool,en,generic,can opener,One example of a kitchen tool is ___.,-19.21875,-9.609375
2920,google/gemma-3-12b-it,kitchen tool,en,generic,cleaver,One example of a kitchen tool is ___.,-21.928466796875,-10.9642333984375
2921,google/gemma-3-12b-it,kitchen tool,en,generic,corkscrew,One example of a kitchen tool is ___.,-18.50799560546875,-9.253997802734375
2922,google/gemma-3-12b-it,kitchen tool,en,generic,eggbeater,One example of a kitchen tool is ___.,-21.725494384765625,-7.241831461588542
2923,google/gemma-3-12b-it,kitchen tool,en,generic,funnel,One example of a kitchen tool is ___.,-20.5,-20.5
2924,google/gemma-3-12b-it,kitchen tool,en,generic,grater,One example of a kitchen tool is ___.,-20.8953857421875,-10.44769287109375
2925,google/gemma-3-12b-it,kitchen tool,en,generic,grinder,One example of a kitchen tool is ___.,-24.0,-24.0
2926,google/gemma-3-12b-it,kitchen tool,en,generic,icepick,One example of a kitchen tool is ___.,-27.875,-13.9375
2927,google/gemma-3-12b-it,kitchen tool,en,generic,juicer,One example of a kitchen tool is ___.,-21.376373291015625,-10.688186645507812
2928,google/gemma-3-12b-it,kitchen tool,en,generic,kettle,One example of a kitchen tool is ___.,-18.75,-18.75
2929,google/gemma-3-12b-it,kitchen tool,en,generic,knife,One example of a kitchen tool is ___.,-15.625,-15.625
2930,google/gemma-3-12b-it,kitchen tool,en,generic,ladle,One example of a kitchen tool is ___.,-20.75,-20.75
2931,google/gemma-3-12b-it,kitchen tool,en,generic,measuring cup,One example of a kitchen tool is ___.,-18.796875,-9.3984375
2932,google/gemma-3-12b-it,kitchen tool,en,generic,nutcracker,One example of a kitchen tool is ___.,-22.923095703125,-11.4615478515625
2933,google/gemma-3-12b-it,kitchen tool,en,generic,peeler,One example of a kitchen tool is ___.,-20.25060272216797,-10.125301361083984
2934,google/gemma-3-12b-it,kitchen tool,en,generic,pepper mill,One example of a kitchen tool is ___.,-21.2578125,-10.62890625
2935,google/gemma-3-12b-it,kitchen tool,en,generic,rolling pin,One example of a kitchen tool is ___.,-21.7584228515625,-10.87921142578125
2936,google/gemma-3-12b-it,kitchen tool,en,generic,scoop,One example of a kitchen tool is ___.,-20.875,-20.875
2937,google/gemma-3-12b-it,kitchen tool,en,generic,sifter,One example of a kitchen tool is ___.,-18.609375,-9.3046875
2938,google/gemma-3-12b-it,kitchen tool,en,generic,skewer,One example of a kitchen tool is ___.,-23.84375,-11.921875
2939,google/gemma-3-12b-it,kitchen tool,en,generic,spatula,One example of a kitchen tool is ___.,-15.5,-15.5
2940,google/gemma-3-12b-it,kitchen tool,en,generic,spoon,One example of a kitchen tool is ___.,-14.375,-14.375
2941,google/gemma-3-12b-it,kitchen tool,en,generic,strainer,One example of a kitchen tool is ___.,-22.375,-22.375
2942,google/gemma-3-12b-it,kitchen tool,en,generic,timer,One example of a kitchen tool is ___.,-20.25,-20.25
2943,google/gemma-3-12b-it,kitchen tool,en,generic,tongs,One example of a kitchen tool is ___.,-16.625,-16.625
2944,google/gemma-3-12b-it,kitchen tool,en,generic,whisk,One example of a kitchen tool is ___.,-19.125,-19.125
2945,google/gemma-3-12b-it,kitchen tool,en,indefinite_prod,bottle opener,Name an example of a kitchen tool: ___,-13.378311157226562,-6.689155578613281
2946,google/gemma-3-12b-it,kitchen tool,en,indefinite_prod,can opener,Name an example of a kitchen tool: ___,-18.375,-9.1875
2947,google/gemma-3-12b-it,kitchen tool,en,indefinite_prod,cleaver,Name an example of a kitchen tool: ___,-16.255706787109375,-8.127853393554688
2948,google/gemma-3-12b-it,kitchen tool,en,indefinite_prod,corkscrew,Name an example of a kitchen tool: ___,-15.188949584960938,-7.594474792480469
2949,google/gemma-3-12b-it,kitchen tool,en,indefinite_prod,eggbeater,Name an example of a kitchen tool: ___,-16.657432556152344,-5.552477518717448
2950,google/gemma-3-12b-it,kitchen tool,en,indefinite_prod,funnel,Name an example of a kitchen tool: ___,-14.875,-14.875
2951,google/gemma-3-12b-it,kitchen tool,en,indefinite_prod,grater,Name an example of a kitchen tool: ___,-16.37500536441803,-8.187502682209015
2952,google/gemma-3-12b-it,kitchen tool,en,indefinite_prod,grinder,Name an example of a kitchen tool: ___,-16.25,-16.25
2953,google/gemma-3-12b-it,kitchen tool,en,indefinite_prod,icepick,Name an example of a kitchen tool: ___,-26.4375,-13.21875
2954,google/gemma-3-12b-it,kitchen tool,en,indefinite_prod,juicer,Name an example of a kitchen tool: ___,-15.001228332519531,-7.500614166259766
2955,google/gemma-3-12b-it,kitchen tool,en,indefinite_prod,kettle,Name an example of a kitchen tool: ___,-12.5,-12.5
2956,google/gemma-3-12b-it,kitchen tool,en,indefinite_prod,knife,Name an example of a kitchen tool: ___,-8.125,-8.125
2957,google/gemma-3-12b-it,kitchen tool,en,indefinite_prod,ladle,Name an example of a kitchen tool: ___,-11.4375,-11.4375
2958,google/gemma-3-12b-it,kitchen tool,en,indefinite_prod,measuring cup,Name an example of a kitchen tool: ___,-9.73828125,-4.869140625
2959,google/gemma-3-12b-it,kitchen tool,en,indefinite_prod,nutcracker,Name an example of a kitchen tool: ___,-18.906005859375,-9.4530029296875
2960,google/gemma-3-12b-it,kitchen tool,en,indefinite_prod,peeler,Name an example of a kitchen tool: ___,-13.625056505203247,-6.8125282526016235
2961,google/gemma-3-12b-it,kitchen tool,en,indefinite_prod,pepper mill,Name an example of a kitchen tool: ___,-14.6484375,-7.32421875
2962,google/gemma-3-12b-it,kitchen tool,en,indefinite_prod,rolling pin,Name an example of a kitchen tool: ___,-14.313568115234375,-7.1567840576171875
2963,google/gemma-3-12b-it,kitchen tool,en,indefinite_prod,scoop,Name an example of a kitchen tool: ___,-13.25,-13.25
2964,google/gemma-3-12b-it,kitchen tool,en,indefinite_prod,sifter,Name an example of a kitchen tool: ___,-15.1796875,-7.58984375
2965,google/gemma-3-12b-it,kitchen tool,en,indefinite_prod,skewer,Name an example of a kitchen tool: ___,-26.25,-13.125
2966,google/gemma-3-12b-it,kitchen tool,en,indefinite_prod,spatula,Name an example of a kitchen tool: ___,-3.90625,-3.90625
2967,google/gemma-3-12b-it,kitchen tool,en,indefinite_prod,spoon,Name an example of a kitchen tool: ___,-6.15625,-6.15625
2968,google/gemma-3-12b-it,kitchen tool,en,indefinite_prod,strainer,Name an example of a kitchen tool: ___,-14.0,-14.0
2969,google/gemma-3-12b-it,kitchen tool,en,indefinite_prod,timer,Name an example of a kitchen tool: ___,-14.625,-14.625
2970,google/gemma-3-12b-it,kitchen tool,en,indefinite_prod,tongs,Name an example of a kitchen tool: ___,-12.9375,-12.9375
2971,google/gemma-3-12b-it,kitchen tool,en,indefinite_prod,whisk,Name an example of a kitchen tool: ___,-8.8125,-8.8125
2972,google/gemma-3-12b-it,lighting,en,generic,candelabra,One example of a lighting is ___.,-18.57171630859375,-6.190572102864583
2973,google/gemma-3-12b-it,lighting,en,generic,candle,One example of a lighting is ___.,-18.125,-18.125
2974,google/gemma-3-12b-it,lighting,en,generic,chandelier,One example of a lighting is ___.,-16.125,-16.125
2975,google/gemma-3-12b-it,lighting,en,generic,flashbulb,One example of a lighting is ___.,-18.046875,-9.0234375
2976,google/gemma-3-12b-it,lighting,en,generic,flashlight,One example of a lighting is ___.,-17.25,-17.25
2977,google/gemma-3-12b-it,lighting,en,generic,headlamp,One example of a lighting is ___.,-18.78125,-9.390625
2978,google/gemma-3-12b-it,lighting,en,generic,headlight,One example of a lighting is ___.,-19.375,-19.375
2979,google/gemma-3-12b-it,lighting,en,generic,lamp,One example of a lighting is ___.,-14.5,-14.5
2980,google/gemma-3-12b-it,lighting,en,generic,lantern,One example of a lighting is ___.,-17.25,-17.25
2981,google/gemma-3-12b-it,lighting,en,generic,lightbulb,One example of a lighting is ___.,-15.21875,-7.609375
2982,google/gemma-3-12b-it,lighting,en,generic,lighter,One example of a lighting is ___.,-18.625,-18.625
2983,google/gemma-3-12b-it,lighting,en,generic,match,One example of a lighting is ___.,-15.6875,-15.6875
2984,google/gemma-3-12b-it,lighting,en,generic,penlight,One example of a lighting is ___.,-21.671875,-10.8359375
2985,google/gemma-3-12b-it,lighting,en,generic,streetlight,One example of a lighting is ___.,-20.375,-20.375
2986,google/gemma-3-12b-it,lighting,en,generic,taillight,One example of a lighting is ___.,-23.78125,-11.890625
2987,google/gemma-3-12b-it,lighting,en,generic,torch,One example of a lighting is ___.,-19.0,-19.0
2988,google/gemma-3-12b-it,lighting,en,indefinite_prod,candelabra,Name an example of a lighting: ___,-13.028076171875,-4.342692057291667
2989,google/gemma-3-12b-it,lighting,en,indefinite_prod,candle,Name an example of a lighting: ___,-11.3125,-11.3125
2990,google/gemma-3-12b-it,lighting,en,indefinite_prod,chandelier,Name an example of a lighting: ___,-9.5,-9.5
2991,google/gemma-3-12b-it,lighting,en,indefinite_prod,flashbulb,Name an example of a lighting: ___,-11.1875,-5.59375
2992,google/gemma-3-12b-it,lighting,en,indefinite_prod,flashlight,Name an example of a lighting: ___,-10.375,-10.375
2993,google/gemma-3-12b-it,lighting,en,indefinite_prod,headlamp,Name an example of a lighting: ___,-12.8671875,-6.43359375
2994,google/gemma-3-12b-it,lighting,en,indefinite_prod,headlight,Name an example of a lighting: ___,-11.375,-11.375
2995,google/gemma-3-12b-it,lighting,en,indefinite_prod,lamp,Name an example of a lighting: ___,-7.3125,-7.3125
2996,google/gemma-3-12b-it,lighting,en,indefinite_prod,lantern,Name an example of a lighting: ___,-11.4375,-11.4375
2997,google/gemma-3-12b-it,lighting,en,indefinite_prod,lightbulb,Name an example of a lighting: ___,-9.90625,-4.953125
2998,google/gemma-3-12b-it,lighting,en,indefinite_prod,lighter,Name an example of a lighting: ___,-13.5625,-13.5625
2999,google/gemma-3-12b-it,lighting,en,indefinite_prod,match,Name an example of a lighting: ___,-11.125,-11.125
3000,google/gemma-3-12b-it,lighting,en,indefinite_prod,penlight,Name an example of a lighting: ___,-20.09375,-10.046875
3001,google/gemma-3-12b-it,lighting,en,indefinite_prod,streetlight,Name an example of a lighting: ___,-13.4375,-13.4375
3002,google/gemma-3-12b-it,lighting,en,indefinite_prod,taillight,Name an example of a lighting: ___,-15.77734375,-7.888671875
3003,google/gemma-3-12b-it,lighting,en,indefinite_prod,torch,Name an example of a lighting: ___,-13.375,-13.375
3004,google/gemma-3-12b-it,mammal,en,generic,bear,One example of a mammal is ___.,-18.375,-18.375
3005,google/gemma-3-12b-it,mammal,en,generic,bull,One example of a mammal is ___.,-21.75,-21.75
3006,google/gemma-3-12b-it,mammal,en,generic,camel,One example of a mammal is ___.,-18.5,-18.5
3007,google/gemma-3-12b-it,mammal,en,generic,cat,One example of a mammal is ___.,-19.125,-19.125
3008,google/gemma-3-12b-it,mammal,en,generic,cheetah,One example of a mammal is ___.,-16.875,-16.875
3009,google/gemma-3-12b-it,mammal,en,generic,cow,One example of a mammal is ___.,-20.0,-20.0
3010,google/gemma-3-12b-it,mammal,en,generic,deer,One example of a mammal is ___.,-14.25,-14.25
3011,google/gemma-3-12b-it,mammal,en,generic,dog,One example of a mammal is ___.,-17.75,-17.75
3012,google/gemma-3-12b-it,mammal,en,generic,dolphin,One example of a mammal is ___.,-18.75,-18.75
3013,google/gemma-3-12b-it,mammal,en,generic,elephant,One example of a mammal is ___.,-16.375,-16.375
3014,google/gemma-3-12b-it,mammal,en,generic,fox,One example of a mammal is ___.,-19.875,-19.875
3015,google/gemma-3-12b-it,mammal,en,generic,giraffe,One example of a mammal is ___.,-19.625,-19.625
3016,google/gemma-3-12b-it,mammal,en,generic,goat,One example of a mammal is ___.,-22.875,-22.875
3017,google/gemma-3-12b-it,mammal,en,generic,hamster,One example of a mammal is ___.,-21.125,-21.125
3018,google/gemma-3-12b-it,mammal,en,generic,hippopotamus,One example of a mammal is ___.,-18.2125244140625,-6.070841471354167
3019,google/gemma-3-12b-it,mammal,en,generic,horse,One example of a mammal is ___.,-21.875,-21.875
3020,google/gemma-3-12b-it,mammal,en,generic,kangaroo,One example of a mammal is ___.,-18.875,-18.875
3021,google/gemma-3-12b-it,mammal,en,generic,leopard,One example of a mammal is ___.,-18.125,-18.125
3022,google/gemma-3-12b-it,mammal,en,generic,lion,One example of a mammal is ___.,-17.0,-17.0
3023,google/gemma-3-12b-it,mammal,en,generic,monkey,One example of a mammal is ___.,-21.375,-21.375
3024,google/gemma-3-12b-it,mammal,en,generic,mouse,One example of a mammal is ___.,-18.0,-18.0
3025,google/gemma-3-12b-it,mammal,en,generic,pig,One example of a mammal is ___.,-20.25,-20.25
3026,google/gemma-3-12b-it,mammal,en,generic,rat,One example of a mammal is ___.,-22.0,-22.0
3027,google/gemma-3-12b-it,mammal,en,generic,rhinoceros,One example of a mammal is ___.,-19.125,-19.125
3028,google/gemma-3-12b-it,mammal,en,generic,seal,One example of a mammal is ___.,-20.5,-20.5
3029,google/gemma-3-12b-it,mammal,en,generic,sheep,One example of a mammal is ___.,-16.0,-16.0
3030,google/gemma-3-12b-it,mammal,en,generic,squirrel,One example of a mammal is ___.,-18.0,-18.0
3031,google/gemma-3-12b-it,mammal,en,generic,tiger,One example of a mammal is ___.,-17.75,-17.75
3032,google/gemma-3-12b-it,mammal,en,generic,whale,One example of a mammal is ___.,-16.75,-16.75
3033,google/gemma-3-12b-it,mammal,en,generic,wolf,One example of a mammal is ___.,-19.25,-19.25
3034,google/gemma-3-12b-it,mammal,en,generic,zebra,One example of a mammal is ___.,-17.25,-17.25
3035,google/gemma-3-12b-it,mammal,en,generic,antelope,One example of a mammal is ___.,-17.625,-17.625
3036,google/gemma-3-12b-it,mammal,en,generic,badger,One example of a mammal is ___.,-21.875,-21.875
3037,google/gemma-3-12b-it,mammal,en,generic,bat,One example of a mammal is ___.,-19.625,-19.625
3038,google/gemma-3-12b-it,mammal,en,generic,beaver,One example of a mammal is ___.,-19.0,-19.0
3039,google/gemma-3-12b-it,mammal,en,generic,bison,One example of a mammal is ___.,-19.25,-19.25
3040,google/gemma-3-12b-it,mammal,en,generic,coyote,One example of a mammal is ___.,-20.375,-20.375
3041,google/gemma-3-12b-it,mammal,en,generic,donkey,One example of a mammal is ___.,-24.25,-24.25
3042,google/gemma-3-12b-it,mammal,en,generic,gazelle,One example of a mammal is ___.,-23.4765625,-11.73828125
3043,google/gemma-3-12b-it,mammal,en,generic,gorilla,One example of a mammal is ___.,-23.0,-23.0
3044,google/gemma-3-12b-it,mammal,en,generic,guinea pig,One example of a mammal is ___.,-20.1441650390625,-10.07208251953125
3045,google/gemma-3-12b-it,mammal,en,generic,hedgehog,One example of a mammal is ___.,-24.875,-24.875
3046,google/gemma-3-12b-it,mammal,en,generic,hyena,One example of a mammal is ___.,-19.5184326171875,-9.75921630859375
3047,google/gemma-3-12b-it,mammal,en,generic,lamb,One example of a mammal is ___.,-23.75,-23.75
3048,google/gemma-3-12b-it,mammal,en,generic,mole,One example of a mammal is ___.,-20.25,-20.25
3049,google/gemma-3-12b-it,mammal,en,generic,polar bear,One example of a mammal is ___.,-14.8076171875,-7.40380859375
3050,google/gemma-3-12b-it,mammal,en,generic,rabbit,One example of a mammal is ___.,-20.875,-20.875
3051,google/gemma-3-12b-it,mammal,en,generic,reindeer,One example of a mammal is ___.,-20.625,-20.625
3052,google/gemma-3-12b-it,mammal,en,generic,aardvark,One example of a mammal is ___.,-19.1331787109375,-6.377726236979167
3053,google/gemma-3-12b-it,mammal,en,generic,alpaca,One example of a mammal is ___.,-24.000146865844727,-12.000073432922363
3054,google/gemma-3-12b-it,mammal,en,generic,anteater,One example of a mammal is ___.,-19.055419921875,-9.5277099609375
3055,google/gemma-3-12b-it,mammal,en,generic,boar,One example of a mammal is ___.,-24.625,-24.625
3056,google/gemma-3-12b-it,mammal,en,generic,calf,One example of a mammal is ___.,-24.625,-24.625
3057,google/gemma-3-12b-it,mammal,en,generic,chihuahua,One example of a mammal is ___.,-22.75,-22.75
3058,google/gemma-3-12b-it,mammal,en,generic,chinchilla,One example of a mammal is ___.,-21.036865234375,-7.012288411458333
3059,google/gemma-3-12b-it,mammal,en,generic,chipmunk,One example of a mammal is ___.,-22.4814453125,-11.24072265625
3060,google/gemma-3-12b-it,mammal,en,generic,cougar,One example of a mammal is ___.,-19.35302734375,-9.676513671875
3061,google/gemma-3-12b-it,mammal,en,generic,dalmatian,One example of a mammal is ___.,-22.462337493896484,-7.487445831298828
3062,google/gemma-3-12b-it,mammal,en,generic,ferret,One example of a mammal is ___.,-23.5,-23.5
3063,google/gemma-3-12b-it,mammal,en,generic,gopher,One example of a mammal is ___.,-20.3828125,-10.19140625
3064,google/gemma-3-12b-it,mammal,en,generic,groundhog,One example of a mammal is ___.,-20.515625,-10.2578125
3065,google/gemma-3-12b-it,mammal,en,generic,kitten,One example of a mammal is ___.,-22.5,-22.5
3066,google/gemma-3-12b-it,mammal,en,generic,koala,One example of a mammal is ___.,-16.28125,-8.140625
3067,google/gemma-3-12b-it,mammal,en,generic,llama,One example of a mammal is ___.,-23.125,-23.125
3068,google/gemma-3-12b-it,mammal,en,generic,manatee,One example of a mammal is ___.,-21.15625,-10.578125
3069,google/gemma-3-12b-it,mammal,en,generic,meerkat,One example of a mammal is ___.,-23.126304626464844,-11.563152313232422
3070,google/gemma-3-12b-it,mammal,en,generic,mongoose,One example of a mammal is ___.,-21.875,-21.875
3071,google/gemma-3-12b-it,mammal,en,generic,moose,One example of a mammal is ___.,-17.5,-17.5
3072,google/gemma-3-12b-it,mammal,en,generic,orangutan,One example of a mammal is ___.,-19.70458984375,-9.852294921875
3073,google/gemma-3-12b-it,mammal,en,generic,otter,One example of a mammal is ___.,-20.625,-20.625
3074,google/gemma-3-12b-it,mammal,en,generic,panda,One example of a mammal is ___.,-22.375,-22.375
3075,google/gemma-3-12b-it,mammal,en,generic,panther,One example of a mammal is ___.,-22.0,-22.0
3076,google/gemma-3-12b-it,mammal,en,generic,piglet,One example of a mammal is ___.,-28.09375,-14.046875
3077,google/gemma-3-12b-it,mammal,en,generic,platypus,One example of a mammal is ___.,-20.89862060546875,-6.966206868489583
3078,google/gemma-3-12b-it,mammal,en,generic,pony,One example of a mammal is ___.,-24.75,-24.75
3079,google/gemma-3-12b-it,mammal,en,generic,poodle,One example of a mammal is ___.,-22.625,-22.625
3080,google/gemma-3-12b-it,mammal,en,generic,porcupine,One example of a mammal is ___.,-22.53125,-11.265625
3081,google/gemma-3-12b-it,mammal,en,generic,possum,One example of a mammal is ___.,-21.578125,-10.7890625
3082,google/gemma-3-12b-it,mammal,en,generic,pug,One example of a mammal is ___.,-24.125,-24.125
3083,google/gemma-3-12b-it,mammal,en,generic,puppy,One example of a mammal is ___.,-21.0,-21.0
3084,google/gemma-3-12b-it,mammal,en,generic,raccoon,One example of a mammal is ___.,-21.125,-21.125
3085,google/gemma-3-12b-it,mammal,en,generic,ram,One example of a mammal is ___.,-27.125,-27.125
3086,google/gemma-3-12b-it,mammal,en,generic,skunk,One example of a mammal is ___.,-21.10546875,-10.552734375
3087,google/gemma-3-12b-it,mammal,en,generic,sloth,One example of a mammal is ___.,-21.5,-21.5
3088,google/gemma-3-12b-it,mammal,en,generic,walrus,One example of a mammal is ___.,-21.8515625,-10.92578125
3089,google/gemma-3-12b-it,mammal,en,generic,warthog,One example of a mammal is ___.,-24.6748046875,-8.224934895833334
3090,google/gemma-3-12b-it,mammal,en,generic,weasel,One example of a mammal is ___.,-25.25,-12.625
3091,google/gemma-3-12b-it,mammal,en,generic,yak,One example of a mammal is ___.,-24.375,-24.375
3092,google/gemma-3-12b-it,mammal,en,indefinite_prod,bear,Name an example of a mammal: ___,-11.0,-11.0
3093,google/gemma-3-12b-it,mammal,en,indefinite_prod,bull,Name an example of a mammal: ___,-19.375,-19.375
3094,google/gemma-3-12b-it,mammal,en,indefinite_prod,camel,Name an example of a mammal: ___,-13.8125,-13.8125
3095,google/gemma-3-12b-it,mammal,en,indefinite_prod,cat,Name an example of a mammal: ___,-11.0,-11.0
3096,google/gemma-3-12b-it,mammal,en,indefinite_prod,cheetah,Name an example of a mammal: ___,-13.0,-13.0
3097,google/gemma-3-12b-it,mammal,en,indefinite_prod,cow,Name an example of a mammal: ___,-12.8125,-12.8125
3098,google/gemma-3-12b-it,mammal,en,indefinite_prod,deer,Name an example of a mammal: ___,-11.5625,-11.5625
3099,google/gemma-3-12b-it,mammal,en,indefinite_prod,dog,Name an example of a mammal: ___,-10.125,-10.125
3100,google/gemma-3-12b-it,mammal,en,indefinite_prod,dolphin,Name an example of a mammal: ___,-9.5,-9.5
3101,google/gemma-3-12b-it,mammal,en,indefinite_prod,elephant,Name an example of a mammal: ___,-9.875,-9.875
3102,google/gemma-3-12b-it,mammal,en,indefinite_prod,fox,Name an example of a mammal: ___,-12.5,-12.5
3103,google/gemma-3-12b-it,mammal,en,indefinite_prod,giraffe,Name an example of a mammal: ___,-11.875,-11.875
3104,google/gemma-3-12b-it,mammal,en,indefinite_prod,goat,Name an example of a mammal: ___,-15.625,-15.625
3105,google/gemma-3-12b-it,mammal,en,indefinite_prod,hamster,Name an example of a mammal: ___,-15.0625,-15.0625
3106,google/gemma-3-12b-it,mammal,en,indefinite_prod,hippopotamus,Name an example of a mammal: ___,-15.503124237060547,-5.167708079020183
3107,google/gemma-3-12b-it,mammal,en,indefinite_prod,horse,Name an example of a mammal: ___,-12.3125,-12.3125
3108,google/gemma-3-12b-it,mammal,en,indefinite_prod,kangaroo,Name an example of a mammal: ___,-10.6875,-10.6875
3109,google/gemma-3-12b-it,mammal,en,indefinite_prod,leopard,Name an example of a mammal: ___,-12.0625,-12.0625
3110,google/gemma-3-12b-it,mammal,en,indefinite_prod,lion,Name an example of a mammal: ___,-10.125,-10.125
3111,google/gemma-3-12b-it,mammal,en,indefinite_prod,monkey,Name an example of a mammal: ___,-12.25,-12.25
3112,google/gemma-3-12b-it,mammal,en,indefinite_prod,mouse,Name an example of a mammal: ___,-13.5625,-13.5625
3113,google/gemma-3-12b-it,mammal,en,indefinite_prod,pig,Name an example of a mammal: ___,-14.625,-14.625
3114,google/gemma-3-12b-it,mammal,en,indefinite_prod,rat,Name an example of a mammal: ___,-16.75,-16.75
3115,google/gemma-3-12b-it,mammal,en,indefinite_prod,rhinoceros,Name an example of a mammal: ___,-13.25,-13.25
3116,google/gemma-3-12b-it,mammal,en,indefinite_prod,seal,Name an example of a mammal: ___,-15.625,-15.625
3117,google/gemma-3-12b-it,mammal,en,indefinite_prod,sheep,Name an example of a mammal: ___,-13.5625,-13.5625
3118,google/gemma-3-12b-it,mammal,en,indefinite_prod,squirrel,Name an example of a mammal: ___,-11.3125,-11.3125
3119,google/gemma-3-12b-it,mammal,en,indefinite_prod,tiger,Name an example of a mammal: ___,-11.25,-11.25
3120,google/gemma-3-12b-it,mammal,en,indefinite_prod,whale,Name an example of a mammal: ___,-9.875,-9.875
3121,google/gemma-3-12b-it,mammal,en,indefinite_prod,wolf,Name an example of a mammal: ___,-11.3125,-11.3125
3122,google/gemma-3-12b-it,mammal,en,indefinite_prod,zebra,Name an example of a mammal: ___,-13.4375,-13.4375
3123,google/gemma-3-12b-it,mammal,en,indefinite_prod,antelope,Name an example of a mammal: ___,-14.125,-14.125
3124,google/gemma-3-12b-it,mammal,en,indefinite_prod,badger,Name an example of a mammal: ___,-16.375,-16.375
3125,google/gemma-3-12b-it,mammal,en,indefinite_prod,bat,Name an example of a mammal: ___,-13.875,-13.875
3126,google/gemma-3-12b-it,mammal,en,indefinite_prod,beaver,Name an example of a mammal: ___,-12.5,-12.5
3127,google/gemma-3-12b-it,mammal,en,indefinite_prod,bison,Name an example of a mammal: ___,-16.625,-16.625
3128,google/gemma-3-12b-it,mammal,en,indefinite_prod,coyote,Name an example of a mammal: ___,-15.125,-15.125
3129,google/gemma-3-12b-it,mammal,en,indefinite_prod,donkey,Name an example of a mammal: ___,-15.75,-15.75
3130,google/gemma-3-12b-it,mammal,en,indefinite_prod,gazelle,Name an example of a mammal: ___,-20.58056640625,-10.290283203125
3131,google/gemma-3-12b-it,mammal,en,indefinite_prod,gorilla,Name an example of a mammal: ___,-14.75,-14.75
3132,google/gemma-3-12b-it,mammal,en,indefinite_prod,guinea pig,Name an example of a mammal: ___,-16.877670288085938,-8.438835144042969
3133,google/gemma-3-12b-it,mammal,en,indefinite_prod,hedgehog,Name an example of a mammal: ___,-18.125,-18.125
3134,google/gemma-3-12b-it,mammal,en,indefinite_prod,hyena,Name an example of a mammal: ___,-18.001373291015625,-9.000686645507812
3135,google/gemma-3-12b-it,mammal,en,indefinite_prod,lamb,Name an example of a mammal: ___,-17.75,-17.75
3136,google/gemma-3-12b-it,mammal,en,indefinite_prod,mole,Name an example of a mammal: ___,-17.5,-17.5
3137,google/gemma-3-12b-it,mammal,en,indefinite_prod,polar bear,Name an example of a mammal: ___,-11.1475830078125,-5.57379150390625
3138,google/gemma-3-12b-it,mammal,en,indefinite_prod,rabbit,Name an example of a mammal: ___,-13.375,-13.375
3139,google/gemma-3-12b-it,mammal,en,indefinite_prod,reindeer,Name an example of a mammal: ___,-17.625,-17.625
3140,google/gemma-3-12b-it,mammal,en,indefinite_prod,aardvark,Name an example of a mammal: ___,-16.143630981445312,-5.3812103271484375
3141,google/gemma-3-12b-it,mammal,en,indefinite_prod,alpaca,Name an example of a mammal: ___,-21.125051021575928,-10.562525510787964
3142,google/gemma-3-12b-it,mammal,en,indefinite_prod,anteater,Name an example of a mammal: ___,-17.131866455078125,-8.565933227539062
3143,google/gemma-3-12b-it,mammal,en,indefinite_prod,boar,Name an example of a mammal: ___,-21.375,-21.375
3144,google/gemma-3-12b-it,mammal,en,indefinite_prod,calf,Name an example of a mammal: ___,-19.25,-19.25
3145,google/gemma-3-12b-it,mammal,en,indefinite_prod,chihuahua,Name an example of a mammal: ___,-17.125,-17.125
3146,google/gemma-3-12b-it,mammal,en,indefinite_prod,chinchilla,Name an example of a mammal: ___,-20.93109130859375,-6.977030436197917
3147,google/gemma-3-12b-it,mammal,en,indefinite_prod,chipmunk,Name an example of a mammal: ___,-18.88812255859375,-9.444061279296875
3148,google/gemma-3-12b-it,mammal,en,indefinite_prod,cougar,Name an example of a mammal: ___,-17.50145721435547,-8.750728607177734
3149,google/gemma-3-12b-it,mammal,en,indefinite_prod,dalmatian,Name an example of a mammal: ___,-18.903738260269165,-6.301246086756389
3150,google/gemma-3-12b-it,mammal,en,indefinite_prod,ferret,Name an example of a mammal: ___,-19.0,-19.0
3151,google/gemma-3-12b-it,mammal,en,indefinite_prod,gopher,Name an example of a mammal: ___,-18.4296875,-9.21484375
3152,google/gemma-3-12b-it,mammal,en,indefinite_prod,groundhog,Name an example of a mammal: ___,-19.056640625,-9.5283203125
3153,google/gemma-3-12b-it,mammal,en,indefinite_prod,kitten,Name an example of a mammal: ___,-16.0,-16.0
3154,google/gemma-3-12b-it,mammal,en,indefinite_prod,koala,Name an example of a mammal: ___,-11.867919921875,-5.9339599609375
3155,google/gemma-3-12b-it,mammal,en,indefinite_prod,llama,Name an example of a mammal: ___,-18.375,-18.375
3156,google/gemma-3-12b-it,mammal,en,indefinite_prod,manatee,Name an example of a mammal: ___,-16.8955078125,-8.44775390625
3157,google/gemma-3-12b-it,mammal,en,indefinite_prod,meerkat,Name an example of a mammal: ___,-20.750598907470703,-10.375299453735352
3158,google/gemma-3-12b-it,mammal,en,indefinite_prod,mongoose,Name an example of a mammal: ___,-19.125,-19.125
3159,google/gemma-3-12b-it,mammal,en,indefinite_prod,moose,Name an example of a mammal: ___,-15.1875,-15.1875
3160,google/gemma-3-12b-it,mammal,en,indefinite_prod,orangutan,Name an example of a mammal: ___,-17.25933837890625,-8.629669189453125
3161,google/gemma-3-12b-it,mammal,en,indefinite_prod,otter,Name an example of a mammal: ___,-14.125,-14.125
3162,google/gemma-3-12b-it,mammal,en,indefinite_prod,panda,Name an example of a mammal: ___,-15.1875,-15.1875
3163,google/gemma-3-12b-it,mammal,en,indefinite_prod,panther,Name an example of a mammal: ___,-15.6875,-15.6875
3164,google/gemma-3-12b-it,mammal,en,indefinite_prod,piglet,Name an example of a mammal: ___,-27.4375,-13.71875
3165,google/gemma-3-12b-it,mammal,en,indefinite_prod,platypus,Name an example of a mammal: ___,-19.753517150878906,-6.584505716959636
3166,google/gemma-3-12b-it,mammal,en,indefinite_prod,pony,Name an example of a mammal: ___,-20.0,-20.0
3167,google/gemma-3-12b-it,mammal,en,indefinite_prod,poodle,Name an example of a mammal: ___,-16.375,-16.375
3168,google/gemma-3-12b-it,mammal,en,indefinite_prod,porcupine,Name an example of a mammal: ___,-22.75,-11.375
3169,google/gemma-3-12b-it,mammal,en,indefinite_prod,possum,Name an example of a mammal: ___,-18.34375,-9.171875
3170,google/gemma-3-12b-it,mammal,en,indefinite_prod,pug,Name an example of a mammal: ___,-18.25,-18.25
3171,google/gemma-3-12b-it,mammal,en,indefinite_prod,puppy,Name an example of a mammal: ___,-15.0,-15.0
3172,google/gemma-3-12b-it,mammal,en,indefinite_prod,raccoon,Name an example of a mammal: ___,-14.25,-14.25
3173,google/gemma-3-12b-it,mammal,en,indefinite_prod,ram,Name an example of a mammal: ___,-23.5,-23.5
3174,google/gemma-3-12b-it,mammal,en,indefinite_prod,skunk,Name an example of a mammal: ___,-20.876251220703125,-10.438125610351562
3175,google/gemma-3-12b-it,mammal,en,indefinite_prod,sloth,Name an example of a mammal: ___,-15.8125,-15.8125
3176,google/gemma-3-12b-it,mammal,en,indefinite_prod,walrus,Name an example of a mammal: ___,-17.507049560546875,-8.753524780273438
3177,google/gemma-3-12b-it,mammal,en,indefinite_prod,warthog,Name an example of a mammal: ___,-22.3880615234375,-7.462687174479167
3178,google/gemma-3-12b-it,mammal,en,indefinite_prod,weasel,Name an example of a mammal: ___,-16.40966796875,-8.204833984375
3179,google/gemma-3-12b-it,mammal,en,indefinite_prod,yak,Name an example of a mammal: ___,-21.75,-21.75
3180,google/gemma-3-12b-it,medical equipment,en,generic,bandage,One example of a medical equipment is ___.,-20.5,-20.5
3181,google/gemma-3-12b-it,medical equipment,en,generic,bedpan,One example of a medical equipment is ___.,-23.390625,-11.6953125
3182,google/gemma-3-12b-it,medical equipment,en,generic,brace,One example of a medical equipment is ___.,-20.375,-20.375
3183,google/gemma-3-12b-it,medical equipment,en,generic,cane,One example of a medical equipment is ___.,-22.125,-22.125
3184,google/gemma-3-12b-it,medical equipment,en,generic,crutch,One example of a medical equipment is ___.,-22.78125,-11.390625
3185,google/gemma-3-12b-it,medical equipment,en,generic,defibrillator,One example of a medical equipment is ___.,-16.88531494140625,-8.442657470703125
3186,google/gemma-3-12b-it,medical equipment,en,generic,eye patch,One example of a medical equipment is ___.,-21.59375,-10.796875
3187,google/gemma-3-12b-it,medical equipment,en,generic,eyedropper,One example of a medical equipment is ___.,-23.142578125,-7.714192708333333
3188,google/gemma-3-12b-it,medical equipment,en,generic,first-aid kit,One example of a medical equipment is ___.,-23.8056640625,-5.951416015625
3189,google/gemma-3-12b-it,medical equipment,en,generic,gauze,One example of a medical equipment is ___.,-20.375,-20.375
3190,google/gemma-3-12b-it,medical equipment,en,generic,gurney,One example of a medical equipment is ___.,-19.21875,-9.609375
3191,google/gemma-3-12b-it,medical equipment,en,generic,hearing aid,One example of a medical equipment is ___.,-22.40625,-11.203125
3192,google/gemma-3-12b-it,medical equipment,en,generic,ice pack,One example of a medical equipment is ___.,-22.421875,-11.2109375
3193,google/gemma-3-12b-it,medical equipment,en,generic,inhaler,One example of a medical equipment is ___.,-21.4296875,-10.71484375
3194,google/gemma-3-12b-it,medical equipment,en,generic,penlight,One example of a medical equipment is ___.,-22.171875,-11.0859375
3195,google/gemma-3-12b-it,medical equipment,en,generic,pillbox,One example of a medical equipment is ___.,-27.25,-13.625
3196,google/gemma-3-12b-it,medical equipment,en,generic,plaster cast,One example of a medical equipment is ___.,-23.4453125,-11.72265625
3197,google/gemma-3-12b-it,medical equipment,en,generic,scalpel,One example of a medical equipment is ___.,-19.130126953125,-9.5650634765625
3198,google/gemma-3-12b-it,medical equipment,en,generic,sling,One example of a medical equipment is ___.,-23.25,-23.25
3199,google/gemma-3-12b-it,medical equipment,en,generic,stethoscope,One example of a medical equipment is ___.,-17.375,-17.375
3200,google/gemma-3-12b-it,medical equipment,en,generic,stretcher,One example of a medical equipment is ___.,-21.875,-21.875
3201,google/gemma-3-12b-it,medical equipment,en,generic,swab,One example of a medical equipment is ___.,-23.875,-23.875
3202,google/gemma-3-12b-it,medical equipment,en,generic,syringe,One example of a medical equipment is ___.,-20.125,-20.125
3203,google/gemma-3-12b-it,medical equipment,en,generic,tweezers,One example of a medical equipment is ___.,-21.25,-21.25
3204,google/gemma-3-12b-it,medical equipment,en,generic,vial,One example of a medical equipment is ___.,-22.0,-22.0
3205,google/gemma-3-12b-it,medical equipment,en,generic,walker,One example of a medical equipment is ___.,-27.0,-27.0
3206,google/gemma-3-12b-it,medical equipment,en,generic,wheelchair,One example of a medical equipment is ___.,-20.125,-20.125
3207,google/gemma-3-12b-it,medical equipment,en,indefinite_prod,bandage,Name an example of a medical equipment: ___,-16.25,-16.25
3208,google/gemma-3-12b-it,medical equipment,en,indefinite_prod,bedpan,Name an example of a medical equipment: ___,-27.25,-13.625
3209,google/gemma-3-12b-it,medical equipment,en,indefinite_prod,brace,Name an example of a medical equipment: ___,-14.9375,-14.9375
3210,google/gemma-3-12b-it,medical equipment,en,indefinite_prod,cane,Name an example of a medical equipment: ___,-15.5,-15.5
3211,google/gemma-3-12b-it,medical equipment,en,indefinite_prod,crutch,Name an example of a medical equipment: ___,-17.984375,-8.9921875
3212,google/gemma-3-12b-it,medical equipment,en,indefinite_prod,defibrillator,Name an example of a medical equipment: ___,-11.314849853515625,-5.6574249267578125
3213,google/gemma-3-12b-it,medical equipment,en,indefinite_prod,eye patch,Name an example of a medical equipment: ___,-16.421875,-8.2109375
3214,google/gemma-3-12b-it,medical equipment,en,indefinite_prod,eyedropper,Name an example of a medical equipment: ___,-18.457794189453125,-6.152598063151042
3215,google/gemma-3-12b-it,medical equipment,en,indefinite_prod,first-aid kit,Name an example of a medical equipment: ___,-23.47607421875,-5.8690185546875
3216,google/gemma-3-12b-it,medical equipment,en,indefinite_prod,gauze,Name an example of a medical equipment: ___,-16.125,-16.125
3217,google/gemma-3-12b-it,medical equipment,en,indefinite_prod,gurney,Name an example of a medical equipment: ___,-16.80078125,-8.400390625
3218,google/gemma-3-12b-it,medical equipment,en,indefinite_prod,hearing aid,Name an example of a medical equipment: ___,-16.8515625,-8.42578125
3219,google/gemma-3-12b-it,medical equipment,en,indefinite_prod,ice pack,Name an example of a medical equipment: ___,-17.734375,-8.8671875
3220,google/gemma-3-12b-it,medical equipment,en,indefinite_prod,inhaler,Name an example of a medical equipment: ___,-14.600830078125,-7.3004150390625
3221,google/gemma-3-12b-it,medical equipment,en,indefinite_prod,penlight,Name an example of a medical equipment: ___,-20.5625,-10.28125
3222,google/gemma-3-12b-it,medical equipment,en,indefinite_prod,pillbox,Name an example of a medical equipment: ___,-19.765625,-9.8828125
3223,google/gemma-3-12b-it,medical equipment,en,indefinite_prod,plaster cast,Name an example of a medical equipment: ___,-17.98046875,-8.990234375
3224,google/gemma-3-12b-it,medical equipment,en,indefinite_prod,scalpel,Name an example of a medical equipment: ___,-14.187942504882812,-7.093971252441406
3225,google/gemma-3-12b-it,medical equipment,en,indefinite_prod,sling,Name an example of a medical equipment: ___,-16.875,-16.875
3226,google/gemma-3-12b-it,medical equipment,en,indefinite_prod,stethoscope,Name an example of a medical equipment: ___,-9.3125,-9.3125
3227,google/gemma-3-12b-it,medical equipment,en,indefinite_prod,stretcher,Name an example of a medical equipment: ___,-14.5625,-14.5625
3228,google/gemma-3-12b-it,medical equipment,en,indefinite_prod,swab,Name an example of a medical equipment: ___,-18.375,-18.375
3229,google/gemma-3-12b-it,medical equipment,en,indefinite_prod,syringe,Name an example of a medical equipment: ___,-12.25,-12.25
3230,google/gemma-3-12b-it,medical equipment,en,indefinite_prod,tweezers,Name an example of a medical equipment: ___,-17.375,-17.375
3231,google/gemma-3-12b-it,medical equipment,en,indefinite_prod,vial,Name an example of a medical equipment: ___,-16.75,-16.75
3232,google/gemma-3-12b-it,medical equipment,en,indefinite_prod,walker,Name an example of a medical equipment: ___,-18.375,-18.375
3233,google/gemma-3-12b-it,medical equipment,en,indefinite_prod,wheelchair,Name an example of a medical equipment: ___,-12.9375,-12.9375
3234,google/gemma-3-12b-it,musical instrument,en,generic,accordion,One example of a musical instrument is ___.,-20.375,-20.375
3235,google/gemma-3-12b-it,musical instrument,en,generic,drum,One example of a musical instrument is ___.,-17.625,-17.625
3236,google/gemma-3-12b-it,musical instrument,en,generic,flute,One example of a musical instrument is ___.,-18.5,-18.5
3237,google/gemma-3-12b-it,musical instrument,en,generic,guitar,One example of a musical instrument is ___.,-13.5,-13.5
3238,google/gemma-3-12b-it,musical instrument,en,generic,harmonica,One example of a musical instrument is ___.,-19.25,-19.25
3239,google/gemma-3-12b-it,musical instrument,en,generic,harp,One example of a musical instrument is ___.,-18.875,-18.875
3240,google/gemma-3-12b-it,musical instrument,en,generic,saxophone,One example of a musical instrument is ___.,-17.75,-17.75
3241,google/gemma-3-12b-it,musical instrument,en,generic,tambourine,One example of a musical instrument is ___.,-21.02099609375,-10.510498046875
3242,google/gemma-3-12b-it,musical instrument,en,generic,trumpet,One example of a musical instrument is ___.,-18.75,-18.75
3243,google/gemma-3-12b-it,musical instrument,en,generic,violin,One example of a musical instrument is ___.,-16.0,-16.0
3244,google/gemma-3-12b-it,musical instrument,en,generic,bagpipe,One example of a musical instrument is ___.,-23.7109375,-11.85546875
3245,google/gemma-3-12b-it,musical instrument,en,generic,banjo,One example of a musical instrument is ___.,-20.0,-20.0
3246,google/gemma-3-12b-it,musical instrument,en,generic,bassoon,One example of a musical instrument is ___.,-20.484375,-10.2421875
3247,google/gemma-3-12b-it,musical instrument,en,generic,bell,One example of a musical instrument is ___.,-20.625,-20.625
3248,google/gemma-3-12b-it,musical instrument,en,generic,bongo,One example of a musical instrument is ___.,-21.28125,-10.640625
3249,google/gemma-3-12b-it,musical instrument,en,generic,cello,One example of a musical instrument is ___.,-18.0,-18.0
3250,google/gemma-3-12b-it,musical instrument,en,generic,chime,One example of a musical instrument is ___.,-21.75,-21.75
3251,google/gemma-3-12b-it,musical instrument,en,generic,clarinet,One example of a musical instrument is ___.,-18.375,-18.375
3252,google/gemma-3-12b-it,musical instrument,en,generic,cymbal,One example of a musical instrument is ___.,-21.000991821289062,-10.500495910644531
3253,google/gemma-3-12b-it,musical instrument,en,generic,french horn,One example of a musical instrument is ___.,-18.88983154296875,-9.444915771484375
3254,google/gemma-3-12b-it,musical instrument,en,generic,gong,One example of a musical instrument is ___.,-24.625,-24.625
3255,google/gemma-3-12b-it,musical instrument,en,generic,horn,One example of a musical instrument is ___.,-20.625,-20.625
3256,google/gemma-3-12b-it,musical instrument,en,generic,kazoo,One example of a musical instrument is ___.,-25.376869201660156,-12.688434600830078
3257,google/gemma-3-12b-it,musical instrument,en,generic,keyboard,One example of a musical instrument is ___.,-14.6875,-14.6875
3258,google/gemma-3-12b-it,musical instrument,en,generic,mandolin,One example of a musical instrument is ___.,-20.50139617919922,-10.25069808959961
3259,google/gemma-3-12b-it,musical instrument,en,generic,organ,One example of a musical instrument is ___.,-19.25,-19.25
3260,google/gemma-3-12b-it,musical instrument,en,generic,piano,One example of a musical instrument is ___.,-12.75,-12.75
3261,google/gemma-3-12b-it,musical instrument,en,generic,recorder,One example of a musical instrument is ___.,-23.0,-23.0
3262,google/gemma-3-12b-it,musical instrument,en,generic,triangle,One example of a musical instrument is ___.,-17.875,-17.875
3263,google/gemma-3-12b-it,musical instrument,en,generic,trombone,One example of a musical instrument is ___.,-20.25,-20.25
3264,google/gemma-3-12b-it,musical instrument,en,generic,tuba,One example of a musical instrument is ___.,-20.625,-20.625
3265,google/gemma-3-12b-it,musical instrument,en,generic,ukulele,One example of a musical instrument is ___.,-19.125,-19.125
3266,google/gemma-3-12b-it,musical instrument,en,generic,xylophone,One example of a musical instrument is ___.,-21.751220703125,-10.8756103515625
3267,google/gemma-3-12b-it,musical instrument,en,indefinite_prod,accordion,Name an example of a musical instrument: ___,-15.5,-15.5
3268,google/gemma-3-12b-it,musical instrument,en,indefinite_prod,drum,Name an example of a musical instrument: ___,-9.6875,-9.6875
3269,google/gemma-3-12b-it,musical instrument,en,indefinite_prod,flute,Name an example of a musical instrument: ___,-9.4375,-9.4375
3270,google/gemma-3-12b-it,musical instrument,en,indefinite_prod,guitar,Name an example of a musical instrument: ___,-5.0,-5.0
3271,google/gemma-3-12b-it,musical instrument,en,indefinite_prod,harmonica,Name an example of a musical instrument: ___,-13.8125,-13.8125
3272,google/gemma-3-12b-it,musical instrument,en,indefinite_prod,harp,Name an example of a musical instrument: ___,-14.4375,-14.4375
3273,google/gemma-3-12b-it,musical instrument,en,indefinite_prod,saxophone,Name an example of a musical instrument: ___,-10.3125,-10.3125
3274,google/gemma-3-12b-it,musical instrument,en,indefinite_prod,tambourine,Name an example of a musical instrument: ___,-15.565017700195312,-7.782508850097656
3275,google/gemma-3-12b-it,musical instrument,en,indefinite_prod,trumpet,Name an example of a musical instrument: ___,-10.0625,-10.0625
3276,google/gemma-3-12b-it,musical instrument,en,indefinite_prod,violin,Name an example of a musical instrument: ___,-9.5625,-9.5625
3277,google/gemma-3-12b-it,musical instrument,en,indefinite_prod,bagpipe,Name an example of a musical instrument: ___,-21.234375,-10.6171875
3278,google/gemma-3-12b-it,musical instrument,en,indefinite_prod,banjo,Name an example of a musical instrument: ___,-13.8125,-13.8125
3279,google/gemma-3-12b-it,musical instrument,en,indefinite_prod,bassoon,Name an example of a musical instrument: ___,-16.34375,-8.171875
3280,google/gemma-3-12b-it,musical instrument,en,indefinite_prod,bell,Name an example of a musical instrument: ___,-15.375,-15.375
3281,google/gemma-3-12b-it,musical instrument,en,indefinite_prod,bongo,Name an example of a musical instrument: ___,-16.46923828125,-8.234619140625
3282,google/gemma-3-12b-it,musical instrument,en,indefinite_prod,cello,Name an example of a musical instrument: ___,-12.8125,-12.8125
3283,google/gemma-3-12b-it,musical instrument,en,indefinite_prod,chime,Name an example of a musical instrument: ___,-17.0,-17.0
3284,google/gemma-3-12b-it,musical instrument,en,indefinite_prod,clarinet,Name an example of a musical instrument: ___,-13.3125,-13.3125
3285,google/gemma-3-12b-it,musical instrument,en,indefinite_prod,cymbal,Name an example of a musical instrument: ___,-18.750011682510376,-9.375005841255188
3286,google/gemma-3-12b-it,musical instrument,en,indefinite_prod,french horn,Name an example of a musical instrument: ___,-17.6300048828125,-8.81500244140625
3287,google/gemma-3-12b-it,musical instrument,en,indefinite_prod,gong,Name an example of a musical instrument: ___,-18.0,-18.0
3288,google/gemma-3-12b-it,musical instrument,en,indefinite_prod,horn,Name an example of a musical instrument: ___,-18.0,-18.0
3289,google/gemma-3-12b-it,musical instrument,en,indefinite_prod,kazoo,Name an example of a musical instrument: ___,-19.50016212463379,-9.750081062316895
3290,google/gemma-3-12b-it,musical instrument,en,indefinite_prod,keyboard,Name an example of a musical instrument: ___,-10.9375,-10.9375
3291,google/gemma-3-12b-it,musical instrument,en,indefinite_prod,mandolin,Name an example of a musical instrument: ___,-19.875965118408203,-9.937982559204102
3292,google/gemma-3-12b-it,musical instrument,en,indefinite_prod,organ,Name an example of a musical instrument: ___,-16.625,-16.625
3293,google/gemma-3-12b-it,musical instrument,en,indefinite_prod,piano,Name an example of a musical instrument: ___,-6.125,-6.125
3294,google/gemma-3-12b-it,musical instrument,en,indefinite_prod,recorder,Name an example of a musical instrument: ___,-15.6875,-15.6875
3295,google/gemma-3-12b-it,musical instrument,en,indefinite_prod,triangle,Name an example of a musical instrument: ___,-13.1875,-13.1875
3296,google/gemma-3-12b-it,musical instrument,en,indefinite_prod,trombone,Name an example of a musical instrument: ___,-13.1875,-13.1875
3297,google/gemma-3-12b-it,musical instrument,en,indefinite_prod,tuba,Name an example of a musical instrument: ___,-13.375,-13.375
3298,google/gemma-3-12b-it,musical instrument,en,indefinite_prod,ukulele,Name an example of a musical instrument: ___,-13.0625,-13.0625
3299,google/gemma-3-12b-it,musical instrument,en,indefinite_prod,xylophone,Name an example of a musical instrument: ___,-14.750371932983398,-7.375185966491699
3300,google/gemma-3-12b-it,office supply,en,generic,binder,One example of a office supply is ___.,-22.0,-22.0
3301,google/gemma-3-12b-it,office supply,en,generic,clipboard,One example of a office supply is ___.,-20.0,-20.0
3302,google/gemma-3-12b-it,office supply,en,generic,envelope,One example of a office supply is ___.,-17.0,-17.0
3303,google/gemma-3-12b-it,office supply,en,generic,eraser,One example of a office supply is ___.,-18.5,-18.5
3304,google/gemma-3-12b-it,office supply,en,generic,file,One example of a office supply is ___.,-19.125,-19.125
3305,google/gemma-3-12b-it,office supply,en,generic,folder,One example of a office supply is ___.,-21.0,-21.0
3306,google/gemma-3-12b-it,office supply,en,generic,fountain pen,One example of a office supply is ___.,-19.765625,-9.8828125
3307,google/gemma-3-12b-it,office supply,en,generic,glue,One example of a office supply is ___.,-16.75,-16.75
3308,google/gemma-3-12b-it,office supply,en,generic,highlighter,One example of a office supply is ___.,-19.75,-19.75
3309,google/gemma-3-12b-it,office supply,en,generic,ink,One example of a office supply is ___.,-16.75,-16.75
3310,google/gemma-3-12b-it,office supply,en,generic,notebook,One example of a office supply is ___.,-15.6875,-15.6875
3311,google/gemma-3-12b-it,office supply,en,generic,notepad,One example of a office supply is ___.,-19.5,-19.5
3312,google/gemma-3-12b-it,office supply,en,generic,paper,One example of a office supply is ___.,-11.625,-11.625
3313,google/gemma-3-12b-it,office supply,en,generic,paperclip,One example of a office supply is ___.,-21.375,-10.6875
3314,google/gemma-3-12b-it,office supply,en,generic,pen,One example of a office supply is ___.,-14.5,-14.5
3315,google/gemma-3-12b-it,office supply,en,generic,pencil,One example of a office supply is ___.,-12.8125,-12.8125
3316,google/gemma-3-12b-it,office supply,en,generic,pencil sharpener,One example of a office supply is ___.,-20.815322875976562,-6.9384409586588545
3317,google/gemma-3-12b-it,office supply,en,generic,punch,One example of a office supply is ___.,-24.125,-24.125
3318,google/gemma-3-12b-it,office supply,en,generic,rubber band,One example of a office supply is ___.,-18.125,-9.0625
3319,google/gemma-3-12b-it,office supply,en,generic,scissors,One example of a office supply is ___.,-15.5,-15.5
3320,google/gemma-3-12b-it,office supply,en,generic,staple,One example of a office supply is ___.,-16.5,-16.5
3321,google/gemma-3-12b-it,office supply,en,generic,stapler,One example of a office supply is ___.,-15.69921875,-7.849609375
3322,google/gemma-3-12b-it,office supply,en,generic,tack,One example of a office supply is ___.,-21.75,-21.75
3323,google/gemma-3-12b-it,office supply,en,generic,tape,One example of a office supply is ___.,-17.5,-17.5
3324,google/gemma-3-12b-it,office supply,en,generic,thumbtack,One example of a office supply is ___.,-25.30862331390381,-6.327155828475952
3325,google/gemma-3-12b-it,office supply,en,indefinite_prod,binder,Name an example of a office supply: ___,-14.25,-14.25
3326,google/gemma-3-12b-it,office supply,en,indefinite_prod,clipboard,Name an example of a office supply: ___,-11.9375,-11.9375
3327,google/gemma-3-12b-it,office supply,en,indefinite_prod,envelope,Name an example of a office supply: ___,-12.375,-12.375
3328,google/gemma-3-12b-it,office supply,en,indefinite_prod,eraser,Name an example of a office supply: ___,-8.75,-8.75
3329,google/gemma-3-12b-it,office supply,en,indefinite_prod,file,Name an example of a office supply: ___,-12.75,-12.75
3330,google/gemma-3-12b-it,office supply,en,indefinite_prod,folder,Name an example of a office supply: ___,-14.5,-14.5
3331,google/gemma-3-12b-it,office supply,en,indefinite_prod,fountain pen,Name an example of a office supply: ___,-13.790283203125,-6.8951416015625
3332,google/gemma-3-12b-it,office supply,en,indefinite_prod,glue,Name an example of a office supply: ___,-9.375,-9.375
3333,google/gemma-3-12b-it,office supply,en,indefinite_prod,highlighter,Name an example of a office supply: ___,-12.75,-12.75
3334,google/gemma-3-12b-it,office supply,en,indefinite_prod,ink,Name an example of a office supply: ___,-9.25,-9.25
3335,google/gemma-3-12b-it,office supply,en,indefinite_prod,notebook,Name an example of a office supply: ___,-10.4375,-10.4375
3336,google/gemma-3-12b-it,office supply,en,indefinite_prod,notepad,Name an example of a office supply: ___,-12.5625,-12.5625
3337,google/gemma-3-12b-it,office supply,en,indefinite_prod,paper,Name an example of a office supply: ___,-6.125,-6.125
3338,google/gemma-3-12b-it,office supply,en,indefinite_prod,paperclip,Name an example of a office supply: ___,-10.8125,-5.40625
3339,google/gemma-3-12b-it,office supply,en,indefinite_prod,pen,Name an example of a office supply: ___,-7.875,-7.875
3340,google/gemma-3-12b-it,office supply,en,indefinite_prod,pencil,Name an example of a office supply: ___,-6.625,-6.625
3341,google/gemma-3-12b-it,office supply,en,indefinite_prod,pencil sharpener,Name an example of a office supply: ___,-15.594242095947266,-5.198080698649089
3342,google/gemma-3-12b-it,office supply,en,indefinite_prod,punch,Name an example of a office supply: ___,-17.5,-17.5
3343,google/gemma-3-12b-it,office supply,en,indefinite_prod,rubber band,Name an example of a office supply: ___,-10.908203125,-5.4541015625
3344,google/gemma-3-12b-it,office supply,en,indefinite_prod,scissors,Name an example of a office supply: ___,-12.625,-12.625
3345,google/gemma-3-12b-it,office supply,en,indefinite_prod,staple,Name an example of a office supply: ___,-10.75,-10.75
3346,google/gemma-3-12b-it,office supply,en,indefinite_prod,stapler,Name an example of a office supply: ___,-8.830810546875,-4.4154052734375
3347,google/gemma-3-12b-it,office supply,en,indefinite_prod,tack,Name an example of a office supply: ___,-17.625,-17.625
3348,google/gemma-3-12b-it,office supply,en,indefinite_prod,tape,Name an example of a office supply: ___,-12.0,-12.0
3349,google/gemma-3-12b-it,office supply,en,indefinite_prod,thumbtack,Name an example of a office supply: ___,-22.750136852264404,-5.687534213066101
3350,google/gemma-3-12b-it,outerwear,en,generic,apron,One example of a outerwear is ___.,-20.25,-20.25
3351,google/gemma-3-12b-it,outerwear,en,generic,blazer,One example of a outerwear is ___.,-20.5,-20.5
3352,google/gemma-3-12b-it,outerwear,en,generic,cape,One example of a outerwear is ___.,-18.625,-18.625
3353,google/gemma-3-12b-it,outerwear,en,generic,cloak,One example of a outerwear is ___.,-19.5,-19.5
3354,google/gemma-3-12b-it,outerwear,en,generic,coat,One example of a outerwear is ___.,-12.8125,-12.8125
3355,google/gemma-3-12b-it,outerwear,en,generic,coverall,One example of a outerwear is ___.,-21.5,-10.75
3356,google/gemma-3-12b-it,outerwear,en,generic,fur coat,One example of a outerwear is ___.,-19.58203125,-9.791015625
3357,google/gemma-3-12b-it,outerwear,en,generic,glove,One example of a outerwear is ___.,-21.625,-21.625
3358,google/gemma-3-12b-it,outerwear,en,generic,jacket,One example of a outerwear is ___.,-11.8125,-11.8125
3359,google/gemma-3-12b-it,outerwear,en,generic,jumpsuit,One example of a outerwear is ___.,-19.625,-19.625
3360,google/gemma-3-12b-it,outerwear,en,generic,lab coat,One example of a outerwear is ___.,-22.302001953125,-11.1510009765625
3361,google/gemma-3-12b-it,outerwear,en,generic,overalls,One example of a outerwear is ___.,-20.375,-20.375
3362,google/gemma-3-12b-it,outerwear,en,generic,raincoat,One example of a outerwear is ___.,-15.625,-15.625
3363,google/gemma-3-12b-it,outerwear,en,generic,scarf,One example of a outerwear is ___.,-17.25,-17.25
3364,google/gemma-3-12b-it,outerwear,en,generic,shawl,One example of a outerwear is ___.,-18.25,-18.25
3365,google/gemma-3-12b-it,outerwear,en,generic,snowsuit,One example of a outerwear is ___.,-17.15625,-8.578125
3366,google/gemma-3-12b-it,outerwear,en,indefinite_prod,apron,Name an example of a outerwear: ___,-18.25,-18.25
3367,google/gemma-3-12b-it,outerwear,en,indefinite_prod,blazer,Name an example of a outerwear: ___,-12.875,-12.875
3368,google/gemma-3-12b-it,outerwear,en,indefinite_prod,cape,Name an example of a outerwear: ___,-14.5625,-14.5625
3369,google/gemma-3-12b-it,outerwear,en,indefinite_prod,cloak,Name an example of a outerwear: ___,-13.375,-13.375
3370,google/gemma-3-12b-it,outerwear,en,indefinite_prod,coat,Name an example of a outerwear: ___,-5.9375,-5.9375
3371,google/gemma-3-12b-it,outerwear,en,indefinite_prod,coverall,Name an example of a outerwear: ___,-17.0703125,-8.53515625
3372,google/gemma-3-12b-it,outerwear,en,indefinite_prod,fur coat,Name an example of a outerwear: ___,-14.6015625,-7.30078125
3373,google/gemma-3-12b-it,outerwear,en,indefinite_prod,glove,Name an example of a outerwear: ___,-17.125,-17.125
3374,google/gemma-3-12b-it,outerwear,en,indefinite_prod,jacket,Name an example of a outerwear: ___,-5.4375,-5.4375
3375,google/gemma-3-12b-it,outerwear,en,indefinite_prod,jumpsuit,Name an example of a outerwear: ___,-13.5625,-13.5625
3376,google/gemma-3-12b-it,outerwear,en,indefinite_prod,lab coat,Name an example of a outerwear: ___,-18.667236328125,-9.3336181640625
3377,google/gemma-3-12b-it,outerwear,en,indefinite_prod,overalls,Name an example of a outerwear: ___,-16.75,-16.75
3378,google/gemma-3-12b-it,outerwear,en,indefinite_prod,raincoat,Name an example of a outerwear: ___,-10.0,-10.0
3379,google/gemma-3-12b-it,outerwear,en,indefinite_prod,scarf,Name an example of a outerwear: ___,-14.0,-14.0
3380,google/gemma-3-12b-it,outerwear,en,indefinite_prod,shawl,Name an example of a outerwear: ___,-15.0625,-15.0625
3381,google/gemma-3-12b-it,outerwear,en,indefinite_prod,snowsuit,Name an example of a outerwear: ___,-14.1484375,-7.07421875
3382,google/gemma-3-12b-it,part of car,en,generic,airbag,One example of a part of car is ___.,-18.75,-18.75
3383,google/gemma-3-12b-it,part of car,en,generic,brake,One example of a part of car is ___.,-15.0625,-15.0625
3384,google/gemma-3-12b-it,part of car,en,generic,bumper,One example of a part of car is ___.,-20.375,-20.375
3385,google/gemma-3-12b-it,part of car,en,generic,car door,One example of a part of car is ___.,-12.453125,-6.2265625
3386,google/gemma-3-12b-it,part of car,en,generic,car seat,One example of a part of car is ___.,-12.1953125,-6.09765625
3387,google/gemma-3-12b-it,part of car,en,generic,dashboard,One example of a part of car is ___.,-17.375,-17.375
3388,google/gemma-3-12b-it,part of car,en,generic,engine,One example of a part of car is ___.,-15.125,-15.125
3389,google/gemma-3-12b-it,part of car,en,generic,exhaust pipe,One example of a part of car is ___.,-19.5234375,-9.76171875
3390,google/gemma-3-12b-it,part of car,en,generic,gasket,One example of a part of car is ___.,-21.0,-21.0
3391,google/gemma-3-12b-it,part of car,en,generic,gearshift,One example of a part of car is ___.,-20.96875,-10.484375
3392,google/gemma-3-12b-it,part of car,en,generic,grille,One example of a part of car is ___.,-22.625,-22.625
3393,google/gemma-3-12b-it,part of car,en,generic,handbrake,One example of a part of car is ___.,-20.19140625,-10.095703125
3394,google/gemma-3-12b-it,part of car,en,generic,headlight,One example of a part of car is ___.,-17.0,-17.0
3395,google/gemma-3-12b-it,part of car,en,generic,headrest,One example of a part of car is ___.,-22.75,-11.375
3396,google/gemma-3-12b-it,part of car,en,generic,hubcap,One example of a part of car is ___.,-20.921875,-10.4609375
3397,google/gemma-3-12b-it,part of car,en,generic,license plate,One example of a part of car is ___.,-19.3994140625,-9.69970703125
3398,google/gemma-3-12b-it,part of car,en,generic,odometer,One example of a part of car is ___.,-20.0,-20.0
3399,google/gemma-3-12b-it,part of car,en,generic,pedal,One example of a part of car is ___.,-21.5,-21.5
3400,google/gemma-3-12b-it,part of car,en,generic,rearview mirror,One example of a part of car is ___.,-19.9560546875,-9.97802734375
3401,google/gemma-3-12b-it,part of car,en,generic,rim,One example of a part of car is ___.,-19.875,-19.875
3402,google/gemma-3-12b-it,part of car,en,generic,roof rack,One example of a part of car is ___.,-27.8125,-13.90625
3403,google/gemma-3-12b-it,part of car,en,generic,seatbelt,One example of a part of car is ___.,-19.015625,-9.5078125
3404,google/gemma-3-12b-it,part of car,en,generic,spark plug,One example of a part of car is ___.,-18.57421875,-9.287109375
3405,google/gemma-3-12b-it,part of car,en,generic,speedometer,One example of a part of car is ___.,-17.375,-17.375
3406,google/gemma-3-12b-it,part of car,en,generic,steering wheel,One example of a part of car is ___.,-13.884033203125,-6.9420166015625
3407,google/gemma-3-12b-it,part of car,en,generic,sunroof,One example of a part of car is ___.,-19.125,-19.125
3408,google/gemma-3-12b-it,part of car,en,generic,taillight,One example of a part of car is ___.,-21.3984375,-10.69921875
3409,google/gemma-3-12b-it,part of car,en,generic,wheel,One example of a part of car is ___.,-14.0,-14.0
3410,google/gemma-3-12b-it,part of car,en,generic,windshield,One example of a part of car is ___.,-15.0,-15.0
3411,google/gemma-3-12b-it,part of car,en,generic,windshield wiper,One example of a part of car is ___.,-18.09375,-9.046875
3412,google/gemma-3-12b-it,part of car,en,indefinite_prod,airbag,Name an example of a part of car: ___,-11.9375,-11.9375
3413,google/gemma-3-12b-it,part of car,en,indefinite_prod,brake,Name an example of a part of car: ___,-6.65625,-6.65625
3414,google/gemma-3-12b-it,part of car,en,indefinite_prod,bumper,Name an example of a part of car: ___,-10.4375,-10.4375
3415,google/gemma-3-12b-it,part of car,en,indefinite_prod,car door,Name an example of a part of car: ___,-10.25,-5.125
3416,google/gemma-3-12b-it,part of car,en,indefinite_prod,car seat,Name an example of a part of car: ___,-9.75,-4.875
3417,google/gemma-3-12b-it,part of car,en,indefinite_prod,dashboard,Name an example of a part of car: ___,-11.0625,-11.0625
3418,google/gemma-3-12b-it,part of car,en,indefinite_prod,engine,Name an example of a part of car: ___,-5.96875,-5.96875
3419,google/gemma-3-12b-it,part of car,en,indefinite_prod,exhaust pipe,Name an example of a part of car: ___,-10.671875,-5.3359375
3420,google/gemma-3-12b-it,part of car,en,indefinite_prod,gasket,Name an example of a part of car: ___,-12.25,-12.25
3421,google/gemma-3-12b-it,part of car,en,indefinite_prod,gearshift,Name an example of a part of car: ___,-14.71875,-7.359375
3422,google/gemma-3-12b-it,part of car,en,indefinite_prod,grille,Name an example of a part of car: ___,-13.625,-13.625
3423,google/gemma-3-12b-it,part of car,en,indefinite_prod,handbrake,Name an example of a part of car: ___,-14.322265625,-7.1611328125
3424,google/gemma-3-12b-it,part of car,en,indefinite_prod,headlight,Name an example of a part of car: ___,-7.84375,-7.84375
3425,google/gemma-3-12b-it,part of car,en,indefinite_prod,headrest,Name an example of a part of car: ___,-14.625,-7.3125
3426,google/gemma-3-12b-it,part of car,en,indefinite_prod,hubcap,Name an example of a part of car: ___,-12.77734375,-6.388671875
3427,google/gemma-3-12b-it,part of car,en,indefinite_prod,license plate,Name an example of a part of car: ___,-15.101806640625,-7.5509033203125
3428,google/gemma-3-12b-it,part of car,en,indefinite_prod,odometer,Name an example of a part of car: ___,-16.5,-16.5
3429,google/gemma-3-12b-it,part of car,en,indefinite_prod,pedal,Name an example of a part of car: ___,-12.3125,-12.3125
3430,google/gemma-3-12b-it,part of car,en,indefinite_prod,rearview mirror,Name an example of a part of car: ___,-10.792236328125,-5.3961181640625
3431,google/gemma-3-12b-it,part of car,en,indefinite_prod,rim,Name an example of a part of car: ___,-10.75,-10.75
3432,google/gemma-3-12b-it,part of car,en,indefinite_prod,roof rack,Name an example of a part of car: ___,-11.8125,-5.90625
3433,google/gemma-3-12b-it,part of car,en,indefinite_prod,seatbelt,Name an example of a part of car: ___,-13.5625,-6.78125
3434,google/gemma-3-12b-it,part of car,en,indefinite_prod,spark plug,Name an example of a part of car: ___,-9.33203125,-4.666015625
3435,google/gemma-3-12b-it,part of car,en,indefinite_prod,speedometer,Name an example of a part of car: ___,-12.5625,-12.5625
3436,google/gemma-3-12b-it,part of car,en,indefinite_prod,steering wheel,Name an example of a part of car: ___,-5.489013671875,-2.7445068359375
3437,google/gemma-3-12b-it,part of car,en,indefinite_prod,sunroof,Name an example of a part of car: ___,-11.875,-11.875
3438,google/gemma-3-12b-it,part of car,en,indefinite_prod,taillight,Name an example of a part of car: ___,-13.599609375,-6.7998046875
3439,google/gemma-3-12b-it,part of car,en,indefinite_prod,wheel,Name an example of a part of car: ___,-7.09375,-7.09375
3440,google/gemma-3-12b-it,part of car,en,indefinite_prod,windshield,Name an example of a part of car: ___,-9.75,-9.75
3441,google/gemma-3-12b-it,part of car,en,indefinite_prod,windshield wiper,Name an example of a part of car: ___,-11.9375,-5.96875
3442,google/gemma-3-12b-it,personal hygiene item,en,generic,clipper,One example of a personal hygiene item is ___.,-27.0,-27.0
3443,google/gemma-3-12b-it,personal hygiene item,en,generic,comb,One example of a personal hygiene item is ___.,-20.25,-20.25
3444,google/gemma-3-12b-it,personal hygiene item,en,generic,curling iron,One example of a personal hygiene item is ___.,-21.805908203125,-10.9029541015625
3445,google/gemma-3-12b-it,personal hygiene item,en,generic,deodorant,One example of a personal hygiene item is ___.,-16.0,-16.0
3446,google/gemma-3-12b-it,personal hygiene item,en,generic,diaper,One example of a personal hygiene item is ___.,-22.25,-22.25
3447,google/gemma-3-12b-it,personal hygiene item,en,generic,eyeliner,One example of a personal hygiene item is ___.,-22.125,-22.125
3448,google/gemma-3-12b-it,personal hygiene item,en,generic,flatiron,One example of a personal hygiene item is ___.,-28.125,-14.0625
3449,google/gemma-3-12b-it,personal hygiene item,en,generic,floss,One example of a personal hygiene item is ___.,-17.375,-17.375
3450,google/gemma-3-12b-it,personal hygiene item,en,generic,hairbrush,One example of a personal hygiene item is ___.,-14.13671875,-7.068359375
3451,google/gemma-3-12b-it,personal hygiene item,en,generic,hairdryer,One example of a personal hygiene item is ___.,-22.25,-22.25
3452,google/gemma-3-12b-it,personal hygiene item,en,generic,hairspray,One example of a personal hygiene item is ___.,-15.890625,-7.9453125
3453,google/gemma-3-12b-it,personal hygiene item,en,generic,lip balm,One example of a personal hygiene item is ___.,-18.028564453125,-9.0142822265625
3454,google/gemma-3-12b-it,personal hygiene item,en,generic,lip gloss,One example of a personal hygiene item is ___.,-21.78125,-10.890625
3455,google/gemma-3-12b-it,personal hygiene item,en,generic,lipstick,One example of a personal hygiene item is ___.,-18.25,-18.25
3456,google/gemma-3-12b-it,personal hygiene item,en,generic,makeup,One example of a personal hygiene item is ___.,-19.0,-19.0
3457,google/gemma-3-12b-it,personal hygiene item,en,generic,mascara,One example of a personal hygiene item is ___.,-19.875,-19.875
3458,google/gemma-3-12b-it,personal hygiene item,en,generic,nail clippers,One example of a personal hygiene item is ___.,-16.37885868549347,-5.459619561831157
3459,google/gemma-3-12b-it,personal hygiene item,en,generic,nail file,One example of a personal hygiene item is ___.,-26.25,-13.125
3460,google/gemma-3-12b-it,personal hygiene item,en,generic,nail polish,One example of a personal hygiene item is ___.,-24.5,-12.25
3461,google/gemma-3-12b-it,personal hygiene item,en,generic,perfume,One example of a personal hygiene item is ___.,-18.625,-18.625
3462,google/gemma-3-12b-it,personal hygiene item,en,generic,razor,One example of a personal hygiene item is ___.,-19.5,-19.5
3463,google/gemma-3-12b-it,personal hygiene item,en,generic,shaving cream,One example of a personal hygiene item is ___.,-17.39697265625,-8.698486328125
3464,google/gemma-3-12b-it,personal hygiene item,en,generic,shower cap,One example of a personal hygiene item is ___.,-28.75,-14.375
3465,google/gemma-3-12b-it,personal hygiene item,en,generic,soap,One example of a personal hygiene item is ___.,-12.875,-12.875
3466,google/gemma-3-12b-it,personal hygiene item,en,generic,swab,One example of a personal hygiene item is ___.,-23.125,-23.125
3467,google/gemma-3-12b-it,personal hygiene item,en,generic,toilet paper,One example of a personal hygiene item is ___.,-15.5133056640625,-7.75665283203125
3468,google/gemma-3-12b-it,personal hygiene item,en,generic,toothbrush,One example of a personal hygiene item is ___.,-14.0625,-14.0625
3469,google/gemma-3-12b-it,personal hygiene item,en,generic,toothpaste,One example of a personal hygiene item is ___.,-12.0625,-12.0625
3470,google/gemma-3-12b-it,personal hygiene item,en,generic,toothpick,One example of a personal hygiene item is ___.,-17.75,-17.75
3471,google/gemma-3-12b-it,personal hygiene item,en,generic,tweezers,One example of a personal hygiene item is ___.,-19.875,-19.875
3472,google/gemma-3-12b-it,personal hygiene item,en,generic,washcloth,One example of a personal hygiene item is ___.,-19.65625,-9.828125
3473,google/gemma-3-12b-it,personal hygiene item,en,indefinite_prod,clipper,Name an example of a personal hygiene item: ___,-21.375,-21.375
3474,google/gemma-3-12b-it,personal hygiene item,en,indefinite_prod,comb,Name an example of a personal hygiene item: ___,-17.0,-17.0
3475,google/gemma-3-12b-it,personal hygiene item,en,indefinite_prod,curling iron,Name an example of a personal hygiene item: ___,-18.2552490234375,-9.12762451171875
3476,google/gemma-3-12b-it,personal hygiene item,en,indefinite_prod,deodorant,Name an example of a personal hygiene item: ___,-10.5625,-10.5625
3477,google/gemma-3-12b-it,personal hygiene item,en,indefinite_prod,diaper,Name an example of a personal hygiene item: ___,-17.375,-17.375
3478,google/gemma-3-12b-it,personal hygiene item,en,indefinite_prod,eyeliner,Name an example of a personal hygiene item: ___,-17.375,-17.375
3479,google/gemma-3-12b-it,personal hygiene item,en,indefinite_prod,flatiron,Name an example of a personal hygiene item: ___,-24.125,-12.0625
3480,google/gemma-3-12b-it,personal hygiene item,en,indefinite_prod,floss,Name an example of a personal hygiene item: ___,-9.6875,-9.6875
3481,google/gemma-3-12b-it,personal hygiene item,en,indefinite_prod,hairbrush,Name an example of a personal hygiene item: ___,-11.279296875,-5.6396484375
3482,google/gemma-3-12b-it,personal hygiene item,en,indefinite_prod,hairdryer,Name an example of a personal hygiene item: ___,-17.125,-17.125
3483,google/gemma-3-12b-it,personal hygiene item,en,indefinite_prod,hairspray,Name an example of a personal hygiene item: ___,-15.78125,-7.890625
3484,google/gemma-3-12b-it,personal hygiene item,en,indefinite_prod,lip balm,Name an example of a personal hygiene item: ___,-14.88543701171875,-7.442718505859375
3485,google/gemma-3-12b-it,personal hygiene item,en,indefinite_prod,lip gloss,Name an example of a personal hygiene item: ___,-19.75,-9.875
3486,google/gemma-3-12b-it,personal hygiene item,en,indefinite_prod,lipstick,Name an example of a personal hygiene item: ___,-13.5,-13.5
3487,google/gemma-3-12b-it,personal hygiene item,en,indefinite_prod,makeup,Name an example of a personal hygiene item: ___,-15.75,-15.75
3488,google/gemma-3-12b-it,personal hygiene item,en,indefinite_prod,mascara,Name an example of a personal hygiene item: ___,-14.5625,-14.5625
3489,google/gemma-3-12b-it,personal hygiene item,en,indefinite_prod,nail clippers,Name an example of a personal hygiene item: ___,-12.511646747589111,-4.170548915863037
3490,google/gemma-3-12b-it,personal hygiene item,en,indefinite_prod,nail file,Name an example of a personal hygiene item: ___,-20.5,-10.25
3491,google/gemma-3-12b-it,personal hygiene item,en,indefinite_prod,nail polish,Name an example of a personal hygiene item: ___,-20.25,-10.125
3492,google/gemma-3-12b-it,personal hygiene item,en,indefinite_prod,perfume,Name an example of a personal hygiene item: ___,-12.625,-12.625
3493,google/gemma-3-12b-it,personal hygiene item,en,indefinite_prod,razor,Name an example of a personal hygiene item: ___,-12.1875,-12.1875
3494,google/gemma-3-12b-it,personal hygiene item,en,indefinite_prod,shaving cream,Name an example of a personal hygiene item: ___,-14.1358642578125,-7.06793212890625
3495,google/gemma-3-12b-it,personal hygiene item,en,indefinite_prod,shower cap,Name an example of a personal hygiene item: ___,-19.3125,-9.65625
3496,google/gemma-3-12b-it,personal hygiene item,en,indefinite_prod,soap,Name an example of a personal hygiene item: ___,-4.71875,-4.71875
3497,google/gemma-3-12b-it,personal hygiene item,en,indefinite_prod,swab,Name an example of a personal hygiene item: ___,-16.5,-16.5
3498,google/gemma-3-12b-it,personal hygiene item,en,indefinite_prod,toilet paper,Name an example of a personal hygiene item: ___,-10.06842041015625,-5.034210205078125
3499,google/gemma-3-12b-it,personal hygiene item,en,indefinite_prod,toothbrush,Name an example of a personal hygiene item: ___,-4.71875,-4.71875
3500,google/gemma-3-12b-it,personal hygiene item,en,indefinite_prod,toothpaste,Name an example of a personal hygiene item: ___,-4.71875,-4.71875
3501,google/gemma-3-12b-it,personal hygiene item,en,indefinite_prod,toothpick,Name an example of a personal hygiene item: ___,-12.5625,-12.5625
3502,google/gemma-3-12b-it,personal hygiene item,en,indefinite_prod,tweezers,Name an example of a personal hygiene item: ___,-16.375,-16.375
3503,google/gemma-3-12b-it,personal hygiene item,en,indefinite_prod,washcloth,Name an example of a personal hygiene item: ___,-13.0859375,-6.54296875
3504,google/gemma-3-12b-it,plant,en,generic,asparagus,One example of a plant is ___.,-19.125,-19.125
3505,google/gemma-3-12b-it,plant,en,generic,broccoli,One example of a plant is ___.,-19.125,-19.125
3506,google/gemma-3-12b-it,plant,en,generic,lettuce,One example of a plant is ___.,-17.125,-17.125
3507,google/gemma-3-12b-it,plant,en,generic,spinach,One example of a plant is ___.,-18.875,-18.875
3508,google/gemma-3-12b-it,plant,en,generic,aloe,One example of a plant is ___.,-20.75,-20.75
3509,google/gemma-3-12b-it,plant,en,generic,apple tree,One example of a plant is ___.,-19.40625,-9.703125
3510,google/gemma-3-12b-it,plant,en,generic,artichoke,One example of a plant is ___.,-21.8515625,-10.92578125
3511,google/gemma-3-12b-it,plant,en,generic,arugula,One example of a plant is ___.,-21.5,-21.5
3512,google/gemma-3-12b-it,plant,en,generic,bamboo,One example of a plant is ___.,-17.875,-17.875
3513,google/gemma-3-12b-it,plant,en,generic,basil,One example of a plant is ___.,-19.0,-19.0
3514,google/gemma-3-12b-it,plant,en,generic,bok choy,One example of a plant is ___.,-25.37995171546936,-8.459983905156454
3515,google/gemma-3-12b-it,plant,en,generic,bonsai,One example of a plant is ___.,-19.625,-19.625
3516,google/gemma-3-12b-it,plant,en,generic,bush,One example of a plant is ___.,-19.875,-19.875
3517,google/gemma-3-12b-it,plant,en,generic,cabbage,One example of a plant is ___.,-19.25,-19.25
3518,google/gemma-3-12b-it,plant,en,generic,cactus,One example of a plant is ___.,-16.25,-16.25
3519,google/gemma-3-12b-it,plant,en,generic,chive,One example of a plant is ___.,-25.78125,-12.890625
3520,google/gemma-3-12b-it,plant,en,generic,cilantro,One example of a plant is ___.,-20.75,-20.75
3521,google/gemma-3-12b-it,plant,en,generic,clover,One example of a plant is ___.,-17.375,-17.375
3522,google/gemma-3-12b-it,plant,en,generic,corn,One example of a plant is ___.,-15.8125,-15.8125
3523,google/gemma-3-12b-it,plant,en,generic,daisy,One example of a plant is ___.,-20.5,-20.5
3524,google/gemma-3-12b-it,plant,en,generic,dandelion,One example of a plant is ___.,-17.625,-17.625
3525,google/gemma-3-12b-it,plant,en,generic,fern,One example of a plant is ___.,-18.875,-18.875
3526,google/gemma-3-12b-it,plant,en,generic,flower,One example of a plant is ___.,-15.875,-15.875
3527,google/gemma-3-12b-it,plant,en,generic,grapevine,One example of a plant is ___.,-21.75,-21.75
3528,google/gemma-3-12b-it,plant,en,generic,grass,One example of a plant is ___.,-15.1875,-15.1875
3529,google/gemma-3-12b-it,plant,en,generic,hedge,One example of a plant is ___.,-21.875,-21.875
3530,google/gemma-3-12b-it,plant,en,generic,ivy,One example of a plant is ___.,-18.375,-18.375
3531,google/gemma-3-12b-it,plant,en,generic,kale,One example of a plant is ___.,-21.875,-21.875
3532,google/gemma-3-12b-it,plant,en,generic,lavender,One example of a plant is ___.,-19.125,-19.125
3533,google/gemma-3-12b-it,plant,en,generic,leek,One example of a plant is ___.,-21.890625,-10.9453125
3534,google/gemma-3-12b-it,plant,en,generic,marijuana,One example of a plant is ___.,-22.75,-22.75
3535,google/gemma-3-12b-it,plant,en,generic,mint,One example of a plant is ___.,-21.0,-21.0
3536,google/gemma-3-12b-it,plant,en,generic,moss,One example of a plant is ___.,-15.9375,-15.9375
3537,google/gemma-3-12b-it,plant,en,generic,orchid,One example of a plant is ___.,-19.625,-19.625
3538,google/gemma-3-12b-it,plant,en,generic,palm tree,One example of a plant is ___.,-19.8046875,-9.90234375
3539,google/gemma-3-12b-it,plant,en,generic,parsley,One example of a plant is ___.,-19.125,-19.125
3540,google/gemma-3-12b-it,plant,en,generic,pine tree,One example of a plant is ___.,-16.60546875,-8.302734375
3541,google/gemma-3-12b-it,plant,en,generic,plant,One example of a plant is ___.,-13.5625,-13.5625
3542,google/gemma-3-12b-it,plant,en,generic,poinsettia,One example of a plant is ___.,-21.807159423828125,-7.269053141276042
3543,google/gemma-3-12b-it,plant,en,generic,poppy,One example of a plant is ___.,-21.125,-21.125
3544,google/gemma-3-12b-it,plant,en,generic,rose,One example of a plant is ___.,-15.875,-15.875
3545,google/gemma-3-12b-it,plant,en,generic,seaweed,One example of a plant is ___.,-18.875,-18.875
3546,google/gemma-3-12b-it,plant,en,generic,sunflower,One example of a plant is ___.,-16.375,-16.375
3547,google/gemma-3-12b-it,plant,en,generic,tree,One example of a plant is ___.,-17.375,-17.375
3548,google/gemma-3-12b-it,plant,en,generic,tulip,One example of a plant is ___.,-19.5,-19.5
3549,google/gemma-3-12b-it,plant,en,generic,tumbleweed,One example of a plant is ___.,-25.265625,-12.6328125
3550,google/gemma-3-12b-it,plant,en,generic,weed,One example of a plant is ___.,-22.25,-22.25
3551,google/gemma-3-12b-it,plant,en,indefinite_prod,asparagus,Name an example of a plant: ___,-13.875,-13.875
3552,google/gemma-3-12b-it,plant,en,indefinite_prod,broccoli,Name an example of a plant: ___,-13.1875,-13.1875
3553,google/gemma-3-12b-it,plant,en,indefinite_prod,lettuce,Name an example of a plant: ___,-12.8125,-12.8125
3554,google/gemma-3-12b-it,plant,en,indefinite_prod,spinach,Name an example of a plant: ___,-15.125,-15.125
3555,google/gemma-3-12b-it,plant,en,indefinite_prod,aloe,Name an example of a plant: ___,-17.5,-17.5
3556,google/gemma-3-12b-it,plant,en,indefinite_prod,apple tree,Name an example of a plant: ___,-13.90625,-6.953125
3557,google/gemma-3-12b-it,plant,en,indefinite_prod,artichoke,Name an example of a plant: ___,-16.889404296875,-8.4447021484375
3558,google/gemma-3-12b-it,plant,en,indefinite_prod,arugula,Name an example of a plant: ___,-17.125,-17.125
3559,google/gemma-3-12b-it,plant,en,indefinite_prod,bamboo,Name an example of a plant: ___,-13.5625,-13.5625
3560,google/gemma-3-12b-it,plant,en,indefinite_prod,basil,Name an example of a plant: ___,-14.0,-14.0
3561,google/gemma-3-12b-it,plant,en,indefinite_prod,bok choy,Name an example of a plant: ___,-23.380542635917664,-7.793514211972554
3562,google/gemma-3-12b-it,plant,en,indefinite_prod,bonsai,Name an example of a plant: ___,-16.75,-16.75
3563,google/gemma-3-12b-it,plant,en,indefinite_prod,bush,Name an example of a plant: ___,-13.8125,-13.8125
3564,google/gemma-3-12b-it,plant,en,indefinite_prod,cabbage,Name an example of a plant: ___,-14.25,-14.25
3565,google/gemma-3-12b-it,plant,en,indefinite_prod,cactus,Name an example of a plant: ___,-11.875,-11.875
3566,google/gemma-3-12b-it,plant,en,indefinite_prod,chive,Name an example of a plant: ___,-22.28125,-11.140625
3567,google/gemma-3-12b-it,plant,en,indefinite_prod,cilantro,Name an example of a plant: ___,-17.75,-17.75
3568,google/gemma-3-12b-it,plant,en,indefinite_prod,clover,Name an example of a plant: ___,-13.8125,-13.8125
3569,google/gemma-3-12b-it,plant,en,indefinite_prod,corn,Name an example of a plant: ___,-13.25,-13.25
3570,google/gemma-3-12b-it,plant,en,indefinite_prod,daisy,Name an example of a plant: ___,-11.9375,-11.9375
3571,google/gemma-3-12b-it,plant,en,indefinite_prod,dandelion,Name an example of a plant: ___,-11.6875,-11.6875
3572,google/gemma-3-12b-it,plant,en,indefinite_prod,fern,Name an example of a plant: ___,-15.3125,-15.3125
3573,google/gemma-3-12b-it,plant,en,indefinite_prod,flower,Name an example of a plant: ___,-9.1875,-9.1875
3574,google/gemma-3-12b-it,plant,en,indefinite_prod,grapevine,Name an example of a plant: ___,-17.875,-17.875
3575,google/gemma-3-12b-it,plant,en,indefinite_prod,grass,Name an example of a plant: ___,-10.5625,-10.5625
3576,google/gemma-3-12b-it,plant,en,indefinite_prod,hedge,Name an example of a plant: ___,-19.125,-19.125
3577,google/gemma-3-12b-it,plant,en,indefinite_prod,ivy,Name an example of a plant: ___,-15.375,-15.375
3578,google/gemma-3-12b-it,plant,en,indefinite_prod,kale,Name an example of a plant: ___,-18.0,-18.0
3579,google/gemma-3-12b-it,plant,en,indefinite_prod,lavender,Name an example of a plant: ___,-13.6875,-13.6875
3580,google/gemma-3-12b-it,plant,en,indefinite_prod,leek,Name an example of a plant: ___,-18.6514892578125,-9.32574462890625
3581,google/gemma-3-12b-it,plant,en,indefinite_prod,marijuana,Name an example of a plant: ___,-16.875,-16.875
3582,google/gemma-3-12b-it,plant,en,indefinite_prod,mint,Name an example of a plant: ___,-18.25,-18.25
3583,google/gemma-3-12b-it,plant,en,indefinite_prod,moss,Name an example of a plant: ___,-14.75,-14.75
3584,google/gemma-3-12b-it,plant,en,indefinite_prod,orchid,Name an example of a plant: ___,-12.8125,-12.8125
3585,google/gemma-3-12b-it,plant,en,indefinite_prod,palm tree,Name an example of a plant: ___,-13.0068359375,-6.50341796875
3586,google/gemma-3-12b-it,plant,en,indefinite_prod,parsley,Name an example of a plant: ___,-15.4375,-15.4375
3587,google/gemma-3-12b-it,plant,en,indefinite_prod,pine tree,Name an example of a plant: ___,-12.8426513671875,-6.42132568359375
3588,google/gemma-3-12b-it,plant,en,indefinite_prod,plant,Name an example of a plant: ___,-8.5,-8.5
3589,google/gemma-3-12b-it,plant,en,indefinite_prod,poinsettia,Name an example of a plant: ___,-16.256309509277344,-5.418769836425781
3590,google/gemma-3-12b-it,plant,en,indefinite_prod,poppy,Name an example of a plant: ___,-14.0,-14.0
3591,google/gemma-3-12b-it,plant,en,indefinite_prod,rose,Name an example of a plant: ___,-8.0,-8.0
3592,google/gemma-3-12b-it,plant,en,indefinite_prod,seaweed,Name an example of a plant: ___,-16.25,-16.25
3593,google/gemma-3-12b-it,plant,en,indefinite_prod,sunflower,Name an example of a plant: ___,-8.0625,-8.0625
3594,google/gemma-3-12b-it,plant,en,indefinite_prod,tree,Name an example of a plant: ___,-9.125,-9.125
3595,google/gemma-3-12b-it,plant,en,indefinite_prod,tulip,Name an example of a plant: ___,-11.4375,-11.4375
3596,google/gemma-3-12b-it,plant,en,indefinite_prod,tumbleweed,Name an example of a plant: ___,-18.91748046875,-9.458740234375
3597,google/gemma-3-12b-it,plant,en,indefinite_prod,weed,Name an example of a plant: ___,-15.9375,-15.9375
3598,google/gemma-3-12b-it,protective clothing,en,generic,apron,One example of a protective clothing is ___.,-19.625,-19.625
3599,google/gemma-3-12b-it,protective clothing,en,generic,armor,One example of a protective clothing is ___.,-17.75,-17.75
3600,google/gemma-3-12b-it,protective clothing,en,generic,bulletproof vest,One example of a protective clothing is ___.,-20.84423828125,-6.948079427083333
3601,google/gemma-3-12b-it,protective clothing,en,generic,coverall,One example of a protective clothing is ___.,-23.65625,-11.828125
3602,google/gemma-3-12b-it,protective clothing,en,generic,face mask,One example of a protective clothing is ___.,-17.66796875,-8.833984375
3603,google/gemma-3-12b-it,protective clothing,en,generic,football helmet,One example of a protective clothing is ___.,-21.15625,-10.578125
3604,google/gemma-3-12b-it,protective clothing,en,generic,glove,One example of a protective clothing is ___.,-20.875,-20.875
3605,google/gemma-3-12b-it,protective clothing,en,generic,helmet,One example of a protective clothing is ___.,-18.75,-18.75
3606,google/gemma-3-12b-it,protective clothing,en,generic,kneepad,One example of a protective clothing is ___.,-31.375,-15.6875
3607,google/gemma-3-12b-it,protective clothing,en,generic,lab coat,One example of a protective clothing is ___.,-21.19140625,-10.595703125
3608,google/gemma-3-12b-it,protective clothing,en,generic,life jacket,One example of a protective clothing is ___.,-20.44140625,-10.220703125
3609,google/gemma-3-12b-it,protective clothing,en,generic,overalls,One example of a protective clothing is ___.,-19.625,-19.625
3610,google/gemma-3-12b-it,protective clothing,en,generic,raincoat,One example of a protective clothing is ___.,-18.5,-18.5
3611,google/gemma-3-12b-it,protective clothing,en,generic,spacesuit,One example of a protective clothing is ___.,-21.18359375,-10.591796875
3612,google/gemma-3-12b-it,protective clothing,en,generic,visor,One example of a protective clothing is ___.,-24.625,-24.625
3613,google/gemma-3-12b-it,protective clothing,en,generic,wetsuit,One example of a protective clothing is ___.,-22.3515625,-11.17578125
3614,google/gemma-3-12b-it,protective clothing,en,indefinite_prod,apron,Name an example of a protective clothing: ___,-16.375,-16.375
3615,google/gemma-3-12b-it,protective clothing,en,indefinite_prod,armor,Name an example of a protective clothing: ___,-13.0625,-13.0625
3616,google/gemma-3-12b-it,protective clothing,en,indefinite_prod,bulletproof vest,Name an example of a protective clothing: ___,-16.26123046875,-5.42041015625
3617,google/gemma-3-12b-it,protective clothing,en,indefinite_prod,coverall,Name an example of a protective clothing: ___,-17.390625,-8.6953125
3618,google/gemma-3-12b-it,protective clothing,en,indefinite_prod,face mask,Name an example of a protective clothing: ___,-14.25,-7.125
3619,google/gemma-3-12b-it,protective clothing,en,indefinite_prod,football helmet,Name an example of a protective clothing: ___,-15.34375,-7.671875
3620,google/gemma-3-12b-it,protective clothing,en,indefinite_prod,glove,Name an example of a protective clothing: ___,-12.4375,-12.4375
3621,google/gemma-3-12b-it,protective clothing,en,indefinite_prod,helmet,Name an example of a protective clothing: ___,-10.75,-10.75
3622,google/gemma-3-12b-it,protective clothing,en,indefinite_prod,kneepad,Name an example of a protective clothing: ___,-24.046875,-12.0234375
3623,google/gemma-3-12b-it,protective clothing,en,indefinite_prod,lab coat,Name an example of a protective clothing: ___,-16.943359375,-8.4716796875
3624,google/gemma-3-12b-it,protective clothing,en,indefinite_prod,life jacket,Name an example of a protective clothing: ___,-16.8525390625,-8.42626953125
3625,google/gemma-3-12b-it,protective clothing,en,indefinite_prod,overalls,Name an example of a protective clothing: ___,-14.5625,-14.5625
3626,google/gemma-3-12b-it,protective clothing,en,indefinite_prod,raincoat,Name an example of a protective clothing: ___,-11.1875,-11.1875
3627,google/gemma-3-12b-it,protective clothing,en,indefinite_prod,spacesuit,Name an example of a protective clothing: ___,-17.828125,-8.9140625
3628,google/gemma-3-12b-it,protective clothing,en,indefinite_prod,visor,Name an example of a protective clothing: ___,-19.25,-19.25
3629,google/gemma-3-12b-it,protective clothing,en,indefinite_prod,wetsuit,Name an example of a protective clothing: ___,-17.668701171875,-8.8343505859375
3630,google/gemma-3-12b-it,safety equipment,en,generic,armor,One example of a safety equipment is ___.,-21.625,-21.625
3631,google/gemma-3-12b-it,safety equipment,en,generic,bulletproof vest,One example of a safety equipment is ___.,-24.666015625,-8.222005208333334
3632,google/gemma-3-12b-it,safety equipment,en,generic,coverall,One example of a safety equipment is ___.,-24.046875,-12.0234375
3633,google/gemma-3-12b-it,safety equipment,en,generic,earplug,One example of a safety equipment is ___.,-24.71875,-12.359375
3634,google/gemma-3-12b-it,safety equipment,en,generic,extinguisher,One example of a safety equipment is ___.,-22.125,-22.125
3635,google/gemma-3-12b-it,safety equipment,en,generic,face mask,One example of a safety equipment is ___.,-17.328125,-8.6640625
3636,google/gemma-3-12b-it,safety equipment,en,generic,fire alarm,One example of a safety equipment is ___.,-21.9375,-10.96875
3637,google/gemma-3-12b-it,safety equipment,en,generic,football helmet,One example of a safety equipment is ___.,-21.078125,-10.5390625
3638,google/gemma-3-12b-it,safety equipment,en,generic,gas mask,One example of a safety equipment is ___.,-19.21875,-9.609375
3639,google/gemma-3-12b-it,safety equipment,en,generic,harness,One example of a safety equipment is ___.,-21.25,-21.25
3640,google/gemma-3-12b-it,safety equipment,en,generic,helmet,One example of a safety equipment is ___.,-18.5,-18.5
3641,google/gemma-3-12b-it,safety equipment,en,generic,kneepad,One example of a safety equipment is ___.,-31.125,-15.5625
3642,google/gemma-3-12b-it,safety equipment,en,generic,lab coat,One example of a safety equipment is ___.,-21.1171875,-10.55859375
3643,google/gemma-3-12b-it,safety equipment,en,generic,life jacket,One example of a safety equipment is ___.,-20.048828125,-10.0244140625
3644,google/gemma-3-12b-it,safety equipment,en,generic,lifesaver,One example of a safety equipment is ___.,-24.5546875,-8.184895833333334
3645,google/gemma-3-12b-it,safety equipment,en,generic,mouthpiece,One example of a safety equipment is ___.,-22.625,-22.625
3646,google/gemma-3-12b-it,safety equipment,en,generic,parachute,One example of a safety equipment is ___.,-21.5,-21.5
3647,google/gemma-3-12b-it,safety equipment,en,generic,seatbelt,One example of a safety equipment is ___.,-18.78125,-9.390625
3648,google/gemma-3-12b-it,safety equipment,en,generic,shield,One example of a safety equipment is ___.,-19.0,-19.0
3649,google/gemma-3-12b-it,safety equipment,en,generic,smoke alarm,One example of a safety equipment is ___.,-20.4375,-10.21875
3650,google/gemma-3-12b-it,safety equipment,en,generic,spacesuit,One example of a safety equipment is ___.,-21.1484375,-10.57421875
3651,google/gemma-3-12b-it,safety equipment,en,indefinite_prod,armor,Name an example of a safety equipment: ___,-18.25,-18.25
3652,google/gemma-3-12b-it,safety equipment,en,indefinite_prod,bulletproof vest,Name an example of a safety equipment: ___,-20.955078125,-6.985026041666667
3653,google/gemma-3-12b-it,safety equipment,en,indefinite_prod,coverall,Name an example of a safety equipment: ___,-24.21875,-12.109375
3654,google/gemma-3-12b-it,safety equipment,en,indefinite_prod,earplug,Name an example of a safety equipment: ___,-18.109375,-9.0546875
3655,google/gemma-3-12b-it,safety equipment,en,indefinite_prod,extinguisher,Name an example of a safety equipment: ___,-14.0,-14.0
3656,google/gemma-3-12b-it,safety equipment,en,indefinite_prod,face mask,Name an example of a safety equipment: ___,-12.328125,-6.1640625
3657,google/gemma-3-12b-it,safety equipment,en,indefinite_prod,fire alarm,Name an example of a safety equipment: ___,-14.53125,-7.265625
3658,google/gemma-3-12b-it,safety equipment,en,indefinite_prod,football helmet,Name an example of a safety equipment: ___,-17.72998046875,-8.864990234375
3659,google/gemma-3-12b-it,safety equipment,en,indefinite_prod,gas mask,Name an example of a safety equipment: ___,-14.759765625,-7.3798828125
3660,google/gemma-3-12b-it,safety equipment,en,indefinite_prod,harness,Name an example of a safety equipment: ___,-15.0625,-15.0625
3661,google/gemma-3-12b-it,safety equipment,en,indefinite_prod,helmet,Name an example of a safety equipment: ___,-8.8125,-8.8125
3662,google/gemma-3-12b-it,safety equipment,en,indefinite_prod,kneepad,Name an example of a safety equipment: ___,-22.90625,-11.453125
3663,google/gemma-3-12b-it,safety equipment,en,indefinite_prod,lab coat,Name an example of a safety equipment: ___,-16.982421875,-8.4912109375
3664,google/gemma-3-12b-it,safety equipment,en,indefinite_prod,life jacket,Name an example of a safety equipment: ___,-15.966796875,-7.9833984375
3665,google/gemma-3-12b-it,safety equipment,en,indefinite_prod,lifesaver,Name an example of a safety equipment: ___,-21.5859375,-7.1953125
3666,google/gemma-3-12b-it,safety equipment,en,indefinite_prod,mouthpiece,Name an example of a safety equipment: ___,-20.625,-20.625
3667,google/gemma-3-12b-it,safety equipment,en,indefinite_prod,parachute,Name an example of a safety equipment: ___,-15.875,-15.875
3668,google/gemma-3-12b-it,safety equipment,en,indefinite_prod,seatbelt,Name an example of a safety equipment: ___,-14.9921875,-7.49609375
3669,google/gemma-3-12b-it,safety equipment,en,indefinite_prod,shield,Name an example of a safety equipment: ___,-13.4375,-13.4375
3670,google/gemma-3-12b-it,safety equipment,en,indefinite_prod,smoke alarm,Name an example of a safety equipment: ___,-17.4375,-8.71875
3671,google/gemma-3-12b-it,safety equipment,en,indefinite_prod,spacesuit,Name an example of a safety equipment: ___,-17.583984375,-8.7919921875
3672,google/gemma-3-12b-it,school supply,en,generic,book,One example of a school supply is ___.,-17.75,-17.75
3673,google/gemma-3-12b-it,school supply,en,generic,backpack,One example of a school supply is ___.,-17.75,-17.75
3674,google/gemma-3-12b-it,school supply,en,generic,binder,One example of a school supply is ___.,-23.375,-23.375
3675,google/gemma-3-12b-it,school supply,en,generic,calculator,One example of a school supply is ___.,-19.25,-19.25
3676,google/gemma-3-12b-it,school supply,en,generic,chalk,One example of a school supply is ___.,-14.4375,-14.4375
3677,google/gemma-3-12b-it,school supply,en,generic,chalkboard,One example of a school supply is ___.,-18.75,-18.75
3678,google/gemma-3-12b-it,school supply,en,generic,crayon,One example of a school supply is ___.,-13.75,-13.75
3679,google/gemma-3-12b-it,school supply,en,generic,eraser,One example of a school supply is ___.,-18.125,-18.125
3680,google/gemma-3-12b-it,school supply,en,generic,folder,One example of a school supply is ___.,-22.25,-22.25
3681,google/gemma-3-12b-it,school supply,en,generic,fountain pen,One example of a school supply is ___.,-21.103515625,-10.5517578125
3682,google/gemma-3-12b-it,school supply,en,generic,glue,One example of a school supply is ___.,-16.0,-16.0
3683,google/gemma-3-12b-it,school supply,en,generic,highlighter,One example of a school supply is ___.,-20.0,-20.0
3684,google/gemma-3-12b-it,school supply,en,generic,ink,One example of a school supply is ___.,-18.875,-18.875
3685,google/gemma-3-12b-it,school supply,en,generic,inkwell,One example of a school supply is ___.,-26.8125,-13.40625
3686,google/gemma-3-12b-it,school supply,en,generic,lunchbox,One example of a school supply is ___.,-20.5625,-10.28125
3687,google/gemma-3-12b-it,school supply,en,generic,marker,One example of a school supply is ___.,-20.625,-20.625
3688,google/gemma-3-12b-it,school supply,en,generic,notebook,One example of a school supply is ___.,-16.0,-16.0
3689,google/gemma-3-12b-it,school supply,en,generic,notepad,One example of a school supply is ___.,-21.5,-21.5
3690,google/gemma-3-12b-it,school supply,en,generic,paper,One example of a school supply is ___.,-13.6875,-13.6875
3691,google/gemma-3-12b-it,school supply,en,generic,paperclip,One example of a school supply is ___.,-24.5625,-12.28125
3692,google/gemma-3-12b-it,school supply,en,generic,pen,One example of a school supply is ___.,-15.9375,-15.9375
3693,google/gemma-3-12b-it,school supply,en,generic,pencil,One example of a school supply is ___.,-12.25,-12.25
3694,google/gemma-3-12b-it,school supply,en,generic,pencil sharpener,One example of a school supply is ___.,-18.375911712646484,-6.125303904215495
3695,google/gemma-3-12b-it,school supply,en,generic,ruler,One example of a school supply is ___.,-22.875,-22.875
3696,google/gemma-3-12b-it,school supply,en,generic,stapler,One example of a school supply is ___.,-18.7021484375,-9.35107421875
3697,google/gemma-3-12b-it,school supply,en,generic,whiteboard,One example of a school supply is ___.,-19.125,-19.125
3698,google/gemma-3-12b-it,school supply,en,indefinite_prod,book,Name an example of a school supply: ___,-9.625,-9.625
3699,google/gemma-3-12b-it,school supply,en,indefinite_prod,backpack,Name an example of a school supply: ___,-9.0,-9.0
3700,google/gemma-3-12b-it,school supply,en,indefinite_prod,binder,Name an example of a school supply: ___,-14.8125,-14.8125
3701,google/gemma-3-12b-it,school supply,en,indefinite_prod,calculator,Name an example of a school supply: ___,-10.9375,-10.9375
3702,google/gemma-3-12b-it,school supply,en,indefinite_prod,chalk,Name an example of a school supply: ___,-11.25,-11.25
3703,google/gemma-3-12b-it,school supply,en,indefinite_prod,chalkboard,Name an example of a school supply: ___,-15.125,-15.125
3704,google/gemma-3-12b-it,school supply,en,indefinite_prod,crayon,Name an example of a school supply: ___,-7.53125,-7.53125
3705,google/gemma-3-12b-it,school supply,en,indefinite_prod,eraser,Name an example of a school supply: ___,-5.96875,-5.96875
3706,google/gemma-3-12b-it,school supply,en,indefinite_prod,folder,Name an example of a school supply: ___,-14.75,-14.75
3707,google/gemma-3-12b-it,school supply,en,indefinite_prod,fountain pen,Name an example of a school supply: ___,-15.3387451171875,-7.66937255859375
3708,google/gemma-3-12b-it,school supply,en,indefinite_prod,glue,Name an example of a school supply: ___,-7.40625,-7.40625
3709,google/gemma-3-12b-it,school supply,en,indefinite_prod,highlighter,Name an example of a school supply: ___,-12.8125,-12.8125
3710,google/gemma-3-12b-it,school supply,en,indefinite_prod,ink,Name an example of a school supply: ___,-11.0,-11.0
3711,google/gemma-3-12b-it,school supply,en,indefinite_prod,inkwell,Name an example of a school supply: ___,-21.0,-10.5
3712,google/gemma-3-12b-it,school supply,en,indefinite_prod,lunchbox,Name an example of a school supply: ___,-15.10546875,-7.552734375
3713,google/gemma-3-12b-it,school supply,en,indefinite_prod,marker,Name an example of a school supply: ___,-9.8125,-9.8125
3714,google/gemma-3-12b-it,school supply,en,indefinite_prod,notebook,Name an example of a school supply: ___,-8.8125,-8.8125
3715,google/gemma-3-12b-it,school supply,en,indefinite_prod,notepad,Name an example of a school supply: ___,-13.5625,-13.5625
3716,google/gemma-3-12b-it,school supply,en,indefinite_prod,paper,Name an example of a school supply: ___,-7.46875,-7.46875
3717,google/gemma-3-12b-it,school supply,en,indefinite_prod,paperclip,Name an example of a school supply: ___,-15.40625,-7.703125
3718,google/gemma-3-12b-it,school supply,en,indefinite_prod,pen,Name an example of a school supply: ___,-9.875,-9.875
3719,google/gemma-3-12b-it,school supply,en,indefinite_prod,pencil,Name an example of a school supply: ___,-4.84375,-4.84375
3720,google/gemma-3-12b-it,school supply,en,indefinite_prod,pencil sharpener,Name an example of a school supply: ___,-13.406330585479736,-4.468776861826579
3721,google/gemma-3-12b-it,school supply,en,indefinite_prod,ruler,Name an example of a school supply: ___,-10.8125,-10.8125
3722,google/gemma-3-12b-it,school supply,en,indefinite_prod,stapler,Name an example of a school supply: ___,-12.817779541015625,-6.4088897705078125
3723,google/gemma-3-12b-it,school supply,en,indefinite_prod,whiteboard,Name an example of a school supply: ___,-12.5625,-12.5625
3724,google/gemma-3-12b-it,scientific equipment,en,generic,beaker,One example of a scientific equipment is ___.,-18.25,-18.25
3725,google/gemma-3-12b-it,scientific equipment,en,generic,blowtorch,One example of a scientific equipment is ___.,-28.4375,-14.21875
3726,google/gemma-3-12b-it,scientific equipment,en,generic,calculator,One example of a scientific equipment is ___.,-19.0,-19.0
3727,google/gemma-3-12b-it,scientific equipment,en,generic,centrifuge,One example of a scientific equipment is ___.,-20.5,-20.5
3728,google/gemma-3-12b-it,scientific equipment,en,generic,filter,One example of a scientific equipment is ___.,-21.625,-21.625
3729,google/gemma-3-12b-it,scientific equipment,en,generic,funnel,One example of a scientific equipment is ___.,-21.875,-21.875
3730,google/gemma-3-12b-it,scientific equipment,en,generic,gauge,One example of a scientific equipment is ___.,-23.75,-23.75
3731,google/gemma-3-12b-it,scientific equipment,en,generic,gyroscope,One example of a scientific equipment is ___.,-22.375,-22.375
3732,google/gemma-3-12b-it,scientific equipment,en,generic,incubator,One example of a scientific equipment is ___.,-21.5,-21.5
3733,google/gemma-3-12b-it,scientific equipment,en,generic,lab coat,One example of a scientific equipment is ___.,-17.828125,-8.9140625
3734,google/gemma-3-12b-it,scientific equipment,en,generic,magnet,One example of a scientific equipment is ___.,-22.375,-22.375
3735,google/gemma-3-12b-it,scientific equipment,en,generic,magnifier,One example of a scientific equipment is ___.,-23.25,-23.25
3736,google/gemma-3-12b-it,scientific equipment,en,generic,magnifying glass,One example of a scientific equipment is ___.,-18.4912109375,-9.24560546875
3737,google/gemma-3-12b-it,scientific equipment,en,generic,measuring cup,One example of a scientific equipment is ___.,-19.296875,-9.6484375
3738,google/gemma-3-12b-it,scientific equipment,en,generic,microscope,One example of a scientific equipment is ___.,-12.8125,-12.8125
3739,google/gemma-3-12b-it,scientific equipment,en,generic,pendulum,One example of a scientific equipment is ___.,-21.375,-21.375
3740,google/gemma-3-12b-it,scientific equipment,en,generic,petri dish,One example of a scientific equipment is ___.,-20.76171875,-10.380859375
3741,google/gemma-3-12b-it,scientific equipment,en,generic,polygraph,One example of a scientific equipment is ___.,-21.6171875,-10.80859375
3742,google/gemma-3-12b-it,scientific equipment,en,generic,prism,One example of a scientific equipment is ___.,-22.25,-22.25
3743,google/gemma-3-12b-it,scientific equipment,en,generic,radar,One example of a scientific equipment is ___.,-20.75,-20.75
3744,google/gemma-3-12b-it,scientific equipment,en,generic,ruler,One example of a scientific equipment is ___.,-23.125,-23.125
3745,google/gemma-3-12b-it,scientific equipment,en,generic,scale,One example of a scientific equipment is ___.,-17.75,-17.75
3746,google/gemma-3-12b-it,scientific equipment,en,generic,scalpel,One example of a scientific equipment is ___.,-18.63995361328125,-9.319976806640625
3747,google/gemma-3-12b-it,scientific equipment,en,generic,seismograph,One example of a scientific equipment is ___.,-21.48681640625,-10.743408203125
3748,google/gemma-3-12b-it,scientific equipment,en,generic,stethoscope,One example of a scientific equipment is ___.,-21.75,-21.75
3749,google/gemma-3-12b-it,scientific equipment,en,generic,swab,One example of a scientific equipment is ___.,-24.375,-24.375
3750,google/gemma-3-12b-it,scientific equipment,en,generic,syringe,One example of a scientific equipment is ___.,-22.0,-22.0
3751,google/gemma-3-12b-it,scientific equipment,en,generic,tank,One example of a scientific equipment is ___.,-22.5,-22.5
3752,google/gemma-3-12b-it,scientific equipment,en,generic,tape measure,One example of a scientific equipment is ___.,-21.97119140625,-10.985595703125
3753,google/gemma-3-12b-it,scientific equipment,en,generic,telescope,One example of a scientific equipment is ___.,-16.75,-16.75
3754,google/gemma-3-12b-it,scientific equipment,en,generic,test tube,One example of a scientific equipment is ___.,-17.38671875,-8.693359375
3755,google/gemma-3-12b-it,scientific equipment,en,generic,thermometer,One example of a scientific equipment is ___.,-18.625,-18.625
3756,google/gemma-3-12b-it,scientific equipment,en,generic,timer,One example of a scientific equipment is ___.,-22.625,-22.625
3757,google/gemma-3-12b-it,scientific equipment,en,generic,tongs,One example of a scientific equipment is ___.,-21.875,-21.875
3758,google/gemma-3-12b-it,scientific equipment,en,generic,tweezers,One example of a scientific equipment is ___.,-20.125,-20.125
3759,google/gemma-3-12b-it,scientific equipment,en,indefinite_prod,beaker,Name an example of a scientific equipment: ___,-8.0,-8.0
3760,google/gemma-3-12b-it,scientific equipment,en,indefinite_prod,blowtorch,Name an example of a scientific equipment: ___,-23.90625,-11.953125
3761,google/gemma-3-12b-it,scientific equipment,en,indefinite_prod,calculator,Name an example of a scientific equipment: ___,-12.1875,-12.1875
3762,google/gemma-3-12b-it,scientific equipment,en,indefinite_prod,centrifuge,Name an example of a scientific equipment: ___,-13.3125,-13.3125
3763,google/gemma-3-12b-it,scientific equipment,en,indefinite_prod,filter,Name an example of a scientific equipment: ___,-17.25,-17.25
3764,google/gemma-3-12b-it,scientific equipment,en,indefinite_prod,funnel,Name an example of a scientific equipment: ___,-14.125,-14.125
3765,google/gemma-3-12b-it,scientific equipment,en,indefinite_prod,gauge,Name an example of a scientific equipment: ___,-18.0,-18.0
3766,google/gemma-3-12b-it,scientific equipment,en,indefinite_prod,gyroscope,Name an example of a scientific equipment: ___,-15.3125,-15.3125
3767,google/gemma-3-12b-it,scientific equipment,en,indefinite_prod,incubator,Name an example of a scientific equipment: ___,-15.4375,-15.4375
3768,google/gemma-3-12b-it,scientific equipment,en,indefinite_prod,lab coat,Name an example of a scientific equipment: ___,-10.625,-5.3125
3769,google/gemma-3-12b-it,scientific equipment,en,indefinite_prod,magnet,Name an example of a scientific equipment: ___,-13.5,-13.5
3770,google/gemma-3-12b-it,scientific equipment,en,indefinite_prod,magnifier,Name an example of a scientific equipment: ___,-13.3125,-13.3125
3771,google/gemma-3-12b-it,scientific equipment,en,indefinite_prod,magnifying glass,Name an example of a scientific equipment: ___,-11.39306640625,-5.696533203125
3772,google/gemma-3-12b-it,scientific equipment,en,indefinite_prod,measuring cup,Name an example of a scientific equipment: ___,-12.46875,-6.234375
3773,google/gemma-3-12b-it,scientific equipment,en,indefinite_prod,microscope,Name an example of a scientific equipment: ___,-3.265625,-3.265625
3774,google/gemma-3-12b-it,scientific equipment,en,indefinite_prod,pendulum,Name an example of a scientific equipment: ___,-14.9375,-14.9375
3775,google/gemma-3-12b-it,scientific equipment,en,indefinite_prod,petri dish,Name an example of a scientific equipment: ___,-12.982177734375,-6.4910888671875
3776,google/gemma-3-12b-it,scientific equipment,en,indefinite_prod,polygraph,Name an example of a scientific equipment: ___,-21.4169921875,-10.70849609375
3777,google/gemma-3-12b-it,scientific equipment,en,indefinite_prod,prism,Name an example of a scientific equipment: ___,-13.0,-13.0
3778,google/gemma-3-12b-it,scientific equipment,en,indefinite_prod,radar,Name an example of a scientific equipment: ___,-16.5,-16.5
3779,google/gemma-3-12b-it,scientific equipment,en,indefinite_prod,ruler,Name an example of a scientific equipment: ___,-12.25,-12.25
3780,google/gemma-3-12b-it,scientific equipment,en,indefinite_prod,scale,Name an example of a scientific equipment: ___,-10.6875,-10.6875
3781,google/gemma-3-12b-it,scientific equipment,en,indefinite_prod,scalpel,Name an example of a scientific equipment: ___,-11.8175048828125,-5.90875244140625
3782,google/gemma-3-12b-it,scientific equipment,en,indefinite_prod,seismograph,Name an example of a scientific equipment: ___,-16.353515625,-8.1767578125
3783,google/gemma-3-12b-it,scientific equipment,en,indefinite_prod,stethoscope,Name an example of a scientific equipment: ___,-11.125,-11.125
3784,google/gemma-3-12b-it,scientific equipment,en,indefinite_prod,swab,Name an example of a scientific equipment: ___,-19.5,-19.5
3785,google/gemma-3-12b-it,scientific equipment,en,indefinite_prod,syringe,Name an example of a scientific equipment: ___,-12.9375,-12.9375
3786,google/gemma-3-12b-it,scientific equipment,en,indefinite_prod,tank,Name an example of a scientific equipment: ___,-17.125,-17.125
3787,google/gemma-3-12b-it,scientific equipment,en,indefinite_prod,tape measure,Name an example of a scientific equipment: ___,-15.5654296875,-7.78271484375
3788,google/gemma-3-12b-it,scientific equipment,en,indefinite_prod,telescope,Name an example of a scientific equipment: ___,-5.78125,-5.78125
3789,google/gemma-3-12b-it,scientific equipment,en,indefinite_prod,test tube,Name an example of a scientific equipment: ___,-11.14306640625,-5.571533203125
3790,google/gemma-3-12b-it,scientific equipment,en,indefinite_prod,thermometer,Name an example of a scientific equipment: ___,-7.65625,-7.65625
3791,google/gemma-3-12b-it,scientific equipment,en,indefinite_prod,timer,Name an example of a scientific equipment: ___,-17.375,-17.375
3792,google/gemma-3-12b-it,scientific equipment,en,indefinite_prod,tongs,Name an example of a scientific equipment: ___,-16.5,-16.5
3793,google/gemma-3-12b-it,scientific equipment,en,indefinite_prod,tweezers,Name an example of a scientific equipment: ___,-13.75,-13.75
3794,google/gemma-3-12b-it,sea animal,en,generic,barnacle,One example of a sea animal is ___.,-19.69921875,-9.849609375
3795,google/gemma-3-12b-it,sea animal,en,generic,blowfish,One example of a sea animal is ___.,-21.6468505859375,-10.82342529296875
3796,google/gemma-3-12b-it,sea animal,en,generic,catfish,One example of a sea animal is ___.,-17.875,-17.875
3797,google/gemma-3-12b-it,sea animal,en,generic,clam,One example of a sea animal is ___.,-19.875,-19.875
3798,google/gemma-3-12b-it,sea animal,en,generic,coral,One example of a sea animal is ___.,-15.1875,-15.1875
3799,google/gemma-3-12b-it,sea animal,en,generic,crab,One example of a sea animal is ___.,-17.75,-17.75
3800,google/gemma-3-12b-it,sea animal,en,generic,dolphin,One example of a sea animal is ___.,-14.5,-14.5
3801,google/gemma-3-12b-it,sea animal,en,generic,eel,One example of a sea animal is ___.,-20.375,-20.375
3802,google/gemma-3-12b-it,sea animal,en,generic,fish,One example of a sea animal is ___.,-10.875,-10.875
3803,google/gemma-3-12b-it,sea animal,en,generic,jellyfish,One example of a sea animal is ___.,-15.75,-15.75
3804,google/gemma-3-12b-it,sea animal,en,generic,lobster,One example of a sea animal is ___.,-19.75,-19.75
3805,google/gemma-3-12b-it,sea animal,en,generic,manatee,One example of a sea animal is ___.,-18.5458984375,-9.27294921875
3806,google/gemma-3-12b-it,sea animal,en,generic,mussel,One example of a sea animal is ___.,-21.629486083984375,-10.814743041992188
3807,google/gemma-3-12b-it,sea animal,en,generic,octopus,One example of a sea animal is ___.,-14.8125,-14.8125
3808,google/gemma-3-12b-it,sea animal,en,generic,oyster,One example of a sea animal is ___.,-18.375,-18.375
3809,google/gemma-3-12b-it,sea animal,en,generic,sardine,One example of a sea animal is ___.,-20.625629425048828,-10.312814712524414
3810,google/gemma-3-12b-it,sea animal,en,generic,scallop,One example of a sea animal is ___.,-22.0,-22.0
3811,google/gemma-3-12b-it,sea animal,en,generic,sea urchin,One example of a sea animal is ___.,-14.34375,-4.78125
3812,google/gemma-3-12b-it,sea animal,en,generic,seahorse,One example of a sea animal is ___.,-15.546875,-7.7734375
3813,google/gemma-3-12b-it,sea animal,en,generic,seal,One example of a sea animal is ___.,-16.875,-16.875
3814,google/gemma-3-12b-it,sea animal,en,generic,shark,One example of a sea animal is ___.,-14.25,-14.25
3815,google/gemma-3-12b-it,sea animal,en,generic,shrimp,One example of a sea animal is ___.,-15.8125,-15.8125
3816,google/gemma-3-12b-it,sea animal,en,generic,snail,One example of a sea animal is ___.,-18.75,-18.75
3817,google/gemma-3-12b-it,sea animal,en,generic,squid,One example of a sea animal is ___.,-15.75,-15.75
3818,google/gemma-3-12b-it,sea animal,en,generic,starfish,One example of a sea animal is ___.,-14.8125,-14.8125
3819,google/gemma-3-12b-it,sea animal,en,generic,stingray,One example of a sea animal is ___.,-20.52734375,-10.263671875
3820,google/gemma-3-12b-it,sea animal,en,generic,swordfish,One example of a sea animal is ___.,-23.254425048828125,-11.627212524414062
3821,google/gemma-3-12b-it,sea animal,en,generic,turtle,One example of a sea animal is ___.,-15.5625,-15.5625
3822,google/gemma-3-12b-it,sea animal,en,generic,walrus,One example of a sea animal is ___.,-20.7734375,-10.38671875
3823,google/gemma-3-12b-it,sea animal,en,generic,whale,One example of a sea animal is ___.,-14.375,-14.375
3824,google/gemma-3-12b-it,sea animal,en,indefinite_prod,barnacle,Name an example of a sea animal: ___,-17.013671875,-8.5068359375
3825,google/gemma-3-12b-it,sea animal,en,indefinite_prod,blowfish,Name an example of a sea animal: ___,-20.109375,-10.0546875
3826,google/gemma-3-12b-it,sea animal,en,indefinite_prod,catfish,Name an example of a sea animal: ___,-14.8125,-14.8125
3827,google/gemma-3-12b-it,sea animal,en,indefinite_prod,clam,Name an example of a sea animal: ___,-15.3125,-15.3125
3828,google/gemma-3-12b-it,sea animal,en,indefinite_prod,coral,Name an example of a sea animal: ___,-13.8125,-13.8125
3829,google/gemma-3-12b-it,sea animal,en,indefinite_prod,crab,Name an example of a sea animal: ___,-10.4375,-10.4375
3830,google/gemma-3-12b-it,sea animal,en,indefinite_prod,dolphin,Name an example of a sea animal: ___,-5.875,-5.875
3831,google/gemma-3-12b-it,sea animal,en,indefinite_prod,eel,Name an example of a sea animal: ___,-11.875,-11.875
3832,google/gemma-3-12b-it,sea animal,en,indefinite_prod,fish,Name an example of a sea animal: ___,-8.0625,-8.0625
3833,google/gemma-3-12b-it,sea animal,en,indefinite_prod,jellyfish,Name an example of a sea animal: ___,-10.5,-10.5
3834,google/gemma-3-12b-it,sea animal,en,indefinite_prod,lobster,Name an example of a sea animal: ___,-14.25,-14.25
3835,google/gemma-3-12b-it,sea animal,en,indefinite_prod,manatee,Name an example of a sea animal: ___,-16.882171630859375,-8.441085815429688
3836,google/gemma-3-12b-it,sea animal,en,indefinite_prod,mussel,Name an example of a sea animal: ___,-17.8802490234375,-8.94012451171875
3837,google/gemma-3-12b-it,sea animal,en,indefinite_prod,octopus,Name an example of a sea animal: ___,-9.0625,-9.0625
3838,google/gemma-3-12b-it,sea animal,en,indefinite_prod,oyster,Name an example of a sea animal: ___,-13.625,-13.625
3839,google/gemma-3-12b-it,sea animal,en,indefinite_prod,sardine,Name an example of a sea animal: ___,-16.875429153442383,-8.437714576721191
3840,google/gemma-3-12b-it,sea animal,en,indefinite_prod,scallop,Name an example of a sea animal: ___,-16.75,-16.75
3841,google/gemma-3-12b-it,sea animal,en,indefinite_prod,sea urchin,Name an example of a sea animal: ___,-12.283935546875,-4.094645182291667
3842,google/gemma-3-12b-it,sea animal,en,indefinite_prod,seahorse,Name an example of a sea animal: ___,-11.13372802734375,-5.566864013671875
3843,google/gemma-3-12b-it,sea animal,en,indefinite_prod,seal,Name an example of a sea animal: ___,-9.375,-9.375
3844,google/gemma-3-12b-it,sea animal,en,indefinite_prod,shark,Name an example of a sea animal: ___,-7.125,-7.125
3845,google/gemma-3-12b-it,sea animal,en,indefinite_prod,shrimp,Name an example of a sea animal: ___,-11.375,-11.375
3846,google/gemma-3-12b-it,sea animal,en,indefinite_prod,snail,Name an example of a sea animal: ___,-12.5,-12.5
3847,google/gemma-3-12b-it,sea animal,en,indefinite_prod,squid,Name an example of a sea animal: ___,-11.5,-11.5
3848,google/gemma-3-12b-it,sea animal,en,indefinite_prod,starfish,Name an example of a sea animal: ___,-10.0,-10.0
3849,google/gemma-3-12b-it,sea animal,en,indefinite_prod,stingray,Name an example of a sea animal: ___,-18.07275390625,-9.036376953125
3850,google/gemma-3-12b-it,sea animal,en,indefinite_prod,swordfish,Name an example of a sea animal: ___,-15.627456665039062,-7.813728332519531
3851,google/gemma-3-12b-it,sea animal,en,indefinite_prod,turtle,Name an example of a sea animal: ___,-9.25,-9.25
3852,google/gemma-3-12b-it,sea animal,en,indefinite_prod,walrus,Name an example of a sea animal: ___,-14.63629150390625,-7.318145751953125
3853,google/gemma-3-12b-it,sea animal,en,indefinite_prod,whale,Name an example of a sea animal: ___,-6.375,-6.375
3854,google/gemma-3-12b-it,seafood,en,generic,crab,One example of a seafood is ___.,-14.625,-14.625
3855,google/gemma-3-12b-it,seafood,en,generic,fish,One example of a seafood is ___.,-9.625,-9.625
3856,google/gemma-3-12b-it,seafood,en,generic,sardine,One example of a seafood is ___.,-18.625553131103516,-9.312776565551758
3857,google/gemma-3-12b-it,seafood,en,generic,shark,One example of a seafood is ___.,-14.5625,-14.5625
3858,google/gemma-3-12b-it,seafood,en,generic,snail,One example of a seafood is ___.,-17.375,-17.375
3859,google/gemma-3-12b-it,seafood,en,generic,blowfish,One example of a seafood is ___.,-22.879547119140625,-11.439773559570312
3860,google/gemma-3-12b-it,seafood,en,generic,calamari,One example of a seafood is ___.,-21.250173568725586,-10.625086784362793
3861,google/gemma-3-12b-it,seafood,en,generic,catfish,One example of a seafood is ___.,-15.0625,-15.0625
3862,google/gemma-3-12b-it,seafood,en,generic,caviar,One example of a seafood is ___.,-16.625,-16.625
3863,google/gemma-3-12b-it,seafood,en,generic,clam,One example of a seafood is ___.,-16.875,-16.875
3864,google/gemma-3-12b-it,seafood,en,generic,crayfish,One example of a seafood is ___.,-16.0,-16.0
3865,google/gemma-3-12b-it,seafood,en,generic,eel,One example of a seafood is ___.,-18.625,-18.625
3866,google/gemma-3-12b-it,seafood,en,generic,jellyfish,One example of a seafood is ___.,-17.5,-17.5
3867,google/gemma-3-12b-it,seafood,en,generic,lobster,One example of a seafood is ___.,-14.4375,-14.4375
3868,google/gemma-3-12b-it,seafood,en,generic,mussel,One example of a seafood is ___.,-18.3917236328125,-9.19586181640625
3869,google/gemma-3-12b-it,seafood,en,generic,octopus,One example of a seafood is ___.,-14.875,-14.875
3870,google/gemma-3-12b-it,seafood,en,generic,oyster,One example of a seafood is ___.,-14.4375,-14.4375
3871,google/gemma-3-12b-it,seafood,en,generic,scallop,One example of a seafood is ___.,-17.75,-17.75
3872,google/gemma-3-12b-it,seafood,en,generic,sea urchin,One example of a seafood is ___.,-15.0703125,-5.0234375
3873,google/gemma-3-12b-it,seafood,en,generic,seafood,One example of a seafood is ___.,-10.9375,-10.9375
3874,google/gemma-3-12b-it,seafood,en,generic,seaweed,One example of a seafood is ___.,-14.75,-14.75
3875,google/gemma-3-12b-it,seafood,en,generic,shrimp,One example of a seafood is ___.,-11.375,-11.375
3876,google/gemma-3-12b-it,seafood,en,generic,squid,One example of a seafood is ___.,-14.1875,-14.1875
3877,google/gemma-3-12b-it,seafood,en,generic,swordfish,One example of a seafood is ___.,-21.50145721435547,-10.750728607177734
3878,google/gemma-3-12b-it,seafood,en,indefinite_prod,crab,Name an example of a seafood: ___,-8.9375,-8.9375
3879,google/gemma-3-12b-it,seafood,en,indefinite_prod,fish,Name an example of a seafood: ___,-8.375,-8.375
3880,google/gemma-3-12b-it,seafood,en,indefinite_prod,sardine,Name an example of a seafood: ___,-15.189010620117188,-7.594505310058594
3881,google/gemma-3-12b-it,seafood,en,indefinite_prod,shark,Name an example of a seafood: ___,-10.6875,-10.6875
3882,google/gemma-3-12b-it,seafood,en,indefinite_prod,snail,Name an example of a seafood: ___,-13.1875,-13.1875
3883,google/gemma-3-12b-it,seafood,en,indefinite_prod,blowfish,Name an example of a seafood: ___,-20.751724243164062,-10.375862121582031
3884,google/gemma-3-12b-it,seafood,en,indefinite_prod,calamari,Name an example of a seafood: ___,-14.500036001205444,-7.250018000602722
3885,google/gemma-3-12b-it,seafood,en,indefinite_prod,catfish,Name an example of a seafood: ___,-12.625,-12.625
3886,google/gemma-3-12b-it,seafood,en,indefinite_prod,caviar,Name an example of a seafood: ___,-15.3125,-15.3125
3887,google/gemma-3-12b-it,seafood,en,indefinite_prod,clam,Name an example of a seafood: ___,-12.375,-12.375
3888,google/gemma-3-12b-it,seafood,en,indefinite_prod,crayfish,Name an example of a seafood: ___,-13.0,-13.0
3889,google/gemma-3-12b-it,seafood,en,indefinite_prod,eel,Name an example of a seafood: ___,-12.875,-12.875
3890,google/gemma-3-12b-it,seafood,en,indefinite_prod,jellyfish,Name an example of a seafood: ___,-14.8125,-14.8125
3891,google/gemma-3-12b-it,seafood,en,indefinite_prod,lobster,Name an example of a seafood: ___,-10.6875,-10.6875
3892,google/gemma-3-12b-it,seafood,en,indefinite_prod,mussel,Name an example of a seafood: ___,-15.0830078125,-7.54150390625
3893,google/gemma-3-12b-it,seafood,en,indefinite_prod,octopus,Name an example of a seafood: ___,-10.9375,-10.9375
3894,google/gemma-3-12b-it,seafood,en,indefinite_prod,oyster,Name an example of a seafood: ___,-11.5,-11.5
3895,google/gemma-3-12b-it,seafood,en,indefinite_prod,scallop,Name an example of a seafood: ___,-12.625,-12.625
3896,google/gemma-3-12b-it,seafood,en,indefinite_prod,sea urchin,Name an example of a seafood: ___,-16.07958984375,-5.35986328125
3897,google/gemma-3-12b-it,seafood,en,indefinite_prod,seafood,Name an example of a seafood: ___,-9.8125,-9.8125
3898,google/gemma-3-12b-it,seafood,en,indefinite_prod,seaweed,Name an example of a seafood: ___,-15.0,-15.0
3899,google/gemma-3-12b-it,seafood,en,indefinite_prod,shrimp,Name an example of a seafood: ___,-7.34375,-7.34375
3900,google/gemma-3-12b-it,seafood,en,indefinite_prod,squid,Name an example of a seafood: ___,-10.5625,-10.5625
3901,google/gemma-3-12b-it,seafood,en,indefinite_prod,swordfish,Name an example of a seafood: ___,-14.938026428222656,-7.469013214111328
3902,google/gemma-3-12b-it,sports equipment,en,generic,balance beam,One example of a sports equipment is ___.,-21.55859375,-10.779296875
3903,google/gemma-3-12b-it,sports equipment,en,generic,ball,One example of a sports equipment is ___.,-13.9375,-13.9375
3904,google/gemma-3-12b-it,sports equipment,en,generic,barbell,One example of a sports equipment is ___.,-21.75,-21.75
3905,google/gemma-3-12b-it,sports equipment,en,generic,baseball,One example of a sports equipment is ___.,-13.3125,-13.3125
3906,google/gemma-3-12b-it,sports equipment,en,generic,baseball bat,One example of a sports equipment is ___.,-13.439453125,-6.7197265625
3907,google/gemma-3-12b-it,sports equipment,en,generic,baseball glove,One example of a sports equipment is ___.,-17.8125,-8.90625
3908,google/gemma-3-12b-it,sports equipment,en,generic,basketball,One example of a sports equipment is ___.,-13.4375,-13.4375
3909,google/gemma-3-12b-it,sports equipment,en,generic,basketball hoop,One example of a sports equipment is ___.,-21.6875,-10.84375
3910,google/gemma-3-12b-it,sports equipment,en,generic,bat,One example of a sports equipment is ___.,-18.375,-18.375
3911,google/gemma-3-12b-it,sports equipment,en,generic,baton (drums),One example of a sports equipment is ___.,-41.2265625,-10.306640625
3912,google/gemma-3-12b-it,sports equipment,en,generic,baton (running),One example of a sports equipment is ___.,-40.24609375,-10.0615234375
3913,google/gemma-3-12b-it,sports equipment,en,generic,beachball,One example of a sports equipment is ___.,-26.0625,-13.03125
3914,google/gemma-3-12b-it,sports equipment,en,generic,bobsled,One example of a sports equipment is ___.,-19.6943359375,-6.564778645833333
3915,google/gemma-3-12b-it,sports equipment,en,generic,bowling ball,One example of a sports equipment is ___.,-16.99658203125,-8.498291015625
3916,google/gemma-3-12b-it,sports equipment,en,generic,boxing gloves,One example of a sports equipment is ___.,-17.00823974609375,-8.504119873046875
3917,google/gemma-3-12b-it,sports equipment,en,generic,cleat,One example of a sports equipment is ___.,-20.87451171875,-10.437255859375
3918,google/gemma-3-12b-it,sports equipment,en,generic,dart,One example of a sports equipment is ___.,-19.625,-19.625
3919,google/gemma-3-12b-it,sports equipment,en,generic,dartboard,One example of a sports equipment is ___.,-20.8203125,-10.41015625
3920,google/gemma-3-12b-it,sports equipment,en,generic,dumbbell,One example of a sports equipment is ___.,-21.5,-21.5
3921,google/gemma-3-12b-it,sports equipment,en,generic,exerciser,One example of a sports equipment is ___.,-26.3125,-13.15625
3922,google/gemma-3-12b-it,sports equipment,en,generic,face mask,One example of a sports equipment is ___.,-20.068359375,-10.0341796875
3923,google/gemma-3-12b-it,sports equipment,en,generic,flipper,One example of a sports equipment is ___.,-23.328206062316895,-7.776068687438965
3924,google/gemma-3-12b-it,sports equipment,en,generic,football,One example of a sports equipment is ___.,-12.0,-12.0
3925,google/gemma-3-12b-it,sports equipment,en,generic,football helmet,One example of a sports equipment is ___.,-18.21875,-9.109375
3926,google/gemma-3-12b-it,sports equipment,en,generic,frisbee,One example of a sports equipment is ___.,-20.918701171875,-10.4593505859375
3927,google/gemma-3-12b-it,sports equipment,en,generic,goggles,One example of a sports equipment is ___.,-20.0,-20.0
3928,google/gemma-3-12b-it,sports equipment,en,generic,golf club,One example of a sports equipment is ___.,-17.2890625,-8.64453125
3929,google/gemma-3-12b-it,sports equipment,en,generic,helmet,One example of a sports equipment is ___.,-19.625,-19.625
3930,google/gemma-3-12b-it,sports equipment,en,generic,hockey stick,One example of a sports equipment is ___.,-14.37890625,-7.189453125
3931,google/gemma-3-12b-it,sports equipment,en,generic,home plate,One example of a sports equipment is ___.,-25.53125,-12.765625
3932,google/gemma-3-12b-it,sports equipment,en,generic,iceskate,One example of a sports equipment is ___.,-27.734375,-9.244791666666666
3933,google/gemma-3-12b-it,sports equipment,en,generic,javelin,One example of a sports equipment is ___.,-20.724609375,-10.3623046875
3934,google/gemma-3-12b-it,sports equipment,en,generic,jump rope,One example of a sports equipment is ___.,-20.04150390625,-10.020751953125
3935,google/gemma-3-12b-it,sports equipment,en,generic,kneepad,One example of a sports equipment is ___.,-28.28125,-14.140625
3936,google/gemma-3-12b-it,sports equipment,en,generic,mouthpiece,One example of a sports equipment is ___.,-23.5,-23.5
3937,google/gemma-3-12b-it,sports equipment,en,generic,oar,One example of a sports equipment is ___.,-21.859375,-10.9296875
3938,google/gemma-3-12b-it,sports equipment,en,generic,paddle,One example of a sports equipment is ___.,-21.0,-21.0
3939,google/gemma-3-12b-it,sports equipment,en,generic,ping-pong table,One example of a sports equipment is ___.,-26.20321798324585,-6.550804495811462
3940,google/gemma-3-12b-it,sports equipment,en,generic,puck,One example of a sports equipment is ___.,-20.875,-20.875
3941,google/gemma-3-12b-it,sports equipment,en,generic,punching bag,One example of a sports equipment is ___.,-25.115234375,-12.5576171875
3942,google/gemma-3-12b-it,sports equipment,en,generic,racket,One example of a sports equipment is ___.,-20.875,-20.875
3943,google/gemma-3-12b-it,sports equipment,en,generic,rollerblade,One example of a sports equipment is ___.,-26.09375,-13.046875
3944,google/gemma-3-12b-it,sports equipment,en,generic,rollerskate,One example of a sports equipment is ___.,-22.140625,-11.0703125
3945,google/gemma-3-12b-it,sports equipment,en,generic,saddle,One example of a sports equipment is ___.,-20.375,-20.375
3946,google/gemma-3-12b-it,sports equipment,en,generic,scuba,One example of a sports equipment is ___.,-17.875,-17.875
3947,google/gemma-3-12b-it,sports equipment,en,generic,skateboard,One example of a sports equipment is ___.,-17.375,-17.375
3948,google/gemma-3-12b-it,sports equipment,en,generic,ski,One example of a sports equipment is ___.,-18.125,-18.125
3949,google/gemma-3-12b-it,sports equipment,en,generic,ski boots,One example of a sports equipment is ___.,-21.0625,-10.53125
3950,google/gemma-3-12b-it,sports equipment,en,generic,ski pole,One example of a sports equipment is ___.,-23.0625,-11.53125
3951,google/gemma-3-12b-it,sports equipment,en,generic,sled,One example of a sports equipment is ___.,-19.875,-19.875
3952,google/gemma-3-12b-it,sports equipment,en,generic,snorkel,One example of a sports equipment is ___.,-22.375,-22.375
3953,google/gemma-3-12b-it,sports equipment,en,generic,snowboard,One example of a sports equipment is ___.,-19.625,-19.625
3954,google/gemma-3-12b-it,sports equipment,en,generic,snowshoe,One example of a sports equipment is ___.,-19.828125,-9.9140625
3955,google/gemma-3-12b-it,sports equipment,en,generic,soccer ball,One example of a sports equipment is ___.,-14.48291015625,-7.241455078125
3956,google/gemma-3-12b-it,sports equipment,en,generic,springboard,One example of a sports equipment is ___.,-24.125,-24.125
3957,google/gemma-3-12b-it,sports equipment,en,generic,stopwatch,One example of a sports equipment is ___.,-25.125,-25.125
3958,google/gemma-3-12b-it,sports equipment,en,generic,surfboard,One example of a sports equipment is ___.,-21.125,-21.125
3959,google/gemma-3-12b-it,sports equipment,en,generic,target,One example of a sports equipment is ___.,-21.75,-21.75
3960,google/gemma-3-12b-it,sports equipment,en,generic,tee,One example of a sports equipment is ___.,-20.0,-20.0
3961,google/gemma-3-12b-it,sports equipment,en,generic,tennis ball,One example of a sports equipment is ___.,-19.96875,-9.984375
3962,google/gemma-3-12b-it,sports equipment,en,generic,trampoline,One example of a sports equipment is ___.,-23.375,-23.375
3963,google/gemma-3-12b-it,sports equipment,en,generic,treadmill,One example of a sports equipment is ___.,-22.375,-22.375
3964,google/gemma-3-12b-it,sports equipment,en,generic,volleyball,One example of a sports equipment is ___.,-13.9375,-13.9375
3965,google/gemma-3-12b-it,sports equipment,en,generic,wetsuit,One example of a sports equipment is ___.,-22.6531982421875,-11.32659912109375
3966,google/gemma-3-12b-it,sports equipment,en,indefinite_prod,balance beam,Name an example of a sports equipment: ___,-15.3115234375,-7.65576171875
3967,google/gemma-3-12b-it,sports equipment,en,indefinite_prod,ball,Name an example of a sports equipment: ___,-5.71875,-5.71875
3968,google/gemma-3-12b-it,sports equipment,en,indefinite_prod,barbell,Name an example of a sports equipment: ___,-12.625,-12.625
3969,google/gemma-3-12b-it,sports equipment,en,indefinite_prod,baseball,Name an example of a sports equipment: ___,-5.34375,-5.34375
3970,google/gemma-3-12b-it,sports equipment,en,indefinite_prod,baseball bat,Name an example of a sports equipment: ___,-5.39208984375,-2.696044921875
3971,google/gemma-3-12b-it,sports equipment,en,indefinite_prod,baseball glove,Name an example of a sports equipment: ___,-9.65625,-4.828125
3972,google/gemma-3-12b-it,sports equipment,en,indefinite_prod,basketball,Name an example of a sports equipment: ___,-5.84375,-5.84375
3973,google/gemma-3-12b-it,sports equipment,en,indefinite_prod,basketball hoop,Name an example of a sports equipment: ___,-15.78125,-7.890625
3974,google/gemma-3-12b-it,sports equipment,en,indefinite_prod,bat,Name an example of a sports equipment: ___,-8.6875,-8.6875
3975,google/gemma-3-12b-it,sports equipment,en,indefinite_prod,baton (drums),Name an example of a sports equipment: ___,-34.26953125,-8.5673828125
3976,google/gemma-3-12b-it,sports equipment,en,indefinite_prod,baton (running),Name an example of a sports equipment: ___,-34.8984375,-8.724609375
3977,google/gemma-3-12b-it,sports equipment,en,indefinite_prod,beachball,Name an example of a sports equipment: ___,-19.15625,-9.578125
3978,google/gemma-3-12b-it,sports equipment,en,indefinite_prod,bobsled,Name an example of a sports equipment: ___,-18.8466796875,-6.2822265625
3979,google/gemma-3-12b-it,sports equipment,en,indefinite_prod,bowling ball,Name an example of a sports equipment: ___,-11.7093505859375,-5.85467529296875
3980,google/gemma-3-12b-it,sports equipment,en,indefinite_prod,boxing gloves,Name an example of a sports equipment: ___,-12.1993408203125,-6.09967041015625
3981,google/gemma-3-12b-it,sports equipment,en,indefinite_prod,cleat,Name an example of a sports equipment: ___,-14.3997802734375,-7.19989013671875
3982,google/gemma-3-12b-it,sports equipment,en,indefinite_prod,dart,Name an example of a sports equipment: ___,-14.0,-14.0
3983,google/gemma-3-12b-it,sports equipment,en,indefinite_prod,dartboard,Name an example of a sports equipment: ___,-15.734375,-7.8671875
3984,google/gemma-3-12b-it,sports equipment,en,indefinite_prod,dumbbell,Name an example of a sports equipment: ___,-14.5625,-14.5625
3985,google/gemma-3-12b-it,sports equipment,en,indefinite_prod,exerciser,Name an example of a sports equipment: ___,-21.890625,-10.9453125
3986,google/gemma-3-12b-it,sports equipment,en,indefinite_prod,face mask,Name an example of a sports equipment: ___,-15.30859375,-7.654296875
3987,google/gemma-3-12b-it,sports equipment,en,indefinite_prod,flipper,Name an example of a sports equipment: ___,-22.046876430511475,-7.348958810170491
3988,google/gemma-3-12b-it,sports equipment,en,indefinite_prod,football,Name an example of a sports equipment: ___,-6.34375,-6.34375
3989,google/gemma-3-12b-it,sports equipment,en,indefinite_prod,football helmet,Name an example of a sports equipment: ___,-13.21875,-6.609375
3990,google/gemma-3-12b-it,sports equipment,en,indefinite_prod,frisbee,Name an example of a sports equipment: ___,-12.5858154296875,-6.29290771484375
3991,google/gemma-3-12b-it,sports equipment,en,indefinite_prod,goggles,Name an example of a sports equipment: ___,-12.375,-12.375
3992,google/gemma-3-12b-it,sports equipment,en,indefinite_prod,golf club,Name an example of a sports equipment: ___,-8.779296875,-4.3896484375
3993,google/gemma-3-12b-it,sports equipment,en,indefinite_prod,helmet,Name an example of a sports equipment: ___,-8.4375,-8.4375
3994,google/gemma-3-12b-it,sports equipment,en,indefinite_prod,hockey stick,Name an example of a sports equipment: ___,-7.17626953125,-3.588134765625
3995,google/gemma-3-12b-it,sports equipment,en,indefinite_prod,home plate,Name an example of a sports equipment: ___,-21.375,-10.6875
3996,google/gemma-3-12b-it,sports equipment,en,indefinite_prod,iceskate,Name an example of a sports equipment: ___,-25.171875,-8.390625
3997,google/gemma-3-12b-it,sports equipment,en,indefinite_prod,javelin,Name an example of a sports equipment: ___,-15.9423828125,-7.97119140625
3998,google/gemma-3-12b-it,sports equipment,en,indefinite_prod,jump rope,Name an example of a sports equipment: ___,-12.00970458984375,-6.004852294921875
3999,google/gemma-3-12b-it,sports equipment,en,indefinite_prod,kneepad,Name an example of a sports equipment: ___,-18.734375,-9.3671875
4000,google/gemma-3-12b-it,sports equipment,en,indefinite_prod,mouthpiece,Name an example of a sports equipment: ___,-19.0,-19.0
4001,google/gemma-3-12b-it,sports equipment,en,indefinite_prod,oar,Name an example of a sports equipment: ___,-16.7919921875,-8.39599609375
4002,google/gemma-3-12b-it,sports equipment,en,indefinite_prod,paddle,Name an example of a sports equipment: ___,-9.25,-9.25
4003,google/gemma-3-12b-it,sports equipment,en,indefinite_prod,ping-pong table,Name an example of a sports equipment: ___,-19.390685319900513,-4.847671329975128
4004,google/gemma-3-12b-it,sports equipment,en,indefinite_prod,puck,Name an example of a sports equipment: ___,-10.3125,-10.3125
4005,google/gemma-3-12b-it,sports equipment,en,indefinite_prod,punching bag,Name an example of a sports equipment: ___,-17.24755859375,-8.623779296875
4006,google/gemma-3-12b-it,sports equipment,en,indefinite_prod,racket,Name an example of a sports equipment: ___,-8.9375,-8.9375
4007,google/gemma-3-12b-it,sports equipment,en,indefinite_prod,rollerblade,Name an example of a sports equipment: ___,-19.40625,-9.703125
4008,google/gemma-3-12b-it,sports equipment,en,indefinite_prod,rollerskate,Name an example of a sports equipment: ___,-21.9375,-10.96875
4009,google/gemma-3-12b-it,sports equipment,en,indefinite_prod,saddle,Name an example of a sports equipment: ___,-15.1875,-15.1875
4010,google/gemma-3-12b-it,sports equipment,en,indefinite_prod,scuba,Name an example of a sports equipment: ___,-15.625,-15.625
4011,google/gemma-3-12b-it,sports equipment,en,indefinite_prod,skateboard,Name an example of a sports equipment: ___,-9.125,-9.125
4012,google/gemma-3-12b-it,sports equipment,en,indefinite_prod,ski,Name an example of a sports equipment: ___,-11.375,-11.375
4013,google/gemma-3-12b-it,sports equipment,en,indefinite_prod,ski boots,Name an example of a sports equipment: ___,-13.2734375,-6.63671875
4014,google/gemma-3-12b-it,sports equipment,en,indefinite_prod,ski pole,Name an example of a sports equipment: ___,-14.265625,-7.1328125
4015,google/gemma-3-12b-it,sports equipment,en,indefinite_prod,sled,Name an example of a sports equipment: ___,-13.25,-13.25
4016,google/gemma-3-12b-it,sports equipment,en,indefinite_prod,snorkel,Name an example of a sports equipment: ___,-14.5,-14.5
4017,google/gemma-3-12b-it,sports equipment,en,indefinite_prod,snowboard,Name an example of a sports equipment: ___,-12.3125,-12.3125
4018,google/gemma-3-12b-it,sports equipment,en,indefinite_prod,snowshoe,Name an example of a sports equipment: ___,-14.625,-7.3125
4019,google/gemma-3-12b-it,sports equipment,en,indefinite_prod,soccer ball,Name an example of a sports equipment: ___,-7.3553466796875,-3.67767333984375
4020,google/gemma-3-12b-it,sports equipment,en,indefinite_prod,springboard,Name an example of a sports equipment: ___,-17.5,-17.5
4021,google/gemma-3-12b-it,sports equipment,en,indefinite_prod,stopwatch,Name an example of a sports equipment: ___,-17.125,-17.125
4022,google/gemma-3-12b-it,sports equipment,en,indefinite_prod,surfboard,Name an example of a sports equipment: ___,-13.6875,-13.6875
4023,google/gemma-3-12b-it,sports equipment,en,indefinite_prod,target,Name an example of a sports equipment: ___,-17.5,-17.5
4024,google/gemma-3-12b-it,sports equipment,en,indefinite_prod,tee,Name an example of a sports equipment: ___,-15.0625,-15.0625
4025,google/gemma-3-12b-it,sports equipment,en,indefinite_prod,tennis ball,Name an example of a sports equipment: ___,-12.40625,-6.203125
4026,google/gemma-3-12b-it,sports equipment,en,indefinite_prod,trampoline,Name an example of a sports equipment: ___,-13.25,-13.25
4027,google/gemma-3-12b-it,sports equipment,en,indefinite_prod,treadmill,Name an example of a sports equipment: ___,-13.375,-13.375
4028,google/gemma-3-12b-it,sports equipment,en,indefinite_prod,volleyball,Name an example of a sports equipment: ___,-7.15625,-7.15625
4029,google/gemma-3-12b-it,sports equipment,en,indefinite_prod,wetsuit,Name an example of a sports equipment: ___,-17.88970947265625,-8.944854736328125
4030,google/gemma-3-12b-it,tool,en,generic,axe,One example of a tool is ___.,-19.125,-19.125
4031,google/gemma-3-12b-it,tool,en,generic,brush,One example of a tool is ___.,-19.875,-19.875
4032,google/gemma-3-12b-it,tool,en,generic,chisel,One example of a tool is ___.,-18.375,-18.375
4033,google/gemma-3-12b-it,tool,en,generic,drill,One example of a tool is ___.,-18.625,-18.625
4034,google/gemma-3-12b-it,tool,en,generic,hammer,One example of a tool is ___.,-15.0625,-15.0625
4035,google/gemma-3-12b-it,tool,en,generic,knife,One example of a tool is ___.,-19.75,-19.75
4036,google/gemma-3-12b-it,tool,en,generic,pliers,One example of a tool is ___.,-15.625,-15.625
4037,google/gemma-3-12b-it,tool,en,generic,rake,One example of a tool is ___.,-21.5,-21.5
4038,google/gemma-3-12b-it,tool,en,generic,saw,One example of a tool is ___.,-18.0,-18.0
4039,google/gemma-3-12b-it,tool,en,generic,screwdriver,One example of a tool is ___.,-19.0,-19.0
4040,google/gemma-3-12b-it,tool,en,generic,shovel,One example of a tool is ___.,-16.5,-16.5
4041,google/gemma-3-12b-it,tool,en,generic,sickle,One example of a tool is ___.,-22.125,-22.125
4042,google/gemma-3-12b-it,tool,en,generic,air pump,One example of a tool is ___.,-21.4375,-10.71875
4043,google/gemma-3-12b-it,tool,en,generic,anvil,One example of a tool is ___.,-18.75,-18.75
4044,google/gemma-3-12b-it,tool,en,generic,backscratcher,One example of a tool is ___.,-27.625537872314453,-9.208512624104818
4045,google/gemma-3-12b-it,tool,en,generic,blower,One example of a tool is ___.,-25.25,-25.25
4046,google/gemma-3-12b-it,tool,en,generic,blowtorch,One example of a tool is ___.,-27.375,-13.6875
4047,google/gemma-3-12b-it,tool,en,generic,bottle opener,One example of a tool is ___.,-23.4921875,-11.74609375
4048,google/gemma-3-12b-it,tool,en,generic,broom,One example of a tool is ___.,-20.5,-20.5
4049,google/gemma-3-12b-it,tool,en,generic,can opener,One example of a tool is ___.,-25.4375,-12.71875
4050,google/gemma-3-12b-it,tool,en,generic,chain,One example of a tool is ___.,-18.0,-18.0
4051,google/gemma-3-12b-it,tool,en,generic,chainsaw,One example of a tool is ___.,-18.875,-18.875
4052,google/gemma-3-12b-it,tool,en,generic,chopsticks,One example of a tool is ___.,-20.875,-20.875
4053,google/gemma-3-12b-it,tool,en,generic,cleaver,One example of a tool is ___.,-22.90625,-11.453125
4054,google/gemma-3-12b-it,tool,en,generic,clipper,One example of a tool is ___.,-24.5,-24.5
4055,google/gemma-3-12b-it,tool,en,generic,corkscrew,One example of a tool is ___.,-21.3603515625,-10.68017578125
4056,google/gemma-3-12b-it,tool,en,generic,crank,One example of a tool is ___.,-24.25,-24.25
4057,google/gemma-3-12b-it,tool,en,generic,crowbar,One example of a tool is ___.,-21.15234375,-10.576171875
4058,google/gemma-3-12b-it,tool,en,generic,curling iron,One example of a tool is ___.,-23.263671875,-11.6318359375
4059,google/gemma-3-12b-it,tool,en,generic,duster,One example of a tool is ___.,-20.9375,-10.46875
4060,google/gemma-3-12b-it,tool,en,generic,dustpan,One example of a tool is ___.,-19.099609375,-9.5498046875
4061,google/gemma-3-12b-it,tool,en,generic,eggbeater,One example of a tool is ___.,-31.033203125,-10.344401041666666
4062,google/gemma-3-12b-it,tool,en,generic,file,One example of a tool is ___.,-18.625,-18.625
4063,google/gemma-3-12b-it,tool,en,generic,flyswatter,One example of a tool is ___.,-23.1435546875,-7.714518229166667
4064,google/gemma-3-12b-it,tool,en,generic,fork,One example of a tool is ___.,-18.375,-18.375
4065,google/gemma-3-12b-it,tool,en,generic,fountain pen,One example of a tool is ___.,-22.8359375,-11.41796875
4066,google/gemma-3-12b-it,tool,en,generic,funnel,One example of a tool is ___.,-21.5,-21.5
4067,google/gemma-3-12b-it,tool,en,generic,gavel,One example of a tool is ___.,-24.0,-24.0
4068,google/gemma-3-12b-it,tool,en,generic,grater,One example of a tool is ___.,-23.1953125,-11.59765625
4069,google/gemma-3-12b-it,tool,en,generic,grinder,One example of a tool is ___.,-23.875,-23.875
4070,google/gemma-3-12b-it,tool,en,generic,hoe,One example of a tool is ___.,-21.375,-21.375
4071,google/gemma-3-12b-it,tool,en,generic,hose,One example of a tool is ___.,-22.75,-22.75
4072,google/gemma-3-12b-it,tool,en,generic,icepick,One example of a tool is ___.,-22.09375,-11.046875
4073,google/gemma-3-12b-it,tool,en,generic,jack,One example of a tool is ___.,-22.25,-22.25
4074,google/gemma-3-12b-it,tool,en,generic,jackhammer,One example of a tool is ___.,-22.728515625,-11.3642578125
4075,google/gemma-3-12b-it,tool,en,generic,ladder,One example of a tool is ___.,-23.875,-23.875
4076,google/gemma-3-12b-it,tool,en,generic,ladle,One example of a tool is ___.,-25.375,-25.375
4077,google/gemma-3-12b-it,tool,en,generic,letter opener,One example of a tool is ___.,-18.724609375,-9.3623046875
4078,google/gemma-3-12b-it,tool,en,generic,lighter,One example of a tool is ___.,-22.125,-22.125
4079,google/gemma-3-12b-it,tool,en,generic,magnifier,One example of a tool is ___.,-25.75,-25.75
4080,google/gemma-3-12b-it,tool,en,generic,magnifying glass,One example of a tool is ___.,-21.1337890625,-10.56689453125
4081,google/gemma-3-12b-it,tool,en,generic,mallet,One example of a tool is ___.,-23.0,-23.0
4082,google/gemma-3-12b-it,tool,en,generic,marker,One example of a tool is ___.,-21.5,-21.5
4083,google/gemma-3-12b-it,tool,en,generic,match,One example of a tool is ___.,-17.625,-17.625
4084,google/gemma-3-12b-it,tool,en,generic,metal detector,One example of a tool is ___.,-20.625,-10.3125
4085,google/gemma-3-12b-it,tool,en,generic,mop,One example of a tool is ___.,-24.125,-24.125
4086,google/gemma-3-12b-it,tool,en,generic,nail clippers,One example of a tool is ___.,-17.681710243225098,-5.893903414408366
4087,google/gemma-3-12b-it,tool,en,generic,nail file,One example of a tool is ___.,-23.6875,-11.84375
4088,google/gemma-3-12b-it,tool,en,generic,needle,One example of a tool is ___.,-18.5,-18.5
4089,google/gemma-3-12b-it,tool,en,generic,nutcracker,One example of a tool is ___.,-23.6484375,-11.82421875
4090,google/gemma-3-12b-it,tool,en,generic,paintbrush,One example of a tool is ___.,-20.125,-20.125
4091,google/gemma-3-12b-it,tool,en,generic,peeler,One example of a tool is ___.,-24.625,-12.3125
4092,google/gemma-3-12b-it,tool,en,generic,pen,One example of a tool is ___.,-17.75,-17.75
4093,google/gemma-3-12b-it,tool,en,generic,pencil,One example of a tool is ___.,-17.375,-17.375
4094,google/gemma-3-12b-it,tool,en,generic,pencil sharpener,One example of a tool is ___.,-23.502731323242188,-7.8342437744140625
4095,google/gemma-3-12b-it,tool,en,generic,penlight,One example of a tool is ___.,-27.25,-13.625
4096,google/gemma-3-12b-it,tool,en,generic,pickax,One example of a tool is ___.,-26.3125,-13.15625
4097,google/gemma-3-12b-it,tool,en,generic,pin,One example of a tool is ___.,-20.875,-20.875
4098,google/gemma-3-12b-it,tool,en,generic,pitchfork,One example of a tool is ___.,-20.544189453125,-10.2720947265625
4099,google/gemma-3-12b-it,tool,en,generic,plunger,One example of a tool is ___.,-24.25,-24.25
4100,google/gemma-3-12b-it,tool,en,generic,pocketknife,One example of a tool is ___.,-23.09375,-11.546875
4101,google/gemma-3-12b-it,tool,en,generic,poker,One example of a tool is ___.,-22.625,-22.625
4102,google/gemma-3-12b-it,tool,en,generic,polisher,One example of a tool is ___.,-28.1875,-14.09375
4103,google/gemma-3-12b-it,tool,en,generic,punch,One example of a tool is ___.,-23.0,-23.0
4104,google/gemma-3-12b-it,tool,en,generic,quill,One example of a tool is ___.,-20.125,-20.125
4105,google/gemma-3-12b-it,tool,en,generic,ratchet,One example of a tool is ___.,-23.75,-23.75
4106,google/gemma-3-12b-it,tool,en,generic,razor,One example of a tool is ___.,-21.75,-21.75
4107,google/gemma-3-12b-it,tool,en,generic,rolling pin,One example of a tool is ___.,-22.2978515625,-11.14892578125
4108,google/gemma-3-12b-it,tool,en,generic,rope,One example of a tool is ___.,-17.875,-17.875
4109,google/gemma-3-12b-it,tool,en,generic,ruler,One example of a tool is ___.,-21.125,-21.125
4110,google/gemma-3-12b-it,tool,en,generic,sandpaper,One example of a tool is ___.,-17.25,-17.25
4111,google/gemma-3-12b-it,tool,en,generic,sawhorse,One example of a tool is ___.,-31.9375,-15.96875
4112,google/gemma-3-12b-it,tool,en,generic,scalpel,One example of a tool is ___.,-18.6453857421875,-9.32269287109375
4113,google/gemma-3-12b-it,tool,en,generic,scissors,One example of a tool is ___.,-14.9375,-14.9375
4114,google/gemma-3-12b-it,tool,en,generic,scoop,One example of a tool is ___.,-22.625,-22.625
4115,google/gemma-3-12b-it,tool,en,generic,scraper,One example of a tool is ___.,-23.25,-23.25
4116,google/gemma-3-12b-it,tool,en,generic,shears,One example of a tool is ___.,-20.625,-20.625
4117,google/gemma-3-12b-it,tool,en,generic,sledgehammer,One example of a tool is ___.,-22.408203125,-11.2041015625
4118,google/gemma-3-12b-it,tool,en,generic,soldering iron,One example of a tool is ___.,-19.53955078125,-9.769775390625
4119,google/gemma-3-12b-it,tool,en,generic,spatula,One example of a tool is ___.,-20.75,-20.75
4120,google/gemma-3-12b-it,tool,en,generic,spoon,One example of a tool is ___.,-18.875,-18.875
4121,google/gemma-3-12b-it,tool,en,generic,squeegee,One example of a tool is ___.,-24.3916015625,-8.130533854166666
4122,google/gemma-3-12b-it,tool,en,generic,stamp,One example of a tool is ___.,-21.0,-21.0
4123,google/gemma-3-12b-it,tool,en,generic,staple gun,One example of a tool is ___.,-20.6484375,-10.32421875
4124,google/gemma-3-12b-it,tool,en,generic,sweeper,One example of a tool is ___.,-28.3125,-14.15625
4125,google/gemma-3-12b-it,tool,en,generic,tape measure,One example of a tool is ___.,-20.15234375,-10.076171875
4126,google/gemma-3-12b-it,tool,en,generic,tongs,One example of a tool is ___.,-18.375,-18.375
4127,google/gemma-3-12b-it,tool,en,generic,tool,One example of a tool is ___.,-11.0625,-11.0625
4128,google/gemma-3-12b-it,tool,en,generic,trident,One example of a tool is ___.,-24.875,-24.875
4129,google/gemma-3-12b-it,tool,en,generic,trowel,One example of a tool is ___.,-20.056640625,-10.0283203125
4130,google/gemma-3-12b-it,tool,en,generic,tweezers,One example of a tool is ___.,-19.0,-19.0
4131,google/gemma-3-12b-it,tool,en,generic,vacuum,One example of a tool is ___.,-20.875,-20.875
4132,google/gemma-3-12b-it,tool,en,generic,vise,One example of a tool is ___.,-21.75,-21.75
4133,google/gemma-3-12b-it,tool,en,generic,watering can,One example of a tool is ___.,-21.26171875,-10.630859375
4134,google/gemma-3-12b-it,tool,en,generic,wedge,One example of a tool is ___.,-23.625,-23.625
4135,google/gemma-3-12b-it,tool,en,generic,wire cutters,One example of a tool is ___.,-20.078125,-10.0390625
4136,google/gemma-3-12b-it,tool,en,generic,wrench,One example of a tool is ___.,-20.375,-20.375
4137,google/gemma-3-12b-it,tool,en,indefinite_prod,axe,Name an example of a tool: ___,-11.125,-11.125
4138,google/gemma-3-12b-it,tool,en,indefinite_prod,brush,Name an example of a tool: ___,-12.6875,-12.6875
4139,google/gemma-3-12b-it,tool,en,indefinite_prod,chisel,Name an example of a tool: ___,-9.8125,-9.8125
4140,google/gemma-3-12b-it,tool,en,indefinite_prod,drill,Name an example of a tool: ___,-9.9375,-9.9375
4141,google/gemma-3-12b-it,tool,en,indefinite_prod,hammer,Name an example of a tool: ___,-4.34375,-4.34375
4142,google/gemma-3-12b-it,tool,en,indefinite_prod,knife,Name an example of a tool: ___,-9.0625,-9.0625
4143,google/gemma-3-12b-it,tool,en,indefinite_prod,pliers,Name an example of a tool: ___,-6.65625,-6.65625
4144,google/gemma-3-12b-it,tool,en,indefinite_prod,rake,Name an example of a tool: ___,-13.5,-13.5
4145,google/gemma-3-12b-it,tool,en,indefinite_prod,saw,Name an example of a tool: ___,-6.46875,-6.46875
4146,google/gemma-3-12b-it,tool,en,indefinite_prod,screwdriver,Name an example of a tool: ___,-5.40625,-5.40625
4147,google/gemma-3-12b-it,tool,en,indefinite_prod,shovel,Name an example of a tool: ___,-7.09375,-7.09375
4148,google/gemma-3-12b-it,tool,en,indefinite_prod,sickle,Name an example of a tool: ___,-15.375,-15.375
4149,google/gemma-3-12b-it,tool,en,indefinite_prod,air pump,Name an example of a tool: ___,-16.375,-8.1875
4150,google/gemma-3-12b-it,tool,en,indefinite_prod,anvil,Name an example of a tool: ___,-9.3125,-9.3125
4151,google/gemma-3-12b-it,tool,en,indefinite_prod,backscratcher,Name an example of a tool: ___,-21.218760132789612,-7.072920044263204
4152,google/gemma-3-12b-it,tool,en,indefinite_prod,blower,Name an example of a tool: ___,-16.375,-16.375
4153,google/gemma-3-12b-it,tool,en,indefinite_prod,blowtorch,Name an example of a tool: ___,-17.4375,-8.71875
4154,google/gemma-3-12b-it,tool,en,indefinite_prod,bottle opener,Name an example of a tool: ___,-15.796875,-7.8984375
4155,google/gemma-3-12b-it,tool,en,indefinite_prod,broom,Name an example of a tool: ___,-11.375,-11.375
4156,google/gemma-3-12b-it,tool,en,indefinite_prod,can opener,Name an example of a tool: ___,-20.125,-10.0625
4157,google/gemma-3-12b-it,tool,en,indefinite_prod,chain,Name an example of a tool: ___,-10.5,-10.5
4158,google/gemma-3-12b-it,tool,en,indefinite_prod,chainsaw,Name an example of a tool: ___,-10.0,-10.0
4159,google/gemma-3-12b-it,tool,en,indefinite_prod,chopsticks,Name an example of a tool: ___,-12.0625,-12.0625
4160,google/gemma-3-12b-it,tool,en,indefinite_prod,cleaver,Name an example of a tool: ___,-15.7646484375,-7.88232421875
4161,google/gemma-3-12b-it,tool,en,indefinite_prod,clipper,Name an example of a tool: ___,-14.875,-14.875
4162,google/gemma-3-12b-it,tool,en,indefinite_prod,corkscrew,Name an example of a tool: ___,-15.8160400390625,-7.90802001953125
4163,google/gemma-3-12b-it,tool,en,indefinite_prod,crank,Name an example of a tool: ___,-17.625,-17.625
4164,google/gemma-3-12b-it,tool,en,indefinite_prod,crowbar,Name an example of a tool: ___,-10.69879150390625,-5.349395751953125
4165,google/gemma-3-12b-it,tool,en,indefinite_prod,curling iron,Name an example of a tool: ___,-16.13568115234375,-8.067840576171875
4166,google/gemma-3-12b-it,tool,en,indefinite_prod,duster,Name an example of a tool: ___,-14.3046875,-7.15234375
4167,google/gemma-3-12b-it,tool,en,indefinite_prod,dustpan,Name an example of a tool: ___,-16.15625,-8.078125
4168,google/gemma-3-12b-it,tool,en,indefinite_prod,eggbeater,Name an example of a tool: ___,-20.034454345703125,-6.678151448567708
4169,google/gemma-3-12b-it,tool,en,indefinite_prod,file,Name an example of a tool: ___,-11.9375,-11.9375
4170,google/gemma-3-12b-it,tool,en,indefinite_prod,flyswatter,Name an example of a tool: ___,-17.27691650390625,-5.75897216796875
4171,google/gemma-3-12b-it,tool,en,indefinite_prod,fork,Name an example of a tool: ___,-11.125,-11.125
4172,google/gemma-3-12b-it,tool,en,indefinite_prod,fountain pen,Name an example of a tool: ___,-15.724853515625,-7.8624267578125
4173,google/gemma-3-12b-it,tool,en,indefinite_prod,funnel,Name an example of a tool: ___,-14.5625,-14.5625
4174,google/gemma-3-12b-it,tool,en,indefinite_prod,gavel,Name an example of a tool: ___,-14.3125,-14.3125
4175,google/gemma-3-12b-it,tool,en,indefinite_prod,grater,Name an example of a tool: ___,-18.16748046875,-9.083740234375
4176,google/gemma-3-12b-it,tool,en,indefinite_prod,grinder,Name an example of a tool: ___,-13.6875,-13.6875
4177,google/gemma-3-12b-it,tool,en,indefinite_prod,hoe,Name an example of a tool: ___,-12.625,-12.625
4178,google/gemma-3-12b-it,tool,en,indefinite_prod,hose,Name an example of a tool: ___,-15.5625,-15.5625
4179,google/gemma-3-12b-it,tool,en,indefinite_prod,icepick,Name an example of a tool: ___,-18.09375,-9.046875
4180,google/gemma-3-12b-it,tool,en,indefinite_prod,jack,Name an example of a tool: ___,-12.625,-12.625
4181,google/gemma-3-12b-it,tool,en,indefinite_prod,jackhammer,Name an example of a tool: ___,-14.421875,-7.2109375
4182,google/gemma-3-12b-it,tool,en,indefinite_prod,ladder,Name an example of a tool: ___,-11.625,-11.625
4183,google/gemma-3-12b-it,tool,en,indefinite_prod,ladle,Name an example of a tool: ___,-15.875,-15.875
4184,google/gemma-3-12b-it,tool,en,indefinite_prod,letter opener,Name an example of a tool: ___,-14.9697265625,-7.48486328125
4185,google/gemma-3-12b-it,tool,en,indefinite_prod,lighter,Name an example of a tool: ___,-15.8125,-15.8125
4186,google/gemma-3-12b-it,tool,en,indefinite_prod,magnifier,Name an example of a tool: ___,-15.5,-15.5
4187,google/gemma-3-12b-it,tool,en,indefinite_prod,magnifying glass,Name an example of a tool: ___,-13.2681884765625,-6.63409423828125
4188,google/gemma-3-12b-it,tool,en,indefinite_prod,mallet,Name an example of a tool: ___,-10.5,-10.5
4189,google/gemma-3-12b-it,tool,en,indefinite_prod,marker,Name an example of a tool: ___,-15.5,-15.5
4190,google/gemma-3-12b-it,tool,en,indefinite_prod,match,Name an example of a tool: ___,-13.625,-13.625
4191,google/gemma-3-12b-it,tool,en,indefinite_prod,metal detector,Name an example of a tool: ___,-15.484375,-7.7421875
4192,google/gemma-3-12b-it,tool,en,indefinite_prod,mop,Name an example of a tool: ___,-15.1875,-15.1875
4193,google/gemma-3-12b-it,tool,en,indefinite_prod,nail clippers,Name an example of a tool: ___,-10.613350868225098,-3.537783622741699
4194,google/gemma-3-12b-it,tool,en,indefinite_prod,nail file,Name an example of a tool: ___,-15.0,-7.5
4195,google/gemma-3-12b-it,tool,en,indefinite_prod,needle,Name an example of a tool: ___,-12.625,-12.625
4196,google/gemma-3-12b-it,tool,en,indefinite_prod,nutcracker,Name an example of a tool: ___,-17.09375,-8.546875
4197,google/gemma-3-12b-it,tool,en,indefinite_prod,paintbrush,Name an example of a tool: ___,-11.0625,-11.0625
4198,google/gemma-3-12b-it,tool,en,indefinite_prod,peeler,Name an example of a tool: ___,-15.72998046875,-7.864990234375
4199,google/gemma-3-12b-it,tool,en,indefinite_prod,pen,Name an example of a tool: ___,-11.25,-11.25
4200,google/gemma-3-12b-it,tool,en,indefinite_prod,pencil,Name an example of a tool: ___,-11.0,-11.0
4201,google/gemma-3-12b-it,tool,en,indefinite_prod,pencil sharpener,Name an example of a tool: ___,-20.125442504882812,-6.7084808349609375
4202,google/gemma-3-12b-it,tool,en,indefinite_prod,penlight,Name an example of a tool: ___,-24.5625,-12.28125
4203,google/gemma-3-12b-it,tool,en,indefinite_prod,pickax,Name an example of a tool: ___,-13.65625,-6.828125
4204,google/gemma-3-12b-it,tool,en,indefinite_prod,pin,Name an example of a tool: ___,-16.625,-16.625
4205,google/gemma-3-12b-it,tool,en,indefinite_prod,pitchfork,Name an example of a tool: ___,-15.3369140625,-7.66845703125
4206,google/gemma-3-12b-it,tool,en,indefinite_prod,plunger,Name an example of a tool: ___,-14.75,-14.75
4207,google/gemma-3-12b-it,tool,en,indefinite_prod,pocketknife,Name an example of a tool: ___,-17.2265625,-8.61328125
4208,google/gemma-3-12b-it,tool,en,indefinite_prod,poker,Name an example of a tool: ___,-13.5,-13.5
4209,google/gemma-3-12b-it,tool,en,indefinite_prod,polisher,Name an example of a tool: ___,-17.8515625,-8.92578125
4210,google/gemma-3-12b-it,tool,en,indefinite_prod,punch,Name an example of a tool: ___,-14.1875,-14.1875
4211,google/gemma-3-12b-it,tool,en,indefinite_prod,quill,Name an example of a tool: ___,-15.9375,-15.9375
4212,google/gemma-3-12b-it,tool,en,indefinite_prod,ratchet,Name an example of a tool: ___,-13.625,-13.625
4213,google/gemma-3-12b-it,tool,en,indefinite_prod,razor,Name an example of a tool: ___,-13.3125,-13.3125
4214,google/gemma-3-12b-it,tool,en,indefinite_prod,rolling pin,Name an example of a tool: ___,-16.632568359375,-8.3162841796875
4215,google/gemma-3-12b-it,tool,en,indefinite_prod,rope,Name an example of a tool: ___,-10.9375,-10.9375
4216,google/gemma-3-12b-it,tool,en,indefinite_prod,ruler,Name an example of a tool: ___,-12.5,-12.5
4217,google/gemma-3-12b-it,tool,en,indefinite_prod,sandpaper,Name an example of a tool: ___,-9.875,-9.875
4218,google/gemma-3-12b-it,tool,en,indefinite_prod,sawhorse,Name an example of a tool: ___,-21.25,-10.625
4219,google/gemma-3-12b-it,tool,en,indefinite_prod,scalpel,Name an example of a tool: ___,-11.438621520996094,-5.719310760498047
4220,google/gemma-3-12b-it,tool,en,indefinite_prod,scissors,Name an example of a tool: ___,-8.75,-8.75
4221,google/gemma-3-12b-it,tool,en,indefinite_prod,scoop,Name an example of a tool: ___,-14.8125,-14.8125
4222,google/gemma-3-12b-it,tool,en,indefinite_prod,scraper,Name an example of a tool: ___,-12.625,-12.625
4223,google/gemma-3-12b-it,tool,en,indefinite_prod,shears,Name an example of a tool: ___,-11.625,-11.625
4224,google/gemma-3-12b-it,tool,en,indefinite_prod,sledgehammer,Name an example of a tool: ___,-12.4462890625,-6.22314453125
4225,google/gemma-3-12b-it,tool,en,indefinite_prod,soldering iron,Name an example of a tool: ___,-13.2659912109375,-6.63299560546875
4226,google/gemma-3-12b-it,tool,en,indefinite_prod,spatula,Name an example of a tool: ___,-9.8125,-9.8125
4227,google/gemma-3-12b-it,tool,en,indefinite_prod,spoon,Name an example of a tool: ___,-9.6875,-9.6875
4228,google/gemma-3-12b-it,tool,en,indefinite_prod,squeegee,Name an example of a tool: ___,-15.34427261352539,-5.114757537841797
4229,google/gemma-3-12b-it,tool,en,indefinite_prod,stamp,Name an example of a tool: ___,-13.6875,-13.6875
4230,google/gemma-3-12b-it,tool,en,indefinite_prod,staple gun,Name an example of a tool: ___,-13.697265625,-6.8486328125
4231,google/gemma-3-12b-it,tool,en,indefinite_prod,sweeper,Name an example of a tool: ___,-16.4453125,-8.22265625
4232,google/gemma-3-12b-it,tool,en,indefinite_prod,tape measure,Name an example of a tool: ___,-13.3681640625,-6.68408203125
4233,google/gemma-3-12b-it,tool,en,indefinite_prod,tongs,Name an example of a tool: ___,-13.5,-13.5
4234,google/gemma-3-12b-it,tool,en,indefinite_prod,tool,Name an example of a tool: ___,-6.40625,-6.40625
4235,google/gemma-3-12b-it,tool,en,indefinite_prod,trident,Name an example of a tool: ___,-20.25,-20.25
4236,google/gemma-3-12b-it,tool,en,indefinite_prod,trowel,Name an example of a tool: ___,-12.033935546875,-6.0169677734375
4237,google/gemma-3-12b-it,tool,en,indefinite_prod,tweezers,Name an example of a tool: ___,-11.9375,-11.9375
4238,google/gemma-3-12b-it,tool,en,indefinite_prod,vacuum,Name an example of a tool: ___,-14.8125,-14.8125
4239,google/gemma-3-12b-it,tool,en,indefinite_prod,vise,Name an example of a tool: ___,-14.4375,-14.4375
4240,google/gemma-3-12b-it,tool,en,indefinite_prod,watering can,Name an example of a tool: ___,-13.194854736328125,-6.5974273681640625
4241,google/gemma-3-12b-it,tool,en,indefinite_prod,wedge,Name an example of a tool: ___,-13.625,-13.625
4242,google/gemma-3-12b-it,tool,en,indefinite_prod,wire cutters,Name an example of a tool: ___,-14.7890625,-7.39453125
4243,google/gemma-3-12b-it,tool,en,indefinite_prod,wrench,Name an example of a tool: ___,-7.90625,-7.90625
4244,google/gemma-3-12b-it,toy,en,generic,rattle,One example of a toy is ___.,-22.875,-22.875
4245,google/gemma-3-12b-it,toy,en,generic,ball,One example of a toy is ___.,-16.875,-16.875
4246,google/gemma-3-12b-it,toy,en,generic,balloon,One example of a toy is ___.,-19.625,-19.625
4247,google/gemma-3-12b-it,toy,en,generic,beachball,One example of a toy is ___.,-24.84375,-12.421875
4248,google/gemma-3-12b-it,toy,en,generic,boomerang,One example of a toy is ___.,-23.5,-23.5
4249,google/gemma-3-12b-it,toy,en,generic,crayon,One example of a toy is ___.,-16.125,-16.125
4250,google/gemma-3-12b-it,toy,en,generic,doll,One example of a toy is ___.,-15.375,-15.375
4251,google/gemma-3-12b-it,toy,en,generic,dollhouse,One example of a toy is ___.,-24.5625,-12.28125
4252,google/gemma-3-12b-it,toy,en,generic,dreidel,One example of a toy is ___.,-24.6875,-12.34375
4253,google/gemma-3-12b-it,toy,en,generic,frisbee,One example of a toy is ___.,-22.181640625,-11.0908203125
4254,google/gemma-3-12b-it,toy,en,generic,gyroscope,One example of a toy is ___.,-24.875,-24.875
4255,google/gemma-3-12b-it,toy,en,generic,hobbyhorse,One example of a toy is ___.,-29.75,-14.875
4256,google/gemma-3-12b-it,toy,en,generic,hula hoop,One example of a toy is ___.,-26.6376953125,-8.879231770833334
4257,google/gemma-3-12b-it,toy,en,generic,kaleidoscope,One example of a toy is ___.,-24.375,-24.375
4258,google/gemma-3-12b-it,toy,en,generic,kite,One example of a toy is ___.,-19.125,-19.125
4259,google/gemma-3-12b-it,toy,en,generic,lego,One example of a toy is ___.,-15.5625,-15.5625
4260,google/gemma-3-12b-it,toy,en,generic,marble,One example of a toy is ___.,-16.75,-16.75
4261,google/gemma-3-12b-it,toy,en,generic,music box,One example of a toy is ___.,-20.154296875,-10.0771484375
4262,google/gemma-3-12b-it,toy,en,generic,noisemaker,One example of a toy is ___.,-26.75,-13.375
4263,google/gemma-3-12b-it,toy,en,generic,pinwheel,One example of a toy is ___.,-20.4638671875,-10.23193359375
4264,google/gemma-3-12b-it,toy,en,generic,pogo stick,One example of a toy is ___.,-21.58984375,-7.196614583333333
4265,google/gemma-3-12b-it,toy,en,generic,puppet,One example of a toy is ___.,-19.125,-19.125
4266,google/gemma-3-12b-it,toy,en,generic,robot,One example of a toy is ___.,-21.25,-21.25
4267,google/gemma-3-12b-it,toy,en,generic,rocking horse,One example of a toy is ___.,-23.782470703125,-11.8912353515625
4268,google/gemma-3-12b-it,toy,en,generic,scooter,One example of a toy is ___.,-24.5,-24.5
4269,google/gemma-3-12b-it,toy,en,generic,skateboard,One example of a toy is ___.,-19.5,-19.5
4270,google/gemma-3-12b-it,toy,en,generic,slingshot,One example of a toy is ___.,-24.402099609375,-12.2010498046875
4271,google/gemma-3-12b-it,toy,en,generic,squirt gun,One example of a toy is ___.,-23.224609375,-7.741536458333333
4272,google/gemma-3-12b-it,toy,en,generic,stilt,One example of a toy is ___.,-23.1328125,-11.56640625
4273,google/gemma-3-12b-it,toy,en,generic,teddy bear,One example of a toy is ___.,-15.154296875,-7.5771484375
4274,google/gemma-3-12b-it,toy,en,generic,toy,One example of a toy is ___.,-12.0625,-12.0625
4275,google/gemma-3-12b-it,toy,en,generic,train set,One example of a toy is ___.,-21.671875,-10.8359375
4276,google/gemma-3-12b-it,toy,en,generic,whoopee cushion,One example of a toy is ___.,-27.857421875,-9.285807291666666
4277,google/gemma-3-12b-it,toy,en,generic,yo-yo,One example of a toy is ___.,-20.8935546875,-6.964518229166667
4278,google/gemma-3-12b-it,toy,en,indefinite_prod,rattle,Name an example of a toy: ___,-15.9375,-15.9375
4279,google/gemma-3-12b-it,toy,en,indefinite_prod,ball,Name an example of a toy: ___,-8.125,-8.125
4280,google/gemma-3-12b-it,toy,en,indefinite_prod,balloon,Name an example of a toy: ___,-14.3125,-14.3125
4281,google/gemma-3-12b-it,toy,en,indefinite_prod,beachball,Name an example of a toy: ___,-20.40625,-10.203125
4282,google/gemma-3-12b-it,toy,en,indefinite_prod,boomerang,Name an example of a toy: ___,-17.875,-17.875
4283,google/gemma-3-12b-it,toy,en,indefinite_prod,crayon,Name an example of a toy: ___,-11.9375,-11.9375
4284,google/gemma-3-12b-it,toy,en,indefinite_prod,doll,Name an example of a toy: ___,-8.0,-8.0
4285,google/gemma-3-12b-it,toy,en,indefinite_prod,dollhouse,Name an example of a toy: ___,-21.25,-10.625
4286,google/gemma-3-12b-it,toy,en,indefinite_prod,dreidel,Name an example of a toy: ___,-20.26495361328125,-10.132476806640625
4287,google/gemma-3-12b-it,toy,en,indefinite_prod,frisbee,Name an example of a toy: ___,-17.0111083984375,-8.50555419921875
4288,google/gemma-3-12b-it,toy,en,indefinite_prod,gyroscope,Name an example of a toy: ___,-19.875,-19.875
4289,google/gemma-3-12b-it,toy,en,indefinite_prod,hobbyhorse,Name an example of a toy: ___,-21.0625,-10.53125
4290,google/gemma-3-12b-it,toy,en,indefinite_prod,hula hoop,Name an example of a toy: ___,-25.507293701171875,-8.502431233723959
4291,google/gemma-3-12b-it,toy,en,indefinite_prod,kaleidoscope,Name an example of a toy: ___,-19.375,-19.375
4292,google/gemma-3-12b-it,toy,en,indefinite_prod,kite,Name an example of a toy: ___,-14.8125,-14.8125
4293,google/gemma-3-12b-it,toy,en,indefinite_prod,lego,Name an example of a toy: ___,-9.8125,-9.8125
4294,google/gemma-3-12b-it,toy,en,indefinite_prod,marble,Name an example of a toy: ___,-10.5625,-10.5625
4295,google/gemma-3-12b-it,toy,en,indefinite_prod,music box,Name an example of a toy: ___,-17.925537109375,-8.9627685546875
4296,google/gemma-3-12b-it,toy,en,indefinite_prod,noisemaker,Name an example of a toy: ___,-23.1484375,-11.57421875
4297,google/gemma-3-12b-it,toy,en,indefinite_prod,pinwheel,Name an example of a toy: ___,-20.40869140625,-10.204345703125
4298,google/gemma-3-12b-it,toy,en,indefinite_prod,pogo stick,Name an example of a toy: ___,-16.826950073242188,-5.6089833577473955
4299,google/gemma-3-12b-it,toy,en,indefinite_prod,puppet,Name an example of a toy: ___,-13.6875,-13.6875
4300,google/gemma-3-12b-it,toy,en,indefinite_prod,robot,Name an example of a toy: ___,-14.0,-14.0
4301,google/gemma-3-12b-it,toy,en,indefinite_prod,rocking horse,Name an example of a toy: ___,-15.69207763671875,-7.846038818359375
4302,google/gemma-3-12b-it,toy,en,indefinite_prod,scooter,Name an example of a toy: ___,-14.8125,-14.8125
4303,google/gemma-3-12b-it,toy,en,indefinite_prod,skateboard,Name an example of a toy: ___,-12.8125,-12.8125
4304,google/gemma-3-12b-it,toy,en,indefinite_prod,slingshot,Name an example of a toy: ___,-18.12609100341797,-9.063045501708984
4305,google/gemma-3-12b-it,toy,en,indefinite_prod,squirt gun,Name an example of a toy: ___,-20.193603515625,-6.731201171875
4306,google/gemma-3-12b-it,toy,en,indefinite_prod,stilt,Name an example of a toy: ___,-20.21875,-10.109375
4307,google/gemma-3-12b-it,toy,en,indefinite_prod,teddy bear,Name an example of a toy: ___,-9.3328857421875,-4.66644287109375
4308,google/gemma-3-12b-it,toy,en,indefinite_prod,toy,Name an example of a toy: ___,-7.8125,-7.8125
4309,google/gemma-3-12b-it,toy,en,indefinite_prod,train set,Name an example of a toy: ___,-20.375,-10.1875
4310,google/gemma-3-12b-it,toy,en,indefinite_prod,whoopee cushion,Name an example of a toy: ___,-24.169921875,-8.056640625
4311,google/gemma-3-12b-it,toy,en,indefinite_prod,yo-yo,Name an example of a toy: ___,-14.25775146484375,-4.752583821614583
4312,google/gemma-3-12b-it,vegetable,en,generic,artichoke,One example of a vegetable is ___.,-16.97265625,-8.486328125
4313,google/gemma-3-12b-it,vegetable,en,generic,arugula,One example of a vegetable is ___.,-18.25,-18.25
4314,google/gemma-3-12b-it,vegetable,en,generic,asparagus,One example of a vegetable is ___.,-14.9375,-14.9375
4315,google/gemma-3-12b-it,vegetable,en,generic,beet,One example of a vegetable is ___.,-18.0,-18.0
4316,google/gemma-3-12b-it,vegetable,en,generic,bell pepper,One example of a vegetable is ___.,-20.0234375,-10.01171875
4317,google/gemma-3-12b-it,vegetable,en,generic,bok choy,One example of a vegetable is ___.,-24.37848174571991,-8.126160581906637
4318,google/gemma-3-12b-it,vegetable,en,generic,broccoli,One example of a vegetable is ___.,-12.5625,-12.5625
4319,google/gemma-3-12b-it,vegetable,en,generic,brussels sprouts,One example of a vegetable is ___.,-19.511062622070312,-6.5036875406901045
4320,google/gemma-3-12b-it,vegetable,en,generic,cabbage,One example of a vegetable is ___.,-15.4375,-15.4375
4321,google/gemma-3-12b-it,vegetable,en,generic,carrot,One example of a vegetable is ___.,-14.875,-14.875
4322,google/gemma-3-12b-it,vegetable,en,generic,cauliflower,One example of a vegetable is ___.,-16.625,-16.625
4323,google/gemma-3-12b-it,vegetable,en,generic,celery,One example of a vegetable is ___.,-13.875,-13.875
4324,google/gemma-3-12b-it,vegetable,en,generic,chickpea,One example of a vegetable is ___.,-21.4140625,-10.70703125
4325,google/gemma-3-12b-it,vegetable,en,generic,chive,One example of a vegetable is ___.,-26.15625,-13.078125
4326,google/gemma-3-12b-it,vegetable,en,generic,cilantro,One example of a vegetable is ___.,-19.25,-19.25
4327,google/gemma-3-12b-it,vegetable,en,generic,corn,One example of a vegetable is ___.,-13.5,-13.5
4328,google/gemma-3-12b-it,vegetable,en,generic,cucumber,One example of a vegetable is ___.,-15.5625,-15.5625
4329,google/gemma-3-12b-it,vegetable,en,generic,eggplant,One example of a vegetable is ___.,-17.75,-17.75
4330,google/gemma-3-12b-it,vegetable,en,generic,garlic,One example of a vegetable is ___.,-18.125,-18.125
4331,google/gemma-3-12b-it,vegetable,en,generic,gourd,One example of a vegetable is ___.,-21.0,-21.0
4332,google/gemma-3-12b-it,vegetable,en,generic,green beans,One example of a vegetable is ___.,-15.059814453125,-7.5299072265625
4333,google/gemma-3-12b-it,vegetable,en,generic,jalapeno,One example of a vegetable is ___.,-25.2890625,-12.64453125
4334,google/gemma-3-12b-it,vegetable,en,generic,kale,One example of a vegetable is ___.,-17.75,-17.75
4335,google/gemma-3-12b-it,vegetable,en,generic,leek,One example of a vegetable is ___.,-20.099609375,-10.0498046875
4336,google/gemma-3-12b-it,vegetable,en,generic,lettuce,One example of a vegetable is ___.,-12.8125,-12.8125
4337,google/gemma-3-12b-it,vegetable,en,generic,okra,One example of a vegetable is ___.,-16.0,-16.0
4338,google/gemma-3-12b-it,vegetable,en,generic,onion,One example of a vegetable is ___.,-17.875,-17.875
4339,google/gemma-3-12b-it,vegetable,en,generic,parsley,One example of a vegetable is ___.,-16.625,-16.625
4340,google/gemma-3-12b-it,vegetable,en,generic,pea,One example of a vegetable is ___.,-17.125,-17.125
4341,google/gemma-3-12b-it,vegetable,en,generic,pepper,One example of a vegetable is ___.,-20.0,-20.0
4342,google/gemma-3-12b-it,vegetable,en,generic,potato,One example of a vegetable is ___.,-17.0,-17.0
4343,google/gemma-3-12b-it,vegetable,en,generic,pumpkin,One example of a vegetable is ___.,-16.875,-16.875
4344,google/gemma-3-12b-it,vegetable,en,generic,radish,One example of a vegetable is ___.,-18.0,-18.0
4345,google/gemma-3-12b-it,vegetable,en,generic,rhubarb,One example of a vegetable is ___.,-18.875,-18.875
4346,google/gemma-3-12b-it,vegetable,en,generic,scallion,One example of a vegetable is ___.,-26.828125,-13.4140625
4347,google/gemma-3-12b-it,vegetable,en,generic,spinach,One example of a vegetable is ___.,-13.1875,-13.1875
4348,google/gemma-3-12b-it,vegetable,en,generic,sprouts,One example of a vegetable is ___.,-18.125,-18.125
4349,google/gemma-3-12b-it,vegetable,en,generic,squash,One example of a vegetable is ___.,-18.375,-18.375
4350,google/gemma-3-12b-it,vegetable,en,generic,sweet potato,One example of a vegetable is ___.,-17.109375,-8.5546875
4351,google/gemma-3-12b-it,vegetable,en,generic,tomato,One example of a vegetable is ___.,-15.1875,-15.1875
4352,google/gemma-3-12b-it,vegetable,en,generic,vegetable,One example of a vegetable is ___.,-13.5625,-13.5625
4353,google/gemma-3-12b-it,vegetable,en,generic,zucchini,One example of a vegetable is ___.,-15.3125,-15.3125
4354,google/gemma-3-12b-it,vegetable,en,indefinite_prod,artichoke,Name an example of a vegetable: ___,-14.658935546875,-7.3294677734375
4355,google/gemma-3-12b-it,vegetable,en,indefinite_prod,arugula,Name an example of a vegetable: ___,-16.0,-16.0
4356,google/gemma-3-12b-it,vegetable,en,indefinite_prod,asparagus,Name an example of a vegetable: ___,-12.0,-12.0
4357,google/gemma-3-12b-it,vegetable,en,indefinite_prod,beet,Name an example of a vegetable: ___,-14.875,-14.875
4358,google/gemma-3-12b-it,vegetable,en,indefinite_prod,bell pepper,Name an example of a vegetable: ___,-15.0498046875,-7.52490234375
4359,google/gemma-3-12b-it,vegetable,en,indefinite_prod,bok choy,Name an example of a vegetable: ___,-23.878852367401123,-7.959617455800374
4360,google/gemma-3-12b-it,vegetable,en,indefinite_prod,broccoli,Name an example of a vegetable: ___,-7.28125,-7.28125
4361,google/gemma-3-12b-it,vegetable,en,indefinite_prod,brussels sprouts,Name an example of a vegetable: ___,-19.70843505859375,-6.569478352864583
4362,google/gemma-3-12b-it,vegetable,en,indefinite_prod,cabbage,Name an example of a vegetable: ___,-12.125,-12.125
4363,google/gemma-3-12b-it,vegetable,en,indefinite_prod,carrot,Name an example of a vegetable: ___,-8.125,-8.125
4364,google/gemma-3-12b-it,vegetable,en,indefinite_prod,cauliflower,Name an example of a vegetable: ___,-11.0,-11.0
4365,google/gemma-3-12b-it,vegetable,en,indefinite_prod,celery,Name an example of a vegetable: ___,-11.875,-11.875
4366,google/gemma-3-12b-it,vegetable,en,indefinite_prod,chickpea,Name an example of a vegetable: ___,-19.998046875,-9.9990234375
4367,google/gemma-3-12b-it,vegetable,en,indefinite_prod,chive,Name an example of a vegetable: ___,-25.5,-12.75
4368,google/gemma-3-12b-it,vegetable,en,indefinite_prod,cilantro,Name an example of a vegetable: ___,-16.875,-16.875
4369,google/gemma-3-12b-it,vegetable,en,indefinite_prod,corn,Name an example of a vegetable: ___,-12.3125,-12.3125
4370,google/gemma-3-12b-it,vegetable,en,indefinite_prod,cucumber,Name an example of a vegetable: ___,-10.6875,-10.6875
4371,google/gemma-3-12b-it,vegetable,en,indefinite_prod,eggplant,Name an example of a vegetable: ___,-13.8125,-13.8125
4372,google/gemma-3-12b-it,vegetable,en,indefinite_prod,garlic,Name an example of a vegetable: ___,-17.375,-17.375
4373,google/gemma-3-12b-it,vegetable,en,indefinite_prod,gourd,Name an example of a vegetable: ___,-17.375,-17.375
4374,google/gemma-3-12b-it,vegetable,en,indefinite_prod,green beans,Name an example of a vegetable: ___,-13.4384765625,-6.71923828125
4375,google/gemma-3-12b-it,vegetable,en,indefinite_prod,jalapeno,Name an example of a vegetable: ___,-20.28125,-10.140625
4376,google/gemma-3-12b-it,vegetable,en,indefinite_prod,kale,Name an example of a vegetable: ___,-15.6875,-15.6875
4377,google/gemma-3-12b-it,vegetable,en,indefinite_prod,leek,Name an example of a vegetable: ___,-18.56982421875,-9.284912109375
4378,google/gemma-3-12b-it,vegetable,en,indefinite_prod,lettuce,Name an example of a vegetable: ___,-10.6875,-10.6875
4379,google/gemma-3-12b-it,vegetable,en,indefinite_prod,okra,Name an example of a vegetable: ___,-15.4375,-15.4375
4380,google/gemma-3-12b-it,vegetable,en,indefinite_prod,onion,Name an example of a vegetable: ___,-13.0,-13.0
4381,google/gemma-3-12b-it,vegetable,en,indefinite_prod,parsley,Name an example of a vegetable: ___,-15.375,-15.375
4382,google/gemma-3-12b-it,vegetable,en,indefinite_prod,pea,Name an example of a vegetable: ___,-11.5625,-11.5625
4383,google/gemma-3-12b-it,vegetable,en,indefinite_prod,pepper,Name an example of a vegetable: ___,-14.1875,-14.1875
4384,google/gemma-3-12b-it,vegetable,en,indefinite_prod,potato,Name an example of a vegetable: ___,-9.8125,-9.8125
4385,google/gemma-3-12b-it,vegetable,en,indefinite_prod,pumpkin,Name an example of a vegetable: ___,-13.125,-13.125
4386,google/gemma-3-12b-it,vegetable,en,indefinite_prod,radish,Name an example of a vegetable: ___,-15.6875,-15.6875
4387,google/gemma-3-12b-it,vegetable,en,indefinite_prod,rhubarb,Name an example of a vegetable: ___,-19.125,-19.125
4388,google/gemma-3-12b-it,vegetable,en,indefinite_prod,scallion,Name an example of a vegetable: ___,-23.765625,-11.8828125
4389,google/gemma-3-12b-it,vegetable,en,indefinite_prod,spinach,Name an example of a vegetable: ___,-11.625,-11.625
4390,google/gemma-3-12b-it,vegetable,en,indefinite_prod,sprouts,Name an example of a vegetable: ___,-15.25,-15.25
4391,google/gemma-3-12b-it,vegetable,en,indefinite_prod,squash,Name an example of a vegetable: ___,-15.25,-15.25
4392,google/gemma-3-12b-it,vegetable,en,indefinite_prod,sweet potato,Name an example of a vegetable: ___,-14.65625,-7.328125
4393,google/gemma-3-12b-it,vegetable,en,indefinite_prod,tomato,Name an example of a vegetable: ___,-9.75,-9.75
4394,google/gemma-3-12b-it,vegetable,en,indefinite_prod,vegetable,Name an example of a vegetable: ___,-11.875,-11.875
4395,google/gemma-3-12b-it,vegetable,en,indefinite_prod,zucchini,Name an example of a vegetable: ___,-13.3125,-13.3125
4396,google/gemma-3-12b-it,vehicle,en,generic,airplane,One example of a vehicle is ___.,-17.25,-17.25
4397,google/gemma-3-12b-it,vehicle,en,generic,boat,One example of a vehicle is ___.,-18.375,-18.375
4398,google/gemma-3-12b-it,vehicle,en,generic,bus,One example of a vehicle is ___.,-17.875,-17.875
4399,google/gemma-3-12b-it,vehicle,en,generic,canoe,One example of a vehicle is ___.,-23.5,-23.5
4400,google/gemma-3-12b-it,vehicle,en,generic,car,One example of a vehicle is ___.,-11.5,-11.5
4401,google/gemma-3-12b-it,vehicle,en,generic,carriage,One example of a vehicle is ___.,-20.75,-20.75
4402,google/gemma-3-12b-it,vehicle,en,generic,ferry,One example of a vehicle is ___.,-22.125,-22.125
4403,google/gemma-3-12b-it,vehicle,en,generic,helicopter,One example of a vehicle is ___.,-20.75,-20.75
4404,google/gemma-3-12b-it,vehicle,en,generic,motorcycle,One example of a vehicle is ___.,-19.375,-19.375
4405,google/gemma-3-12b-it,vehicle,en,generic,raft,One example of a vehicle is ___.,-25.625,-25.625
4406,google/gemma-3-12b-it,vehicle,en,generic,ship,One example of a vehicle is ___.,-21.25,-21.25
4407,google/gemma-3-12b-it,vehicle,en,generic,sled,One example of a vehicle is ___.,-21.25,-21.25
4408,google/gemma-3-12b-it,vehicle,en,generic,submarine,One example of a vehicle is ___.,-23.0,-23.0
4409,google/gemma-3-12b-it,vehicle,en,generic,train,One example of a vehicle is ___.,-19.125,-19.125
4410,google/gemma-3-12b-it,vehicle,en,generic,airboat,One example of a vehicle is ___.,-21.21875,-10.609375
4411,google/gemma-3-12b-it,vehicle,en,generic,aircraft carrier,One example of a vehicle is ___.,-25.0625,-12.53125
4412,google/gemma-3-12b-it,vehicle,en,generic,ambulance,One example of a vehicle is ___.,-22.5,-22.5
4413,google/gemma-3-12b-it,vehicle,en,generic,bike,One example of a vehicle is ___.,-18.75,-18.75
4414,google/gemma-3-12b-it,vehicle,en,generic,buggy,One example of a vehicle is ___.,-23.25,-23.25
4415,google/gemma-3-12b-it,vehicle,en,generic,bulldozer,One example of a vehicle is ___.,-22.75,-22.75
4416,google/gemma-3-12b-it,vehicle,en,generic,camper,One example of a vehicle is ___.,-23.125,-23.125
4417,google/gemma-3-12b-it,vehicle,en,generic,cart,One example of a vehicle is ___.,-19.125,-19.125
4418,google/gemma-3-12b-it,vehicle,en,generic,chariot,One example of a vehicle is ___.,-22.375,-22.375
4419,google/gemma-3-12b-it,vehicle,en,generic,cruise ship,One example of a vehicle is ___.,-21.68359375,-10.841796875
4420,google/gemma-3-12b-it,vehicle,en,generic,dirt bike,One example of a vehicle is ___.,-23.509765625,-11.7548828125
4421,google/gemma-3-12b-it,vehicle,en,generic,firetruck,One example of a vehicle is ___.,-20.5,-20.5
4422,google/gemma-3-12b-it,vehicle,en,generic,forklift,One example of a vehicle is ___.,-22.75,-22.75
4423,google/gemma-3-12b-it,vehicle,en,generic,garbage truck,One example of a vehicle is ___.,-23.911376953125,-11.9556884765625
4424,google/gemma-3-12b-it,vehicle,en,generic,go-kart,One example of a vehicle is ___.,-25.30859375,-8.436197916666666
4425,google/gemma-3-12b-it,vehicle,en,generic,golf cart,One example of a vehicle is ___.,-22.435546875,-11.2177734375
4426,google/gemma-3-12b-it,vehicle,en,generic,gondola,One example of a vehicle is ___.,-23.143798828125,-11.5718994140625
4427,google/gemma-3-12b-it,vehicle,en,generic,hearse,One example of a vehicle is ___.,-31.03125,-15.515625
4428,google/gemma-3-12b-it,vehicle,en,generic,hot-air balloon,One example of a vehicle is ___.,-28.26025390625,-7.0650634765625
4429,google/gemma-3-12b-it,vehicle,en,generic,hovercraft,One example of a vehicle is ___.,-23.34521484375,-11.672607421875
4430,google/gemma-3-12b-it,vehicle,en,generic,humvee,One example of a vehicle is ___.,-26.6875,-13.34375
4431,google/gemma-3-12b-it,vehicle,en,generic,jeep,One example of a vehicle is ___.,-19.75,-19.75
4432,google/gemma-3-12b-it,vehicle,en,generic,jet,One example of a vehicle is ___.,-23.875,-23.875
4433,google/gemma-3-12b-it,vehicle,en,generic,jetski,One example of a vehicle is ___.,-25.296875,-12.6484375
4434,google/gemma-3-12b-it,vehicle,en,generic,kayak,One example of a vehicle is ___.,-24.75,-24.75
4435,google/gemma-3-12b-it,vehicle,en,generic,limousine,One example of a vehicle is ___.,-21.875,-21.875
4436,google/gemma-3-12b-it,vehicle,en,generic,minivan,One example of a vehicle is ___.,-21.125,-21.125
4437,google/gemma-3-12b-it,vehicle,en,generic,police car,One example of a vehicle is ___.,-21.6480712890625,-10.82403564453125
4438,google/gemma-3-12b-it,vehicle,en,generic,quad,One example of a vehicle is ___.,-17.875,-17.875
4439,google/gemma-3-12b-it,vehicle,en,generic,rickshaw,One example of a vehicle is ___.,-22.801513671875,-11.4007568359375
4440,google/gemma-3-12b-it,vehicle,en,generic,roadsweeper,One example of a vehicle is ___.,-31.380859375,-10.460286458333334
4441,google/gemma-3-12b-it,vehicle,en,generic,rocket,One example of a vehicle is ___.,-23.5,-23.5
4442,google/gemma-3-12b-it,vehicle,en,generic,sailboat,One example of a vehicle is ___.,-21.0,-21.0
4443,google/gemma-3-12b-it,vehicle,en,generic,school bus,One example of a vehicle is ___.,-20.8953857421875,-10.44769287109375
4444,google/gemma-3-12b-it,vehicle,en,generic,scooter,One example of a vehicle is ___.,-20.875,-20.875
4445,google/gemma-3-12b-it,vehicle,en,generic,seaplane,One example of a vehicle is ___.,-24.377120971679688,-8.125706990559896
4446,google/gemma-3-12b-it,vehicle,en,generic,skateboard,One example of a vehicle is ___.,-20.375,-20.375
4447,google/gemma-3-12b-it,vehicle,en,generic,snowmobile,One example of a vehicle is ___.,-18.59130859375,-9.295654296875
4448,google/gemma-3-12b-it,vehicle,en,generic,snowplow,One example of a vehicle is ___.,-23.7509765625,-7.9169921875
4449,google/gemma-3-12b-it,vehicle,en,generic,space shuttle,One example of a vehicle is ___.,-19.166015625,-9.5830078125
4450,google/gemma-3-12b-it,vehicle,en,generic,speedboat,One example of a vehicle is ___.,-20.75,-20.75
4451,google/gemma-3-12b-it,vehicle,en,generic,station wagon,One example of a vehicle is ___.,-22.39306640625,-11.196533203125
4452,google/gemma-3-12b-it,vehicle,en,generic,steamroller,One example of a vehicle is ___.,-28.28125,-14.140625
4453,google/gemma-3-12b-it,vehicle,en,generic,stroller,One example of a vehicle is ___.,-25.0,-25.0
4454,google/gemma-3-12b-it,vehicle,en,generic,subway,One example of a vehicle is ___.,-23.25,-23.25
4455,google/gemma-3-12b-it,vehicle,en,generic,taxi,One example of a vehicle is ___.,-18.375,-18.375
4456,google/gemma-3-12b-it,vehicle,en,generic,tractor,One example of a vehicle is ___.,-21.0,-21.0
4457,google/gemma-3-12b-it,vehicle,en,generic,tricycle,One example of a vehicle is ___.,-20.375,-20.375
4458,google/gemma-3-12b-it,vehicle,en,generic,trolley,One example of a vehicle is ___.,-25.125,-25.125
4459,google/gemma-3-12b-it,vehicle,en,generic,truck,One example of a vehicle is ___.,-14.6875,-14.6875
4460,google/gemma-3-12b-it,vehicle,en,generic,tugboat,One example of a vehicle is ___.,-23.67578125,-11.837890625
4461,google/gemma-3-12b-it,vehicle,en,generic,unicycle,One example of a vehicle is ___.,-20.611328125,-10.3056640625
4462,google/gemma-3-12b-it,vehicle,en,generic,van,One example of a vehicle is ___.,-19.5,-19.5
4463,google/gemma-3-12b-it,vehicle,en,generic,wagon,One example of a vehicle is ___.,-20.875,-20.875
4464,google/gemma-3-12b-it,vehicle,en,generic,wheelchair,One example of a vehicle is ___.,-23.0,-23.0
4465,google/gemma-3-12b-it,vehicle,en,generic,yacht,One example of a vehicle is ___.,-24.0,-24.0
4466,google/gemma-3-12b-it,vehicle,en,indefinite_prod,airplane,Name an example of a vehicle: ___,-10.8125,-10.8125
4467,google/gemma-3-12b-it,vehicle,en,indefinite_prod,boat,Name an example of a vehicle: ___,-13.3125,-13.3125
4468,google/gemma-3-12b-it,vehicle,en,indefinite_prod,bus,Name an example of a vehicle: ___,-10.6875,-10.6875
4469,google/gemma-3-12b-it,vehicle,en,indefinite_prod,canoe,Name an example of a vehicle: ___,-18.125,-18.125
4470,google/gemma-3-12b-it,vehicle,en,indefinite_prod,car,Name an example of a vehicle: ___,-5.65625,-5.65625
4471,google/gemma-3-12b-it,vehicle,en,indefinite_prod,carriage,Name an example of a vehicle: ___,-14.4375,-14.4375
4472,google/gemma-3-12b-it,vehicle,en,indefinite_prod,ferry,Name an example of a vehicle: ___,-16.375,-16.375
4473,google/gemma-3-12b-it,vehicle,en,indefinite_prod,helicopter,Name an example of a vehicle: ___,-14.5,-14.5
4474,google/gemma-3-12b-it,vehicle,en,indefinite_prod,motorcycle,Name an example of a vehicle: ___,-10.625,-10.625
4475,google/gemma-3-12b-it,vehicle,en,indefinite_prod,raft,Name an example of a vehicle: ___,-20.625,-20.625
4476,google/gemma-3-12b-it,vehicle,en,indefinite_prod,ship,Name an example of a vehicle: ___,-14.1875,-14.1875
4477,google/gemma-3-12b-it,vehicle,en,indefinite_prod,sled,Name an example of a vehicle: ___,-16.25,-16.25
4478,google/gemma-3-12b-it,vehicle,en,indefinite_prod,submarine,Name an example of a vehicle: ___,-17.125,-17.125
4479,google/gemma-3-12b-it,vehicle,en,indefinite_prod,train,Name an example of a vehicle: ___,-11.5,-11.5
4480,google/gemma-3-12b-it,vehicle,en,indefinite_prod,airboat,Name an example of a vehicle: ___,-22.9375,-11.46875
4481,google/gemma-3-12b-it,vehicle,en,indefinite_prod,aircraft carrier,Name an example of a vehicle: ___,-22.8125,-11.40625
4482,google/gemma-3-12b-it,vehicle,en,indefinite_prod,ambulance,Name an example of a vehicle: ___,-15.75,-15.75
4483,google/gemma-3-12b-it,vehicle,en,indefinite_prod,bike,Name an example of a vehicle: ___,-9.75,-9.75
4484,google/gemma-3-12b-it,vehicle,en,indefinite_prod,buggy,Name an example of a vehicle: ___,-19.25,-19.25
4485,google/gemma-3-12b-it,vehicle,en,indefinite_prod,bulldozer,Name an example of a vehicle: ___,-14.75,-14.75
4486,google/gemma-3-12b-it,vehicle,en,indefinite_prod,camper,Name an example of a vehicle: ___,-17.625,-17.625
4487,google/gemma-3-12b-it,vehicle,en,indefinite_prod,cart,Name an example of a vehicle: ___,-15.625,-15.625
4488,google/gemma-3-12b-it,vehicle,en,indefinite_prod,chariot,Name an example of a vehicle: ___,-16.375,-16.375
4489,google/gemma-3-12b-it,vehicle,en,indefinite_prod,cruise ship,Name an example of a vehicle: ___,-16.8544921875,-8.42724609375
4490,google/gemma-3-12b-it,vehicle,en,indefinite_prod,dirt bike,Name an example of a vehicle: ___,-18.896240234375,-9.4481201171875
4491,google/gemma-3-12b-it,vehicle,en,indefinite_prod,firetruck,Name an example of a vehicle: ___,-12.125,-12.125
4492,google/gemma-3-12b-it,vehicle,en,indefinite_prod,forklift,Name an example of a vehicle: ___,-16.5,-16.5
4493,google/gemma-3-12b-it,vehicle,en,indefinite_prod,garbage truck,Name an example of a vehicle: ___,-20.752593994140625,-10.376296997070312
4494,google/gemma-3-12b-it,vehicle,en,indefinite_prod,go-kart,Name an example of a vehicle: ___,-20.21435546875,-6.738118489583333
4495,google/gemma-3-12b-it,vehicle,en,indefinite_prod,golf cart,Name an example of a vehicle: ___,-17.7568359375,-8.87841796875
4496,google/gemma-3-12b-it,vehicle,en,indefinite_prod,gondola,Name an example of a vehicle: ___,-20.1492919921875,-10.07464599609375
4497,google/gemma-3-12b-it,vehicle,en,indefinite_prod,hearse,Name an example of a vehicle: ___,-21.81640625,-10.908203125
4498,google/gemma-3-12b-it,vehicle,en,indefinite_prod,hot-air balloon,Name an example of a vehicle: ___,-29.73876953125,-7.4346923828125
4499,google/gemma-3-12b-it,vehicle,en,indefinite_prod,hovercraft,Name an example of a vehicle: ___,-20.0166015625,-10.00830078125
4500,google/gemma-3-12b-it,vehicle,en,indefinite_prod,humvee,Name an example of a vehicle: ___,-25.5,-12.75
4501,google/gemma-3-12b-it,vehicle,en,indefinite_prod,jeep,Name an example of a vehicle: ___,-11.25,-11.25
4502,google/gemma-3-12b-it,vehicle,en,indefinite_prod,jet,Name an example of a vehicle: ___,-16.25,-16.25
4503,google/gemma-3-12b-it,vehicle,en,indefinite_prod,jetski,Name an example of a vehicle: ___,-20.125,-10.0625
4504,google/gemma-3-12b-it,vehicle,en,indefinite_prod,kayak,Name an example of a vehicle: ___,-18.875,-18.875
4505,google/gemma-3-12b-it,vehicle,en,indefinite_prod,limousine,Name an example of a vehicle: ___,-15.6875,-15.6875
4506,google/gemma-3-12b-it,vehicle,en,indefinite_prod,minivan,Name an example of a vehicle: ___,-14.125,-14.125
4507,google/gemma-3-12b-it,vehicle,en,indefinite_prod,police car,Name an example of a vehicle: ___,-16.51397705078125,-8.256988525390625
4508,google/gemma-3-12b-it,vehicle,en,indefinite_prod,quad,Name an example of a vehicle: ___,-17.375,-17.375
4509,google/gemma-3-12b-it,vehicle,en,indefinite_prod,rickshaw,Name an example of a vehicle: ___,-19.627960205078125,-9.813980102539062
4510,google/gemma-3-12b-it,vehicle,en,indefinite_prod,roadsweeper,Name an example of a vehicle: ___,-30.51324462890625,-10.17108154296875
4511,google/gemma-3-12b-it,vehicle,en,indefinite_prod,rocket,Name an example of a vehicle: ___,-16.875,-16.875
4512,google/gemma-3-12b-it,vehicle,en,indefinite_prod,sailboat,Name an example of a vehicle: ___,-13.9375,-13.9375
4513,google/gemma-3-12b-it,vehicle,en,indefinite_prod,school bus,Name an example of a vehicle: ___,-14.565948486328125,-7.2829742431640625
4514,google/gemma-3-12b-it,vehicle,en,indefinite_prod,scooter,Name an example of a vehicle: ___,-11.625,-11.625
4515,google/gemma-3-12b-it,vehicle,en,indefinite_prod,seaplane,Name an example of a vehicle: ___,-21.54734992980957,-7.18244997660319
4516,google/gemma-3-12b-it,vehicle,en,indefinite_prod,skateboard,Name an example of a vehicle: ___,-14.4375,-14.4375
4517,google/gemma-3-12b-it,vehicle,en,indefinite_prod,snowmobile,Name an example of a vehicle: ___,-14.8798828125,-7.43994140625
4518,google/gemma-3-12b-it,vehicle,en,indefinite_prod,snowplow,Name an example of a vehicle: ___,-17.25060272216797,-5.750200907389323
4519,google/gemma-3-12b-it,vehicle,en,indefinite_prod,space shuttle,Name an example of a vehicle: ___,-15.67138671875,-7.835693359375
4520,google/gemma-3-12b-it,vehicle,en,indefinite_prod,speedboat,Name an example of a vehicle: ___,-15.3125,-15.3125
4521,google/gemma-3-12b-it,vehicle,en,indefinite_prod,station wagon,Name an example of a vehicle: ___,-14.3238525390625,-7.16192626953125
4522,google/gemma-3-12b-it,vehicle,en,indefinite_prod,steamroller,Name an example of a vehicle: ___,-20.71875,-10.359375
4523,google/gemma-3-12b-it,vehicle,en,indefinite_prod,stroller,Name an example of a vehicle: ___,-19.875,-19.875
4524,google/gemma-3-12b-it,vehicle,en,indefinite_prod,subway,Name an example of a vehicle: ___,-17.875,-17.875
4525,google/gemma-3-12b-it,vehicle,en,indefinite_prod,taxi,Name an example of a vehicle: ___,-12.0,-12.0
4526,google/gemma-3-12b-it,vehicle,en,indefinite_prod,tractor,Name an example of a vehicle: ___,-12.6875,-12.6875
4527,google/gemma-3-12b-it,vehicle,en,indefinite_prod,tricycle,Name an example of a vehicle: ___,-12.4375,-12.4375
4528,google/gemma-3-12b-it,vehicle,en,indefinite_prod,trolley,Name an example of a vehicle: ___,-19.75,-19.75
4529,google/gemma-3-12b-it,vehicle,en,indefinite_prod,truck,Name an example of a vehicle: ___,-7.71875,-7.71875
4530,google/gemma-3-12b-it,vehicle,en,indefinite_prod,tugboat,Name an example of a vehicle: ___,-19.9775390625,-9.98876953125
4531,google/gemma-3-12b-it,vehicle,en,indefinite_prod,unicycle,Name an example of a vehicle: ___,-19.0142822265625,-9.50714111328125
4532,google/gemma-3-12b-it,vehicle,en,indefinite_prod,van,Name an example of a vehicle: ___,-13.6875,-13.6875
4533,google/gemma-3-12b-it,vehicle,en,indefinite_prod,wagon,Name an example of a vehicle: ___,-13.75,-13.75
4534,google/gemma-3-12b-it,vehicle,en,indefinite_prod,wheelchair,Name an example of a vehicle: ___,-18.5,-18.5
4535,google/gemma-3-12b-it,vehicle,en,indefinite_prod,yacht,Name an example of a vehicle: ___,-17.375,-17.375
4536,google/gemma-3-12b-it,watercraft,en,generic,airboat,One example of a watercraft is ___.,-16.9453125,-8.47265625
4537,google/gemma-3-12b-it,watercraft,en,generic,aircraft carrier,One example of a watercraft is ___.,-19.25,-9.625
4538,google/gemma-3-12b-it,watercraft,en,generic,boat,One example of a watercraft is ___.,-12.9375,-12.9375
4539,google/gemma-3-12b-it,watercraft,en,generic,canoe,One example of a watercraft is ___.,-17.125,-17.125
4540,google/gemma-3-12b-it,watercraft,en,generic,cruise ship,One example of a watercraft is ___.,-17.56640625,-8.783203125
4541,google/gemma-3-12b-it,watercraft,en,generic,ferry,One example of a watercraft is ___.,-19.875,-19.875
4542,google/gemma-3-12b-it,watercraft,en,generic,gondola,One example of a watercraft is ___.,-19.905029296875,-9.9525146484375
4543,google/gemma-3-12b-it,watercraft,en,generic,hovercraft,One example of a watercraft is ___.,-20.753067016601562,-10.376533508300781
4544,google/gemma-3-12b-it,watercraft,en,generic,jetski,One example of a watercraft is ___.,-17.806396484375,-8.9031982421875
4545,google/gemma-3-12b-it,watercraft,en,generic,kayak,One example of a watercraft is ___.,-18.5,-18.5
4546,google/gemma-3-12b-it,watercraft,en,generic,raft,One example of a watercraft is ___.,-19.125,-19.125
4547,google/gemma-3-12b-it,watercraft,en,generic,sailboat,One example of a watercraft is ___.,-15.3125,-15.3125
4548,google/gemma-3-12b-it,watercraft,en,generic,seaplane,One example of a watercraft is ___.,-18.38298988342285,-6.127663294474284
4549,google/gemma-3-12b-it,watercraft,en,generic,ship,One example of a watercraft is ___.,-16.25,-16.25
4550,google/gemma-3-12b-it,watercraft,en,generic,speedboat,One example of a watercraft is ___.,-16.75,-16.75
4551,google/gemma-3-12b-it,watercraft,en,generic,submarine,One example of a watercraft is ___.,-17.875,-17.875
4552,google/gemma-3-12b-it,watercraft,en,generic,torpedo,One example of a watercraft is ___.,-20.5,-20.5
4553,google/gemma-3-12b-it,watercraft,en,generic,tugboat,One example of a watercraft is ___.,-20.166015625,-10.0830078125
4554,google/gemma-3-12b-it,watercraft,en,generic,yacht,One example of a watercraft is ___.,-18.5,-18.5
4555,google/gemma-3-12b-it,watercraft,en,indefinite_prod,airboat,Name an example of a watercraft: ___,-17.5908203125,-8.79541015625
4556,google/gemma-3-12b-it,watercraft,en,indefinite_prod,aircraft carrier,Name an example of a watercraft: ___,-18.734375,-9.3671875
4557,google/gemma-3-12b-it,watercraft,en,indefinite_prod,boat,Name an example of a watercraft: ___,-8.9375,-8.9375
4558,google/gemma-3-12b-it,watercraft,en,indefinite_prod,canoe,Name an example of a watercraft: ___,-13.1875,-13.1875
4559,google/gemma-3-12b-it,watercraft,en,indefinite_prod,cruise ship,Name an example of a watercraft: ___,-13.37939453125,-6.689697265625
4560,google/gemma-3-12b-it,watercraft,en,indefinite_prod,ferry,Name an example of a watercraft: ___,-15.9375,-15.9375
4561,google/gemma-3-12b-it,watercraft,en,indefinite_prod,gondola,Name an example of a watercraft: ___,-18.757171630859375,-9.378585815429688
4562,google/gemma-3-12b-it,watercraft,en,indefinite_prod,hovercraft,Name an example of a watercraft: ___,-18.87610626220703,-9.438053131103516
4563,google/gemma-3-12b-it,watercraft,en,indefinite_prod,jetski,Name an example of a watercraft: ___,-16.26153564453125,-8.130767822265625
4564,google/gemma-3-12b-it,watercraft,en,indefinite_prod,kayak,Name an example of a watercraft: ___,-14.8125,-14.8125
4565,google/gemma-3-12b-it,watercraft,en,indefinite_prod,raft,Name an example of a watercraft: ___,-15.625,-15.625
4566,google/gemma-3-12b-it,watercraft,en,indefinite_prod,sailboat,Name an example of a watercraft: ___,-10.375,-10.375
4567,google/gemma-3-12b-it,watercraft,en,indefinite_prod,seaplane,Name an example of a watercraft: ___,-18.640801429748535,-6.213600476582845
4568,google/gemma-3-12b-it,watercraft,en,indefinite_prod,ship,Name an example of a watercraft: ___,-11.625,-11.625
4569,google/gemma-3-12b-it,watercraft,en,indefinite_prod,speedboat,Name an example of a watercraft: ___,-12.6875,-12.6875
4570,google/gemma-3-12b-it,watercraft,en,indefinite_prod,submarine,Name an example of a watercraft: ___,-14.4375,-14.4375
4571,google/gemma-3-12b-it,watercraft,en,indefinite_prod,torpedo,Name an example of a watercraft: ___,-17.375,-17.375
4572,google/gemma-3-12b-it,watercraft,en,indefinite_prod,tugboat,Name an example of a watercraft: ___,-17.800048828125,-8.9000244140625
4573,google/gemma-3-12b-it,watercraft,en,indefinite_prod,yacht,Name an example of a watercraft: ___,-13.125,-13.125
4574,google/gemma-3-12b-it,weapon,en,generic,arrow,One example of a weapon is ___.,-17.5,-17.5
4575,google/gemma-3-12b-it,weapon,en,generic,axe,One example of a weapon is ___.,-19.0,-19.0
4576,google/gemma-3-12b-it,weapon,en,generic,baseball bat,One example of a weapon is ___.,-19.08203125,-9.541015625
4577,google/gemma-3-12b-it,weapon,en,generic,bat,One example of a weapon is ___.,-22.875,-22.875
4578,google/gemma-3-12b-it,weapon,en,generic,baton,One example of a weapon is ___.,-23.75,-23.75
4579,google/gemma-3-12b-it,weapon,en,generic,bazooka,One example of a weapon is ___.,-22.345703125,-11.1728515625
4580,google/gemma-3-12b-it,weapon,en,generic,blowgun,One example of a weapon is ___.,-23.75,-11.875
4581,google/gemma-3-12b-it,weapon,en,generic,blowtorch,One example of a weapon is ___.,-26.875,-13.4375
4582,google/gemma-3-12b-it,weapon,en,generic,bomb,One example of a weapon is ___.,-21.375,-21.375
4583,google/gemma-3-12b-it,weapon,en,generic,boomerang,One example of a weapon is ___.,-22.875,-22.875
4584,google/gemma-3-12b-it,weapon,en,generic,bow,One example of a weapon is ___.,-19.0,-19.0
4585,google/gemma-3-12b-it,weapon,en,generic,brass knuckles,One example of a weapon is ___.,-20.907470703125,-10.4537353515625
4586,google/gemma-3-12b-it,weapon,en,generic,bullet,One example of a weapon is ___.,-16.25,-16.25
4587,google/gemma-3-12b-it,weapon,en,generic,cannon,One example of a weapon is ___.,-17.375,-17.375
4588,google/gemma-3-12b-it,weapon,en,generic,cannonball,One example of a weapon is ___.,-23.15625,-11.578125
4589,google/gemma-3-12b-it,weapon,en,generic,catapult,One example of a weapon is ___.,-20.5,-20.5
4590,google/gemma-3-12b-it,weapon,en,generic,chainsaw,One example of a weapon is ___.,-19.625,-19.625
4591,google/gemma-3-12b-it,weapon,en,generic,cleaver,One example of a weapon is ___.,-23.474609375,-11.7373046875
4592,google/gemma-3-12b-it,weapon,en,generic,crossbow,One example of a weapon is ___.,-17.125,-17.125
4593,google/gemma-3-12b-it,weapon,en,generic,crowbar,One example of a weapon is ___.,-23.2177734375,-11.60888671875
4594,google/gemma-3-12b-it,weapon,en,generic,dagger,One example of a weapon is ___.,-19.25,-19.25
4595,google/gemma-3-12b-it,weapon,en,generic,dart,One example of a weapon is ___.,-19.875,-19.875
4596,google/gemma-3-12b-it,weapon,en,generic,dynamite,One example of a weapon is ___.,-19.75,-19.75
4597,google/gemma-3-12b-it,weapon,en,generic,flamethrower,One example of a weapon is ___.,-23.863869667053223,-5.965967416763306
4598,google/gemma-3-12b-it,weapon,en,generic,grenade,One example of a weapon is ___.,-20.375,-20.375
4599,google/gemma-3-12b-it,weapon,en,generic,gun,One example of a weapon is ___.,-13.9375,-13.9375
4600,google/gemma-3-12b-it,weapon,en,generic,hammer,One example of a weapon is ___.,-18.375,-18.375
4601,google/gemma-3-12b-it,weapon,en,generic,icepick,One example of a weapon is ___.,-22.84375,-11.421875
4602,google/gemma-3-12b-it,weapon,en,generic,knife,One example of a weapon is ___.,-16.875,-16.875
4603,google/gemma-3-12b-it,weapon,en,generic,landmine,One example of a weapon is ___.,-18.90625,-9.453125
4604,google/gemma-3-12b-it,weapon,en,generic,machete,One example of a weapon is ___.,-20.328125,-10.1640625
4605,google/gemma-3-12b-it,weapon,en,generic,machine gun,One example of a weapon is ___.,-17.1474609375,-8.57373046875
4606,google/gemma-3-12b-it,weapon,en,generic,missile,One example of a weapon is ___.,-20.125,-20.125
4607,google/gemma-3-12b-it,weapon,en,generic,pickax,One example of a weapon is ___.,-30.5,-15.25
4608,google/gemma-3-12b-it,weapon,en,generic,pitchfork,One example of a weapon is ___.,-20.878265380859375,-10.439132690429688
4609,google/gemma-3-12b-it,weapon,en,generic,pocketknife,One example of a weapon is ___.,-22.13671875,-11.068359375
4610,google/gemma-3-12b-it,weapon,en,generic,razor blade,One example of a weapon is ___.,-24.796875,-12.3984375
4611,google/gemma-3-12b-it,weapon,en,generic,revolver,One example of a weapon is ___.,-21.875,-21.875
4612,google/gemma-3-12b-it,weapon,en,generic,rifle,One example of a weapon is ___.,-16.75,-16.75
4613,google/gemma-3-12b-it,weapon,en,generic,scalpel,One example of a weapon is ___.,-20.376327514648438,-10.188163757324219
4614,google/gemma-3-12b-it,weapon,en,generic,scissors,One example of a weapon is ___.,-17.125,-17.125
4615,google/gemma-3-12b-it,weapon,en,generic,slingshot,One example of a weapon is ___.,-22.2578125,-11.12890625
4616,google/gemma-3-12b-it,weapon,en,generic,spear,One example of a weapon is ___.,-19.0,-19.0
4617,google/gemma-3-12b-it,weapon,en,generic,sword,One example of a weapon is ___.,-16.375,-16.375
4618,google/gemma-3-12b-it,weapon,en,generic,tank,One example of a weapon is ___.,-19.875,-19.875
4619,google/gemma-3-12b-it,weapon,en,generic,torpedo,One example of a weapon is ___.,-21.625,-21.625
4620,google/gemma-3-12b-it,weapon,en,generic,trident,One example of a weapon is ___.,-22.75,-22.75
4621,google/gemma-3-12b-it,weapon,en,generic,whip,One example of a weapon is ___.,-21.75,-21.75
4622,google/gemma-3-12b-it,weapon,en,indefinite_prod,arrow,Name an example of a weapon: ___,-12.5,-12.5
4623,google/gemma-3-12b-it,weapon,en,indefinite_prod,axe,Name an example of a weapon: ___,-10.875,-10.875
4624,google/gemma-3-12b-it,weapon,en,indefinite_prod,baseball bat,Name an example of a weapon: ___,-12.379150390625,-6.1895751953125
4625,google/gemma-3-12b-it,weapon,en,indefinite_prod,bat,Name an example of a weapon: ___,-15.25,-15.25
4626,google/gemma-3-12b-it,weapon,en,indefinite_prod,baton,Name an example of a weapon: ___,-15.5,-15.5
4627,google/gemma-3-12b-it,weapon,en,indefinite_prod,bazooka,Name an example of a weapon: ___,-15.81756591796875,-7.908782958984375
4628,google/gemma-3-12b-it,weapon,en,indefinite_prod,blowgun,Name an example of a weapon: ___,-18.5546875,-9.27734375
4629,google/gemma-3-12b-it,weapon,en,indefinite_prod,blowtorch,Name an example of a weapon: ___,-22.0625,-11.03125
4630,google/gemma-3-12b-it,weapon,en,indefinite_prod,bomb,Name an example of a weapon: ___,-16.0,-16.0
4631,google/gemma-3-12b-it,weapon,en,indefinite_prod,boomerang,Name an example of a weapon: ___,-16.0,-16.0
4632,google/gemma-3-12b-it,weapon,en,indefinite_prod,bow,Name an example of a weapon: ___,-12.25,-12.25
4633,google/gemma-3-12b-it,weapon,en,indefinite_prod,brass knuckles,Name an example of a weapon: ___,-17.285400390625,-8.6427001953125
4634,google/gemma-3-12b-it,weapon,en,indefinite_prod,bullet,Name an example of a weapon: ___,-14.75,-14.75
4635,google/gemma-3-12b-it,weapon,en,indefinite_prod,cannon,Name an example of a weapon: ___,-11.375,-11.375
4636,google/gemma-3-12b-it,weapon,en,indefinite_prod,cannonball,Name an example of a weapon: ___,-19.3125,-9.65625
4637,google/gemma-3-12b-it,weapon,en,indefinite_prod,catapult,Name an example of a weapon: ___,-13.25,-13.25
4638,google/gemma-3-12b-it,weapon,en,indefinite_prod,chainsaw,Name an example of a weapon: ___,-13.0,-13.0
4639,google/gemma-3-12b-it,weapon,en,indefinite_prod,cleaver,Name an example of a weapon: ___,-18.00299072265625,-9.001495361328125
4640,google/gemma-3-12b-it,weapon,en,indefinite_prod,crossbow,Name an example of a weapon: ___,-12.6875,-12.6875
4641,google/gemma-3-12b-it,weapon,en,indefinite_prod,crowbar,Name an example of a weapon: ___,-17.503189086914062,-8.751594543457031
4642,google/gemma-3-12b-it,weapon,en,indefinite_prod,dagger,Name an example of a weapon: ___,-11.3125,-11.3125
4643,google/gemma-3-12b-it,weapon,en,indefinite_prod,dart,Name an example of a weapon: ___,-13.3125,-13.3125
4644,google/gemma-3-12b-it,weapon,en,indefinite_prod,dynamite,Name an example of a weapon: ___,-16.5,-16.5
4645,google/gemma-3-12b-it,weapon,en,indefinite_prod,flamethrower,Name an example of a weapon: ___,-16.50633192062378,-4.126582980155945
4646,google/gemma-3-12b-it,weapon,en,indefinite_prod,grenade,Name an example of a weapon: ___,-13.125,-13.125
4647,google/gemma-3-12b-it,weapon,en,indefinite_prod,gun,Name an example of a weapon: ___,-8.0625,-8.0625
4648,google/gemma-3-12b-it,weapon,en,indefinite_prod,hammer,Name an example of a weapon: ___,-10.125,-10.125
4649,google/gemma-3-12b-it,weapon,en,indefinite_prod,icepick,Name an example of a weapon: ___,-19.0,-9.5
4650,google/gemma-3-12b-it,weapon,en,indefinite_prod,knife,Name an example of a weapon: ___,-8.6875,-8.6875
4651,google/gemma-3-12b-it,weapon,en,indefinite_prod,landmine,Name an example of a weapon: ___,-17.396484375,-8.6982421875
4652,google/gemma-3-12b-it,weapon,en,indefinite_prod,machete,Name an example of a weapon: ___,-14.70074462890625,-7.350372314453125
4653,google/gemma-3-12b-it,weapon,en,indefinite_prod,machine gun,Name an example of a weapon: ___,-11.0089111328125,-5.50445556640625
4654,google/gemma-3-12b-it,weapon,en,indefinite_prod,missile,Name an example of a weapon: ___,-14.5,-14.5
4655,google/gemma-3-12b-it,weapon,en,indefinite_prod,pickax,Name an example of a weapon: ___,-18.90625,-9.453125
4656,google/gemma-3-12b-it,weapon,en,indefinite_prod,pitchfork,Name an example of a weapon: ___,-15.690277099609375,-7.8451385498046875
4657,google/gemma-3-12b-it,weapon,en,indefinite_prod,pocketknife,Name an example of a weapon: ___,-16.33984375,-8.169921875
4658,google/gemma-3-12b-it,weapon,en,indefinite_prod,razor blade,Name an example of a weapon: ___,-20.109375,-10.0546875
4659,google/gemma-3-12b-it,weapon,en,indefinite_prod,revolver,Name an example of a weapon: ___,-12.125,-12.125
4660,google/gemma-3-12b-it,weapon,en,indefinite_prod,rifle,Name an example of a weapon: ___,-9.0,-9.0
4661,google/gemma-3-12b-it,weapon,en,indefinite_prod,scalpel,Name an example of a weapon: ___,-15.125076293945312,-7.562538146972656
4662,google/gemma-3-12b-it,weapon,en,indefinite_prod,scissors,Name an example of a weapon: ___,-14.4375,-14.4375
4663,google/gemma-3-12b-it,weapon,en,indefinite_prod,slingshot,Name an example of a weapon: ___,-13.44989013671875,-6.724945068359375
4664,google/gemma-3-12b-it,weapon,en,indefinite_prod,spear,Name an example of a weapon: ___,-9.625,-9.625
4665,google/gemma-3-12b-it,weapon,en,indefinite_prod,sword,Name an example of a weapon: ___,-6.3125,-6.3125
4666,google/gemma-3-12b-it,weapon,en,indefinite_prod,tank,Name an example of a weapon: ___,-13.8125,-13.8125
4667,google/gemma-3-12b-it,weapon,en,indefinite_prod,torpedo,Name an example of a weapon: ___,-15.625,-15.625
4668,google/gemma-3-12b-it,weapon,en,indefinite_prod,trident,Name an example of a weapon: ___,-17.25,-17.25
4669,google/gemma-3-12b-it,weapon,en,indefinite_prod,whip,Name an example of a weapon: ___,-15.75,-15.75
4670,google/gemma-3-12b-it,women's clothing,en,generic,bikini,One example of a women's clothing is ___.,-19.75,-19.75
4671,google/gemma-3-12b-it,women's clothing,en,generic,blouse,One example of a women's clothing is ___.,-12.9375,-12.9375
4672,google/gemma-3-12b-it,women's clothing,en,generic,boa,One example of a women's clothing is ___.,-22.75,-22.75
4673,google/gemma-3-12b-it,women's clothing,en,generic,bra,One example of a women's clothing is ___.,-18.125,-18.125
4674,google/gemma-3-12b-it,women's clothing,en,generic,corset,One example of a women's clothing is ___.,-19.375,-19.375
4675,google/gemma-3-12b-it,women's clothing,en,generic,dress,One example of a women's clothing is ___.,-11.9375,-11.9375
4676,google/gemma-3-12b-it,women's clothing,en,generic,fishnet stockings,One example of a women's clothing is ___.,-17.082275390625,-5.694091796875
4677,google/gemma-3-12b-it,women's clothing,en,generic,garter,One example of a women's clothing is ___.,-19.40625,-9.703125
4678,google/gemma-3-12b-it,women's clothing,en,generic,headscarf,One example of a women's clothing is ___.,-18.869140625,-6.289713541666667
4679,google/gemma-3-12b-it,women's clothing,en,generic,kimono,One example of a women's clothing is ___.,-18.5,-18.5
4680,google/gemma-3-12b-it,women's clothing,en,generic,leggings,One example of a women's clothing is ___.,-14.6875,-14.6875
4681,google/gemma-3-12b-it,women's clothing,en,generic,lingerie,One example of a women's clothing is ___.,-15.375,-15.375
4682,google/gemma-3-12b-it,women's clothing,en,generic,pantsuit,One example of a women's clothing is ___.,-17.71875,-8.859375
4683,google/gemma-3-12b-it,women's clothing,en,generic,pantyhose,One example of a women's clothing is ___.,-21.243408203125,-7.081136067708333
4684,google/gemma-3-12b-it,women's clothing,en,generic,skirt,One example of a women's clothing is ___.,-14.75,-14.75
4685,google/gemma-3-12b-it,women's clothing,en,generic,stiletto,One example of a women's clothing is ___.,-21.306884765625,-10.6534423828125
4686,google/gemma-3-12b-it,women's clothing,en,generic,stockings,One example of a women's clothing is ___.,-18.125,-18.125
4687,google/gemma-3-12b-it,women's clothing,en,generic,tiara,One example of a women's clothing is ___.,-18.126953125,-9.0634765625
4688,google/gemma-3-12b-it,women's clothing,en,generic,tube top,One example of a women's clothing is ___.,-22.8828125,-11.44140625
4689,google/gemma-3-12b-it,women's clothing,en,generic,veil,One example of a women's clothing is ___.,-21.0,-21.0
4690,google/gemma-3-12b-it,women's clothing,en,indefinite_prod,bikini,Name an example of a women's clothing: ___,-13.5,-13.5
4691,google/gemma-3-12b-it,women's clothing,en,indefinite_prod,blouse,Name an example of a women's clothing: ___,-5.03125,-5.03125
4692,google/gemma-3-12b-it,women's clothing,en,indefinite_prod,boa,Name an example of a women's clothing: ___,-15.125,-15.125
4693,google/gemma-3-12b-it,women's clothing,en,indefinite_prod,bra,Name an example of a women's clothing: ___,-11.1875,-11.1875
4694,google/gemma-3-12b-it,women's clothing,en,indefinite_prod,corset,Name an example of a women's clothing: ___,-12.875,-12.875
4695,google/gemma-3-12b-it,women's clothing,en,indefinite_prod,dress,Name an example of a women's clothing: ___,-2.265625,-2.265625
4696,google/gemma-3-12b-it,women's clothing,en,indefinite_prod,fishnet stockings,Name an example of a women's clothing: ___,-17.5185546875,-5.839518229166667
4697,google/gemma-3-12b-it,women's clothing,en,indefinite_prod,garter,Name an example of a women's clothing: ___,-15.12890625,-7.564453125
4698,google/gemma-3-12b-it,women's clothing,en,indefinite_prod,headscarf,Name an example of a women's clothing: ___,-15.2265625,-5.075520833333333
4699,google/gemma-3-12b-it,women's clothing,en,indefinite_prod,kimono,Name an example of a women's clothing: ___,-13.3125,-13.3125
4700,google/gemma-3-12b-it,women's clothing,en,indefinite_prod,leggings,Name an example of a women's clothing: ___,-10.0,-10.0
4701,google/gemma-3-12b-it,women's clothing,en,indefinite_prod,lingerie,Name an example of a women's clothing: ___,-13.3125,-13.3125
4702,google/gemma-3-12b-it,women's clothing,en,indefinite_prod,pantsuit,Name an example of a women's clothing: ___,-12.3125,-6.15625
4703,google/gemma-3-12b-it,women's clothing,en,indefinite_prod,pantyhose,Name an example of a women's clothing: ___,-14.3193359375,-4.773111979166667
4704,google/gemma-3-12b-it,women's clothing,en,indefinite_prod,skirt,Name an example of a women's clothing: ___,-4.40625,-4.40625
4705,google/gemma-3-12b-it,women's clothing,en,indefinite_prod,stiletto,Name an example of a women's clothing: ___,-17.2412109375,-8.62060546875
4706,google/gemma-3-12b-it,women's clothing,en,indefinite_prod,stockings,Name an example of a women's clothing: ___,-10.9375,-10.9375
4707,google/gemma-3-12b-it,women's clothing,en,indefinite_prod,tiara,Name an example of a women's clothing: ___,-13.761474609375,-6.8807373046875
4708,google/gemma-3-12b-it,women's clothing,en,indefinite_prod,tube top,Name an example of a women's clothing: ___,-15.5947265625,-7.79736328125
4709,google/gemma-3-12b-it,women's clothing,en,indefinite_prod,veil,Name an example of a women's clothing: ___,-15.1875,-15.1875
4710,google/gemma-3-12b-it,Tier,ger,generic,Ameise,Ein Beispiel für Tier ist ___.,-19.2890625,-9.64453125
4711,google/gemma-3-12b-it,Tier,ger,generic,Biene,Ein Beispiel für Tier ist ___.,-19.046875,-9.5234375
4712,google/gemma-3-12b-it,Tier,ger,generic,Schmetterling,Ein Beispiel für Tier ist ___.,-19.673828125,-6.557942708333333
4713,google/gemma-3-12b-it,Tier,ger,generic,Krähe,Ein Beispiel für Tier ist ___.,-22.375,-11.1875
4714,google/gemma-3-12b-it,Tier,ger,generic,Ente,Ein Beispiel für Tier ist ___.,-15.7109375,-7.85546875
4715,google/gemma-3-12b-it,Tier,ger,generic,Adler,Ein Beispiel für Tier ist ___.,-16.625,-16.625
4716,google/gemma-3-12b-it,Tier,ger,generic,Frosch,Ein Beispiel für Tier ist ___.,-20.890869140625,-6.963623046875
4717,google/gemma-3-12b-it,Tier,ger,generic,Kolibri,Ein Beispiel für Tier ist ___.,-16.666015625,-8.3330078125
4718,google/gemma-3-12b-it,Tier,ger,generic,Leguan,Ein Beispiel für Tier ist ___.,-27.75,-13.875
4719,google/gemma-3-12b-it,Tier,ger,generic,Eidechse,Ein Beispiel für Tier ist ___.,-18.56201171875,-4.6405029296875
4720,google/gemma-3-12b-it,Tier,ger,generic,Eule,Ein Beispiel für Tier ist ___.,-15.90625,-7.953125
4721,google/gemma-3-12b-it,Tier,ger,generic,Papagei,Ein Beispiel für Tier ist ___.,-17.266693115234375,-5.755564371744792
4722,google/gemma-3-12b-it,Tier,ger,generic,Möwe,Ein Beispiel für Tier ist ___.,-21.375,-10.6875
4723,google/gemma-3-12b-it,Tier,ger,generic,Schlange,Ein Beispiel für Tier ist ___.,-16.0076904296875,-8.00384521484375
4724,google/gemma-3-12b-it,Tier,ger,generic,Spinne,Ein Beispiel für Tier ist ___.,-19.557373046875,-9.7786865234375
4725,google/gemma-3-12b-it,Tier,ger,generic,Geier,Ein Beispiel für Tier ist ___.,-24.6875,-12.34375
4726,google/gemma-3-12b-it,Tier,ger,generic,Wespe,Ein Beispiel für Tier ist ___.,-27.375,-13.6875
4727,google/gemma-3-12b-it,Tier,ger,generic,Wurm,Ein Beispiel für Tier ist ___.,-13.875,-6.9375
4728,google/gemma-3-12b-it,Tier,ger,generic,Käfer,Ein Beispiel für Tier ist ___.,-15.638671875,-7.8193359375
4729,google/gemma-3-12b-it,Tier,ger,generic,Libelle,Ein Beispiel für Tier ist ___.,-18.390625,-9.1953125
4730,google/gemma-3-12b-it,Tier,ger,generic,Flamingo,Ein Beispiel für Tier ist ___.,-18.125,-18.125
4731,google/gemma-3-12b-it,Tier,ger,generic,Falke,Ein Beispiel für Tier ist ___.,-19.125,-9.5625
4732,google/gemma-3-12b-it,Tier,ger,generic,Marienkäfer,Ein Beispiel für Tier ist ___.,-19.109455585479736,-4.777363896369934
4733,google/gemma-3-12b-it,Tier,ger,generic,Pfau,Ein Beispiel für Tier ist ___.,-23.75,-11.875
4734,google/gemma-3-12b-it,Tier,ger,generic,Pelikan,Ein Beispiel für Tier ist ___.,-24.90625,-12.453125
4735,google/gemma-3-12b-it,Tier,ger,generic,Pinguin,Ein Beispiel für Tier ist ___.,-16.24560546875,-5.415201822916667
4736,google/gemma-3-12b-it,Tier,ger,generic,Fasan,Ein Beispiel für Tier ist ___.,-23.0,-11.5
4737,google/gemma-3-12b-it,Tier,ger,generic,Seepferdchen,Ein Beispiel für Tier ist ___.,-21.813810348510742,-5.4534525871276855
4738,google/gemma-3-12b-it,Tier,ger,generic,Seestern,Ein Beispiel für Tier ist ___.,-18.84375,-9.421875
4739,google/gemma-3-12b-it,Tier,ger,generic,Schwan,Ein Beispiel für Tier ist ___.,-20.4375,-10.21875
4740,google/gemma-3-12b-it,Tier,ger,generic,Tarantel,Ein Beispiel für Tier ist ___.,-21.265625,-10.6328125
4741,google/gemma-3-12b-it,Tier,ger,generic,Zecke,Ein Beispiel für Tier ist ___.,-25.1875,-12.59375
4742,google/gemma-3-12b-it,Tier,ger,generic,Fliegen,Ein Beispiel für Tier ist ___.,-16.90625,-8.453125
4743,google/gemma-3-12b-it,Tier,ger,indefinite_prod,Ameise,Nenne ein Beispiel für Tier: ___,-12.5556640625,-6.27783203125
4744,google/gemma-3-12b-it,Tier,ger,indefinite_prod,Biene,Nenne ein Beispiel für Tier: ___,-14.875,-7.4375
4745,google/gemma-3-12b-it,Tier,ger,indefinite_prod,Schmetterling,Nenne ein Beispiel für Tier: ___,-15.406791687011719,-5.135597229003906
4746,google/gemma-3-12b-it,Tier,ger,indefinite_prod,Krähe,Nenne ein Beispiel für Tier: ___,-16.168701171875,-8.0843505859375
4747,google/gemma-3-12b-it,Tier,ger,indefinite_prod,Ente,Nenne ein Beispiel für Tier: ___,-12.375027894973755,-6.187513947486877
4748,google/gemma-3-12b-it,Tier,ger,indefinite_prod,Adler,Nenne ein Beispiel für Tier: ___,-14.25,-14.25
4749,google/gemma-3-12b-it,Tier,ger,indefinite_prod,Frosch,Nenne ein Beispiel für Tier: ___,-11.539688110351562,-3.846562703450521
4750,google/gemma-3-12b-it,Tier,ger,indefinite_prod,Kolibri,Nenne ein Beispiel für Tier: ___,-14.755584716796875,-7.3777923583984375
4751,google/gemma-3-12b-it,Tier,ger,indefinite_prod,Leguan,Nenne ein Beispiel für Tier: ___,-14.15625,-7.078125
4752,google/gemma-3-12b-it,Tier,ger,indefinite_prod,Eidechse,Nenne ein Beispiel für Tier: ___,-11.893856048583984,-2.973464012145996
4753,google/gemma-3-12b-it,Tier,ger,indefinite_prod,Eule,Nenne ein Beispiel für Tier: ___,-10.86328125,-5.431640625
4754,google/gemma-3-12b-it,Tier,ger,indefinite_prod,Papagei,Nenne ein Beispiel für Tier: ___,-13.888092517852783,-4.629364172617595
4755,google/gemma-3-12b-it,Tier,ger,indefinite_prod,Möwe,Nenne ein Beispiel für Tier: ___,-14.1533203125,-7.07666015625
4756,google/gemma-3-12b-it,Tier,ger,indefinite_prod,Schlange,Nenne ein Beispiel für Tier: ___,-12.500116348266602,-6.250058174133301
4757,google/gemma-3-12b-it,Tier,ger,indefinite_prod,Spinne,Nenne ein Beispiel für Tier: ___,-15.87575912475586,-7.93787956237793
4758,google/gemma-3-12b-it,Tier,ger,indefinite_prod,Geier,Nenne ein Beispiel für Tier: ___,-15.5625,-7.78125
4759,google/gemma-3-12b-it,Tier,ger,indefinite_prod,Wespe,Nenne ein Beispiel für Tier: ___,-20.46875,-10.234375
4760,google/gemma-3-12b-it,Tier,ger,indefinite_prod,Wurm,Nenne ein Beispiel für Tier: ___,-12.0714111328125,-6.03570556640625
4761,google/gemma-3-12b-it,Tier,ger,indefinite_prod,Käfer,Nenne ein Beispiel für Tier: ___,-14.820281982421875,-7.4101409912109375
4762,google/gemma-3-12b-it,Tier,ger,indefinite_prod,Libelle,Nenne ein Beispiel für Tier: ___,-18.13189697265625,-9.065948486328125
4763,google/gemma-3-12b-it,Tier,ger,indefinite_prod,Flamingo,Nenne ein Beispiel für Tier: ___,-13.9375,-13.9375
4764,google/gemma-3-12b-it,Tier,ger,indefinite_prod,Falke,Nenne ein Beispiel für Tier: ___,-12.671875,-6.3359375
4765,google/gemma-3-12b-it,Tier,ger,indefinite_prod,Marienkäfer,Nenne ein Beispiel für Tier: ___,-15.006504535675049,-3.751626133918762
4766,google/gemma-3-12b-it,Tier,ger,indefinite_prod,Pfau,Nenne ein Beispiel für Tier: ___,-15.8984375,-7.94921875
4767,google/gemma-3-12b-it,Tier,ger,indefinite_prod,Pelikan,Nenne ein Beispiel für Tier: ___,-13.2412109375,-6.62060546875
4768,google/gemma-3-12b-it,Tier,ger,indefinite_prod,Pinguin,Nenne ein Beispiel für Tier: ___,-11.570650100708008,-3.8568833669026694
4769,google/gemma-3-12b-it,Tier,ger,indefinite_prod,Fasan,Nenne ein Beispiel für Tier: ___,-18.03125,-9.015625
4770,google/gemma-3-12b-it,Tier,ger,indefinite_prod,Seepferdchen,Nenne ein Beispiel für Tier: ___,-13.16615605354309,-3.2915390133857727
4771,google/gemma-3-12b-it,Tier,ger,indefinite_prod,Seestern,Nenne ein Beispiel für Tier: ___,-18.1875,-9.09375
4772,google/gemma-3-12b-it,Tier,ger,indefinite_prod,Schwan,Nenne ein Beispiel für Tier: ___,-17.28125,-8.640625
4773,google/gemma-3-12b-it,Tier,ger,indefinite_prod,Tarantel,Nenne ein Beispiel für Tier: ___,-17.7099609375,-8.85498046875
4774,google/gemma-3-12b-it,Tier,ger,indefinite_prod,Zecke,Nenne ein Beispiel für Tier: ___,-14.1328125,-7.06640625
4775,google/gemma-3-12b-it,Tier,ger,indefinite_prod,Fliegen,Nenne ein Beispiel für Tier: ___,-19.28125,-9.640625
4776,google/gemma-3-12b-it,Kleidung,ger,generic,Bluse,Ein Beispiel für Kleidung ist ___.,-16.3515625,-8.17578125
4777,google/gemma-3-12b-it,Kleidung,ger,generic,Umhang,Ein Beispiel für Kleidung ist ___.,-22.1875,-11.09375
4778,google/gemma-3-12b-it,Kleidung,ger,generic,Mantel,Ein Beispiel für Kleidung ist ___.,-17.0,-17.0
4779,google/gemma-3-12b-it,Kleidung,ger,generic,Kleid,Ein Beispiel für Kleidung ist ___.,-11.8125,-11.8125
4780,google/gemma-3-12b-it,Kleidung,ger,generic,Handschuh,Ein Beispiel für Kleidung ist ___.,-22.13507080078125,-7.37835693359375
4781,google/gemma-3-12b-it,Kleidung,ger,generic,Jacke,Ein Beispiel für Kleidung ist ___.,-17.65234375,-8.826171875
4782,google/gemma-3-12b-it,Kleidung,ger,generic,Regenjacke,Ein Beispiel für Kleidung ist ___.,-19.2109375,-9.60546875
4783,google/gemma-3-12b-it,Kleidung,ger,generic,Schal,Ein Beispiel für Kleidung ist ___.,-17.71875,-8.859375
4784,google/gemma-3-12b-it,Kleidung,ger,generic,Hemd,Ein Beispiel für Kleidung ist ___.,-20.171875,-10.0859375
4785,google/gemma-3-12b-it,Kleidung,ger,generic,Rock,Ein Beispiel für Kleidung ist ___.,-15.5625,-15.5625
4786,google/gemma-3-12b-it,Kleidung,ger,generic,Socke,Ein Beispiel für Kleidung ist ___.,-22.6875,-11.34375
4787,google/gemma-3-12b-it,Kleidung,ger,generic,Pullover,Ein Beispiel für Kleidung ist ___.,-16.750938415527344,-8.375469207763672
4788,google/gemma-3-12b-it,Kleidung,ger,generic,Stirnband,Ein Beispiel für Kleidung ist ___.,-18.1591796875,-6.053059895833333
4789,google/gemma-3-12b-it,Kleidung,ger,generic,Krawatte,Ein Beispiel für Kleidung ist ___.,-16.6171875,-5.5390625
4790,google/gemma-3-12b-it,Kleidung,ger,indefinite_prod,Bluse,Nenne ein Beispiel für Kleidung: ___,-10.125438690185547,-5.062719345092773
4791,google/gemma-3-12b-it,Kleidung,ger,indefinite_prod,Umhang,Nenne ein Beispiel für Kleidung: ___,-15.673828125,-7.8369140625
4792,google/gemma-3-12b-it,Kleidung,ger,indefinite_prod,Mantel,Nenne ein Beispiel für Kleidung: ___,-8.125,-8.125
4793,google/gemma-3-12b-it,Kleidung,ger,indefinite_prod,Kleid,Nenne ein Beispiel für Kleidung: ___,-9.25,-9.25
4794,google/gemma-3-12b-it,Kleidung,ger,indefinite_prod,Handschuh,Nenne ein Beispiel für Kleidung: ___,-18.188003540039062,-6.0626678466796875
4795,google/gemma-3-12b-it,Kleidung,ger,indefinite_prod,Jacke,Nenne ein Beispiel für Kleidung: ___,-8.68829345703125,-4.344146728515625
4796,google/gemma-3-12b-it,Kleidung,ger,indefinite_prod,Regenjacke,Nenne ein Beispiel für Kleidung: ___,-13.47705078125,-6.738525390625
4797,google/gemma-3-12b-it,Kleidung,ger,indefinite_prod,Schal,Nenne ein Beispiel für Kleidung: ___,-9.63067626953125,-4.815338134765625
4798,google/gemma-3-12b-it,Kleidung,ger,indefinite_prod,Hemd,Nenne ein Beispiel für Kleidung: ___,-6.3769073486328125,-3.1884536743164062
4799,google/gemma-3-12b-it,Kleidung,ger,indefinite_prod,Rock,Nenne ein Beispiel für Kleidung: ___,-9.3125,-9.3125
4800,google/gemma-3-12b-it,Kleidung,ger,indefinite_prod,Socke,Nenne ein Beispiel für Kleidung: ___,-18.5625,-9.28125
4801,google/gemma-3-12b-it,Kleidung,ger,indefinite_prod,Pullover,Nenne ein Beispiel für Kleidung: ___,-7.8751115798950195,-3.9375557899475098
4802,google/gemma-3-12b-it,Kleidung,ger,indefinite_prod,Stirnband,Nenne ein Beispiel für Kleidung: ___,-16.876911163330078,-5.625637054443359
4803,google/gemma-3-12b-it,Kleidung,ger,indefinite_prod,Krawatte,Nenne ein Beispiel für Kleidung: ___,-15.6258544921875,-5.2086181640625
4804,google/gemma-3-12b-it,Baumaschinen,ger,generic,Kranich,Ein Beispiel für Baumaschinen ist ___.,-31.0,-15.5
4805,google/gemma-3-12b-it,Baumaschinen,ger,indefinite_prod,Kranich,Nenne ein Beispiel für Baumaschinen: ___,-32.625,-16.3125
4806,google/gemma-3-12b-it,Essen,ger,generic,Huhn,Ein Beispiel für Essen ist ___.,-18.62527847290039,-9.312639236450195
4807,google/gemma-3-12b-it,Essen,ger,generic,Apfel,Ein Beispiel für Essen ist ___.,-14.494873046875,-7.2474365234375
4808,google/gemma-3-12b-it,Essen,ger,generic,Avocado,Ein Beispiel für Essen ist ___.,-18.375,-18.375
4809,google/gemma-3-12b-it,Essen,ger,generic,Banane,Ein Beispiel für Essen ist ___.,-20.0625,-10.03125
4810,google/gemma-3-12b-it,Essen,ger,generic,Bohne,Ein Beispiel für Essen ist ___.,-17.7608642578125,-8.88043212890625
4811,google/gemma-3-12b-it,Essen,ger,generic,Blaubeere,Ein Beispiel für Essen ist ___.,-26.140625,-8.713541666666666
4812,google/gemma-3-12b-it,Essen,ger,generic,Mohrrübe,Ein Beispiel für Essen ist ___.,-20.693359375,-5.17333984375
4813,google/gemma-3-12b-it,Essen,ger,generic,Blumenkohl,Ein Beispiel für Essen ist ___.,-19.750019192695618,-6.5833397308985395
4814,google/gemma-3-12b-it,Essen,ger,generic,Sellerie,Ein Beispiel für Essen ist ___.,-23.257537841796875,-11.628768920898438
4815,google/gemma-3-12b-it,Essen,ger,generic,Kirsche,Ein Beispiel für Essen ist ___.,-21.359375,-10.6796875
4816,google/gemma-3-12b-it,Essen,ger,generic,Preiselbeere,Ein Beispiel für Essen ist ___.,-27.71876060962677,-6.9296901524066925
4817,google/gemma-3-12b-it,Essen,ger,generic,Gurke,Ein Beispiel für Essen ist ___.,-18.40625,-9.203125
4818,google/gemma-3-12b-it,Essen,ger,generic,Feige,Ein Beispiel für Essen ist ___.,-21.09375,-10.546875
4819,google/gemma-3-12b-it,Essen,ger,generic,Ingwer,Ein Beispiel für Essen ist ___.,-15.893310546875,-7.9466552734375
4820,google/gemma-3-12b-it,Essen,ger,generic,Gans,Ein Beispiel für Essen ist ___.,-17.125,-17.125
4821,google/gemma-3-12b-it,Essen,ger,generic,Weintraube,Ein Beispiel für Essen ist ___.,-23.625,-7.875
4822,google/gemma-3-12b-it,Essen,ger,generic,Zitrone,Ein Beispiel für Essen ist ___.,-20.781497955322266,-6.927165985107422
4823,google/gemma-3-12b-it,Essen,ger,generic,Mango,Ein Beispiel für Essen ist ___.,-18.375,-18.375
4824,google/gemma-3-12b-it,Essen,ger,generic,Melone,Ein Beispiel für Essen ist ___.,-21.84375,-10.921875
4825,google/gemma-3-12b-it,Essen,ger,generic,Olive,Ein Beispiel für Essen ist ___.,-18.125,-18.125
4826,google/gemma-3-12b-it,Essen,ger,generic,Zwiebel,Ein Beispiel für Essen ist ___.,-17.91461181640625,-5.971537272135417
4827,google/gemma-3-12b-it,Essen,ger,generic,Papaya,Ein Beispiel für Essen ist ___.,-19.40625,-9.703125
4828,google/gemma-3-12b-it,Essen,ger,generic,Erbse,Ein Beispiel für Essen ist ___.,-14.315460205078125,-7.1577301025390625
4829,google/gemma-3-12b-it,Essen,ger,generic,Pfirsich,Ein Beispiel für Essen ist ___.,-21.6015625,-7.200520833333333
4830,google/gemma-3-12b-it,Essen,ger,generic,Birne,Ein Beispiel für Essen ist ___.,-17.328125,-8.6640625
4831,google/gemma-3-12b-it,Essen,ger,generic,Ananas,Ein Beispiel für Essen ist ___.,-14.9375,-7.46875
4832,google/gemma-3-12b-it,Essen,ger,generic,Granatapfel,Ein Beispiel für Essen ist ___.,-17.515859603881836,-5.838619867960612
4833,google/gemma-3-12b-it,Essen,ger,generic,Kartoffel,Ein Beispiel für Essen ist ___.,-22.0,-11.0
4834,google/gemma-3-12b-it,Essen,ger,generic,Kürbis,Ein Beispiel für Essen ist ___.,-16.947265625,-8.4736328125
4835,google/gemma-3-12b-it,Essen,ger,generic,Radieschen,Ein Beispiel für Essen ist ___.,-19.25281524658203,-6.417605082194011
4836,google/gemma-3-12b-it,Essen,ger,generic,Himbeere,Ein Beispiel für Essen ist ___.,-20.52099609375,-6.84033203125
4837,google/gemma-3-12b-it,Essen,ger,generic,Erdbeere,Ein Beispiel für Essen ist ___.,-17.411956787109375,-5.803985595703125
4838,google/gemma-3-12b-it,Essen,ger,generic,Tomate,Ein Beispiel für Essen ist ___.,-20.375,-10.1875
4839,google/gemma-3-12b-it,Essen,ger,generic,Pute,Ein Beispiel für Essen ist ___.,-22.8125,-11.40625
4840,google/gemma-3-12b-it,Essen,ger,generic,Limette,Ein Beispiel für Essen ist ___.,-21.328125,-10.6640625
4841,google/gemma-3-12b-it,Essen,ger,generic,Orange,Ein Beispiel für Essen ist ___.,-17.625,-17.625
4842,google/gemma-3-12b-it,Essen,ger,generic,Paprika,Ein Beispiel für Essen ist ___.,-15.404541015625,-7.7022705078125
4843,google/gemma-3-12b-it,Essen,ger,indefinite_prod,Huhn,Nenne ein Beispiel für Essen: ___,-11.688125610351562,-5.844062805175781
4844,google/gemma-3-12b-it,Essen,ger,indefinite_prod,Apfel,Nenne ein Beispiel für Essen: ___,-6.25341796875,-3.126708984375
4845,google/gemma-3-12b-it,Essen,ger,indefinite_prod,Avocado,Nenne ein Beispiel für Essen: ___,-10.3125,-10.3125
4846,google/gemma-3-12b-it,Essen,ger,indefinite_prod,Banane,Nenne ein Beispiel für Essen: ___,-6.3427734375,-3.17138671875
4847,google/gemma-3-12b-it,Essen,ger,indefinite_prod,Bohne,Nenne ein Beispiel für Essen: ___,-15.6392822265625,-7.81964111328125
4848,google/gemma-3-12b-it,Essen,ger,indefinite_prod,Blaubeere,Nenne ein Beispiel für Essen: ___,-15.590606689453125,-5.196868896484375
4849,google/gemma-3-12b-it,Essen,ger,indefinite_prod,Mohrrübe,Nenne ein Beispiel für Essen: ___,-18.305908203125,-4.57647705078125
4850,google/gemma-3-12b-it,Essen,ger,indefinite_prod,Blumenkohl,Nenne ein Beispiel für Essen: ___,-13.627152681350708,-4.542384227116902
4851,google/gemma-3-12b-it,Essen,ger,indefinite_prod,Sellerie,Nenne ein Beispiel für Essen: ___,-18.5133056640625,-9.25665283203125
4852,google/gemma-3-12b-it,Essen,ger,indefinite_prod,Kirsche,Nenne ein Beispiel für Essen: ___,-12.5234375,-6.26171875
4853,google/gemma-3-12b-it,Essen,ger,indefinite_prod,Preiselbeere,Nenne ein Beispiel für Essen: ___,-20.863775968551636,-5.215943992137909
4854,google/gemma-3-12b-it,Essen,ger,indefinite_prod,Gurke,Nenne ein Beispiel für Essen: ___,-11.093017578125,-5.5465087890625
4855,google/gemma-3-12b-it,Essen,ger,indefinite_prod,Feige,Nenne ein Beispiel für Essen: ___,-17.71875,-8.859375
4856,google/gemma-3-12b-it,Essen,ger,indefinite_prod,Ingwer,Nenne ein Beispiel für Essen: ___,-14.250364303588867,-7.125182151794434
4857,google/gemma-3-12b-it,Essen,ger,indefinite_prod,Gans,Nenne ein Beispiel für Essen: ___,-16.125,-16.125
4858,google/gemma-3-12b-it,Essen,ger,indefinite_prod,Weintraube,Nenne ein Beispiel für Essen: ___,-16.53125,-5.510416666666667
4859,google/gemma-3-12b-it,Essen,ger,indefinite_prod,Zitrone,Nenne ein Beispiel für Essen: ___,-11.964845657348633,-3.9882818857828775
4860,google/gemma-3-12b-it,Essen,ger,indefinite_prod,Mango,Nenne ein Beispiel für Essen: ___,-11.3125,-11.3125
4861,google/gemma-3-12b-it,Essen,ger,indefinite_prod,Melone,Nenne ein Beispiel für Essen: ___,-11.57171630859375,-5.785858154296875
4862,google/gemma-3-12b-it,Essen,ger,indefinite_prod,Olive,Nenne ein Beispiel für Essen: ___,-16.75,-16.75
4863,google/gemma-3-12b-it,Essen,ger,indefinite_prod,Zwiebel,Nenne ein Beispiel für Essen: ___,-12.374267578125,-4.124755859375
4864,google/gemma-3-12b-it,Essen,ger,indefinite_prod,Papaya,Nenne ein Beispiel für Essen: ___,-16.8125,-8.40625
4865,google/gemma-3-12b-it,Essen,ger,indefinite_prod,Erbse,Nenne ein Beispiel für Essen: ___,-12.813243865966797,-6.406621932983398
4866,google/gemma-3-12b-it,Essen,ger,indefinite_prod,Pfirsich,Nenne ein Beispiel für Essen: ___,-16.087646484375,-5.362548828125
4867,google/gemma-3-12b-it,Essen,ger,indefinite_prod,Birne,Nenne ein Beispiel für Essen: ___,-8.94940185546875,-4.474700927734375
4868,google/gemma-3-12b-it,Essen,ger,indefinite_prod,Ananas,Nenne ein Beispiel für Essen: ___,-10.6943359375,-5.34716796875
4869,google/gemma-3-12b-it,Essen,ger,indefinite_prod,Granatapfel,Nenne ein Beispiel für Essen: ___,-12.251000881195068,-4.083666960398356
4870,google/gemma-3-12b-it,Essen,ger,indefinite_prod,Kartoffel,Nenne ein Beispiel für Essen: ___,-10.9375,-5.46875
4871,google/gemma-3-12b-it,Essen,ger,indefinite_prod,Kürbis,Nenne ein Beispiel für Essen: ___,-12.185546875,-6.0927734375
4872,google/gemma-3-12b-it,Essen,ger,indefinite_prod,Radieschen,Nenne ein Beispiel für Essen: ___,-14.250650405883789,-4.750216801961263
4873,google/gemma-3-12b-it,Essen,ger,indefinite_prod,Himbeere,Nenne ein Beispiel für Essen: ___,-15.084228515625,-5.028076171875
4874,google/gemma-3-12b-it,Essen,ger,indefinite_prod,Erdbeere,Nenne ein Beispiel für Essen: ___,-11.392562866210938,-3.797520955403646
4875,google/gemma-3-12b-it,Essen,ger,indefinite_prod,Tomate,Nenne ein Beispiel für Essen: ___,-12.171875,-6.0859375
4876,google/gemma-3-12b-it,Essen,ger,indefinite_prod,Pute,Nenne ein Beispiel für Essen: ___,-13.96875,-6.984375
4877,google/gemma-3-12b-it,Essen,ger,indefinite_prod,Limette,Nenne ein Beispiel für Essen: ___,-15.125,-7.5625
4878,google/gemma-3-12b-it,Essen,ger,indefinite_prod,Orange,Nenne ein Beispiel für Essen: ___,-12.125,-12.125
4879,google/gemma-3-12b-it,Essen,ger,indefinite_prod,Paprika,Nenne ein Beispiel für Essen: ___,-11.19244384765625,-5.596221923828125
4880,google/gemma-3-12b-it,Möbel,ger,generic,Bett,Ein Beispiel für Möbel ist ___.,-14.75,-14.75
4881,google/gemma-3-12b-it,Möbel,ger,generic,Bank,Ein Beispiel für Möbel ist ___.,-16.125,-16.125
4882,google/gemma-3-12b-it,Möbel,ger,generic,Stuhl,Ein Beispiel für Möbel ist ___.,-15.2890625,-7.64453125
4883,google/gemma-3-12b-it,Möbel,ger,generic,Schaukelstuhl,Ein Beispiel für Möbel ist ___.,-21.546875,-5.38671875
4884,google/gemma-3-12b-it,Möbel,ger,generic,Regal,Ein Beispiel für Möbel ist ___.,-21.125,-21.125
4885,google/gemma-3-12b-it,Möbel,ger,generic,Hocker,Ein Beispiel für Möbel ist ___.,-22.625,-11.3125
4886,google/gemma-3-12b-it,Möbel,ger,generic,Tisch,Ein Beispiel für Möbel ist ___.,-14.9375,-14.9375
4887,google/gemma-3-12b-it,Möbel,ger,indefinite_prod,Bett,Nenne ein Beispiel für Möbel: ___,-11.3125,-11.3125
4888,google/gemma-3-12b-it,Möbel,ger,indefinite_prod,Bank,Nenne ein Beispiel für Möbel: ___,-17.125,-17.125
4889,google/gemma-3-12b-it,Möbel,ger,indefinite_prod,Stuhl,Nenne ein Beispiel für Möbel: ___,-10.313182830810547,-5.156591415405273
4890,google/gemma-3-12b-it,Möbel,ger,indefinite_prod,Schaukelstuhl,Nenne ein Beispiel für Möbel: ___,-21.424560546875,-5.35614013671875
4891,google/gemma-3-12b-it,Möbel,ger,indefinite_prod,Regal,Nenne ein Beispiel für Möbel: ___,-17.0,-17.0
4892,google/gemma-3-12b-it,Möbel,ger,indefinite_prod,Hocker,Nenne ein Beispiel für Möbel: ___,-13.876091003417969,-6.938045501708984
4893,google/gemma-3-12b-it,Möbel,ger,indefinite_prod,Tisch,Nenne ein Beispiel für Möbel: ___,-10.9375,-10.9375
4894,google/gemma-3-12b-it,Säugetier,ger,generic,Bär,Ein Beispiel für Säugetier ist ___.,-21.5,-10.75
4895,google/gemma-3-12b-it,Säugetier,ger,generic,Stier,Ein Beispiel für Säugetier ist ___.,-19.65625,-9.828125
4896,google/gemma-3-12b-it,Säugetier,ger,generic,Kamel,Ein Beispiel für Säugetier ist ___.,-18.1025390625,-9.05126953125
4897,google/gemma-3-12b-it,Säugetier,ger,generic,Katze,Ein Beispiel für Säugetier ist ___.,-16.3883056640625,-8.19415283203125
4898,google/gemma-3-12b-it,Säugetier,ger,generic,Gepard,Ein Beispiel für Säugetier ist ___.,-18.0234375,-9.01171875
4899,google/gemma-3-12b-it,Säugetier,ger,generic,Kuh,Ein Beispiel für Säugetier ist ___.,-19.5,-19.5
4900,google/gemma-3-12b-it,Säugetier,ger,generic,Hirsch,Ein Beispiel für Säugetier ist ___.,-19.375,-19.375
4901,google/gemma-3-12b-it,Säugetier,ger,generic,Hund,Ein Beispiel für Säugetier ist ___.,-13.4375,-13.4375
4902,google/gemma-3-12b-it,Säugetier,ger,generic,Delphin,Ein Beispiel für Säugetier ist ___.,-21.84375,-10.921875
4903,google/gemma-3-12b-it,Säugetier,ger,generic,Elefant,Ein Beispiel für Säugetier ist ___.,-20.6875,-10.34375
4904,google/gemma-3-12b-it,Säugetier,ger,generic,Fuchs,Ein Beispiel für Säugetier ist ___.,-17.125,-17.125
4905,google/gemma-3-12b-it,Säugetier,ger,generic,Giraffe,Ein Beispiel für Säugetier ist ___.,-16.7734375,-8.38671875
4906,google/gemma-3-12b-it,Säugetier,ger,generic,Ziege,Ein Beispiel für Säugetier ist ___.,-16.6796875,-8.33984375
4907,google/gemma-3-12b-it,Säugetier,ger,generic,Hamster,Ein Beispiel für Säugetier ist ___.,-18.501747131347656,-9.250873565673828
4908,google/gemma-3-12b-it,Säugetier,ger,generic,Nilpferd,Ein Beispiel für Säugetier ist ___.,-20.00034737586975,-6.66678245862325
4909,google/gemma-3-12b-it,Säugetier,ger,generic,Pferd,Ein Beispiel für Säugetier ist ___.,-17.129974365234375,-8.564987182617188
4910,google/gemma-3-12b-it,Säugetier,ger,generic,Känguru,Ein Beispiel für Säugetier ist ___.,-17.769287109375,-5.923095703125
4911,google/gemma-3-12b-it,Säugetier,ger,generic,Leopard,Ein Beispiel für Säugetier ist ___.,-17.375,-17.375
4912,google/gemma-3-12b-it,Säugetier,ger,generic,Löwe,Ein Beispiel für Säugetier ist ___.,-14.8515625,-7.42578125
4913,google/gemma-3-12b-it,Säugetier,ger,generic,Affe,Ein Beispiel für Säugetier ist ___.,-25.0,-12.5
4914,google/gemma-3-12b-it,Säugetier,ger,generic,Maus,Ein Beispiel für Säugetier ist ___.,-15.0,-15.0
4915,google/gemma-3-12b-it,Säugetier,ger,generic,Schwein,Ein Beispiel für Säugetier ist ___.,-17.15625,-8.578125
4916,google/gemma-3-12b-it,Säugetier,ger,generic,Ratte,Ein Beispiel für Säugetier ist ___.,-19.25,-9.625
4917,google/gemma-3-12b-it,Säugetier,ger,generic,Nashorn,Ein Beispiel für Säugetier ist ___.,-20.271240234375,-10.1356201171875
4918,google/gemma-3-12b-it,Säugetier,ger,generic,Seehund,Ein Beispiel für Säugetier ist ___.,-21.03125,-10.515625
4919,google/gemma-3-12b-it,Säugetier,ger,generic,Schaf,Ein Beispiel für Säugetier ist ___.,-20.6875,-10.34375
4920,google/gemma-3-12b-it,Säugetier,ger,generic,Eichhörnchen,Ein Beispiel für Säugetier ist ___.,-15.376230835914612,-3.844057708978653
4921,google/gemma-3-12b-it,Säugetier,ger,generic,Tiger,Ein Beispiel für Säugetier ist ___.,-13.625,-13.625
4922,google/gemma-3-12b-it,Säugetier,ger,generic,Wal,Ein Beispiel für Säugetier ist ___.,-17.75,-17.75
4923,google/gemma-3-12b-it,Säugetier,ger,generic,Wolf,Ein Beispiel für Säugetier ist ___.,-16.875,-16.875
4924,google/gemma-3-12b-it,Säugetier,ger,generic,Zebra,Ein Beispiel für Säugetier ist ___.,-16.0,-16.0
4925,google/gemma-3-12b-it,Säugetier,ger,generic,Antilope,Ein Beispiel für Säugetier ist ___.,-15.955078125,-5.318359375
4926,google/gemma-3-12b-it,Säugetier,ger,generic,Dachs,Ein Beispiel für Säugetier ist ___.,-16.53515625,-8.267578125
4927,google/gemma-3-12b-it,Säugetier,ger,generic,Fledermaus,Ein Beispiel für Säugetier ist ___.,-26.29168701171875,-6.5729217529296875
4928,google/gemma-3-12b-it,Säugetier,ger,generic,Biber,Ein Beispiel für Säugetier ist ___.,-17.625,-8.8125
4929,google/gemma-3-12b-it,Säugetier,ger,generic,Bison,Ein Beispiel für Säugetier ist ___.,-17.75,-17.75
4930,google/gemma-3-12b-it,Säugetier,ger,generic,Kojote,Ein Beispiel für Säugetier ist ___.,-19.17578125,-9.587890625
4931,google/gemma-3-12b-it,Säugetier,ger,generic,Gazelle,Ein Beispiel für Säugetier ist ___.,-18.20703125,-9.103515625
4932,google/gemma-3-12b-it,Säugetier,ger,generic,Meerschweinchen,Ein Beispiel für Säugetier ist ___.,-13.84457242488861,-2.768914484977722
4933,google/gemma-3-12b-it,Säugetier,ger,generic,Igel,Ein Beispiel für Säugetier ist ___.,-17.171875,-8.5859375
4934,google/gemma-3-12b-it,Säugetier,ger,generic,Maulwurf,Ein Beispiel für Säugetier ist ___.,-18.6466064453125,-9.32330322265625
4935,google/gemma-3-12b-it,Säugetier,ger,generic,Eisbär,Ein Beispiel für Säugetier ist ___.,-16.96875,-8.484375
4936,google/gemma-3-12b-it,Säugetier,ger,generic,Rentier,Ein Beispiel für Säugetier ist ___.,-21.006195068359375,-10.503097534179688
4937,google/gemma-3-12b-it,Säugetier,ger,indefinite_prod,Bär,Nenne ein Beispiel für Säugetier: ___,-12.38671875,-6.193359375
4938,google/gemma-3-12b-it,Säugetier,ger,indefinite_prod,Stier,Nenne ein Beispiel für Säugetier: ___,-16.55859375,-8.279296875
4939,google/gemma-3-12b-it,Säugetier,ger,indefinite_prod,Kamel,Nenne ein Beispiel für Säugetier: ___,-14.4384765625,-7.21923828125
4940,google/gemma-3-12b-it,Säugetier,ger,indefinite_prod,Katze,Nenne ein Beispiel für Säugetier: ___,-10.250070571899414,-5.125035285949707
4941,google/gemma-3-12b-it,Säugetier,ger,indefinite_prod,Gepard,Nenne ein Beispiel für Säugetier: ___,-16.515625,-8.2578125
4942,google/gemma-3-12b-it,Säugetier,ger,indefinite_prod,Kuh,Nenne ein Beispiel für Säugetier: ___,-13.75,-13.75
4943,google/gemma-3-12b-it,Säugetier,ger,indefinite_prod,Hirsch,Nenne ein Beispiel für Säugetier: ___,-14.6875,-14.6875
4944,google/gemma-3-12b-it,Säugetier,ger,indefinite_prod,Hund,Nenne ein Beispiel für Säugetier: ___,-10.1875,-10.1875
4945,google/gemma-3-12b-it,Säugetier,ger,indefinite_prod,Delphin,Nenne ein Beispiel für Säugetier: ___,-14.59765625,-7.298828125
4946,google/gemma-3-12b-it,Säugetier,ger,indefinite_prod,Elefant,Nenne ein Beispiel für Säugetier: ___,-12.0115966796875,-6.00579833984375
4947,google/gemma-3-12b-it,Säugetier,ger,indefinite_prod,Fuchs,Nenne ein Beispiel für Säugetier: ___,-15.0625,-15.0625
4948,google/gemma-3-12b-it,Säugetier,ger,indefinite_prod,Giraffe,Nenne ein Beispiel für Säugetier: ___,-13.00189208984375,-6.500946044921875
4949,google/gemma-3-12b-it,Säugetier,ger,indefinite_prod,Ziege,Nenne ein Beispiel für Säugetier: ___,-15.93780517578125,-7.968902587890625
4950,google/gemma-3-12b-it,Säugetier,ger,indefinite_prod,Hamster,Nenne ein Beispiel für Säugetier: ___,-17.000070571899414,-8.500035285949707
4951,google/gemma-3-12b-it,Säugetier,ger,indefinite_prod,Nilpferd,Nenne ein Beispiel für Säugetier: ___,-18.125269293785095,-6.041756431261699
4952,google/gemma-3-12b-it,Säugetier,ger,indefinite_prod,Pferd,Nenne ein Beispiel für Säugetier: ___,-13.312617301940918,-6.656308650970459
4953,google/gemma-3-12b-it,Säugetier,ger,indefinite_prod,Känguru,Nenne ein Beispiel für Säugetier: ___,-13.82281494140625,-4.60760498046875
4954,google/gemma-3-12b-it,Säugetier,ger,indefinite_prod,Leopard,Nenne ein Beispiel für Säugetier: ___,-11.5625,-11.5625
4955,google/gemma-3-12b-it,Säugetier,ger,indefinite_prod,Löwe,Nenne ein Beispiel für Säugetier: ___,-11.751670837402344,-5.875835418701172
4956,google/gemma-3-12b-it,Säugetier,ger,indefinite_prod,Affe,Nenne ein Beispiel für Säugetier: ___,-12.08154296875,-6.040771484375
4957,google/gemma-3-12b-it,Säugetier,ger,indefinite_prod,Maus,Nenne ein Beispiel für Säugetier: ___,-12.75,-12.75
4958,google/gemma-3-12b-it,Säugetier,ger,indefinite_prod,Schwein,Nenne ein Beispiel für Säugetier: ___,-12.751480102539062,-6.375740051269531
4959,google/gemma-3-12b-it,Säugetier,ger,indefinite_prod,Ratte,Nenne ein Beispiel für Säugetier: ___,-13.006011962890625,-6.5030059814453125
4960,google/gemma-3-12b-it,Säugetier,ger,indefinite_prod,Nashorn,Nenne ein Beispiel für Säugetier: ___,-18.87621307373047,-9.438106536865234
4961,google/gemma-3-12b-it,Säugetier,ger,indefinite_prod,Seehund,Nenne ein Beispiel für Säugetier: ___,-22.0625,-11.03125
4962,google/gemma-3-12b-it,Säugetier,ger,indefinite_prod,Schaf,Nenne ein Beispiel für Säugetier: ___,-12.72021484375,-6.360107421875
4963,google/gemma-3-12b-it,Säugetier,ger,indefinite_prod,Eichhörnchen,Nenne ein Beispiel für Säugetier: ___,-13.06291663646698,-3.265729159116745
4964,google/gemma-3-12b-it,Säugetier,ger,indefinite_prod,Tiger,Nenne ein Beispiel für Säugetier: ___,-11.9375,-11.9375
4965,google/gemma-3-12b-it,Säugetier,ger,indefinite_prod,Wal,Nenne ein Beispiel für Säugetier: ___,-16.5,-16.5
4966,google/gemma-3-12b-it,Säugetier,ger,indefinite_prod,Wolf,Nenne ein Beispiel für Säugetier: ___,-13.625,-13.625
4967,google/gemma-3-12b-it,Säugetier,ger,indefinite_prod,Zebra,Nenne ein Beispiel für Säugetier: ___,-12.5,-12.5
4968,google/gemma-3-12b-it,Säugetier,ger,indefinite_prod,Antilope,Nenne ein Beispiel für Säugetier: ___,-11.190933227539062,-3.730311075846354
4969,google/gemma-3-12b-it,Säugetier,ger,indefinite_prod,Dachs,Nenne ein Beispiel für Säugetier: ___,-14.19537353515625,-7.097686767578125
4970,google/gemma-3-12b-it,Säugetier,ger,indefinite_prod,Fledermaus,Nenne ein Beispiel für Säugetier: ___,-13.703477621078491,-3.425869405269623
4971,google/gemma-3-12b-it,Säugetier,ger,indefinite_prod,Biber,Nenne ein Beispiel für Säugetier: ___,-15.640625,-7.8203125
4972,google/gemma-3-12b-it,Säugetier,ger,indefinite_prod,Bison,Nenne ein Beispiel für Säugetier: ___,-15.0,-15.0
4973,google/gemma-3-12b-it,Säugetier,ger,indefinite_prod,Kojote,Nenne ein Beispiel für Säugetier: ___,-17.76080322265625,-8.880401611328125
4974,google/gemma-3-12b-it,Säugetier,ger,indefinite_prod,Gazelle,Nenne ein Beispiel für Säugetier: ___,-17.53662109375,-8.768310546875
4975,google/gemma-3-12b-it,Säugetier,ger,indefinite_prod,Meerschweinchen,Nenne ein Beispiel für Säugetier: ___,-14.27590525150299,-2.8551810503005983
4976,google/gemma-3-12b-it,Säugetier,ger,indefinite_prod,Igel,Nenne ein Beispiel für Säugetier: ___,-14.0546875,-7.02734375
4977,google/gemma-3-12b-it,Säugetier,ger,indefinite_prod,Maulwurf,Nenne ein Beispiel für Säugetier: ___,-17.2532958984375,-8.62664794921875
4978,google/gemma-3-12b-it,Säugetier,ger,indefinite_prod,Eisbär,Nenne ein Beispiel für Säugetier: ___,-13.720703125,-6.8603515625
4979,google/gemma-3-12b-it,Säugetier,ger,indefinite_prod,Rentier,Nenne ein Beispiel für Säugetier: ___,-18.62537384033203,-9.312686920166016
4980,google/gemma-3-12b-it,Musikinstrument,ger,generic,Akkordeon,Ein Beispiel für Musikinstrument ist ___.,-16.841796875,-5.613932291666667
4981,google/gemma-3-12b-it,Musikinstrument,ger,generic,Trommel,Ein Beispiel für Musikinstrument ist ___.,-20.53125,-10.265625
4982,google/gemma-3-12b-it,Musikinstrument,ger,generic,Flöte,Ein Beispiel für Musikinstrument ist ___.,-16.5291748046875,-5.509724934895833
4983,google/gemma-3-12b-it,Musikinstrument,ger,generic,Gitarre,Ein Beispiel für Musikinstrument ist ___.,-15.25048828125,-7.625244140625
4984,google/gemma-3-12b-it,Musikinstrument,ger,generic,Mundharmonika,Ein Beispiel für Musikinstrument ist ___.,-14.4207763671875,-4.806925455729167
4985,google/gemma-3-12b-it,Musikinstrument,ger,generic,Harfe,Ein Beispiel für Musikinstrument ist ___.,-17.250579833984375,-8.625289916992188
4986,google/gemma-3-12b-it,Musikinstrument,ger,generic,Klavier,Ein Beispiel für Musikinstrument ist ___.,-17.750865936279297,-8.875432968139648
4987,google/gemma-3-12b-it,Musikinstrument,ger,generic,Saxophon,Ein Beispiel für Musikinstrument ist ___.,-19.560546875,-9.7802734375
4988,google/gemma-3-12b-it,Musikinstrument,ger,generic,Tamburin,Ein Beispiel für Musikinstrument ist ___.,-21.7421875,-10.87109375
4989,google/gemma-3-12b-it,Musikinstrument,ger,generic,Trompete,Ein Beispiel für Musikinstrument ist ___.,-16.526031255722046,-5.508677085240682
4990,google/gemma-3-12b-it,Musikinstrument,ger,generic,Geige,Ein Beispiel für Musikinstrument ist ___.,-21.75,-10.875
4991,google/gemma-3-12b-it,Musikinstrument,ger,indefinite_prod,Akkordeon,Nenne ein Beispiel für Musikinstrument: ___,-14.633209228515625,-4.877736409505208
4992,google/gemma-3-12b-it,Musikinstrument,ger,indefinite_prod,Trommel,Nenne ein Beispiel für Musikinstrument: ___,-16.9375,-8.46875
4993,google/gemma-3-12b-it,Musikinstrument,ger,indefinite_prod,Flöte,Nenne ein Beispiel für Musikinstrument: ___,-11.252510070800781,-3.7508366902669272
4994,google/gemma-3-12b-it,Musikinstrument,ger,indefinite_prod,Gitarre,Nenne ein Beispiel für Musikinstrument: ___,-6.751106262207031,-3.3755531311035156
4995,google/gemma-3-12b-it,Musikinstrument,ger,indefinite_prod,Mundharmonika,Nenne ein Beispiel für Musikinstrument: ___,-14.70867919921875,-4.90289306640625
4996,google/gemma-3-12b-it,Musikinstrument,ger,indefinite_prod,Harfe,Nenne ein Beispiel für Musikinstrument: ___,-15.812642097473145,-7.906321048736572
4997,google/gemma-3-12b-it,Musikinstrument,ger,indefinite_prod,Klavier,Nenne ein Beispiel für Musikinstrument: ___,-10.812808990478516,-5.406404495239258
4998,google/gemma-3-12b-it,Musikinstrument,ger,indefinite_prod,Saxophon,Nenne ein Beispiel für Musikinstrument: ___,-13.0234375,-6.51171875
4999,google/gemma-3-12b-it,Musikinstrument,ger,indefinite_prod,Tamburin,Nenne ein Beispiel für Musikinstrument: ___,-16.98046875,-8.490234375
5000,google/gemma-3-12b-it,Musikinstrument,ger,indefinite_prod,Trompete,Nenne ein Beispiel für Musikinstrument: ___,-11.003941059112549,-3.667980353037516
5001,google/gemma-3-12b-it,Musikinstrument,ger,indefinite_prod,Geige,Nenne ein Beispiel für Musikinstrument: ___,-11.437835693359375,-5.7189178466796875
5002,google/gemma-3-12b-it,Pflanze,ger,generic,Spargel,Ein Beispiel für Pflanze ist ___.,-17.52691650390625,-5.842305501302083
5003,google/gemma-3-12b-it,Pflanze,ger,generic,Brokkoli,Ein Beispiel für Pflanze ist ___.,-17.251453399658203,-5.750484466552734
5004,google/gemma-3-12b-it,Pflanze,ger,generic,Salat,Ein Beispiel für Pflanze ist ___.,-16.875,-16.875
5005,google/gemma-3-12b-it,Pflanze,ger,generic,Spinat,Ein Beispiel für Pflanze ist ___.,-19.2890625,-9.64453125
5006,google/gemma-3-12b-it,Pflanze,ger,indefinite_prod,Spargel,Nenne ein Beispiel für Pflanze: ___,-15.966201782226562,-5.3220672607421875
5007,google/gemma-3-12b-it,Pflanze,ger,indefinite_prod,Brokkoli,Nenne ein Beispiel für Pflanze: ___,-16.25099754333496,-5.416999181111653
5008,google/gemma-3-12b-it,Pflanze,ger,indefinite_prod,Salat,Nenne ein Beispiel für Pflanze: ___,-13.125,-13.125
5009,google/gemma-3-12b-it,Pflanze,ger,indefinite_prod,Spinat,Nenne ein Beispiel für Pflanze: ___,-15.129150390625,-7.5645751953125
5010,google/gemma-3-12b-it,Meeresfrüchte,ger,generic,Krebs,Ein Beispiel für Meeresfrüchte ist ___.,-12.75,-12.75
5011,google/gemma-3-12b-it,Meeresfrüchte,ger,generic,Fisch,Ein Beispiel für Meeresfrüchte ist ___.,-10.1875,-10.1875
5012,google/gemma-3-12b-it,Meeresfrüchte,ger,generic,Schnecke,Ein Beispiel für Meeresfrüchte ist ___.,-21.6875,-10.84375
5013,google/gemma-3-12b-it,Meeresfrüchte,ger,indefinite_prod,Krebs,Nenne ein Beispiel für Meeresfrüchte: ___,-10.5,-10.5
5014,google/gemma-3-12b-it,Meeresfrüchte,ger,indefinite_prod,Fisch,Nenne ein Beispiel für Meeresfrüchte: ___,-8.6875,-8.6875
5015,google/gemma-3-12b-it,Meeresfrüchte,ger,indefinite_prod,Schnecke,Nenne ein Beispiel für Meeresfrüchte: ___,-16.96875,-8.484375
5016,google/gemma-3-12b-it,Werkzeug,ger,generic,Axt,Ein Beispiel für Werkzeug ist ___.,-17.6875,-8.84375
5017,google/gemma-3-12b-it,Werkzeug,ger,generic,Bürste,Ein Beispiel für Werkzeug ist ___.,-18.375,-9.1875
5018,google/gemma-3-12b-it,Werkzeug,ger,generic,Meißel,Ein Beispiel für Werkzeug ist ___.,-20.4681396484375,-6.822713216145833
5019,google/gemma-3-12b-it,Werkzeug,ger,generic,Bohrmaschine,Ein Beispiel für Werkzeug ist ___.,-20.922096252441406,-5.230524063110352
5020,google/gemma-3-12b-it,Werkzeug,ger,generic,Hammer,Ein Beispiel für Werkzeug ist ___.,-16.375,-16.375
5021,google/gemma-3-12b-it,Werkzeug,ger,generic,Messer,Ein Beispiel für Werkzeug ist ___.,-16.125,-16.125
5022,google/gemma-3-12b-it,Werkzeug,ger,generic,Zange,Ein Beispiel für Werkzeug ist ___.,-19.0625,-9.53125
5023,google/gemma-3-12b-it,Werkzeug,ger,generic,Rechen,Ein Beispiel für Werkzeug ist ___.,-18.629547119140625,-9.314773559570312
5024,google/gemma-3-12b-it,Werkzeug,ger,generic,Säge,Ein Beispiel für Werkzeug ist ___.,-13.9921875,-6.99609375
5025,google/gemma-3-12b-it,Werkzeug,ger,generic,Schraubenzieher,Ein Beispiel für Werkzeug ist ___.,-17.096065521240234,-4.274016380310059
5026,google/gemma-3-12b-it,Werkzeug,ger,generic,Schaufel,Ein Beispiel für Werkzeug ist ___.,-18.1953125,-6.065104166666667
5027,google/gemma-3-12b-it,Werkzeug,ger,generic,Sichel,Ein Beispiel für Werkzeug ist ___.,-20.6484375,-10.32421875
5028,google/gemma-3-12b-it,Werkzeug,ger,generic,Feile,Ein Beispiel für Werkzeug ist ___.,-22.4375,-11.21875
5029,google/gemma-3-12b-it,Werkzeug,ger,indefinite_prod,Axt,Nenne ein Beispiel für Werkzeug: ___,-17.1875,-8.59375
5030,google/gemma-3-12b-it,Werkzeug,ger,indefinite_prod,Bürste,Nenne ein Beispiel für Werkzeug: ___,-15.14013671875,-7.570068359375
5031,google/gemma-3-12b-it,Werkzeug,ger,indefinite_prod,Meißel,Nenne ein Beispiel für Werkzeug: ___,-11.432098388671875,-3.810699462890625
5032,google/gemma-3-12b-it,Werkzeug,ger,indefinite_prod,Bohrmaschine,Nenne ein Beispiel für Werkzeug: ___,-15.227869033813477,-3.806967258453369
5033,google/gemma-3-12b-it,Werkzeug,ger,indefinite_prod,Hammer,Nenne ein Beispiel für Werkzeug: ___,-7.09375,-7.09375
5034,google/gemma-3-12b-it,Werkzeug,ger,indefinite_prod,Messer,Nenne ein Beispiel für Werkzeug: ___,-10.6875,-10.6875
5035,google/gemma-3-12b-it,Werkzeug,ger,indefinite_prod,Zange,Nenne ein Beispiel für Werkzeug: ___,-11.563220977783203,-5.781610488891602
5036,google/gemma-3-12b-it,Werkzeug,ger,indefinite_prod,Rechen,Nenne ein Beispiel für Werkzeug: ___,-18.375595092773438,-9.187797546386719
5037,google/gemma-3-12b-it,Werkzeug,ger,indefinite_prod,Säge,Nenne ein Beispiel für Werkzeug: ___,-13.626152038574219,-6.813076019287109
5038,google/gemma-3-12b-it,Werkzeug,ger,indefinite_prod,Schraubenzieher,Nenne ein Beispiel für Werkzeug: ___,-10.117156028747559,-2.5292890071868896
5039,google/gemma-3-12b-it,Werkzeug,ger,indefinite_prod,Schaufel,Nenne ein Beispiel für Werkzeug: ___,-12.50051498413086,-4.16683832804362
5040,google/gemma-3-12b-it,Werkzeug,ger,indefinite_prod,Sichel,Nenne ein Beispiel für Werkzeug: ___,-19.11669921875,-9.558349609375
5041,google/gemma-3-12b-it,Werkzeug,ger,indefinite_prod,Feile,Nenne ein Beispiel für Werkzeug: ___,-15.34912109375,-7.674560546875
5042,google/gemma-3-12b-it,Spielzeug,ger,generic,Rassel,Ein Beispiel für Spielzeug ist ___.,-29.375,-14.6875
5043,google/gemma-3-12b-it,Spielzeug,ger,indefinite_prod,Rassel,Nenne ein Beispiel für Spielzeug: ___,-21.28125,-10.640625
5044,google/gemma-3-12b-it,Fahrzeug,ger,generic,Hobel,Ein Beispiel für Fahrzeug ist ___.,-18.98046875,-9.490234375
5045,google/gemma-3-12b-it,Fahrzeug,ger,generic,Boot,Ein Beispiel für Fahrzeug ist ___.,-20.625,-20.625
5046,google/gemma-3-12b-it,Fahrzeug,ger,generic,Bus,Ein Beispiel für Fahrzeug ist ___.,-15.6875,-15.6875
5047,google/gemma-3-12b-it,Fahrzeug,ger,generic,Kanu,Ein Beispiel für Fahrzeug ist ___.,-21.3125,-10.65625
5048,google/gemma-3-12b-it,Fahrzeug,ger,generic,Auto,Ein Beispiel für Fahrzeug ist ___.,-10.4375,-10.4375
5049,google/gemma-3-12b-it,Fahrzeug,ger,generic,Kutsche,Ein Beispiel für Fahrzeug ist ___.,-21.03515625,-10.517578125
5050,google/gemma-3-12b-it,Fahrzeug,ger,generic,Fähre,Ein Beispiel für Fahrzeug ist ___.,-18.65625,-9.328125
5051,google/gemma-3-12b-it,Fahrzeug,ger,generic,Hubschrauber,Ein Beispiel für Fahrzeug ist ___.,-19.194852828979492,-4.798713207244873
5052,google/gemma-3-12b-it,Fahrzeug,ger,generic,Motorrad,Ein Beispiel für Fahrzeug ist ___.,-13.8828125,-6.94140625
5053,google/gemma-3-12b-it,Fahrzeug,ger,generic,Floß,Ein Beispiel für Fahrzeug ist ___.,-24.03125,-12.015625
5054,google/gemma-3-12b-it,Fahrzeug,ger,generic,Schiff,Ein Beispiel für Fahrzeug ist ___.,-16.5,-16.5
5055,google/gemma-3-12b-it,Fahrzeug,ger,generic,Schlitten,Ein Beispiel für Fahrzeug ist ___.,-22.03125,-11.015625
5056,google/gemma-3-12b-it,Fahrzeug,ger,generic,U-Boot,Ein Beispiel für Fahrzeug ist ___.,-21.5126953125,-7.1708984375
5057,google/gemma-3-12b-it,Fahrzeug,ger,generic,Zug,Ein Beispiel für Fahrzeug ist ___.,-16.625,-16.625
5058,google/gemma-3-12b-it,Fahrzeug,ger,indefinite_prod,Hobel,Nenne ein Beispiel für Fahrzeug: ___,-20.391357421875,-10.1956787109375
5059,google/gemma-3-12b-it,Fahrzeug,ger,indefinite_prod,Boot,Nenne ein Beispiel für Fahrzeug: ___,-17.5,-17.5
5060,google/gemma-3-12b-it,Fahrzeug,ger,indefinite_prod,Bus,Nenne ein Beispiel für Fahrzeug: ___,-12.25,-12.25
5061,google/gemma-3-12b-it,Fahrzeug,ger,indefinite_prod,Kanu,Nenne ein Beispiel für Fahrzeug: ___,-22.53125,-11.265625
5062,google/gemma-3-12b-it,Fahrzeug,ger,indefinite_prod,Auto,Nenne ein Beispiel für Fahrzeug: ___,-9.125,-9.125
5063,google/gemma-3-12b-it,Fahrzeug,ger,indefinite_prod,Kutsche,Nenne ein Beispiel für Fahrzeug: ___,-16.043701171875,-8.0218505859375
5064,google/gemma-3-12b-it,Fahrzeug,ger,indefinite_prod,Fähre,Nenne ein Beispiel für Fahrzeug: ___,-14.84765625,-7.423828125
5065,google/gemma-3-12b-it,Fahrzeug,ger,indefinite_prod,Hubschrauber,Nenne ein Beispiel für Fahrzeug: ___,-17.86363410949707,-4.465908527374268
5066,google/gemma-3-12b-it,Fahrzeug,ger,indefinite_prod,Motorrad,Nenne ein Beispiel für Fahrzeug: ___,-10.537353515625,-5.2686767578125
5067,google/gemma-3-12b-it,Fahrzeug,ger,indefinite_prod,Floß,Nenne ein Beispiel für Fahrzeug: ___,-20.921875,-10.4609375
5068,google/gemma-3-12b-it,Fahrzeug,ger,indefinite_prod,Schiff,Nenne ein Beispiel für Fahrzeug: ___,-14.75,-14.75
5069,google/gemma-3-12b-it,Fahrzeug,ger,indefinite_prod,Schlitten,Nenne ein Beispiel für Fahrzeug: ___,-16.9404296875,-8.47021484375
5070,google/gemma-3-12b-it,Fahrzeug,ger,indefinite_prod,U-Boot,Nenne ein Beispiel für Fahrzeug: ___,-17.93017578125,-5.976725260416667
5071,google/gemma-3-12b-it,Fahrzeug,ger,indefinite_prod,Zug,Nenne ein Beispiel für Fahrzeug: ___,-14.875,-14.875
5072,google/gemma-3-12b-it,animal,sp,generic,Hormiga,Un ejemplo de animal es ___.,-20.1015625,-10.05078125
5073,google/gemma-3-12b-it,animal,sp,generic,Abeja,Un ejemplo de animal es ___.,-20.0341796875,-10.01708984375
5074,google/gemma-3-12b-it,animal,sp,generic,Mariposa,Un ejemplo de animal es ___.,-19.28125,-9.640625
5075,google/gemma-3-12b-it,animal,sp,generic,Cuervo,Un ejemplo de animal es ___.,-24.8125,-12.40625
5076,google/gemma-3-12b-it,animal,sp,generic,Pato,Un ejemplo de animal es ___.,-19.375,-9.6875
5077,google/gemma-3-12b-it,animal,sp,generic,Águila,Un ejemplo de animal es ___.,-16.074981689453125,-5.358327229817708
5078,google/gemma-3-12b-it,animal,sp,generic,Rana,Un ejemplo de animal es ___.,-21.25,-21.25
5079,google/gemma-3-12b-it,animal,sp,generic,Colibrí,Un ejemplo de animal es ___.,-28.194305419921875,-9.398101806640625
5080,google/gemma-3-12b-it,animal,sp,generic,Iguana,Un ejemplo de animal es ___.,-17.879791259765625,-8.939895629882812
5081,google/gemma-3-12b-it,animal,sp,generic,Lagartija,Un ejemplo de animal es ___.,-21.17578125,-7.05859375
5082,google/gemma-3-12b-it,animal,sp,generic,Búho,Un ejemplo de animal es ___.,-16.234375,-5.411458333333333
5083,google/gemma-3-12b-it,animal,sp,generic,Loro,Un ejemplo de animal es ___.,-13.796875,-6.8984375
5084,google/gemma-3-12b-it,animal,sp,generic,Gaviota,Un ejemplo de animal es ___.,-22.814926147460938,-7.6049753824869795
5085,google/gemma-3-12b-it,animal,sp,generic,Culebra,Un ejemplo de animal es ___.,-14.17578125,-4.725260416666667
5086,google/gemma-3-12b-it,animal,sp,generic,Araña,Un ejemplo de animal es ___.,-18.0185546875,-9.00927734375
5087,google/gemma-3-12b-it,animal,sp,generic,Buitre,Un ejemplo de animal es ___.,-23.21875,-7.739583333333333
5088,google/gemma-3-12b-it,animal,sp,generic,Avispa,Un ejemplo de animal es ___.,-17.083984375,-8.5419921875
5089,google/gemma-3-12b-it,animal,sp,generic,Gusano,Un ejemplo de animal es ___.,-19.703125,-9.8515625
5090,google/gemma-3-12b-it,animal,sp,generic,Pájaro,Un ejemplo de animal es ___.,-22.375117778778076,-7.458372592926025
5091,google/gemma-3-12b-it,animal,sp,generic,Cucaracha,Un ejemplo de animal es ___.,-18.87158203125,-6.29052734375
5092,google/gemma-3-12b-it,animal,sp,generic,Saltamontes,Un ejemplo de animal es ___.,-19.001300811767578,-4.7503252029418945
5093,google/gemma-3-12b-it,animal,sp,generic,Mosquito,Un ejemplo de animal es ___.,-18.0,-18.0
5094,google/gemma-3-12b-it,animal,sp,generic,Avestruz,Un ejemplo de animal es ___.,-16.9521484375,-5.650716145833333
5095,google/gemma-3-12b-it,animal,sp,generic,Gallo,Un ejemplo de animal es ___.,-19.0,-19.0
5096,google/gemma-3-12b-it,animal,sp,generic,Sapo,Un ejemplo de animal es ___.,-20.125,-10.0625
5097,google/gemma-3-12b-it,animal,sp,generic,Tortuga,Un ejemplo de animal es ___.,-14.631317138671875,-7.3156585693359375
5098,google/gemma-3-12b-it,animal,sp,generic,Mosca,Un ejemplo de animal es ___.,-17.375,-17.375
5099,google/gemma-3-12b-it,animal,sp,indefinite_prod,Hormiga,Nombra un ejemplo de animal: ___,-13.953125,-6.9765625
5100,google/gemma-3-12b-it,animal,sp,indefinite_prod,Abeja,Nombra un ejemplo de animal: ___,-15.7669677734375,-7.88348388671875
5101,google/gemma-3-12b-it,animal,sp,indefinite_prod,Mariposa,Nombra un ejemplo de animal: ___,-13.569091796875,-6.7845458984375
5102,google/gemma-3-12b-it,animal,sp,indefinite_prod,Cuervo,Nombra un ejemplo de animal: ___,-15.751640319824219,-7.875820159912109
5103,google/gemma-3-12b-it,animal,sp,indefinite_prod,Pato,Nombra un ejemplo de animal: ___,-12.9296875,-6.46484375
5104,google/gemma-3-12b-it,animal,sp,indefinite_prod,Águila,Nombra un ejemplo de animal: ___,-10.941268920898438,-3.647089640299479
5105,google/gemma-3-12b-it,animal,sp,indefinite_prod,Rana,Nombra un ejemplo de animal: ___,-14.25,-14.25
5106,google/gemma-3-12b-it,animal,sp,indefinite_prod,Colibrí,Nombra un ejemplo de animal: ___,-16.040870666503906,-5.346956888834636
5107,google/gemma-3-12b-it,animal,sp,indefinite_prod,Iguana,Nombra un ejemplo de animal: ___,-15.563377380371094,-7.781688690185547
5108,google/gemma-3-12b-it,animal,sp,indefinite_prod,Lagartija,Nombra un ejemplo de animal: ___,-18.75946044921875,-6.253153483072917
5109,google/gemma-3-12b-it,animal,sp,indefinite_prod,Búho,Nombra un ejemplo de animal: ___,-13.779541015625,-4.593180338541667
5110,google/gemma-3-12b-it,animal,sp,indefinite_prod,Loro,Nombra un ejemplo de animal: ___,-11.34375,-5.671875
5111,google/gemma-3-12b-it,animal,sp,indefinite_prod,Gaviota,Nombra un ejemplo de animal: ___,-19.437883377075195,-6.479294459025065
5112,google/gemma-3-12b-it,animal,sp,indefinite_prod,Culebra,Nombra un ejemplo de animal: ___,-15.81640625,-5.272135416666667
5113,google/gemma-3-12b-it,animal,sp,indefinite_prod,Araña,Nombra un ejemplo de animal: ___,-13.5814208984375,-6.79071044921875
5114,google/gemma-3-12b-it,animal,sp,indefinite_prod,Buitre,Nombra un ejemplo de animal: ___,-22.75897216796875,-7.586324055989583
5115,google/gemma-3-12b-it,animal,sp,indefinite_prod,Avispa,Nombra un ejemplo de animal: ___,-17.296630859375,-8.6483154296875
5116,google/gemma-3-12b-it,animal,sp,indefinite_prod,Gusano,Nombra un ejemplo de animal: ___,-15.126121520996094,-7.563060760498047
5117,google/gemma-3-12b-it,animal,sp,indefinite_prod,Pájaro,Nombra un ejemplo de animal: ___,-11.551797151565552,-3.8505990505218506
5118,google/gemma-3-12b-it,animal,sp,indefinite_prod,Cucaracha,Nombra un ejemplo de animal: ___,-17.6541748046875,-5.884724934895833
5119,google/gemma-3-12b-it,animal,sp,indefinite_prod,Saltamontes,Nombra un ejemplo de animal: ___,-23.048341274261475,-5.762085318565369
5120,google/gemma-3-12b-it,animal,sp,indefinite_prod,Mosquito,Nombra un ejemplo de animal: ___,-15.625,-15.625
5121,google/gemma-3-12b-it,animal,sp,indefinite_prod,Avestruz,Nombra un ejemplo de animal: ___,-15.782752990722656,-5.260917663574219
5122,google/gemma-3-12b-it,animal,sp,indefinite_prod,Gallo,Nombra un ejemplo de animal: ___,-13.1875,-13.1875
5123,google/gemma-3-12b-it,animal,sp,indefinite_prod,Sapo,Nombra un ejemplo de animal: ___,-13.501998901367188,-6.750999450683594
5124,google/gemma-3-12b-it,animal,sp,indefinite_prod,Tortuga,Nombra un ejemplo de animal: ___,-11.689064025878906,-5.844532012939453
5125,google/gemma-3-12b-it,animal,sp,indefinite_prod,Mosca,Nombra un ejemplo de animal: ___,-17.875,-17.875
5126,google/gemma-3-12b-it,parte del cuerpo,sp,generic,Tobillo,Un ejemplo de parte del cuerpo es ___.,-21.50762939453125,-10.753814697265625
5127,google/gemma-3-12b-it,parte del cuerpo,sp,generic,Brazo,Un ejemplo de parte del cuerpo es ___.,-16.37512493133545,-8.187562465667725
5128,google/gemma-3-12b-it,parte del cuerpo,sp,generic,Barba,Un ejemplo de parte del cuerpo es ___.,-17.6298828125,-8.81494140625
5129,google/gemma-3-12b-it,parte del cuerpo,sp,generic,Hueso,Un ejemplo de parte del cuerpo es ___.,-17.01025390625,-5.670084635416667
5130,google/gemma-3-12b-it,parte del cuerpo,sp,generic,Arcón,Un ejemplo de parte del cuerpo es ___.,-25.03125,-12.515625
5131,google/gemma-3-12b-it,parte del cuerpo,sp,generic,Barbilla,Un ejemplo de parte del cuerpo es ___.,-21.4765625,-10.73828125
5132,google/gemma-3-12b-it,parte del cuerpo,sp,generic,Oído,Un ejemplo de parte del cuerpo es ___.,-21.125,-10.5625
5133,google/gemma-3-12b-it,parte del cuerpo,sp,generic,Codo,Un ejemplo de parte del cuerpo es ___.,-17.5625,-8.78125
5134,google/gemma-3-12b-it,parte del cuerpo,sp,generic,Ojo,Un ejemplo de parte del cuerpo es ___.,-17.625,-8.8125
5135,google/gemma-3-12b-it,parte del cuerpo,sp,generic,Cara,Un ejemplo de parte del cuerpo es ___.,-17.5,-17.5
5136,google/gemma-3-12b-it,parte del cuerpo,sp,generic,Dedo,Un ejemplo de parte del cuerpo es ___.,-27.625,-13.8125
5137,google/gemma-3-12b-it,parte del cuerpo,sp,generic,Pie,Un ejemplo de parte del cuerpo es ___.,-15.75,-15.75
5138,google/gemma-3-12b-it,parte del cuerpo,sp,generic,Cabello,Un ejemplo de parte del cuerpo es ___.,-15.7734375,-7.88671875
5139,google/gemma-3-12b-it,parte del cuerpo,sp,generic,Mano,Un ejemplo de parte del cuerpo es ___.,-17.0,-17.0
5140,google/gemma-3-12b-it,parte del cuerpo,sp,generic,Cadera,Un ejemplo de parte del cuerpo es ___.,-15.450439453125,-7.7252197265625
5141,google/gemma-3-12b-it,parte del cuerpo,sp,generic,Rodilla,Un ejemplo de parte del cuerpo es ___.,-20.3125,-10.15625
5142,google/gemma-3-12b-it,parte del cuerpo,sp,generic,Pierna,Un ejemplo de parte del cuerpo es ___.,-20.15625,-10.078125
5143,google/gemma-3-12b-it,parte del cuerpo,sp,generic,Boca,Un ejemplo de parte del cuerpo es ___.,-17.0,-17.0
5144,google/gemma-3-12b-it,parte del cuerpo,sp,generic,Ombligo,Un ejemplo de parte del cuerpo es ___.,-22.718907356262207,-7.572969118754069
5145,google/gemma-3-12b-it,parte del cuerpo,sp,generic,Cuello,Un ejemplo de parte del cuerpo es ___.,-24.0,-12.0
5146,google/gemma-3-12b-it,parte del cuerpo,sp,generic,Nariz,Un ejemplo de parte del cuerpo es ___.,-15.566680908203125,-7.7833404541015625
5147,google/gemma-3-12b-it,parte del cuerpo,sp,generic,Hombro,Un ejemplo de parte del cuerpo es ___.,-22.546875,-7.515625
5148,google/gemma-3-12b-it,parte del cuerpo,sp,generic,Esqueleto,Un ejemplo de parte del cuerpo es ___.,-13.9375,-6.96875
5149,google/gemma-3-12b-it,parte del cuerpo,sp,generic,Piel,Un ejemplo de parte del cuerpo es ___.,-16.984375,-8.4921875
5150,google/gemma-3-12b-it,parte del cuerpo,sp,generic,Estómago,Un ejemplo de parte del cuerpo es ___.,-19.96875,-9.984375
5151,google/gemma-3-12b-it,parte del cuerpo,sp,generic,Lengua,Un ejemplo de parte del cuerpo es ___.,-15.70458984375,-7.852294921875
5152,google/gemma-3-12b-it,parte del cuerpo,sp,generic,Diente,Un ejemplo de parte del cuerpo es ___.,-23.25,-11.625
5153,google/gemma-3-12b-it,parte del cuerpo,sp,generic,Tronco,Un ejemplo de parte del cuerpo es ___.,-19.280029296875,-9.6400146484375
5154,google/gemma-3-12b-it,parte del cuerpo,sp,generic,muñeca/s,Un ejemplo de parte del cuerpo es ___.,-29.5009765625,-7.375244140625
5155,google/gemma-3-12b-it,parte del cuerpo,sp,indefinite_prod,Tobillo,Nombra un ejemplo de parte del cuerpo: ___,-10.814987182617188,-5.407493591308594
5156,google/gemma-3-12b-it,parte del cuerpo,sp,indefinite_prod,Brazo,Nombra un ejemplo de parte del cuerpo: ___,-8.562516450881958,-4.281258225440979
5157,google/gemma-3-12b-it,parte del cuerpo,sp,indefinite_prod,Barba,Nombra un ejemplo de parte del cuerpo: ___,-15.375900268554688,-7.687950134277344
5158,google/gemma-3-12b-it,parte del cuerpo,sp,indefinite_prod,Hueso,Nombra un ejemplo de parte del cuerpo: ___,-12.371826171875,-4.123942057291667
5159,google/gemma-3-12b-it,parte del cuerpo,sp,indefinite_prod,Arcón,Nombra un ejemplo de parte del cuerpo: ___,-23.46875,-11.734375
5160,google/gemma-3-12b-it,parte del cuerpo,sp,indefinite_prod,Barbilla,Nombra un ejemplo de parte del cuerpo: ___,-16.63018798828125,-8.315093994140625
5161,google/gemma-3-12b-it,parte del cuerpo,sp,indefinite_prod,Oído,Nombra un ejemplo de parte del cuerpo: ___,-14.8125,-7.40625
5162,google/gemma-3-12b-it,parte del cuerpo,sp,indefinite_prod,Codo,Nombra un ejemplo de parte del cuerpo: ___,-9.37109375,-4.685546875
5163,google/gemma-3-12b-it,parte del cuerpo,sp,indefinite_prod,Ojo,Nombra un ejemplo de parte del cuerpo: ___,-7.32757568359375,-3.663787841796875
5164,google/gemma-3-12b-it,parte del cuerpo,sp,indefinite_prod,Cara,Nombra un ejemplo de parte del cuerpo: ___,-12.375,-12.375
5165,google/gemma-3-12b-it,parte del cuerpo,sp,indefinite_prod,Dedo,Nombra un ejemplo de parte del cuerpo: ___,-10.566741943359375,-5.2833709716796875
5166,google/gemma-3-12b-it,parte del cuerpo,sp,indefinite_prod,Pie,Nombra un ejemplo de parte del cuerpo: ___,-7.125,-7.125
5167,google/gemma-3-12b-it,parte del cuerpo,sp,indefinite_prod,Cabello,Nombra un ejemplo de parte del cuerpo: ___,-12.283203125,-6.1416015625
5168,google/gemma-3-12b-it,parte del cuerpo,sp,indefinite_prod,Mano,Nombra un ejemplo de parte del cuerpo: ___,-5.0625,-5.0625
5169,google/gemma-3-12b-it,parte del cuerpo,sp,indefinite_prod,Cadera,Nombra un ejemplo de parte del cuerpo: ___,-11.626968383789062,-5.813484191894531
5170,google/gemma-3-12b-it,parte del cuerpo,sp,indefinite_prod,Rodilla,Nombra un ejemplo de parte del cuerpo: ___,-9.506134033203125,-4.7530670166015625
5171,google/gemma-3-12b-it,parte del cuerpo,sp,indefinite_prod,Pierna,Nombra un ejemplo de parte del cuerpo: ___,-8.147216796875,-4.0736083984375
5172,google/gemma-3-12b-it,parte del cuerpo,sp,indefinite_prod,Boca,Nombra un ejemplo de parte del cuerpo: ___,-11.3125,-11.3125
5173,google/gemma-3-12b-it,parte del cuerpo,sp,indefinite_prod,Ombligo,Nombra un ejemplo de parte del cuerpo: ___,-12.511755466461182,-4.1705851554870605
5174,google/gemma-3-12b-it,parte del cuerpo,sp,indefinite_prod,Cuello,Nombra un ejemplo de parte del cuerpo: ___,-12.001594543457031,-6.000797271728516
5175,google/gemma-3-12b-it,parte del cuerpo,sp,indefinite_prod,Nariz,Nombra un ejemplo de parte del cuerpo: ___,-8.125629425048828,-4.062814712524414
5176,google/gemma-3-12b-it,parte del cuerpo,sp,indefinite_prod,Hombro,Nombra un ejemplo de parte del cuerpo: ___,-15.611328125,-5.203776041666667
5177,google/gemma-3-12b-it,parte del cuerpo,sp,indefinite_prod,Esqueleto,Nombra un ejemplo de parte del cuerpo: ___,-12.28125,-6.140625
5178,google/gemma-3-12b-it,parte del cuerpo,sp,indefinite_prod,Piel,Nombra un ejemplo de parte del cuerpo: ___,-12.84375,-6.421875
5179,google/gemma-3-12b-it,parte del cuerpo,sp,indefinite_prod,Estómago,Nombra un ejemplo de parte del cuerpo: ___,-11.01385498046875,-5.506927490234375
5180,google/gemma-3-12b-it,parte del cuerpo,sp,indefinite_prod,Lengua,Nombra un ejemplo de parte del cuerpo: ___,-12.438743591308594,-6.219371795654297
5181,google/gemma-3-12b-it,parte del cuerpo,sp,indefinite_prod,Diente,Nombra un ejemplo de parte del cuerpo: ___,-16.3125,-8.15625
5182,google/gemma-3-12b-it,parte del cuerpo,sp,indefinite_prod,Tronco,Nombra un ejemplo de parte del cuerpo: ___,-16.1412353515625,-8.07061767578125
5183,google/gemma-3-12b-it,parte del cuerpo,sp,indefinite_prod,muñeca/s,Nombra un ejemplo de parte del cuerpo: ___,-21.409713745117188,-5.352428436279297
5184,google/gemma-3-12b-it,ropa,sp,generic,Blusa,Un ejemplo de ropa es ___.,-18.623046875,-9.3115234375
5185,google/gemma-3-12b-it,ropa,sp,generic,Capa,Un ejemplo de ropa es ___.,-14.86328125,-7.431640625
5186,google/gemma-3-12b-it,ropa,sp,generic,Abrigo,Un ejemplo de ropa es ___.,-17.4736328125,-8.73681640625
5187,google/gemma-3-12b-it,ropa,sp,generic,Vestido,Un ejemplo de ropa es ___.,-15.703125,-7.8515625
5188,google/gemma-3-12b-it,ropa,sp,generic,Guante,Un ejemplo de ropa es ___.,-20.875,-10.4375
5189,google/gemma-3-12b-it,ropa,sp,generic,Chaqueta,Un ejemplo de ropa es ___.,-21.0078125,-10.50390625
5190,google/gemma-3-12b-it,ropa,sp,generic,Impermeable,Un ejemplo de ropa es ___.,-18.8699951171875,-6.289998372395833
5191,google/gemma-3-12b-it,ropa,sp,generic,Chal,Un ejemplo de ropa es ___.,-19.875,-19.875
5192,google/gemma-3-12b-it,ropa,sp,generic,Camisa,Un ejemplo de ropa es ___.,-14.0458984375,-7.02294921875
5193,google/gemma-3-12b-it,ropa,sp,generic,Falda,Un ejemplo de ropa es ___.,-23.125,-11.5625
5194,google/gemma-3-12b-it,ropa,sp,generic,Calcetines,Un ejemplo de ropa es ___.,-16.640960693359375,-5.546986897786458
5195,google/gemma-3-12b-it,ropa,sp,generic,Sudadera,Un ejemplo de ropa es ___.,-15.625102043151855,-5.208367347717285
5196,google/gemma-3-12b-it,ropa,sp,generic,Cinturón,Un ejemplo de ropa es ___.,-20.6875,-10.34375
5197,google/gemma-3-12b-it,ropa,sp,generic,Bota,Un ejemplo de ropa es ___.,-18.40625,-9.203125
5198,google/gemma-3-12b-it,ropa,sp,generic,Pulsera,Un ejemplo de ropa es ___.,-19.796875,-9.8984375
5199,google/gemma-3-12b-it,ropa,sp,generic,Gorro,Un ejemplo de ropa es ___.,-19.388671875,-9.6943359375
5200,google/gemma-3-12b-it,ropa,sp,generic,Zapato,Un ejemplo de ropa es ___.,-18.378280639648438,-9.189140319824219
5201,google/gemma-3-12b-it,ropa,sp,generic,Corbata,Un ejemplo de ropa es ___.,-21.250892639160156,-10.625446319580078
5202,google/gemma-3-12b-it,ropa,sp,generic,Chaleco,Un ejemplo de ropa es ___.,-19.98876953125,-9.994384765625
5203,google/gemma-3-12b-it,ropa,sp,indefinite_prod,Blusa,Nombra un ejemplo de ropa: ___,-9.74609375,-4.873046875
5204,google/gemma-3-12b-it,ropa,sp,indefinite_prod,Capa,Nombra un ejemplo de ropa: ___,-14.08984375,-7.044921875
5205,google/gemma-3-12b-it,ropa,sp,indefinite_prod,Abrigo,Nombra un ejemplo de ropa: ___,-11.250873565673828,-5.625436782836914
5206,google/gemma-3-12b-it,ropa,sp,indefinite_prod,Vestido,Nombra un ejemplo de ropa: ___,-7.942962646484375,-3.9714813232421875
5207,google/gemma-3-12b-it,ropa,sp,indefinite_prod,Guante,Nombra un ejemplo de ropa: ___,-18.65625,-9.328125
5208,google/gemma-3-12b-it,ropa,sp,indefinite_prod,Chaqueta,Nombra un ejemplo de ropa: ___,-8.877487182617188,-4.438743591308594
5209,google/gemma-3-12b-it,ropa,sp,indefinite_prod,Impermeable,Nombra un ejemplo de ropa: ___,-14.504247665405273,-4.834749221801758
5210,google/gemma-3-12b-it,ropa,sp,indefinite_prod,Chal,Nombra un ejemplo de ropa: ___,-9.625,-9.625
5211,google/gemma-3-12b-it,ropa,sp,indefinite_prod,Camisa,Nombra un ejemplo de ropa: ___,-4.8681640625,-2.43408203125
5212,google/gemma-3-12b-it,ropa,sp,indefinite_prod,Falda,Nombra un ejemplo de ropa: ___,-7.125356674194336,-3.562678337097168
5213,google/gemma-3-12b-it,ropa,sp,indefinite_prod,Calcetines,Nombra un ejemplo de ropa: ___,-9.848136901855469,-3.2827123006184897
5214,google/gemma-3-12b-it,ropa,sp,indefinite_prod,Sudadera,Nombra un ejemplo de ropa: ___,-11.068178176879883,-3.6893927256266275
5215,google/gemma-3-12b-it,ropa,sp,indefinite_prod,Cinturón,Nombra un ejemplo de ropa: ___,-13.19989013671875,-6.599945068359375
5216,google/gemma-3-12b-it,ropa,sp,indefinite_prod,Bota,Nombra un ejemplo de ropa: ___,-12.3125,-6.15625
5217,google/gemma-3-12b-it,ropa,sp,indefinite_prod,Pulsera,Nombra un ejemplo de ropa: ___,-12.984375,-6.4921875
5218,google/gemma-3-12b-it,ropa,sp,indefinite_prod,Gorro,Nombra un ejemplo de ropa: ___,-11.56640625,-5.783203125
5219,google/gemma-3-12b-it,ropa,sp,indefinite_prod,Zapato,Nombra un ejemplo de ropa: ___,-12.187950134277344,-6.093975067138672
5220,google/gemma-3-12b-it,ropa,sp,indefinite_prod,Corbata,Nombra un ejemplo de ropa: ___,-13.5631103515625,-6.78155517578125
5221,google/gemma-3-12b-it,ropa,sp,indefinite_prod,Chaleco,Nombra un ejemplo de ropa: ___,-9.7108154296875,-4.85540771484375
5222,google/gemma-3-12b-it,accesorio de vestir,sp,generic,Pañuelo,Un ejemplo de accesorio de vestir es ___.,-15.439300537109375,-5.146433512369792
5223,google/gemma-3-12b-it,accesorio de vestir,sp,indefinite_prod,Pañuelo,Nombra un ejemplo de accesorio de vestir: ___,-10.626754760742188,-3.5422515869140625
5224,google/gemma-3-12b-it,recipiente,sp,generic,Bolsa,Un ejemplo de recipiente es ___.,-21.875,-21.875
5225,google/gemma-3-12b-it,recipiente,sp,indefinite_prod,Bolsa,Nombra un ejemplo de recipiente: ___,-13.6875,-13.6875
5226,google/gemma-3-12b-it,dispositivo electrónico,sp,generic,Radio,Un ejemplo de dispositivo electrónico es ___.,-14.9375,-14.9375
5227,google/gemma-3-12b-it,dispositivo electrónico,sp,indefinite_prod,Radio,Nombra un ejemplo de dispositivo electrónico: ___,-11.75,-11.75
5228,google/gemma-3-12b-it,asegurador,sp,generic,Botón,Un ejemplo de asegurador es ___.,-19.7734375,-9.88671875
5229,google/gemma-3-12b-it,asegurador,sp,indefinite_prod,Botón,Nombra un ejemplo de asegurador: ___,-23.109375,-11.5546875
5230,google/gemma-3-12b-it,comida,sp,generic,Pollo,Un ejemplo de comida es ___.,-16.501502990722656,-8.250751495361328
5231,google/gemma-3-12b-it,comida,sp,indefinite_prod,Pollo,Nombra un ejemplo de comida: ___,-12.687877655029297,-6.343938827514648
5232,google/gemma-3-12b-it,muebles,sp,generic,Cama,Un ejemplo de muebles es ___.,-15.59375,-7.796875
5233,google/gemma-3-12b-it,muebles,sp,generic,Banco,Un ejemplo de muebles es ___.,-16.125,-16.125
5234,google/gemma-3-12b-it,muebles,sp,generic,Silla,Un ejemplo de muebles es ___.,-12.96875,-6.484375
5235,google/gemma-3-12b-it,muebles,sp,generic,Mecedora,Un ejemplo de muebles es ___.,-19.75182342529297,-6.583941141764323
5236,google/gemma-3-12b-it,muebles,sp,generic,Estante,Un ejemplo de muebles es ___.,-17.40625,-8.703125
5237,google/gemma-3-12b-it,muebles,sp,generic,Banqueta,Un ejemplo de muebles es ___.,-17.5546875,-8.77734375
5238,google/gemma-3-12b-it,muebles,sp,generic,Escritor,Un ejemplo de muebles es ___.,-17.84375,-8.921875
5239,google/gemma-3-12b-it,muebles,sp,generic,Hamaca,Un ejemplo de muebles es ___.,-19.404296875,-9.7021484375
5240,google/gemma-3-12b-it,muebles,sp,indefinite_prod,Cama,Nombra un ejemplo de muebles: ___,-9.978759765625,-4.9893798828125
5241,google/gemma-3-12b-it,muebles,sp,indefinite_prod,Banco,Nombra un ejemplo de muebles: ___,-12.6875,-12.6875
5242,google/gemma-3-12b-it,muebles,sp,indefinite_prod,Silla,Nombra un ejemplo de muebles: ___,-8.006072998046875,-4.0030364990234375
5243,google/gemma-3-12b-it,muebles,sp,indefinite_prod,Mecedora,Nombra un ejemplo de muebles: ___,-13.840248107910156,-4.613416035970052
5244,google/gemma-3-12b-it,muebles,sp,indefinite_prod,Estante,Nombra un ejemplo de muebles: ___,-13.75,-6.875
5245,google/gemma-3-12b-it,muebles,sp,indefinite_prod,Banqueta,Nombra un ejemplo de muebles: ___,-15.65234375,-7.826171875
5246,google/gemma-3-12b-it,muebles,sp,indefinite_prod,Escritor,Nombra un ejemplo de muebles: ___,-13.6875,-6.84375
5247,google/gemma-3-12b-it,muebles,sp,indefinite_prod,Hamaca,Nombra un ejemplo de muebles: ___,-16.401611328125,-8.2008056640625
5248,google/gemma-3-12b-it,juego,sp,generic,Ordenador,Un ejemplo de juego es ___.,-23.9375,-11.96875
5249,google/gemma-3-12b-it,juego,sp,indefinite_prod,Ordenador,Nombra un ejemplo de juego: ___,-18.0,-9.0
5250,google/gemma-3-12b-it,electrodoméstico,sp,generic,Televisión,Un ejemplo de electrodoméstico es ___.,-19.3046875,-9.65234375
5251,google/gemma-3-12b-it,electrodoméstico,sp,indefinite_prod,Televisión,Nombra un ejemplo de electrodoméstico: ___,-10.5703125,-5.28515625
5252,google/gemma-3-12b-it,decoración del hogar,sp,generic,Cortina,Un ejemplo de decoración del hogar es ___.,-19.09375,-9.546875
5253,google/gemma-3-12b-it,decoración del hogar,sp,generic,Lámpara,Un ejemplo de decoración del hogar es ___.,-12.56298828125,-4.187662760416667
5254,google/gemma-3-12b-it,decoración del hogar,sp,generic,Espejo,Un ejemplo de decoración del hogar es ___.,-16.515625,-5.505208333333333
5255,google/gemma-3-12b-it,decoración del hogar,sp,generic,Alfombra,Un ejemplo de decoración del hogar es ___.,-16.75,-8.375
5256,google/gemma-3-12b-it,decoración del hogar,sp,indefinite_prod,Cortina,Nombra un ejemplo de decoración del hogar: ___,-10.796875,-5.3984375
5257,google/gemma-3-12b-it,decoración del hogar,sp,indefinite_prod,Lámpara,Nombra un ejemplo de decoración del hogar: ___,-7.912883758544922,-2.637627919514974
5258,google/gemma-3-12b-it,decoración del hogar,sp,indefinite_prod,Espejo,Nombra un ejemplo de decoración del hogar: ___,-11.875,-3.9583333333333335
5259,google/gemma-3-12b-it,decoración del hogar,sp,indefinite_prod,Alfombra,Nombra un ejemplo de decoración del hogar: ___,-9.9404296875,-4.97021484375
5260,google/gemma-3-12b-it,joyas,sp,generic,Collares,Un ejemplo de joyas es ___.,-17.484375,-8.7421875
5261,google/gemma-3-12b-it,joyas,sp,generic,Anillo,Un ejemplo de joyas es ___.,-13.48828125,-6.744140625
5262,google/gemma-3-12b-it,joyas,sp,indefinite_prod,Collares,Nombra un ejemplo de joyas: ___,-8.40625,-4.203125
5263,google/gemma-3-12b-it,joyas,sp,indefinite_prod,Anillo,Nombra un ejemplo de joyas: ___,-6.7349853515625,-3.36749267578125
5264,google/gemma-3-12b-it,electrodoméstico de cocina,sp,generic,Horno,Un ejemplo de electrodoméstico de cocina es ___.,-18.25082015991211,-9.125410079956055
5265,google/gemma-3-12b-it,electrodoméstico de cocina,sp,indefinite_prod,Horno,Nombra un ejemplo de electrodoméstico de cocina: ___,-10.127822875976562,-5.063911437988281
5266,google/gemma-3-12b-it,mamífero,sp,generic,Oso,Un ejemplo de mamífero es ___.,-18.5,-18.5
5267,google/gemma-3-12b-it,mamífero,sp,generic,Toro,Un ejemplo de mamífero es ___.,-20.0,-20.0
5268,google/gemma-3-12b-it,mamífero,sp,generic,Camello,Un ejemplo de mamífero es ___.,-29.75,-14.875
5269,google/gemma-3-12b-it,mamífero,sp,generic,Gato,Un ejemplo de mamífero es ___.,-15.48046875,-7.740234375
5270,google/gemma-3-12b-it,mamífero,sp,generic,Guepardo,Un ejemplo de mamífero es ___.,-20.31641972064972,-6.77213990688324
5271,google/gemma-3-12b-it,mamífero,sp,generic,Vaca,Un ejemplo de mamífero es ___.,-22.9375,-11.46875
5272,google/gemma-3-12b-it,mamífero,sp,generic,Ciervo,Un ejemplo de mamífero es ___.,-19.890625,-9.9453125
5273,google/gemma-3-12b-it,mamífero,sp,generic,Perro,Un ejemplo de mamífero es ___.,-14.4921875,-7.24609375
5274,google/gemma-3-12b-it,mamífero,sp,generic,Delfín,Un ejemplo de mamífero es ___.,-16.63671875,-8.318359375
5275,google/gemma-3-12b-it,mamífero,sp,generic,Elefante,Un ejemplo de mamífero es ___.,-16.6953125,-5.565104166666667
5276,google/gemma-3-12b-it,mamífero,sp,generic,Zorro,Un ejemplo de mamífero es ___.,-17.7890625,-8.89453125
5277,google/gemma-3-12b-it,mamífero,sp,generic,Jirafa,Un ejemplo de mamífero es ___.,-25.390625,-12.6953125
5278,google/gemma-3-12b-it,mamífero,sp,generic,Cabra,Un ejemplo de mamífero es ___.,-16.640625,-8.3203125
5279,google/gemma-3-12b-it,mamífero,sp,generic,Hamster,Un ejemplo de mamífero es ___.,-19.024169921875,-9.5120849609375
5280,google/gemma-3-12b-it,mamífero,sp,generic,Hipopótamo,Un ejemplo de mamífero es ___.,-18.46191430091858,-4.615478575229645
5281,google/gemma-3-12b-it,mamífero,sp,generic,Caballo,Un ejemplo de mamífero es ___.,-20.75,-10.375
5282,google/gemma-3-12b-it,mamífero,sp,generic,Canguro,Un ejemplo de mamífero es ___.,-18.259765625,-9.1298828125
5283,google/gemma-3-12b-it,mamífero,sp,generic,Leopardo,Un ejemplo de mamífero es ___.,-18.377227783203125,-9.188613891601562
5284,google/gemma-3-12b-it,mamífero,sp,generic,León,Un ejemplo de mamífero es ___.,-18.125,-18.125
5285,google/gemma-3-12b-it,mamífero,sp,generic,mono/s,Un ejemplo de mamífero es ___.,-33.46875,-11.15625
5286,google/gemma-3-12b-it,mamífero,sp,generic,Ratón,Un ejemplo de mamífero es ___.,-16.90625,-8.453125
5287,google/gemma-3-12b-it,mamífero,sp,generic,Cerdo,Un ejemplo de mamífero es ___.,-17.2542724609375,-8.62713623046875
5288,google/gemma-3-12b-it,mamífero,sp,generic,Rata,Un ejemplo de mamífero es ___.,-13.78125,-6.890625
5289,google/gemma-3-12b-it,mamífero,sp,generic,Rinoceronte,Un ejemplo de mamífero es ___.,-19.154812812805176,-4.788703203201294
5290,google/gemma-3-12b-it,mamífero,sp,generic,Foca,Un ejemplo de mamífero es ___.,-25.125,-12.5625
5291,google/gemma-3-12b-it,mamífero,sp,generic,Oveja,Un ejemplo de mamífero es ___.,-17.88934326171875,-8.944671630859375
5292,google/gemma-3-12b-it,mamífero,sp,generic,Ardilla,Un ejemplo de mamífero es ___.,-19.861328125,-9.9306640625
5293,google/gemma-3-12b-it,mamífero,sp,generic,Tigre,Un ejemplo de mamífero es ___.,-15.19635009765625,-7.598175048828125
5294,google/gemma-3-12b-it,mamífero,sp,generic,Ballena,Un ejemplo de mamífero es ___.,-18.5546875,-9.27734375
5295,google/gemma-3-12b-it,mamífero,sp,generic,Lobo,Un ejemplo de mamífero es ___.,-16.625,-16.625
5296,google/gemma-3-12b-it,mamífero,sp,generic,Cebra,Un ejemplo de mamífero es ___.,-22.6875,-11.34375
5297,google/gemma-3-12b-it,mamífero,sp,generic,Burro,Un ejemplo de mamífero es ___.,-21.84375,-10.921875
5298,google/gemma-3-12b-it,mamífero,sp,generic,Gorila,Un ejemplo de mamífero es ___.,-23.5,-11.75
5299,google/gemma-3-12b-it,mamífero,sp,generic,Hiena,Un ejemplo de mamífero es ___.,-28.1875,-14.09375
5300,google/gemma-3-12b-it,mamífero,sp,generic,Cordero,Un ejemplo de mamífero es ___.,-17.281494140625,-8.6407470703125
5301,google/gemma-3-12b-it,mamífero,sp,generic,Conejo,Un ejemplo de mamífero es ___.,-17.64453125,-8.822265625
5302,google/gemma-3-12b-it,mamífero,sp,indefinite_prod,Oso,Nombra un ejemplo de mamífero: ___,-11.125,-11.125
5303,google/gemma-3-12b-it,mamífero,sp,indefinite_prod,Toro,Nombra un ejemplo de mamífero: ___,-13.875,-13.875
5304,google/gemma-3-12b-it,mamífero,sp,indefinite_prod,Camello,Nombra un ejemplo de mamífero: ___,-19.3125,-9.65625
5305,google/gemma-3-12b-it,mamífero,sp,indefinite_prod,Gato,Nombra un ejemplo de mamífero: ___,-9.180908203125,-4.5904541015625
5306,google/gemma-3-12b-it,mamífero,sp,indefinite_prod,Guepardo,Nombra un ejemplo de mamífero: ___,-14.381905555725098,-4.793968518575032
5307,google/gemma-3-12b-it,mamífero,sp,indefinite_prod,Vaca,Nombra un ejemplo de mamífero: ___,-13.7628173828125,-6.88140869140625
5308,google/gemma-3-12b-it,mamífero,sp,indefinite_prod,Ciervo,Nombra un ejemplo de mamífero: ___,-20.000099182128906,-10.000049591064453
5309,google/gemma-3-12b-it,mamífero,sp,indefinite_prod,Perro,Nombra un ejemplo de mamífero: ___,-6.9404754638671875,-3.4702377319335938
5310,google/gemma-3-12b-it,mamífero,sp,indefinite_prod,Delfín,Nombra un ejemplo de mamífero: ___,-13.88873291015625,-6.944366455078125
5311,google/gemma-3-12b-it,mamífero,sp,indefinite_prod,Elefante,Nombra un ejemplo de mamífero: ___,-8.451393127441406,-2.8171310424804688
5312,google/gemma-3-12b-it,mamífero,sp,indefinite_prod,Zorro,Nombra un ejemplo de mamífero: ___,-14.0174560546875,-7.00872802734375
5313,google/gemma-3-12b-it,mamífero,sp,indefinite_prod,Jirafa,Nombra un ejemplo de mamífero: ___,-16.755340576171875,-8.377670288085938
5314,google/gemma-3-12b-it,mamífero,sp,indefinite_prod,Cabra,Nombra un ejemplo de mamífero: ___,-11.83984375,-5.919921875
5315,google/gemma-3-12b-it,mamífero,sp,indefinite_prod,Hamster,Nombra un ejemplo de mamífero: ___,-18.750957489013672,-9.375478744506836
5316,google/gemma-3-12b-it,mamífero,sp,indefinite_prod,Hipopótamo,Nombra un ejemplo de mamífero: ___,-17.005006670951843,-4.251251667737961
5317,google/gemma-3-12b-it,mamífero,sp,indefinite_prod,Caballo,Nombra un ejemplo de mamífero: ___,-12.9609375,-6.48046875
5318,google/gemma-3-12b-it,mamífero,sp,indefinite_prod,Canguro,Nombra un ejemplo de mamífero: ___,-13.2664794921875,-6.63323974609375
5319,google/gemma-3-12b-it,mamífero,sp,indefinite_prod,Leopardo,Nombra un ejemplo de mamífero: ___,-12.313373565673828,-6.156686782836914
5320,google/gemma-3-12b-it,mamífero,sp,indefinite_prod,León,Nombra un ejemplo de mamífero: ___,-9.875,-9.875
5321,google/gemma-3-12b-it,mamífero,sp,indefinite_prod,mono/s,Nombra un ejemplo de mamífero: ___,-26.78125,-8.927083333333334
5322,google/gemma-3-12b-it,mamífero,sp,indefinite_prod,Ratón,Nombra un ejemplo de mamífero: ___,-14.4453125,-7.22265625
5323,google/gemma-3-12b-it,mamífero,sp,indefinite_prod,Cerdo,Nombra un ejemplo de mamífero: ___,-13.562506437301636,-6.781253218650818
5324,google/gemma-3-12b-it,mamífero,sp,indefinite_prod,Rata,Nombra un ejemplo de mamífero: ___,-12.66552734375,-6.332763671875
5325,google/gemma-3-12b-it,mamífero,sp,indefinite_prod,Rinoceronte,Nombra un ejemplo de mamífero: ___,-17.41730785369873,-4.354326963424683
5326,google/gemma-3-12b-it,mamífero,sp,indefinite_prod,Foca,Nombra un ejemplo de mamífero: ___,-12.8974609375,-6.44873046875
5327,google/gemma-3-12b-it,mamífero,sp,indefinite_prod,Oveja,Nombra un ejemplo de mamífero: ___,-11.51324462890625,-5.756622314453125
5328,google/gemma-3-12b-it,mamífero,sp,indefinite_prod,Ardilla,Nombra un ejemplo de mamífero: ___,-13.4415283203125,-6.72076416015625
5329,google/gemma-3-12b-it,mamífero,sp,indefinite_prod,Tigre,Nombra un ejemplo de mamífero: ___,-11.001930236816406,-5.500965118408203
5330,google/gemma-3-12b-it,mamífero,sp,indefinite_prod,Ballena,Nombra un ejemplo de mamífero: ___,-10.94622802734375,-5.473114013671875
5331,google/gemma-3-12b-it,mamífero,sp,indefinite_prod,Lobo,Nombra un ejemplo de mamífero: ___,-12.0625,-12.0625
5332,google/gemma-3-12b-it,mamífero,sp,indefinite_prod,Cebra,Nombra un ejemplo de mamífero: ___,-14.25390625,-7.126953125
5333,google/gemma-3-12b-it,mamífero,sp,indefinite_prod,Burro,Nombra un ejemplo de mamífero: ___,-15.77197265625,-7.885986328125
5334,google/gemma-3-12b-it,mamífero,sp,indefinite_prod,Gorila,Nombra un ejemplo de mamífero: ___,-13.85546875,-6.927734375
5335,google/gemma-3-12b-it,mamífero,sp,indefinite_prod,Hiena,Nombra un ejemplo de mamífero: ___,-14.611328125,-7.3056640625
5336,google/gemma-3-12b-it,mamífero,sp,indefinite_prod,Cordero,Nombra un ejemplo de mamífero: ___,-15.812548637390137,-7.906274318695068
5337,google/gemma-3-12b-it,mamífero,sp,indefinite_prod,Conejo,Nombra un ejemplo de mamífero: ___,-11.6517333984375,-5.82586669921875
5338,google/gemma-3-12b-it,instrumento musical,sp,generic,Piano,Un ejemplo de instrumento musical es ___.,-16.625,-16.625
5339,google/gemma-3-12b-it,instrumento musical,sp,indefinite_prod,Piano,Nombra un ejemplo de instrumento musical: ___,-8.1875,-8.1875
5340,google/gemma-3-12b-it,material escolar,sp,generic,Libro,Un ejemplo de material escolar es ___.,-17.375,-17.375
5341,google/gemma-3-12b-it,material escolar,sp,indefinite_prod,Libro,Nombra un ejemplo de material escolar: ___,-11.5,-11.5
5342,google/gemma-3-12b-it,mariscos,sp,generic,Cangrejo,Un ejemplo de mariscos es ___.,-18.901443481445312,-6.3004811604817705
5343,google/gemma-3-12b-it,mariscos,sp,generic,Pez,Un ejemplo de mariscos es ___.,-18.09375,-9.046875
5344,google/gemma-3-12b-it,mariscos,sp,generic,Sardina,Un ejemplo de mariscos es ___.,-19.9296875,-9.96484375
5345,google/gemma-3-12b-it,mariscos,sp,generic,Tiburón,Un ejemplo de mariscos es ___.,-16.7803955078125,-8.39019775390625
5346,google/gemma-3-12b-it,mariscos,sp,indefinite_prod,Cangrejo,Nombra un ejemplo de mariscos: ___,-12.163138628005981,-4.05437954266866
5347,google/gemma-3-12b-it,mariscos,sp,indefinite_prod,Pez,Nombra un ejemplo de mariscos: ___,-13.57421875,-6.787109375
5348,google/gemma-3-12b-it,mariscos,sp,indefinite_prod,Sardina,Nombra un ejemplo de mariscos: ___,-15.7578125,-7.87890625
5349,google/gemma-3-12b-it,mariscos,sp,indefinite_prod,Tiburón,Nombra un ejemplo de mariscos: ___,-16.06884765625,-8.034423828125
